aeropuerto,hora,vuelos,min_promedio_salida,min_rodaje_salida,co2_t_bajo,co2_t_alto
ABE,5,38,16.11,612.0,11.604,23.207
ABE,6,2684,17.1,45899.0,870.245,1740.49
ABE,7,587,14.32,8403.0,159.321,318.642
ABE,8,911,14.07,12816.0,242.991,485.983
ABE,9,496,14.03,6957.0,131.905,263.809
ABE,10,353,13.81,4874.0,92.411,184.822
ABE,11,637,15.05,9587.0,181.77,363.539
ABE,12,1366,15.66,21385.0,405.46,810.919
ABE,13,470,14.27,6708.0,127.184,254.367
ABE,14,666,14.8,9856.0,186.87,373.74
ABE,15,709,13.48,9560.0,181.258,362.515
ABE,16,332,15.07,5003.0,94.857,189.714
ABE,17,1594,16.39,26119.0,495.216,990.432
ABE,18,154,14.9,2295.0,43.513,87.026
ABE,19,402,14.75,5928.0,112.395,224.79
ABE,20,155,13.9,2154.0,40.84,81.68
ABE,21,68,13.94,948.0,17.974,35.948
ABE,22,27,11.44,309.0,5.859,11.717
ABI,5,657,8.97,5895.0,111.769,223.538
ABI,6,720,13.09,9424.0,178.679,357.358
ABI,7,106,16.04,1700.0,32.232,64.464
ABI,8,271,14.18,3842.0,72.844,145.689
ABI,9,109,10.72,1168.0,22.145,44.291
ABI,10,927,13.3,12326.0,233.701,467.402
ABI,11,62,10.55,654.0,12.4,24.8
ABI,12,27,9.7,262.0,4.968,9.935
ABI,13,292,11.1,3241.0,61.449,122.899
ABI,14,568,13.02,7396.0,140.228,280.456
ABI,15,51,11.59,591.0,11.205,22.411
ABI,16,62,11.02,683.0,12.95,25.899
ABI,17,36,9.33,336.0,6.371,12.741
ABI,18,874,12.17,10637.0,201.678,403.355
ABI,19,42,16.24,682.0,12.931,25.861
ABQ,0,27,10.89,294.0,5.574,11.148
ABQ,5,4459,14.02,62507.0,1185.133,2370.265
ABQ,6,7355,15.29,112456.0,2132.166,4264.332
ABQ,7,6032,15.42,92987.0,1763.034,3526.067
ABQ,8,3589,16.23,58240.0,1104.23,2208.461
ABQ,9,1812,12.79,23183.0,439.55,879.099
ABQ,10,4744,13.38,63488.0,1203.732,2407.465
ABQ,11,5138,13.77,70760.0,1341.61,2683.219
ABQ,12,7021,14.79,103821.0,1968.446,3936.892
ABQ,13,5054,13.91,70287.0,1332.642,2665.283
ABQ,14,4105,13.48,55343.0,1049.303,2098.607
ABQ,15,4164,14.45,60184.0,1141.089,2282.177
ABQ,16,4251,13.42,57044.0,1081.554,2163.108
ABQ,17,3683,13.59,50069.0,949.308,1898.616
ABQ,18,5127,15.11,77477.0,1468.964,2937.928
ABQ,19,3096,15.41,47702.0,904.43,1808.86
ABQ,20,1357,12.04,16336.0,309.731,619.461
ABQ,21,464,11.3,5242.0,99.388,198.777
ABQ,22,171,11.5,1967.0,37.294,74.589
ABQ,23,541,13.23,7158.0,135.716,271.431
ABR,6,1063,15.92,16928.0,320.955,641.91
ABR,7,16,17.13,274.0,5.195,10.39
ABR,8,2,25.0,50.0,0.948,1.896
ABR,10,29,12.48,362.0,6.864,13.727
ABR,14,502,13.04,6545.0,124.093,248.186
ABR,15,93,11.6,1079.0,20.458,40.916
ABR,16,90,14.29,1286.0,24.383,48.765
ABR,17,214,15.61,3341.0,63.345,126.691
ABR,19,172,11.54,1985.0,37.636,75.271
ABY,6,249,14.92,3716.0,70.455,140.911
ABY,7,646,17.82,11514.0,218.305,436.611
ABY,8,146,21.92,3201.0,60.691,121.382
ABY,10,1,20.0,20.0,0.379,0.758
ABY,11,15,16.73,251.0,4.759,9.518
ABY,12,382,15.27,5835.0,110.632,221.263
ABY,13,34,16.71,568.0,10.769,21.539
ABY,14,112,13.48,1510.0,28.63,57.259
ABY,15,398,15.26,6073.0,115.144,230.288
ABY,16,42,14.5,609.0,11.547,23.093
ABY,17,363,15.39,5587.0,105.93,211.859
ABY,18,54,22.43,1211.0,22.961,45.921
ACK,10,365,13.8,5036.0,95.483,190.965
ACK,11,719,15.72,11306.0,214.362,428.724
ACK,12,655,18.11,11861.0,224.885,449.769
ACK,13,333,18.63,6203.0,117.609,235.218
ACK,14,556,17.92,9965.0,188.936,377.873
ACK,15,426,19.19,8174.0,154.979,309.958
ACK,16,573,20.7,11859.0,224.847,449.693
ACK,17,621,17.62,10942.0,207.46,414.921
ACK,18,365,13.17,4806.0,91.122,182.244
ACT,5,827,12.52,10352.0,196.274,392.548
ACT,6,236,15.81,3732.0,70.759,141.517
ACT,9,18,9.56,172.0,3.261,6.522
ACT,10,1046,16.95,17725.0,336.066,672.132
ACT,14,9,14.22,128.0,2.427,4.854
ACT,15,1,13.0,13.0,0.246,0.493
ACT,17,12,14.5,174.0,3.299,6.598
ACT,18,987,15.74,15538.0,294.6,589.201
ACT,20,10,12.5,125.0,2.37,4.74
ACV,5,140,12.04,1686.0,31.967,63.933
ACV,6,723,14.66,10598.0,200.938,401.876
ACV,7,160,19.01,3042.0,57.676,115.353
ACV,8,132,35.36,4667.0,88.486,176.973
ACV,9,39,13.87,541.0,10.257,20.515
ACV,11,1,11.0,11.0,0.209,0.417
ACV,12,792,13.41,10621.0,201.374,402.748
ACV,13,147,15.01,2206.0,41.826,83.652
ACV,14,1067,20.03,21377.0,405.308,810.616
ACV,15,844,13.09,11049.0,209.489,418.978
ACV,16,680,16.09,10940.0,207.422,414.845
ACV,17,22,15.0,330.0,6.257,12.514
ACV,18,519,19.85,10303.0,195.345,390.69
ACV,19,33,20.48,676.0,12.817,25.634
ACV,20,1,13.0,13.0,0.246,0.493
ACY,5,779,11.71,9122.0,172.953,345.906
ACY,6,1466,12.11,17747.0,336.483,672.966
ACY,7,423,12.13,5131.0,97.284,194.568
ACY,8,113,10.88,1230.0,23.321,46.642
ACY,9,620,11.39,7061.0,133.877,267.753
ACY,10,652,11.93,7779.0,147.49,294.98
ACY,11,332,11.69,3882.0,73.603,147.205
ACY,12,450,11.65,5242.0,99.388,198.777
ACY,13,537,11.52,6185.0,117.268,234.535
ACY,14,300,11.99,3598.0,68.218,136.436
ACY,15,274,11.19,3065.0,58.112,116.225
ACY,16,530,11.36,6023.0,114.196,228.392
ACY,17,555,11.28,6259.0,118.671,237.341
ACY,18,374,11.37,4254.0,80.656,161.312
ACY,19,498,11.1,5530.0,104.849,209.698
ACY,20,292,11.19,3268.0,61.961,123.923
ACY,21,316,10.88,3439.0,65.203,130.407
ACY,22,93,10.94,1017.0,19.282,38.565
ACY,23,16,10.69,171.0,3.242,6.484
ADK,13,39,7.69,300.0,5.688,11.376
ADK,14,163,10.61,1729.0,32.782,65.564
ADK,15,87,9.68,842.0,15.964,31.929
ADQ,7,1047,9.67,10123.0,191.932,383.864
ADQ,8,1,5.0,5.0,0.095,0.19
ADQ,9,282,9.28,2618.0,49.637,99.275
ADQ,10,46,10.96,504.0,9.556,19.112
ADQ,11,6,17.33,104.0,1.972,3.944
ADQ,12,1,8.0,8.0,0.152,0.303
ADQ,13,13,10.92,142.0,2.692,5.385
ADQ,14,10,8.2,82.0,1.555,3.109
ADQ,15,815,8.16,6648.0,126.046,252.092
ADQ,16,164,8.8,1443.0,27.359,54.719
ADQ,17,1,10.0,10.0,0.19,0.379
ADQ,20,8,9.63,77.0,1.46,2.92
AEX,5,748,16.67,12467.0,236.374,472.749
AEX,6,887,18.37,16293.0,308.915,617.831
AEX,10,1142,14.25,16278.0,308.631,617.262
AEX,11,263,16.06,4223.0,80.068,160.136
AEX,12,15,16.4,246.0,4.664,9.328
AEX,13,24,16.71,401.0,7.603,15.206
AEX,16,567,16.54,9378.0,177.807,355.614
AEX,17,100,14.66,1466.0,27.795,55.591
AEX,18,1005,17.24,17325.0,328.482,656.964
AEX,19,21,11.71,246.0,4.664,9.328
AGS,5,727,17.87,12993.0,246.347,492.695
AGS,6,1326,19.87,26343.0,499.463,998.927
AGS,7,1371,20.69,28361.0,537.725,1075.449
AGS,8,38,20.37,774.0,14.675,29.35
AGS,9,149,19.12,2849.0,54.017,108.034
AGS,10,786,15.36,12073.0,228.904,457.808
AGS,11,819,16.31,13354.0,253.192,506.384
AGS,12,383,15.7,6012.0,113.988,227.975
AGS,13,505,16.35,8258.0,156.572,313.143
AGS,14,444,17.52,7779.0,147.49,294.98
AGS,15,430,16.96,7293.0,138.275,276.551
AGS,16,1079,15.33,16540.0,313.598,627.197
AGS,17,354,15.88,5621.0,106.574,213.148
AGS,18,638,19.65,12535.0,237.664,475.327
AGS,19,496,14.83,7354.0,139.432,278.864
AGS,20,238,17.91,4262.0,80.808,161.615
AGS,21,3,26.0,78.0,1.479,2.958
AGS,22,4,15.75,63.0,1.194,2.389
AKN,11,25,9.0,225.0,4.266,8.532
AKN,12,130,11.7,1521.0,28.838,57.676
AKN,13,45,10.67,480.0,9.101,18.202
AKN,14,20,10.9,218.0,4.133,8.267
AKN,15,42,10.21,429.0,8.134,16.268
AKN,16,10,8.8,88.0,1.668,3.337
AKN,17,248,10.42,2584.0,48.993,97.985
AKN,18,18,9.61,173.0,3.28,6.56
AKN,19,17,11.35,193.0,3.659,7.319
ALB,5,3120,16.6,51806.0,982.242,1964.484
ALB,6,6447,16.47,106208.0,2013.704,4027.407
ALB,7,1789,13.54,24220.0,459.211,918.422
ALB,8,637,11.99,7636.0,144.779,289.557
ALB,9,1076,14.39,15483.0,293.558,587.115
ALB,10,832,12.63,10506.0,199.194,398.388
ALB,11,2665,13.17,35108.0,665.648,1331.295
ALB,12,3816,14.96,57095.0,1082.521,2165.042
ALB,13,1967,13.85,27248.0,516.622,1033.244
ALB,14,1421,15.45,21951.0,416.191,832.382
ALB,15,986,12.78,12600.0,238.896,477.792
ALB,16,2118,14.78,31300.0,593.448,1186.896
ALB,17,4489,17.12,76856.0,1457.19,2914.38
ALB,18,2450,15.31,37518.0,711.341,1422.683
ALB,19,1536,13.77,21149.0,400.985,801.97
ALB,20,490,13.78,6754.0,128.056,256.112
ALB,21,98,12.51,1226.0,23.245,46.49
ALB,22,5,13.0,65.0,1.232,2.465
ALO,5,11,20.82,229.0,4.342,8.684
ALO,6,187,17.53,3279.0,62.17,124.34
ALO,7,2,11.5,23.0,0.436,0.872
ALO,8,2,13.0,26.0,0.493,0.986
ALO,9,8,10.63,85.0,1.612,3.223
ALO,10,22,15.41,339.0,6.427,12.855
ALO,11,27,10.0,270.0,5.119,10.238
ALO,14,9,8.78,79.0,1.498,2.996
ALO,15,164,22.74,3729.0,70.702,141.404
ALO,16,13,16.15,210.0,3.982,7.963
ALO,18,7,8.86,62.0,1.176,2.351
ALW,5,362,18.42,6669.0,126.444,252.888
ALW,8,1,48.0,48.0,0.91,1.82
ALW,13,437,15.88,6938.0,131.544,263.089
ALW,14,56,15.07,844.0,16.002,32.004
AMA,5,1153,13.84,15963.0,302.658,605.317
AMA,6,2034,13.63,27728.0,525.723,1051.446
AMA,7,529,15.26,8071.0,153.026,306.052
AMA,8,741,22.78,16883.0,320.102,640.203
AMA,9,507,23.58,11953.0,226.629,453.258
AMA,10,1572,12.97,20385.0,386.5,772.999
AMA,11,506,10.64,5384.0,102.081,204.161
AMA,12,1002,13.89,13914.0,263.809,527.619
AMA,13,515,11.94,6148.0,116.566,233.132
AMA,14,1150,13.28,15273.0,289.576,579.152
AMA,15,776,12.53,9726.0,184.405,368.81
AMA,16,1422,16.32,23200.0,439.872,879.744
AMA,17,1233,18.82,23205.0,439.967,879.934
AMA,18,1644,13.33,21921.0,415.622,831.244
AMA,19,188,9.12,1714.0,32.497,64.995
AMA,20,363,12.82,4653.0,88.221,176.442
AMA,21,18,10.22,184.0,3.489,6.977
ANC,0,2815,16.73,47089.0,892.807,1785.615
ANC,1,3205,16.71,53553.0,1015.365,2030.73
ANC,2,1311,16.06,21061.0,399.317,798.633
ANC,3,138,14.83,2046.0,38.792,77.584
ANC,4,24,15.29,367.0,6.958,13.917
ANC,5,2284,16.29,37214.0,705.577,1411.155
ANC,6,3137,17.63,55291.0,1048.317,2096.635
ANC,7,2432,16.56,40263.0,763.386,1526.773
ANC,8,1741,15.65,27240.0,516.47,1032.941
ANC,9,2040,15.51,31647.0,600.027,1200.054
ANC,10,3937,15.34,60386.0,1144.919,2289.837
ANC,11,1584,15.07,23863.0,452.442,904.885
ANC,12,1733,15.0,25991.0,492.789,985.579
ANC,13,3253,14.75,47987.0,909.834,1819.667
ANC,14,3244,15.22,49367.0,935.998,1871.997
ANC,15,3654,15.15,55352.0,1049.474,2098.948
ANC,16,1618,15.41,24933.0,472.73,945.459
ANC,17,3410,14.45,49288.0,934.5,1869.001
ANC,18,1561,13.93,21740.0,412.19,824.381
ANC,19,1933,15.11,29213.0,553.878,1107.757
ANC,20,2397,16.73,40104.0,760.372,1520.744
ANC,21,1576,17.51,27598.0,523.258,1046.516
ANC,22,1673,15.57,26051.0,493.927,987.854
ANC,23,3968,16.22,64352.0,1220.114,2440.228
APN,8,2,28.5,57.0,1.081,2.161
APN,10,247,14.26,3521.0,66.758,133.516
APN,11,168,14.29,2401.0,45.523,91.046
APN,12,4,14.25,57.0,1.081,2.161
APN,13,120,14.39,1727.0,32.744,65.488
APN,14,302,15.85,4788.0,90.78,181.561
APN,15,245,13.93,3412.0,64.692,129.383
APN,16,28,12.0,336.0,6.371,12.741
APN,17,411,15.6,6412.0,121.572,243.143
APN,18,44,16.73,736.0,13.955,27.909
APN,19,78,13.95,1088.0,20.628,41.257
ASE,7,2262,25.59,57883.0,1097.462,2194.923
ASE,8,1117,25.75,28761.0,545.309,1090.617
ASE,9,1467,25.71,37723.0,715.228,1430.456
ASE,10,1568,23.76,37255.0,706.355,1412.71
ASE,11,1912,22.77,43537.0,825.462,1650.923
ASE,12,3053,22.42,68438.0,1297.584,2595.169
ASE,13,2869,21.59,61929.0,1174.174,2348.348
ASE,14,1480,20.58,30456.0,577.446,1154.892
ASE,15,1429,23.73,33907.0,642.877,1285.753
ASE,16,1410,20.58,29016.0,550.143,1100.287
ASE,17,374,21.63,8090.0,153.386,306.773
ASE,18,854,19.64,16772.0,317.997,635.994
ASE,19,586,18.96,11108.0,210.608,421.215
ASE,20,316,18.03,5697.0,108.015,216.03
ASE,21,1,18.0,18.0,0.341,0.683
ATL,0,9,16.56,149.0,2.825,5.65
ATL,5,5881,15.26,89751.0,1701.679,3403.358
ATL,6,20237,15.43,312351.0,5922.175,11844.35
ATL,7,44192,17.14,757364.0,14359.621,28719.243
ATL,8,79232,17.05,1350513.0,25605.726,51211.453
ATL,9,72551,17.04,1236131.0,23437.044,46874.088
ATL,10,59254,18.03,1068111.0,20251.385,40502.769
ATL,11,66190,15.72,1040353.0,19725.093,39450.186
ATL,12,53213,14.7,782124.0,14829.071,29658.142
ATL,13,48868,14.52,709734.0,13456.557,26913.113
ATL,14,48518,15.2,737413.0,13981.35,27962.701
ATL,15,70772,16.76,1185830.0,22483.337,44966.674
ATL,16,57975,16.54,959083.0,18184.214,36368.427
ATL,17,50278,16.53,831289.0,15761.239,31522.479
ATL,18,46686,16.76,782531.0,14836.788,29673.576
ATL,19,62075,17.17,1065548.0,20202.79,40405.58
ATL,20,51305,17.06,875208.0,16593.944,33187.887
ATL,21,60961,16.73,1019878.0,19336.887,38673.774
ATL,22,71743,16.35,1172711.0,22234.601,44469.201
ATL,23,12219,16.87,206138.0,3908.376,7816.753
ATW,5,1593,19.59,31206.0,591.666,1183.332
ATW,6,3355,20.44,68581.0,1300.296,2600.592
ATW,7,1742,19.17,33386.0,632.999,1265.997
ATW,8,2231,21.44,47824.0,906.743,1813.486
ATW,9,574,16.04,9206.0,174.546,349.092
ATW,10,452,17.36,7845.0,148.741,297.482
ATW,11,992,17.14,17001.0,322.339,644.678
ATW,12,1263,17.6,22224.0,421.367,842.734
ATW,13,557,16.15,8996.0,170.564,341.128
ATW,14,587,14.51,8519.0,161.52,323.04
ATW,15,1514,16.71,25302.0,479.726,959.452
ATW,16,1545,17.81,27523.0,521.836,1043.672
ATW,17,1432,17.76,25428.0,482.115,964.23
ATW,18,379,16.32,6185.0,117.268,234.535
ATW,19,73,13.88,1013.0,19.206,38.413
ATW,20,18,12.33,222.0,4.209,8.418
ATW,21,10,23.7,237.0,4.494,8.987
ATY,5,151,15.11,2282.0,43.267,86.533
ATY,11,1,46.0,46.0,0.872,1.744
ATY,18,151,22.65,3420.0,64.843,129.686
AUS,5,11399,13.87,158091.0,2997.405,5994.811
AUS,6,19162,15.13,289928.0,5497.035,10994.07
AUS,7,19028,16.43,312542.0,5925.796,11851.593
AUS,8,15344,15.05,230975.0,4379.286,8758.572
AUS,9,13697,14.83,203118.0,3851.117,7702.235
AUS,10,14241,14.65,208637.0,3955.758,7911.515
AUS,11,12921,14.4,186066.0,3527.811,7055.623
AUS,12,18025,15.08,271857.0,5154.409,10308.817
AUS,13,15722,15.11,237522.0,4503.417,9006.834
AUS,14,18089,15.77,285251.0,5408.359,10816.718
AUS,15,18375,16.01,294236.0,5578.715,11157.429
AUS,16,18515,16.01,296361.0,5619.005,11238.009
AUS,17,15537,15.69,243720.0,4620.931,9241.862
AUS,18,15913,15.34,244046.0,4627.112,9254.224
AUS,19,15877,14.85,235723.0,4469.308,8938.616
AUS,20,10391,13.44,139663.0,2648.01,5296.021
AUS,21,6636,12.52,83090.0,1575.386,3150.773
AUS,22,3104,14.3,44390.0,841.634,1683.269
AUS,23,67,13.97,936.0,17.747,35.493
AVL,5,767,18.19,13954.0,264.568,529.136
AVL,6,2790,17.41,48581.0,921.096,1842.192
AVL,7,2934,17.77,52130.0,988.385,1976.77
AVL,8,1284,14.63,18788.0,356.22,712.441
AVL,9,981,17.15,16823.0,318.964,637.928
AVL,10,2174,14.43,31365.0,594.68,1189.361
AVL,11,2013,15.42,31031.0,588.348,1176.696
AVL,12,2588,14.99,38807.0,735.781,1471.561
AVL,13,2529,14.49,36637.0,694.638,1389.275
AVL,14,2588,15.81,40910.0,775.654,1551.307
AVL,15,2025,14.38,29116.0,552.039,1104.079
AVL,16,2919,14.89,43459.0,823.983,1647.965
AVL,17,2117,16.77,35504.0,673.156,1346.312
AVL,18,2182,16.83,36725.0,696.306,1392.612
AVL,19,1972,15.19,29951.0,567.871,1135.742
AVL,20,677,15.28,10344.0,196.122,392.244
AVL,21,266,12.27,3265.0,61.904,123.809
AVL,22,57,15.68,894.0,16.95,33.9
AVP,5,33,13.24,437.0,8.286,16.571
AVP,6,1676,16.36,27416.0,519.807,1039.615
AVP,7,349,15.93,5560.0,105.418,210.835
AVP,8,30,12.0,360.0,6.826,13.651
AVP,9,4,9.5,38.0,0.72,1.441
AVP,10,9,14.78,133.0,2.522,5.043
AVP,11,647,13.75,8897.0,168.687,337.374
AVP,12,253,13.97,3534.0,67.005,134.009
AVP,13,169,12.38,2092.0,39.664,79.329
AVP,14,58,15.55,902.0,17.102,34.204
AVP,15,66,16.56,1093.0,20.723,41.447
AVP,16,100,13.44,1344.0,25.482,50.964
AVP,17,941,15.31,14406.0,273.138,546.276
AVP,18,502,14.06,7056.0,133.782,267.564
AVP,19,228,15.42,3516.0,66.663,133.327
AVP,20,18,12.67,228.0,4.323,8.646
AVP,21,1,12.0,12.0,0.228,0.455
AZA,5,17,13.76,234.0,4.437,8.873
AZA,6,1170,12.16,14226.0,269.725,539.45
AZA,7,2362,12.73,30080.0,570.317,1140.634
AZA,8,2150,13.31,28610.0,542.446,1084.891
AZA,9,1221,13.79,16839.0,319.267,638.535
AZA,10,978,13.94,13636.0,258.539,517.077
AZA,11,939,14.05,13194.0,250.158,500.316
AZA,12,823,14.0,11521.0,218.438,436.876
AZA,13,555,15.55,8628.0,163.587,327.174
AZA,14,1190,15.27,18168.0,344.465,688.931
AZA,15,2424,15.18,36790.0,697.538,1395.077
AZA,16,1623,15.08,24472.0,463.989,927.978
AZA,17,946,14.6,13815.0,261.932,523.865
AZA,18,619,14.3,8849.0,167.777,335.554
AZA,19,303,14.85,4500.0,85.32,170.64
AZA,20,279,14.72,4106.0,77.85,155.7
AZA,21,132,14.45,1907.0,36.157,72.313
AZA,22,46,13.46,619.0,11.736,23.472
AZA,23,10,11.0,110.0,2.086,4.171
AZO,5,373,20.75,7741.0,146.769,293.539
AZO,6,874,19.03,16632.0,315.343,630.685
AZO,7,52,24.44,1271.0,24.098,48.196
AZO,8,14,16.5,231.0,4.38,8.76
AZO,9,2,15.5,31.0,0.588,1.176
AZO,10,189,15.63,2954.0,56.008,112.016
AZO,11,233,16.62,3873.0,73.432,146.864
AZO,12,311,18.62,5790.0,109.778,219.557
AZO,13,149,17.02,2536.0,48.083,96.165
AZO,14,258,18.02,4648.0,88.126,176.252
AZO,15,42,17.38,730.0,13.841,27.682
AZO,16,151,16.21,2448.0,46.414,92.828
AZO,17,183,16.23,2970.0,56.311,112.622
AZO,18,516,18.36,9476.0,179.665,359.33
AZO,19,61,17.51,1068.0,20.249,40.499
BDL,5,4279,14.61,62504.0,1185.076,2370.152
BDL,6,10837,16.23,175903.0,3335.121,6670.242
BDL,7,5406,14.68,79334.0,1504.173,3008.345
BDL,8,3057,14.12,43178.0,818.655,1637.31
BDL,9,2565,14.6,37441.0,709.881,1419.763
BDL,10,2403,13.99,33624.0,637.511,1275.022
BDL,11,4159,14.42,59967.0,1136.974,2273.949
BDL,12,4500,13.98,62921.0,1192.982,2385.964
BDL,13,3352,14.23,47709.0,904.563,1809.125
BDL,14,3234,15.65,50616.0,959.679,1919.359
BDL,15,3355,14.72,49377.0,936.188,1872.376
BDL,16,3850,15.7,60437.0,1145.886,2291.771
BDL,17,5846,16.24,94968.0,1800.593,3601.187
BDL,18,3488,15.13,52787.0,1000.842,2001.683
BDL,19,3610,14.58,52619.0,997.656,1995.312
BDL,20,1219,14.07,17149.0,325.145,650.29
BDL,21,641,14.85,9519.0,180.48,360.96
BDL,22,343,15.34,5262.0,99.768,199.535
BDL,23,14,17.07,239.0,4.531,9.063
BET,9,41,12.88,528.0,10.011,20.022
BET,11,1,8.0,8.0,0.152,0.303
BET,12,815,11.43,9317.0,176.65,353.301
BET,13,209,12.0,2508.0,47.552,95.103
BET,19,993,10.61,10539.0,199.819,399.639
BET,20,60,14.47,868.0,16.457,32.915
BFF,5,112,10.5,1176.0,22.297,44.594
BFF,9,133,24.29,3231.0,61.26,122.52
BFF,10,574,14.73,8455.0,160.307,320.614
BFF,13,60,19.43,1166.0,22.107,44.215
BFF,16,1,12.0,12.0,0.228,0.455
BFF,18,928,18.64,17294.0,327.894,655.788
BFL,5,1654,16.41,27147.0,514.707,1029.414
BFL,6,2081,15.64,32554.0,617.224,1234.448
BFL,7,86,17.1,1471.0,27.89,55.78
BFL,8,252,23.64,5958.0,112.964,225.927
BFL,9,231,18.46,4264.0,80.845,161.691
BFL,10,95,17.66,1678.0,31.815,63.63
BFL,11,91,14.59,1328.0,25.179,50.358
BFL,12,1588,14.95,23736.0,450.035,900.069
BFL,13,593,17.92,10625.0,201.45,402.9
BFL,14,521,22.88,11921.0,226.022,452.044
BFL,16,688,17.19,11830.0,224.297,448.594
BFL,17,3,21.67,65.0,1.232,2.465
BFL,18,58,16.03,930.0,17.633,35.266
BFL,19,343,14.91,5114.0,96.961,193.923
BFL,20,1,16.0,16.0,0.303,0.607
BFL,21,6,12.33,74.0,1.403,2.806
BFL,23,2,11.5,23.0,0.436,0.872
BGM,5,296,21.56,6382.0,121.003,242.005
BGM,6,85,26.55,2257.0,42.793,85.585
BGM,7,135,20.7,2795.0,52.993,105.986
BGM,8,54,18.63,1006.0,19.074,38.148
BGM,9,11,24.09,265.0,5.024,10.049
BGM,10,5,15.6,78.0,1.479,2.958
BGM,12,13,35.31,459.0,8.703,17.405
BGM,13,116,19.05,2210.0,41.902,83.803
BGM,14,344,16.76,5766.0,109.323,218.647
BGM,15,38,13.05,496.0,9.404,18.808
BGM,16,108,12.44,1344.0,25.482,50.964
BGM,17,6,15.5,93.0,1.763,3.527
BGR,5,1674,19.38,32446.0,615.176,1230.352
BGR,6,868,16.46,14285.0,270.844,541.687
BGR,7,693,17.02,11792.0,223.576,447.153
BGR,8,83,24.71,2051.0,38.887,77.774
BGR,9,180,17.67,3181.0,60.312,120.624
BGR,10,400,16.98,6791.0,128.757,257.515
BGR,11,635,15.4,9780.0,185.429,370.858
BGR,12,2213,17.8,39382.0,746.683,1493.365
BGR,13,635,17.2,10924.0,207.119,414.238
BGR,14,672,15.62,10497.0,199.023,398.046
BGR,15,759,16.97,12879.0,244.186,488.372
BGR,16,1135,17.59,19959.0,378.423,756.845
BGR,17,1418,17.96,25471.0,482.93,965.86
BGR,18,527,16.83,8869.0,168.156,336.312
BGR,19,574,16.24,9320.0,176.707,353.414
BGR,20,75,13.76,1032.0,19.567,39.133
BHM,5,3986,15.22,60654.0,1150.0,2300.0
BHM,6,7391,16.65,123067.0,2333.35,4666.701
BHM,7,2975,15.76,46895.0,889.129,1778.258
BHM,8,1935,16.23,31410.0,595.534,1191.067
BHM,9,2817,14.35,40429.0,766.534,1533.068
BHM,10,3942,14.49,57123.0,1083.052,2166.104
BHM,11,2968,13.98,41480.0,786.461,1572.922
BHM,12,1928,13.87,26745.0,507.085,1014.17
BHM,13,3071,14.97,45962.0,871.44,1742.879
BHM,14,2766,15.55,43017.0,815.602,1631.205
BHM,15,3753,15.84,59436.0,1126.907,2253.813
BHM,16,2722,14.83,40355.0,765.131,1530.262
BHM,17,4226,16.32,68969.0,1307.652,2615.304
BHM,18,2419,13.35,32285.0,612.124,1224.247
BHM,19,2305,14.6,33658.0,638.156,1276.311
BHM,20,92,13.11,1206.0,22.866,45.732
BHM,21,16,9.88,158.0,2.996,5.991
BIH,9,4,25.0,100.0,1.896,3.792
BIH,12,40,17.33,693.0,13.139,26.279
BIH,13,254,17.15,4355.0,82.571,165.142
BIH,14,195,18.18,3546.0,67.232,134.464
BIH,15,193,14.11,2723.0,51.628,103.256
BIH,16,108,14.26,1540.0,29.198,58.397
BIH,18,2,26.0,52.0,0.986,1.972
BIL,5,1612,16.13,26009.0,493.131,986.261
BIL,6,1656,16.14,26720.0,506.611,1013.222
BIL,7,1507,19.41,29250.0,554.58,1109.16
BIL,8,174,22.02,3832.0,72.655,145.309
BIL,9,31,18.77,582.0,11.035,22.069
BIL,10,706,19.75,13944.0,264.378,528.756
BIL,11,946,16.4,15510.0,294.07,588.139
BIL,12,690,14.5,10008.0,189.752,379.503
BIL,13,1013,14.34,14526.0,275.413,550.826
BIL,14,1504,17.08,25688.0,487.044,974.089
BIL,15,61,14.28,871.0,16.514,33.028
BIL,16,192,21.97,4218.0,79.973,159.947
BIL,17,958,19.34,18528.0,351.291,702.582
BIL,18,1115,18.68,20830.0,394.937,789.874
BIL,19,15,11.93,179.0,3.394,6.788
BIL,20,27,20.48,553.0,10.485,20.97
BIL,21,32,13.69,438.0,8.304,16.609
BIL,22,114,13.61,1551.0,29.407,58.814
BIS,5,1211,22.92,27761.0,526.349,1052.697
BIS,6,1133,19.57,22169.0,420.324,840.648
BIS,7,944,21.29,20096.0,381.02,762.04
BIS,8,362,28.75,10408.0,197.336,394.671
BIS,9,802,27.91,22381.0,424.344,848.688
BIS,10,76,18.16,1380.0,26.165,52.33
BIS,11,676,17.36,11732.0,222.439,444.877
BIS,12,852,14.95,12740.0,241.55,483.101
BIS,13,1574,16.61,26143.0,495.671,991.343
BIS,14,1052,15.1,15887.0,301.218,602.435
BIS,15,370,15.41,5700.0,108.072,216.144
BIS,16,249,19.67,4897.0,92.847,185.694
BIS,17,1716,20.37,34953.0,662.709,1325.418
BIS,18,48,11.23,539.0,10.219,20.439
BIS,19,126,17.26,2175.0,41.238,82.476
BIS,20,94,12.91,1214.0,23.017,46.035
BIS,21,191,13.13,2507.0,47.533,95.065
BIS,22,128,13.46,1723.0,32.668,65.336
BIS,23,15,11.07,166.0,3.147,6.295
BJI,6,585,15.79,9240.0,175.19,350.381
BJI,7,403,14.94,6019.0,114.12,228.24
BJI,8,1,5.0,5.0,0.095,0.19
BJI,10,150,12.31,1847.0,35.019,70.038
BJI,11,30,12.1,363.0,6.882,13.765
BJI,12,17,16.65,283.0,5.366,10.731
BJI,13,4,8.75,35.0,0.664,1.327
BJI,14,824,13.99,11526.0,218.533,437.066
BJI,15,4,11.0,44.0,0.834,1.668
BJI,16,31,11.65,361.0,6.845,13.689
BJI,18,92,10.93,1006.0,19.074,38.148
BLI,5,1234,15.78,19472.0,369.189,738.378
BLI,6,443,11.88,5265.0,99.824,199.649
BLI,7,572,14.07,8046.0,152.552,305.104
BLI,8,792,15.84,12547.0,237.891,475.782
BLI,9,251,13.41,3365.0,63.8,127.601
BLI,10,191,14.14,2701.0,51.211,102.422
BLI,11,96,11.84,1137.0,21.558,43.115
BLI,12,623,13.16,8196.0,155.396,310.792
BLI,13,1040,13.27,13798.0,261.61,523.22
BLI,14,659,12.78,8422.0,159.681,319.362
BLI,15,542,13.37,7244.0,137.346,274.692
BLI,16,480,14.15,6794.0,128.814,257.628
BLI,17,193,11.72,2262.0,42.888,85.775
BLI,18,298,16.15,4812.0,91.236,182.471
BLI,19,72,11.61,836.0,15.851,31.701
BLI,20,12,15.17,182.0,3.451,6.901
BLI,21,23,12.61,290.0,5.498,10.997
BLV,7,9,22.89,206.0,3.906,7.812
BLV,8,345,11.99,4137.0,78.438,156.875
BLV,9,228,12.05,2747.0,52.083,104.166
BLV,10,358,11.99,4292.0,81.376,162.753
BLV,11,240,12.15,2915.0,55.268,110.537
BLV,12,195,12.84,2504.0,47.476,94.952
BLV,13,114,12.34,1407.0,26.677,53.353
BLV,14,203,11.65,2365.0,44.84,89.681
BLV,15,219,12.33,2701.0,51.211,102.422
BLV,16,283,12.53,3547.0,67.251,134.502
BLV,17,246,11.59,2851.0,54.055,108.11
BLV,18,181,11.75,2126.0,40.309,80.618
BLV,19,183,11.67,2136.0,40.499,80.997
BLV,20,314,12.22,3836.0,72.731,145.461
BLV,21,245,11.6,2842.0,53.884,107.769
BLV,22,35,10.91,382.0,7.243,14.485
BMI,5,153,21.29,3258.0,61.772,123.543
BMI,6,1472,17.68,26020.0,493.339,986.678
BMI,7,462,15.08,6967.0,132.094,264.189
BMI,8,285,12.13,3458.0,65.564,131.127
BMI,9,98,12.44,1219.0,23.112,46.224
BMI,10,87,13.48,1173.0,22.24,44.48
BMI,11,124,14.9,1847.0,35.019,70.038
BMI,12,22,11.73,258.0,4.892,9.783
BMI,13,24,13.75,330.0,6.257,12.514
BMI,14,158,16.34,2581.0,48.936,97.872
BMI,15,1473,14.07,20723.0,392.908,785.816
BMI,16,496,13.71,6802.0,128.966,257.932
BMI,17,94,16.85,1584.0,30.033,60.065
BMI,18,35,12.6,441.0,8.361,16.723
BMI,19,86,13.28,1142.0,21.652,43.305
BMI,20,111,14.5,1609.0,30.507,61.013
BMI,21,3,11.0,33.0,0.626,1.251
BNA,5,11646,14.91,173679.0,3292.954,6585.908
BNA,6,22045,17.48,385335.0,7305.952,14611.903
BNA,7,24058,16.99,408810.0,7751.038,15502.075
BNA,8,18460,15.88,293127.0,5557.688,11115.376
BNA,9,15902,15.29,243116.0,4609.479,9218.959
BNA,10,21832,16.08,351069.0,6656.268,13312.536
BNA,11,15249,14.9,227282.0,4309.267,8618.533
BNA,12,17993,14.86,267423.0,5070.34,10140.68
BNA,13,16351,15.08,246521.0,4674.038,9348.076
BNA,14,18004,15.27,274881.0,5211.744,10423.488
BNA,15,16492,15.19,250513.0,4749.726,9499.453
BNA,16,17399,16.19,281771.0,5342.378,10684.756
BNA,17,20237,16.79,339811.0,6442.817,12885.633
BNA,18,19024,16.22,308662.0,5852.232,11704.463
BNA,19,18491,15.43,285355.0,5410.331,10820.662
BNA,20,11990,14.0,167907.0,3183.517,6367.033
BNA,21,8759,13.15,115172.0,2183.661,4367.322
BNA,22,4281,12.78,54705.0,1037.207,2074.414
BOI,0,33,16.09,531.0,10.068,20.136
BOI,5,3616,17.66,63843.0,1210.463,2420.927
BOI,6,6561,18.27,119837.0,2272.11,4544.219
BOI,7,6273,17.91,112354.0,2130.232,4260.464
BOI,8,4191,19.34,81050.0,1536.708,3073.416
BOI,9,2182,20.77,45331.0,859.476,1718.952
BOI,10,3762,16.57,62340.0,1181.966,2363.933
BOI,11,3787,14.8,56029.0,1062.31,2124.62
BOI,12,4807,14.33,68864.0,1305.661,2611.323
BOI,13,6826,14.75,100662.0,1908.552,3817.103
BOI,14,5087,15.38,78219.0,1483.032,2966.064
BOI,15,3345,14.33,47950.0,909.132,1818.264
BOI,16,2741,15.09,41359.0,784.167,1568.333
BOI,17,5662,14.89,84307.0,1598.461,3196.921
BOI,18,2637,14.62,38547.0,730.851,1461.702
BOI,19,3649,16.35,59677.0,1131.476,2262.952
BOI,20,1157,18.68,21618.0,409.877,819.755
BOI,21,399,14.04,5600.0,106.176,212.352
BOI,22,92,16.12,1483.0,28.118,56.235
BOI,23,346,15.6,5397.0,102.327,204.654
BOS,0,1,14.0,14.0,0.265,0.531
BOS,5,14042,16.64,233619.0,4429.416,8858.832
BOS,6,35215,20.64,726965.0,13783.256,27566.513
BOS,7,41620,22.27,926881.0,17573.664,35147.328
BOS,8,33964,21.99,746995.0,14163.025,28326.05
BOS,9,26571,19.75,524737.0,9949.014,19898.027
BOS,10,22778,18.83,428997.0,8133.783,16267.566
BOS,11,22963,18.56,426257.0,8081.833,16163.665
BOS,12,21838,18.39,401626.0,7614.829,15229.658
BOS,13,19627,19.31,379090.0,7187.546,14375.093
BOS,14,21163,19.28,408032.0,7736.287,15472.573
BOS,15,26073,20.61,537272.0,10186.677,20373.354
BOS,16,26027,22.04,573732.0,10877.959,21755.917
BOS,17,28622,24.0,686874.0,13023.131,26046.262
BOS,18,26659,23.49,626291.0,11874.477,23748.955
BOS,19,23217,21.35,495687.0,9398.226,18796.451
BOS,20,20915,19.93,416853.0,7903.533,15807.066
BOS,21,6847,17.7,121176.0,2297.497,4594.994
BOS,22,1591,16.79,26712.0,506.46,1012.919
BOS,23,141,16.27,2294.0,43.494,86.988
BPT,5,618,18.12,11200.0,212.352,424.704
BPT,6,432,18.49,7989.0,151.471,302.943
BPT,14,1051,15.28,16062.0,304.536,609.071
BQK,6,23,21.26,489.0,9.271,18.543
BQK,7,488,21.52,10504.0,199.156,398.312
BQK,10,67,14.66,982.0,18.619,37.237
BQK,11,186,15.62,2905.0,55.079,110.158
BQK,12,46,19.24,885.0,16.78,33.559
BQK,13,429,18.81,8068.0,152.969,305.939
BQK,16,2,28.5,57.0,1.081,2.161
BQK,17,14,19.0,266.0,5.043,10.087
BQK,18,163,18.28,2979.0,56.482,112.964
BQK,19,100,15.95,1595.0,30.241,60.482
BQN,0,571,13.1,7478.0,141.783,283.566
BQN,1,720,12.86,9258.0,175.532,351.063
BQN,2,694,12.32,8547.0,162.051,324.102
BQN,3,476,12.38,5892.0,111.712,223.425
BQN,4,215,12.31,2647.0,50.187,100.374
BQN,5,592,12.65,7488.0,141.972,283.945
BQN,6,571,12.73,7267.0,137.782,275.565
BQN,7,71,11.66,828.0,15.699,31.398
BQN,8,96,11.26,1081.0,20.496,40.992
BQN,9,307,12.74,3911.0,74.153,148.305
BQN,10,178,13.16,2343.0,44.423,88.847
BQN,11,166,12.93,2146.0,40.688,81.376
BQN,12,94,14.79,1390.0,26.354,52.709
BQN,13,199,13.23,2632.0,49.903,99.805
BQN,14,169,13.07,2209.0,41.883,83.765
BQN,15,199,13.3,2647.0,50.187,100.374
BQN,16,86,13.21,1136.0,21.539,43.077
BQN,17,185,13.59,2515.0,47.684,95.369
BQN,18,180,13.64,2456.0,46.566,93.132
BQN,19,308,13.68,4213.0,79.878,159.757
BQN,20,646,13.45,8691.0,164.781,329.563
BQN,21,492,12.94,6366.0,120.699,241.399
BQN,22,247,12.77,3155.0,59.819,119.638
BQN,23,49,12.63,619.0,11.736,23.472
BRD,10,570,15.3,8720.0,165.331,330.662
BRD,11,203,14.81,3007.0,57.013,114.025
BRD,13,98,15.86,1554.0,29.464,58.928
BRD,14,123,15.93,1959.0,37.143,74.285
BRD,15,127,12.57,1597.0,30.279,60.558
BRD,16,126,14.88,1875.0,35.55,71.1
BRD,17,22,15.09,332.0,6.295,12.589
BRD,18,588,14.27,8388.0,159.036,318.073
BRD,19,22,10.68,235.0,4.456,8.911
BRO,5,1047,13.67,14314.0,271.393,542.787
BRO,6,105,11.87,1246.0,23.624,47.248
BRO,7,155,14.34,2223.0,42.148,84.296
BRO,9,31,16.58,514.0,9.745,19.491
BRO,10,889,11.75,10445.0,198.037,396.074
BRO,11,189,10.9,2061.0,39.077,78.153
BRO,12,110,12.33,1356.0,25.71,51.42
BRO,13,7,10.43,73.0,1.384,2.768
BRO,14,499,12.85,6414.0,121.609,243.219
BRO,15,283,14.12,3997.0,75.783,151.566
BRO,16,29,12.69,368.0,6.977,13.955
BRO,17,432,13.78,5954.0,112.888,225.776
BRO,18,246,13.55,3334.0,63.213,126.425
BRO,19,619,12.29,7605.0,144.191,288.382
BRO,20,105,12.7,1334.0,25.293,50.585
BRW,10,2,8.0,16.0,0.303,0.607
BRW,16,37,9.49,351.0,6.655,13.31
BRW,17,1006,10.47,10537.0,199.782,399.563
BTM,6,100,9.57,957.0,18.145,36.289
BTM,7,54,22.63,1222.0,23.169,46.338
BTM,9,119,22.45,2672.0,50.661,101.322
BTM,10,241,26.7,6435.0,122.008,244.015
BTM,11,373,12.21,4553.0,86.325,172.65
BTM,13,215,12.53,2695.0,51.097,102.194
BTM,15,5,5.8,29.0,0.55,1.1
BTM,17,187,11.14,2083.0,39.494,78.987
BTM,18,701,11.5,8064.0,152.893,305.787
BTM,19,64,9.89,633.0,12.002,24.003
BTR,5,1145,14.83,16985.0,322.036,644.071
BTR,6,1698,15.37,26091.0,494.685,989.371
BTR,7,1879,16.8,31559.0,598.359,1196.717
BTR,8,86,12.84,1104.0,20.932,41.864
BTR,9,194,17.53,3401.0,64.483,128.966
BTR,10,1880,13.35,25100.0,475.896,951.792
BTR,11,122,14.07,1717.0,32.554,65.109
BTR,12,1167,14.44,16852.0,319.514,639.028
BTR,13,230,13.83,3182.0,60.331,120.661
BTR,14,1199,15.02,18014.0,341.545,683.091
BTR,15,653,15.18,9912.0,187.932,375.863
BTR,16,953,14.51,13825.0,262.122,524.244
BTR,17,693,15.54,10767.0,204.142,408.285
BTR,18,729,15.14,11035.0,209.224,418.447
BTR,19,770,14.27,10987.0,208.314,416.627
BTR,20,109,13.21,1440.0,27.302,54.605
BTR,21,1,13.0,13.0,0.246,0.493
BTV,5,2588,23.73,61421.0,1164.542,2329.084
BTV,6,4619,19.09,88188.0,1672.044,3344.089
BTV,7,1002,19.91,19948.0,378.214,756.428
BTV,8,230,20.23,4653.0,88.221,176.442
BTV,9,281,16.07,4516.0,85.623,171.247
BTV,10,934,16.26,15186.0,287.927,575.853
BTV,11,1366,18.02,24619.0,466.776,933.552
BTV,12,2332,20.06,46769.0,886.74,1773.48
BTV,13,840,19.06,16010.0,303.55,607.099
BTV,14,1345,18.8,25280.0,479.309,958.618
BTV,15,1417,18.83,26681.0,505.872,1011.744
BTV,16,1882,20.21,38043.0,721.295,1442.591
BTV,17,1981,21.36,42305.0,802.103,1604.206
BTV,18,324,19.35,6268.0,118.841,237.683
BTV,19,743,18.09,13438.0,254.784,509.569
BTV,20,25,13.44,336.0,6.371,12.741
BUF,5,3675,15.75,57873.0,1097.272,2194.544
BUF,6,10414,16.46,171401.0,3249.763,6499.526
BUF,7,4273,15.08,64457.0,1222.105,2444.209
BUF,8,2918,14.43,42110.0,798.406,1596.811
BUF,9,1506,14.04,21139.0,400.795,801.591
BUF,10,3876,13.95,54056.0,1024.902,2049.804
BUF,11,4478,13.7,61366.0,1163.499,2326.999
BUF,12,4797,14.06,67435.0,1278.568,2557.135
BUF,13,2545,13.73,34936.0,662.387,1324.773
BUF,14,2453,14.95,36661.0,695.093,1390.185
BUF,15,2704,13.67,36970.0,700.951,1401.902
BUF,16,3186,14.38,45807.0,868.501,1737.001
BUF,17,5990,15.9,95226.0,1805.485,3610.97
BUF,18,3954,15.08,59644.0,1130.85,2261.7
BUF,19,3684,13.8,50846.0,964.04,1928.08
BUF,20,1387,13.15,18242.0,345.868,691.737
BUF,21,370,13.32,4929.0,93.454,186.908
BUF,22,88,14.41,1268.0,24.041,48.083
BUF,23,1,31.0,31.0,0.588,1.176
BUR,7,11776,18.92,222779.0,4223.89,8447.78
BUR,8,6804,16.13,109717.0,2080.234,4160.469
BUR,9,6187,16.71,103373.0,1959.952,3919.904
BUR,10,7211,18.79,135495.0,2568.985,5137.97
BUR,11,5241,17.24,90373.0,1713.472,3426.944
BUR,12,6430,17.66,113527.0,2152.472,4304.944
BUR,13,7116,18.17,129287.0,2451.282,4902.563
BUR,14,5474,17.24,94354.0,1788.952,3577.904
BUR,15,5153,16.38,84411.0,1600.433,3200.865
BUR,16,6102,16.5,100662.0,1908.552,3817.103
BUR,17,5259,16.17,85064.0,1612.813,3225.627
BUR,18,5142,15.92,81867.0,1552.198,3104.397
BUR,19,4804,14.5,69664.0,1320.829,2641.659
BUR,20,5408,14.71,79545.0,1508.173,3016.346
BUR,21,1676,15.52,26007.0,493.093,986.185
BUR,22,9,19.11,172.0,3.261,6.522
BWI,5,2457,13.27,32595.0,618.001,1236.002
BWI,6,28259,15.94,450550.0,8542.428,17084.856
BWI,7,11239,14.9,167478.0,3175.383,6350.766
BWI,8,27464,17.77,488061.0,9253.637,18507.273
BWI,9,15013,14.78,221925.0,4207.698,8415.396
BWI,10,20266,14.13,286392.0,5429.992,10859.985
BWI,11,13481,13.58,183031.0,3470.268,6940.536
BWI,12,11864,13.43,159330.0,3020.897,6041.794
BWI,13,14158,13.77,194962.0,3696.48,7392.959
BWI,14,15867,14.31,226992.0,4303.768,8607.537
BWI,15,17635,14.52,256058.0,4854.86,9709.719
BWI,16,14652,14.73,215844.0,4092.402,8184.804
BWI,17,16154,15.83,255675.0,4847.598,9695.196
BWI,18,17588,15.72,276488.0,5242.212,10484.425
BWI,19,17972,15.65,281172.0,5331.021,10662.042
BWI,20,16233,15.09,244966.0,4644.555,9289.111
BWI,21,16752,14.11,236361.0,4481.405,8962.809
BWI,22,10328,13.4,138411.0,2624.273,5248.545
BWI,23,131,12.34,1617.0,30.658,61.317
BZN,5,1500,20.62,30930.0,586.433,1172.866
BZN,6,2262,19.13,43272.0,820.437,1640.874
BZN,7,2578,21.97,56634.0,1073.781,2147.561
BZN,8,562,17.83,10019.0,189.96,379.92
BZN,9,215,18.33,3940.0,74.702,149.405
BZN,10,1609,18.11,29144.0,552.57,1105.14
BZN,11,2655,17.04,45236.0,857.675,1715.349
BZN,12,2428,16.06,38993.0,739.307,1478.615
BZN,13,3800,16.31,61995.0,1175.425,2350.85
BZN,14,3672,17.77,65242.0,1236.988,2473.977
BZN,15,3051,16.61,50686.0,961.007,1922.013
BZN,16,3099,18.65,57783.0,1095.566,2191.131
BZN,17,856,17.68,15132.0,286.903,573.805
BZN,18,1480,16.29,24114.0,457.201,914.403
BZN,19,547,18.08,9891.0,187.533,375.067
BZN,20,65,13.75,894.0,16.95,33.9
BZN,21,24,15.33,368.0,6.977,13.955
BZN,22,141,13.73,1936.0,36.707,73.413
CAE,5,1665,14.96,24906.0,472.218,944.436
CAE,6,3206,16.4,52586.0,997.031,1994.061
CAE,7,1613,19.24,31028.0,588.291,1176.582
CAE,8,208,17.33,3605.0,68.351,136.702
CAE,9,346,22.25,7698.0,145.954,291.908
CAE,10,1183,16.06,18999.0,360.221,720.442
CAE,11,1329,15.32,20361.0,386.045,772.089
CAE,12,407,16.69,6793.0,128.795,257.591
CAE,13,386,15.01,5793.0,109.835,219.671
CAE,14,907,16.62,15077.0,285.86,571.72
CAE,15,1051,15.88,16686.0,316.367,632.733
CAE,16,1255,15.57,19535.0,370.384,740.767
CAE,17,2509,16.27,40822.0,773.985,1547.97
CAE,18,446,19.99,8914.0,169.009,338.019
CAE,19,1330,18.53,24640.0,467.174,934.349
CAE,20,217,18.2,3950.0,74.892,149.784
CAE,21,14,14.14,198.0,3.754,7.508
CAE,22,3,18.0,54.0,1.024,2.048
CAK,5,15,28.67,430.0,8.153,16.306
CAK,6,1986,20.83,41378.0,784.527,1569.054
CAK,7,1086,23.18,25177.0,477.356,954.712
CAK,8,1092,21.01,22943.0,434.999,869.999
CAK,9,337,14.67,4943.0,93.719,187.439
CAK,10,292,16.21,4734.0,89.757,179.513
CAK,11,554,14.98,8298.0,157.33,314.66
CAK,12,319,14.63,4668.0,88.505,177.011
CAK,13,1090,17.08,18615.0,352.94,705.881
CAK,14,891,18.36,16363.0,310.242,620.485
CAK,15,227,12.89,2926.0,55.477,110.954
CAK,16,116,13.47,1562.0,29.616,59.231
CAK,17,1123,20.58,23112.0,438.204,876.407
CAK,18,720,17.83,12840.0,243.446,486.893
CAK,19,565,14.12,7976.0,151.225,302.45
CAK,20,206,13.69,2821.0,53.486,106.972
CAK,21,176,14.63,2574.0,48.803,97.606
CAK,22,72,12.19,878.0,16.647,33.294
CDC,9,518,15.04,7792.0,147.736,295.473
CDC,11,53,14.77,783.0,14.846,29.691
CDC,12,97,14.0,1358.0,25.748,51.495
CDC,13,338,15.82,5348.0,101.398,202.796
CDC,15,94,14.78,1389.0,26.335,52.671
CDC,17,24,12.42,298.0,5.65,11.3
CDC,18,280,20.21,5659.0,107.295,214.589
CDC,19,461,17.04,7857.0,148.969,297.937
CDV,12,96,10.61,1019.0,19.32,38.64
CDV,13,958,12.01,11507.0,218.173,436.345
CDV,14,12,12.33,148.0,2.806,5.612
CDV,15,1063,11.71,12447.0,235.995,471.99
CHA,5,1614,18.27,29482.0,558.979,1117.957
CHA,6,2184,17.11,37359.0,708.327,1416.653
CHA,7,1769,16.87,29839.0,565.747,1131.495
CHA,8,184,17.93,3300.0,62.568,125.136
CHA,9,163,14.87,2424.0,45.959,91.918
CHA,10,932,13.59,12670.0,240.223,480.446
CHA,11,594,15.05,8937.0,169.446,338.891
CHA,12,1694,15.11,25602.0,485.414,970.828
CHA,13,717,16.26,11662.0,221.112,442.223
CHA,14,1074,13.93,14957.0,283.585,567.169
CHA,15,950,14.19,13479.0,255.562,511.124
CHA,16,838,14.95,12525.0,237.474,474.948
CHA,17,1622,18.67,30283.0,574.166,1148.331
CHA,18,1365,16.51,22542.0,427.396,854.793
CHA,19,703,15.48,10881.0,206.304,412.608
CHA,20,1022,14.4,14716.0,279.015,558.031
CHA,21,99,13.89,1375.0,26.07,52.14
CHA,22,34,12.97,441.0,8.361,16.723
CHO,5,104,13.74,1429.0,27.094,54.188
CHO,6,1247,16.1,20072.0,380.565,761.13
CHO,7,583,17.71,10324.0,195.743,391.486
CHO,8,25,19.84,496.0,9.404,18.808
CHO,9,36,19.08,687.0,13.026,26.051
CHO,10,571,16.03,9151.0,173.503,347.006
CHO,11,607,17.11,10387.0,196.938,393.875
CHO,12,857,20.3,17394.0,329.79,659.58
CHO,13,281,22.72,6384.0,121.041,242.081
CHO,14,453,21.1,9558.0,181.22,362.439
CHO,15,229,17.74,4063.0,77.034,154.069
CHO,16,183,19.18,3510.0,66.55,133.099
CHO,17,1413,21.27,30057.0,569.881,1139.761
CHO,18,752,20.85,15681.0,297.312,594.624
CHO,19,38,20.92,795.0,15.073,30.146
CHO,20,28,16.21,454.0,8.608,17.216
CHO,22,2,13.5,27.0,0.512,1.024
CHS,5,2780,13.32,37029.0,702.07,1404.14
CHS,6,8226,14.33,117911.0,2235.593,4471.185
CHS,7,5359,14.72,78882.0,1495.603,2991.205
CHS,8,2400,14.11,33862.0,642.024,1284.047
CHS,9,2281,16.47,37558.0,712.1,1424.199
CHS,10,4477,14.74,65994.0,1251.246,2502.492
CHS,11,7089,15.62,110723.0,2099.308,4198.616
CHS,12,4096,15.17,62151.0,1178.383,2356.766
CHS,13,4077,15.38,62694.0,1188.678,2377.356
CHS,14,5746,17.24,99083.0,1878.614,3757.227
CHS,15,3883,17.01,66044.0,1252.194,2504.388
CHS,16,5254,16.98,89187.0,1690.986,3381.971
CHS,17,4560,16.67,76022.0,1441.377,2882.754
CHS,18,5936,17.22,102198.0,1937.674,3875.348
CHS,19,4797,16.01,76811.0,1456.337,2912.673
CHS,20,2252,14.87,33478.0,634.743,1269.486
CHS,21,359,13.16,4725.0,89.586,179.172
CHS,22,29,13.79,400.0,7.584,15.168
CID,4,1,15.0,15.0,0.284,0.569
CID,5,2112,18.04,38095.0,722.281,1444.562
CID,6,2998,17.49,52435.0,994.168,1988.335
CID,7,1699,17.97,30534.0,578.925,1157.849
CID,8,1679,17.13,28755.0,545.195,1090.39
CID,9,692,13.69,9471.0,179.57,359.14
CID,10,933,13.51,12608.0,239.048,478.095
CID,11,1801,16.97,30563.0,579.474,1158.949
CID,12,1141,14.48,16523.0,313.276,626.552
CID,13,1729,13.1,22646.0,429.368,858.736
CID,14,1332,14.47,19269.0,365.34,730.68
CID,15,1833,15.14,27751.0,526.159,1052.318
CID,16,1003,17.45,17503.0,331.857,663.714
CID,17,1157,14.59,16882.0,320.083,640.165
CID,18,1098,14.06,15436.0,292.667,585.333
CID,19,953,12.64,12048.0,228.43,456.86
CID,20,361,11.77,4248.0,80.542,161.084
CID,21,212,12.2,2586.0,49.031,98.061
CID,22,69,11.41,787.0,14.922,29.843
CIU,6,172,27.16,4672.0,88.581,177.162
CIU,7,672,24.32,16343.0,309.863,619.727
CIU,8,57,18.44,1051.0,19.927,39.854
CIU,11,27,17.56,474.0,8.987,17.974
CIU,12,200,17.47,3494.0,66.246,132.492
CIU,13,389,18.91,7356.0,139.47,278.94
CIU,15,491,19.01,9335.0,176.992,353.983
CIU,16,75,19.64,1473.0,27.928,55.856
CIU,17,23,13.13,302.0,5.726,11.452
CIU,18,1,11.0,11.0,0.209,0.417
CIU,19,175,14.63,2560.0,48.538,97.075
CKB,8,13,7.92,103.0,1.953,3.906
CKB,9,117,9.3,1088.0,20.628,41.257
CKB,10,43,8.09,348.0,6.598,13.196
CKB,11,22,8.91,196.0,3.716,7.432
CKB,12,33,9.27,306.0,5.802,11.604
CKB,13,6,8.83,53.0,1.005,2.01
CKB,14,49,11.61,569.0,10.788,21.576
CKB,15,63,8.95,564.0,10.693,21.387
CKB,16,54,10.54,569.0,10.788,21.576
CKB,17,59,8.46,499.0,9.461,18.922
CKB,18,11,8.73,96.0,1.82,3.64
CKB,19,19,7.84,149.0,2.825,5.65
CKB,20,13,8.38,109.0,2.067,4.133
CKB,21,110,9.37,1031.0,19.548,39.096
CLD,6,320,14.72,4710.0,89.302,178.603
CLD,11,27,15.93,430.0,8.153,16.306
CLD,12,289,13.0,3757.0,71.233,142.465
CLD,18,1,25.0,25.0,0.474,0.948
CLD,19,1,9.0,9.0,0.171,0.341
CLE,0,1,10.0,10.0,0.19,0.379
CLE,5,4894,15.77,77194.0,1463.598,2927.196
CLE,6,15879,16.7,265203.0,5028.249,10056.498
CLE,7,11018,15.94,175601.0,3329.395,6658.79
CLE,8,8094,15.77,127625.0,2419.77,4839.54
CLE,9,5255,15.69,82459.0,1563.423,3126.845
CLE,10,6595,14.81,97668.0,1851.785,3703.571
CLE,11,7414,14.2,105275.0,1996.014,3992.028
CLE,12,6373,14.56,92815.0,1759.772,3519.545
CLE,13,5524,15.02,82944.0,1572.618,3145.236
CLE,14,6959,15.57,108372.0,2054.733,4109.466
CLE,15,5221,15.32,79960.0,1516.042,3032.083
CLE,16,7872,15.79,124272.0,2356.197,4712.394
CLE,17,9348,16.1,150543.0,2854.295,5708.591
CLE,18,6999,15.93,111468.0,2113.433,4226.867
CLE,19,7771,15.26,118584.0,2248.353,4496.705
CLE,20,3076,14.45,44453.0,842.829,1685.658
CLE,21,2036,14.18,28872.0,547.413,1094.826
CLE,22,275,15.72,4322.0,81.945,163.89
CLL,5,720,13.55,9757.0,184.993,369.985
CLL,6,348,16.54,5757.0,109.153,218.305
CLL,8,1,14.0,14.0,0.265,0.531
CLL,10,1070,13.03,13944.0,264.378,528.756
CLL,11,3,10.67,32.0,0.607,1.213
CLL,12,1,11.0,11.0,0.209,0.417
CLL,13,25,12.56,314.0,5.953,11.907
CLL,14,152,13.9,2113.0,40.062,80.125
CLL,15,1,14.0,14.0,0.265,0.531
CLL,16,5,11.2,56.0,1.062,2.124
CLL,17,4,11.5,46.0,0.872,1.744
CLL,18,994,16.05,15950.0,302.412,604.824
CLL,19,4,15.75,63.0,1.194,2.389
CLL,20,3,21.33,64.0,1.213,2.427
CLT,0,251,20.81,5223.0,99.028,198.056
CLT,1,2,13.0,26.0,0.493,0.986
CLT,5,2863,16.39,46938.0,889.944,1779.889
CLT,6,9591,18.67,179056.0,3394.902,6789.804
CLT,7,40414,20.15,814503.0,15442.977,30885.954
CLT,8,18632,17.99,335147.0,6354.387,12708.774
CLT,9,54897,24.84,1363624.0,25854.311,51708.622
CLT,10,16840,20.13,339034.0,6428.085,12856.169
CLT,11,61518,21.9,1347216.0,25543.215,51086.431
CLT,12,13071,17.71,231511.0,4389.449,8778.897
CLT,13,44059,19.83,873900.0,16569.144,33138.288
CLT,14,42716,20.36,869876.0,16492.849,32985.698
CLT,15,24241,20.35,493365.0,9354.2,18708.401
CLT,16,49894,21.88,1091775.0,20700.054,41400.108
CLT,17,22642,21.35,483327.0,9163.88,18327.76
CLT,18,52859,21.21,1121355.0,21260.891,42521.782
CLT,19,18503,20.48,378865.0,7183.28,14366.561
CLT,20,58168,22.29,1296755.0,24586.475,49172.95
CLT,21,19102,20.53,392169.0,7435.524,14871.048
CLT,22,47347,19.67,931428.0,17659.875,35319.75
CLT,23,2442,22.9,55927.0,1060.376,2120.752
CMH,5,5444,13.94,75864.0,1438.381,2876.763
CMH,6,17557,16.07,282168.0,5349.905,10699.811
CMH,7,11942,16.28,194442.0,3686.62,7373.241
CMH,8,8303,15.83,131416.0,2491.647,4983.295
CMH,9,5311,13.89,73746.0,1398.224,2796.448
CMH,10,6915,13.56,93768.0,1777.841,3555.683
CMH,11,8473,14.13,119685.0,2269.228,4538.455
CMH,12,6880,14.44,99372.0,1884.093,3768.186
CMH,13,5464,13.91,75995.0,1440.865,2881.73
CMH,14,6841,15.36,105096.0,1992.62,3985.24
CMH,15,7357,14.36,105661.0,2003.333,4006.665
CMH,16,7019,15.13,106207.0,2013.685,4027.369
CMH,17,8536,15.51,132380.0,2509.925,5019.85
CMH,18,9197,15.73,144708.0,2743.664,5487.327
CMH,19,5905,13.4,79139.0,1500.475,3000.951
CMH,20,3574,12.52,44739.0,848.251,1696.503
CMH,21,1501,11.26,16898.0,320.386,640.772
CMH,22,107,10.57,1131.0,21.444,42.888
CMH,23,17,12.0,204.0,3.868,7.736
CMI,5,138,12.89,1779.0,33.73,67.46
CMI,6,1496,13.77,20606.0,390.69,781.38
CMI,7,437,12.28,5365.0,101.72,203.441
CMI,8,11,13.64,150.0,2.844,5.688
CMI,9,3,12.0,36.0,0.683,1.365
CMI,10,1,8.0,8.0,0.152,0.303
CMI,11,371,12.24,4541.0,86.097,172.195
CMI,12,57,11.33,646.0,12.248,24.496
CMI,13,57,19.35,1103.0,20.913,41.826
CMI,14,421,12.42,5227.0,99.104,198.208
CMI,15,1025,12.18,12484.0,236.697,473.393
CMI,16,174,12.97,2256.0,42.774,85.548
CMI,17,31,15.71,487.0,9.234,18.467
CMI,18,46,11.87,546.0,10.352,20.704
CMI,19,52,18.71,973.0,18.448,36.896
CMI,20,41,13.73,563.0,10.674,21.349
CMX,1,1,33.0,33.0,0.626,1.251
CMX,8,596,19.48,11612.0,220.164,440.327
CMX,9,442,18.39,8128.0,154.107,308.214
CMX,10,1,13.0,13.0,0.246,0.493
CMX,11,1,9.0,9.0,0.171,0.341
CMX,13,138,14.51,2002.0,37.958,75.916
CMX,14,138,16.35,2256.0,42.774,85.548
CMX,15,213,19.49,4152.0,78.722,157.444
CMX,18,157,17.82,2798.0,53.05,106.1
CMX,19,435,14.56,6334.0,120.093,240.185
CNY,9,1,14.0,14.0,0.265,0.531
CNY,10,1,26.0,26.0,0.493,0.986
CNY,11,12,20.83,250.0,4.74,9.48
CNY,13,82,17.61,1444.0,27.378,54.756
CNY,14,255,18.84,4805.0,91.103,182.206
CNY,15,144,16.51,2378.0,45.087,90.174
CNY,17,51,15.37,784.0,14.865,29.729
CNY,18,110,16.37,1801.0,34.147,68.294
COD,5,58,15.69,910.0,17.254,34.507
COD,6,106,22.79,2416.0,45.807,91.615
COD,7,127,25.15,3194.0,60.558,121.116
COD,8,295,35.94,10602.0,201.014,402.028
COD,10,138,21.08,2909.0,55.155,110.309
COD,13,581,19.33,11228.0,212.883,425.766
COD,14,9,17.56,158.0,2.996,5.991
COD,17,169,21.39,3615.0,68.54,137.081
COD,18,85,23.4,1989.0,37.711,75.423
COS,5,1510,18.13,27378.0,519.087,1038.174
COS,6,5519,20.27,111847.0,2120.619,4241.238
COS,7,3365,21.61,72721.0,1378.79,2757.58
COS,8,2801,24.78,69404.0,1315.9,2631.8
COS,9,1739,26.44,45972.0,871.629,1743.258
COS,10,3114,18.02,56119.0,1064.016,2128.032
COS,11,2459,19.67,48374.0,917.171,1834.342
COS,12,3249,17.93,58265.0,1104.704,2209.409
COS,13,2273,17.43,39608.0,750.968,1501.935
COS,14,1916,16.57,31755.0,602.075,1204.15
COS,15,1850,20.85,38579.0,731.458,1462.916
COS,16,1777,16.89,30007.0,568.933,1137.865
COS,17,2538,21.25,53934.0,1022.589,2045.177
COS,18,1835,19.53,35835.0,679.432,1358.863
COS,19,798,14.23,11357.0,215.329,430.657
COS,20,354,13.57,4804.0,91.084,182.168
COS,21,13,13.62,177.0,3.356,6.712
COU,5,525,15.93,8361.0,158.525,317.049
COU,6,646,15.85,10239.0,194.131,388.263
COU,7,894,19.35,17298.0,327.97,655.94
COU,8,109,26.75,2916.0,55.287,110.575
COU,9,92,23.43,2156.0,40.878,81.756
COU,10,83,13.75,1141.0,21.633,43.267
COU,11,182,15.46,2813.0,53.334,106.669
COU,12,866,12.99,11246.0,213.224,426.448
COU,13,101,12.8,1293.0,24.515,49.031
COU,14,266,14.0,3723.0,70.588,141.176
COU,15,221,16.85,3723.0,70.588,141.176
COU,16,242,13.41,3246.0,61.544,123.088
COU,17,480,13.86,6655.0,126.179,252.358
COU,18,491,15.11,7419.0,140.664,281.328
COU,19,252,13.74,3463.0,65.658,131.317
COU,20,99,11.66,1154.0,21.88,43.76
CPR,5,1093,19.12,20895.0,396.169,792.338
CPR,6,253,17.28,4371.0,82.874,165.748
CPR,7,753,26.33,19828.0,375.939,751.878
CPR,8,33,36.18,1194.0,22.638,45.276
CPR,9,348,30.26,10529.0,199.63,399.26
CPR,11,664,21.63,14364.0,272.341,544.683
CPR,13,877,19.75,17324.0,328.463,656.926
CPR,15,774,26.4,20437.0,387.486,774.971
CPR,17,157,21.89,3437.0,65.166,130.331
CPR,18,502,21.22,10653.0,201.981,403.962
CPR,20,2,25.5,51.0,0.967,1.934
CPR,21,2,22.5,45.0,0.853,1.706
CRP,5,642,13.9,8923.0,169.18,338.36
CRP,6,1713,13.86,23749.0,450.281,900.562
CRP,7,1091,16.56,18069.0,342.588,685.176
CRP,8,274,12.92,3540.0,67.118,134.237
CRP,9,187,17.99,3365.0,63.8,127.601
CRP,10,1481,12.11,17938.0,340.104,680.209
CRP,11,246,12.54,3085.0,58.492,116.983
CRP,12,1279,12.91,16507.0,312.973,625.945
CRP,13,159,12.86,2045.0,38.773,77.546
CRP,14,764,14.24,10878.0,206.247,412.494
CRP,15,228,15.19,3464.0,65.677,131.355
CRP,16,1093,15.5,16946.0,321.296,642.592
CRP,17,131,18.98,2487.0,47.154,94.307
CRP,18,1054,14.27,15042.0,285.196,570.393
CRP,19,419,13.4,5615.0,106.46,212.921
CRP,20,590,12.89,7605.0,144.191,288.382
CRP,21,2,15.5,31.0,0.588,1.176
CRW,5,783,20.34,15928.0,301.995,603.99
CRW,6,1894,24.42,46245.0,876.805,1753.61
CRW,7,1237,24.72,30581.0,579.816,1159.632
CRW,8,79,31.81,2513.0,47.646,95.293
CRW,9,9,18.44,166.0,3.147,6.295
CRW,10,200,18.49,3697.0,70.095,140.19
CRW,11,647,19.99,12932.0,245.191,490.381
CRW,12,646,18.23,11776.0,223.273,446.546
CRW,13,703,18.82,13231.0,250.86,501.72
CRW,14,472,18.25,8616.0,163.359,326.719
CRW,15,93,21.42,1992.0,37.768,75.537
CRW,16,339,19.31,6547.0,124.131,248.262
CRW,17,1499,20.88,31298.0,593.41,1186.82
CRW,18,845,25.7,21718.0,411.773,823.547
CRW,19,146,20.72,3025.0,57.354,114.708
CRW,20,37,24.89,921.0,17.462,34.924
CRW,21,4,22.5,90.0,1.706,3.413
CSG,6,716,18.44,13204.0,250.348,500.696
CSG,7,5,16.6,83.0,1.574,3.147
CSG,10,1,10.0,10.0,0.19,0.379
CSG,11,124,15.61,1936.0,36.707,73.413
CSG,12,407,15.29,6225.0,118.026,236.052
CSG,13,33,16.0,528.0,10.011,20.022
CSG,14,158,14.87,2349.0,44.537,89.074
CSG,16,202,13.73,2773.0,52.576,105.152
CSG,17,197,14.88,2932.0,55.591,111.181
CSG,18,87,18.55,1614.0,30.601,61.203
CVG,5,3034,15.69,47603.0,902.553,1805.106
CVG,6,13999,16.31,228263.0,4327.866,8655.733
CVG,7,12907,17.31,223425.0,4236.138,8472.276
CVG,8,10451,16.29,170260.0,3228.13,6456.259
CVG,9,4356,14.74,64208.0,1217.384,2434.767
CVG,10,4490,14.01,62921.0,1192.982,2385.964
CVG,11,7113,14.64,104117.0,1974.058,3948.117
CVG,12,6712,14.58,97834.0,1854.933,3709.865
CVG,13,5902,13.61,80300.0,1522.488,3044.976
CVG,14,6232,14.68,91489.0,1734.631,3469.263
CVG,15,6418,14.04,90093.0,1708.163,3416.327
CVG,16,6220,14.8,92025.0,1744.794,3489.588
CVG,17,8716,15.48,134947.0,2558.595,5117.19
CVG,18,7417,15.41,114333.0,2167.754,4335.507
CVG,19,4977,14.4,71669.0,1358.844,2717.688
CVG,20,2509,13.68,34317.0,650.65,1301.301
CVG,21,1156,14.36,16601.0,314.755,629.51
CVG,22,184,15.38,2829.0,53.638,107.276
CVG,23,1,17.0,17.0,0.322,0.645
CWA,5,49,27.82,1363.0,25.842,51.685
CWA,6,765,18.77,14360.0,272.266,544.531
CWA,7,330,20.45,6748.0,127.942,255.884
CWA,8,1,14.0,14.0,0.265,0.531
CWA,9,144,11.95,1721.0,32.63,65.26
CWA,10,1,30.0,30.0,0.569,1.138
CWA,11,111,14.25,1582.0,29.995,59.989
CWA,13,9,19.56,176.0,3.337,6.674
CWA,14,382,14.65,5597.0,106.119,212.238
CWA,15,82,15.82,1297.0,24.591,49.182
CWA,16,378,16.54,6253.0,118.557,237.114
CWA,17,83,18.83,1563.0,29.634,59.269
CWA,18,84,12.69,1066.0,20.211,40.423
CWA,19,9,19.0,171.0,3.242,6.484
CYS,6,914,19.05,17415.0,330.188,660.377
CYS,9,1,33.0,33.0,0.626,1.251
CYS,11,3,16.0,48.0,0.91,1.82
CYS,13,271,20.47,5547.0,105.171,210.342
CYS,14,548,18.74,10269.0,194.7,389.4
CYS,15,10,19.9,199.0,3.773,7.546
CYS,17,1,11.0,11.0,0.209,0.417
DAB,5,20,12.25,245.0,4.645,9.29
DAB,6,1893,14.84,28101.0,532.795,1065.59
DAB,7,143,14.22,2033.0,38.546,77.091
DAB,8,168,16.69,2804.0,53.164,106.328
DAB,9,26,15.0,390.0,7.394,14.789
DAB,10,56,13.0,728.0,13.803,27.606
DAB,11,1572,14.64,23021.0,436.478,872.956
DAB,12,406,15.2,6173.0,117.04,234.08
DAB,13,947,15.89,15047.0,285.291,570.582
DAB,14,324,14.56,4716.0,89.415,178.831
DAB,15,743,14.62,10866.0,206.019,412.039
DAB,16,293,14.75,4321.0,81.926,163.852
DAB,17,830,16.83,13968.0,264.833,529.667
DAB,18,597,14.78,8825.0,167.322,334.644
DAB,19,555,14.53,8065.0,152.912,305.825
DAB,20,42,16.21,681.0,12.912,25.824
DAB,21,1,14.0,14.0,0.265,0.531
DAL,5,136,14.1,1917.0,36.346,72.693
DAL,6,16794,11.85,199062.0,3774.216,7548.431
DAL,7,13577,12.89,175032.0,3318.607,6637.213
DAL,8,14455,12.8,184966.0,3506.955,7013.911
DAL,9,12843,13.28,170611.0,3234.785,6469.569
DAL,10,13298,13.22,175800.0,3333.168,6666.336
DAL,11,13305,13.26,176382.0,3344.203,6688.405
DAL,12,13272,13.25,175820.0,3333.547,6667.094
DAL,13,13464,13.53,182149.0,3453.545,6907.09
DAL,14,13568,13.73,186253.0,3531.357,7062.714
DAL,15,12181,13.74,167336.0,3172.691,6345.381
DAL,16,13125,13.57,178058.0,3375.98,6751.959
DAL,17,12573,12.79,160863.0,3049.962,6099.925
DAL,18,12782,12.25,156591.0,2968.965,5937.931
DAL,19,12308,12.1,148961.0,2824.301,5648.601
DAL,20,12244,11.5,140782.0,2669.227,5338.453
DAL,21,9315,11.33,105523.0,2000.716,4001.432
DAL,22,6614,11.44,75641.0,1434.153,2868.307
DAY,5,384,15.48,5945.0,112.717,225.434
DAY,6,3331,18.1,60279.0,1142.89,2285.78
DAY,7,2144,19.4,41599.0,788.717,1577.434
DAY,8,1867,19.52,36444.0,690.978,1381.956
DAY,9,1687,15.55,26228.0,497.283,994.566
DAY,10,427,15.09,6445.0,122.197,244.394
DAY,11,1526,13.24,20202.0,383.03,766.06
DAY,12,977,15.34,14986.0,284.135,568.269
DAY,13,1615,15.89,25670.0,486.703,973.406
DAY,14,2082,16.39,34130.0,647.105,1294.21
DAY,15,902,15.18,13690.0,259.562,519.125
DAY,16,516,13.36,6896.0,130.748,261.496
DAY,17,1457,18.36,26754.0,507.256,1014.512
DAY,18,1628,16.02,26075.0,494.382,988.764
DAY,19,1483,17.69,26234.0,497.397,994.793
DAY,20,67,11.4,764.0,14.485,28.971
DAY,21,200,12.18,2436.0,46.187,92.373
DCA,5,2904,16.01,46502.0,881.678,1763.356
DCA,6,29592,17.74,524927.0,9952.616,19905.232
DCA,7,20882,19.23,401587.0,7614.09,15228.179
DCA,8,40305,26.3,1059898.0,20095.666,40191.332
DCA,9,15406,20.76,319823.0,6063.844,12127.688
DCA,10,32567,22.66,737916.0,13990.887,27981.775
DCA,11,25077,18.12,454337.0,8614.23,17228.459
DCA,12,22374,19.05,426307.0,8082.781,16165.561
DCA,13,26535,21.48,570101.0,10809.115,21618.23
DCA,14,23704,21.58,511593.0,9699.803,19399.607
DCA,15,29580,23.49,694728.0,13172.043,26344.086
DCA,16,18845,19.91,375249.0,7114.721,14229.442
DCA,17,34365,22.88,786241.0,14907.129,29814.259
DCA,18,18557,19.9,369222.0,7000.449,14000.898
DCA,19,25888,21.39,553726.0,10498.645,20997.29
DCA,20,21516,22.78,490079.0,9291.898,18583.796
DCA,21,3914,17.95,70244.0,1331.826,2663.652
DCA,22,20656,20.08,414785.0,7864.324,15728.647
DCA,23,38,15.53,590.0,11.186,22.373
DDC,10,228,17.36,3958.0,75.044,150.087
DDC,11,637,15.95,10161.0,192.653,385.305
DDC,12,23,15.78,363.0,6.882,13.765
DDC,18,173,18.71,3237.0,61.374,122.747
DDC,19,756,18.74,14171.0,268.682,537.364
DEC,8,242,13.39,3240.0,61.43,122.861
DEC,9,504,13.8,6955.0,131.867,263.734
DEC,10,68,15.74,1070.0,20.287,40.574
DEC,11,187,15.98,2988.0,56.652,113.305
DEC,14,238,13.42,3194.0,60.558,121.116
DEC,15,212,14.24,3019.0,57.24,114.48
DEC,16,2,9.5,19.0,0.36,0.72
DEC,17,169,15.26,2579.0,48.898,97.796
DEC,18,637,12.52,7977.0,151.244,302.488
DEC,19,71,18.35,1303.0,24.705,49.41
DEC,20,9,13.89,125.0,2.37,4.74
DEN,0,4537,15.84,71850.0,1362.276,2724.552
DEN,1,169,14.28,2414.0,45.769,91.539
DEN,5,17520,16.35,286418.0,5430.485,10860.971
DEN,6,33763,18.4,621267.0,11779.222,23558.445
DEN,7,41944,18.65,782403.0,14834.361,29668.722
DEN,8,50075,18.78,940316.0,17828.391,35656.783
DEN,9,65246,19.81,1292749.0,24510.521,49021.042
DEN,10,56832,20.26,1151241.0,21827.529,43655.059
DEN,11,89058,19.25,1714767.0,32511.982,65023.965
DEN,12,34875,16.1,561589.0,10647.727,21295.455
DEN,13,77466,17.98,1392542.0,26402.596,52805.193
DEN,14,32972,16.22,534678.0,10137.495,20274.99
DEN,15,49880,17.52,873769.0,16566.66,33133.32
DEN,16,43652,17.42,760281.0,14414.928,28829.856
DEN,17,86925,22.18,1928187.0,36558.426,73116.851
DEN,18,34114,18.91,645099.0,12231.077,24462.154
DEN,19,74869,19.27,1442933.0,27358.01,54716.019
DEN,20,51802,18.19,942397.0,17867.847,35735.694
DEN,21,31719,17.5,555099.0,10524.677,21049.354
DEN,22,15999,15.27,244301.0,4631.947,9263.894
DEN,23,12171,16.82,204659.0,3880.335,7760.669
DFW,0,103,17.01,1752.0,33.218,66.436
DFW,1,1,16.0,16.0,0.303,0.607
DFW,5,11817,16.26,192188.0,3643.884,7287.769
DFW,6,14633,17.5,256148.0,4856.566,9713.132
DFW,7,53047,19.88,1054371.0,19990.874,39981.748
DFW,8,88588,22.52,1995304.0,37830.964,75661.928
DFW,9,27598,19.38,534827.0,10140.32,20280.64
DFW,10,80148,21.69,1738257.0,32957.353,65914.705
DFW,11,36685,18.38,674151.0,12781.903,25563.806
DFW,12,73028,19.65,1435116.0,27209.799,54419.599
DFW,13,37873,17.33,656507.0,12447.373,24894.745
DFW,14,60183,18.01,1083626.0,20545.549,41091.098
DFW,15,40240,18.19,731835.0,13875.592,27751.183
DFW,16,60863,19.02,1157372.0,21943.773,43887.546
DFW,17,48164,18.71,901310.0,17088.838,34177.675
DFW,18,56483,19.34,1092359.0,20711.127,41422.253
DFW,19,68203,21.35,1456152.0,27608.642,55217.284
DFW,20,46576,19.25,896509.0,16997.811,33995.621
DFW,21,52615,20.94,1101536.0,20885.123,41770.245
DFW,22,37713,18.42,694581.0,13169.256,26338.512
DFW,23,1313,17.8,23369.0,443.076,886.152
DHN,6,391,20.34,7954.0,150.808,301.616
DHN,7,55,22.24,1223.0,23.188,46.376
DHN,9,223,14.52,3237.0,61.374,122.747
DHN,10,59,14.44,852.0,16.154,32.308
DHN,11,37,17.38,643.0,12.191,24.383
DHN,13,106,17.36,1840.0,34.886,69.773
DHN,14,183,17.33,3171.0,60.122,120.244
DHN,15,2,18.0,36.0,0.683,1.365
DHN,16,222,17.29,3838.0,72.768,145.537
DHN,17,210,18.69,3924.0,74.399,148.798
DHN,18,51,22.45,1145.0,21.709,43.418
DIK,6,218,26.12,5695.0,107.977,215.954
DIK,7,360,19.25,6931.0,131.412,262.824
DIK,8,455,35.14,15988.0,303.132,606.265
DIK,10,32,17.38,556.0,10.542,21.084
DIK,13,19,20.42,388.0,7.356,14.713
DIK,14,171,16.95,2898.0,54.946,109.892
DIK,16,57,17.91,1021.0,19.358,38.716
DIK,17,589,19.64,11567.0,219.31,438.621
DIK,18,40,13.88,555.0,10.523,21.046
DLG,11,118,12.26,1447.0,27.435,54.87
DLG,12,45,11.09,499.0,9.461,18.922
DLG,13,17,11.18,190.0,3.602,7.205
DLG,15,86,11.78,1013.0,19.206,38.413
DLG,16,17,10.0,170.0,3.223,6.446
DLG,17,78,11.05,862.0,16.344,32.687
DLH,5,1067,19.77,21096.0,399.98,799.96
DLH,6,197,22.11,4355.0,82.571,165.142
DLH,7,436,25.62,11171.0,211.802,423.604
DLH,8,482,17.4,8389.0,159.055,318.111
DLH,9,69,17.43,1203.0,22.809,45.618
DLH,10,726,18.46,13400.0,254.064,508.128
DLH,11,896,17.58,15748.0,298.582,597.164
DLH,12,101,18.85,1904.0,36.1,72.2
DLH,13,18,13.22,238.0,4.512,9.025
DLH,14,217,19.41,4213.0,79.878,159.757
DLH,15,1023,17.5,17898.0,339.346,678.692
DLH,16,232,21.63,5018.0,95.141,190.283
DLH,17,362,19.43,7032.0,133.327,266.653
DLH,18,412,16.56,6822.0,129.345,258.69
DLH,19,6,15.83,95.0,1.801,3.602
DRO,5,1101,27.34,30096.0,570.62,1141.24
DRO,6,1061,22.52,23892.0,452.992,905.985
DRO,7,1333,25.53,34027.0,645.152,1290.304
DRO,8,241,32.04,7722.0,146.409,292.818
DRO,9,5,26.6,133.0,2.522,5.043
DRO,10,657,19.71,12948.0,245.494,490.988
DRO,11,1219,21.33,26002.0,492.998,985.996
DRO,12,864,18.39,15888.0,301.236,602.473
DRO,13,1082,17.22,18627.0,353.168,706.336
DRO,14,52,21.33,1109.0,21.027,42.053
DRO,15,1318,25.64,33798.0,640.81,1281.62
DRO,16,814,18.21,14822.0,281.025,562.05
DRO,17,215,22.85,4913.0,93.15,186.301
DRO,18,1121,21.48,24077.0,456.5,913.0
DRO,19,214,20.15,4313.0,81.774,163.549
DRO,21,13,21.0,273.0,5.176,10.352
DRT,10,88,15.38,1353.0,25.653,51.306
DRT,12,1,19.0,19.0,0.36,0.72
DRT,18,89,14.67,1306.0,24.762,49.524
DSM,0,1,40.0,40.0,0.758,1.517
DSM,5,4080,16.69,68075.0,1290.702,2581.404
DSM,6,6634,16.81,111524.0,2114.495,4228.99
DSM,7,3784,16.71,63221.0,1198.67,2397.34
DSM,8,2333,16.96,39571.0,750.266,1500.532
DSM,9,1859,18.14,33721.0,639.35,1278.7
DSM,10,1030,15.11,15563.0,295.074,590.149
DSM,11,3290,14.99,49332.0,935.335,1870.669
DSM,12,2752,14.59,40147.0,761.187,1522.374
DSM,13,2726,15.13,41237.0,781.854,1563.707
DSM,14,2910,14.26,41499.0,786.821,1573.642
DSM,15,3031,15.8,47875.0,907.71,1815.42
DSM,16,1553,13.92,21616.0,409.839,819.679
DSM,17,3561,16.62,59198.0,1122.394,2244.788
DSM,18,3207,14.59,46798.0,887.29,1774.58
DSM,19,779,12.94,10080.0,191.117,382.234
DSM,20,289,11.62,3357.0,63.649,127.297
DSM,21,132,13.11,1730.0,32.801,65.602
DSM,22,29,13.03,378.0,7.167,14.334
DTW,5,6272,17.78,111498.0,2114.002,4228.004
DTW,6,13050,18.21,237679.0,4506.394,9012.788
DTW,7,25359,19.21,487115.0,9235.7,18471.401
DTW,8,44685,19.6,875699.0,16603.253,33206.506
DTW,9,9179,17.12,157118.0,2978.957,5957.915
DTW,10,38429,18.67,717332.0,13600.615,27201.229
DTW,11,7397,15.36,113608.0,2154.008,4308.015
DTW,12,34224,16.49,564461.0,10702.181,21404.361
DTW,13,9892,15.24,150799.0,2859.149,5718.298
DTW,14,20065,17.17,344454.0,6530.848,13061.696
DTW,15,23454,17.18,402909.0,7639.155,15278.309
DTW,16,33827,17.65,597039.0,11319.859,22639.719
DTW,17,14749,17.15,252893.0,4794.851,9589.703
DTW,18,15088,17.06,257372.0,4879.773,9759.546
DTW,19,13671,16.98,232074.0,4400.123,8800.246
DTW,20,25079,17.13,429619.0,8145.576,16291.152
DTW,21,35093,18.24,639964.0,12133.717,24267.435
DTW,22,5150,15.75,81104.0,1537.732,3075.464
DTW,23,1183,14.66,17343.0,328.823,657.647
DVL,11,634,17.27,10950.0,207.612,415.224
DVL,12,215,15.32,3293.0,62.435,124.871
DVL,13,29,15.38,446.0,8.456,16.912
DVL,18,1045,21.17,22121.0,419.414,838.828
EAR,6,421,20.96,8825.0,167.322,334.644
EAR,15,227,19.24,4368.0,82.817,165.635
EAR,18,22,18.0,396.0,7.508,15.016
EAR,19,53,21.53,1141.0,21.633,43.267
EAU,5,371,21.1,7828.0,148.419,296.838
EAU,12,57,15.61,890.0,16.874,33.749
EAU,13,40,14.58,583.0,11.054,22.107
EAU,14,167,15.72,2625.0,49.77,99.54
EAU,18,4,12.75,51.0,0.967,1.934
ECP,5,174,16.68,2902.0,55.022,110.044
ECP,6,2302,13.63,31381.0,594.984,1189.968
ECP,7,2472,11.79,29137.0,552.438,1104.875
ECP,8,444,10.66,4733.0,89.738,179.475
ECP,9,1405,11.03,15493.0,293.747,587.495
ECP,10,1952,12.1,23612.0,447.684,895.367
ECP,11,2021,12.44,25143.0,476.711,953.423
ECP,12,1682,12.82,21561.0,408.797,817.593
ECP,13,1392,12.81,17828.0,338.019,676.038
ECP,14,2233,13.15,29366.0,556.779,1113.559
ECP,15,2228,13.18,29376.0,556.969,1113.938
ECP,16,1794,12.57,22543.0,427.415,854.831
ECP,17,1715,11.93,20458.0,387.884,775.767
ECP,18,1076,11.35,12212.0,231.54,463.079
ECP,19,911,12.46,11351.0,215.215,430.43
ECP,20,65,9.54,620.0,11.755,23.51
EGE,7,1160,33.41,38761.0,734.909,1469.817
EGE,8,678,21.85,14816.0,280.911,561.823
EGE,9,84,24.95,2096.0,39.74,79.48
EGE,10,662,18.05,11951.0,226.591,453.182
EGE,11,1318,21.45,28271.0,536.018,1072.036
EGE,12,1645,18.43,30311.0,574.697,1149.393
EGE,13,2092,19.99,41816.0,792.831,1585.663
EGE,14,772,17.48,13494.0,255.846,511.692
EGE,15,1420,25.76,36585.0,693.652,1387.303
EGE,16,248,16.16,4007.0,75.973,151.945
EGE,17,267,20.88,5574.0,105.683,211.366
EGE,18,165,18.99,3133.0,59.402,118.803
EGE,19,1,15.0,15.0,0.284,0.569
EGE,20,2,19.5,39.0,0.739,1.479
EKO,5,33,10.39,343.0,6.503,13.007
EKO,6,811,15.79,12808.0,242.84,485.679
EKO,8,2,33.0,66.0,1.251,2.503
EKO,11,18,12.94,233.0,4.418,8.835
EKO,12,309,13.93,4303.0,81.585,163.17
EKO,14,50,13.72,686.0,13.007,26.013
EKO,17,1,30.0,30.0,0.569,1.138
EKO,18,8,20.5,164.0,3.109,6.219
ELM,6,1092,18.35,20041.0,379.977,759.955
ELM,9,188,12.56,2361.0,44.765,89.529
ELM,10,102,12.89,1315.0,24.932,49.865
ELM,11,146,12.1,1767.0,33.502,67.005
ELM,12,219,15.52,3399.0,64.445,128.89
ELM,13,33,12.76,421.0,7.982,15.964
ELM,14,94,13.68,1286.0,24.383,48.765
ELM,15,547,13.89,7597.0,144.039,288.078
ELM,16,28,13.68,383.0,7.262,14.523
ELM,17,307,17.36,5328.0,101.019,202.038
ELM,18,215,14.2,3054.0,57.904,115.808
ELM,19,151,12.23,1847.0,35.019,70.038
ELM,20,73,13.6,993.0,18.827,37.655
ELM,21,35,11.57,405.0,7.679,15.358
ELP,5,3160,12.47,39395.0,746.929,1493.858
ELP,6,6418,14.3,91785.0,1740.244,3480.487
ELP,7,3483,14.9,51886.0,983.759,1967.517
ELP,8,2310,15.52,35858.0,679.868,1359.735
ELP,9,1968,12.99,25558.0,484.58,969.159
ELP,10,2474,12.88,31861.0,604.085,1208.169
ELP,11,3996,13.82,55212.0,1046.82,2093.639
ELP,12,4725,15.28,72214.0,1369.177,2738.355
ELP,13,3428,13.87,47557.0,901.681,1803.361
ELP,14,3578,15.4,55112.0,1044.924,2089.847
ELP,15,2992,14.5,43379.0,822.466,1644.932
ELP,16,2297,13.36,30677.0,581.636,1163.272
ELP,17,2692,13.94,37535.0,711.664,1423.327
ELP,18,3702,14.54,53830.0,1020.617,2041.234
ELP,19,2404,14.96,35966.0,681.915,1363.831
ELP,20,970,13.33,12927.0,245.096,490.192
ELP,21,279,13.73,3832.0,72.655,145.309
ELP,22,151,14.15,2137.0,40.518,81.035
ELP,23,18,14.83,267.0,5.062,10.125
ERI,7,109,24.12,2629.0,49.846,99.692
ERI,11,19,18.32,348.0,6.598,13.196
ERI,12,20,14.3,286.0,5.423,10.845
ERI,13,21,19.29,405.0,7.679,15.358
ERI,17,23,15.09,347.0,6.579,13.158
ERI,18,68,21.41,1456.0,27.606,55.212
ESC,6,415,20.21,8389.0,159.055,318.111
ESC,8,29,11.38,330.0,6.257,12.514
ESC,9,7,17.14,120.0,2.275,4.55
ESC,10,176,12.95,2279.0,43.21,86.42
ESC,11,438,15.4,6746.0,127.904,255.808
ESC,12,91,14.75,1342.0,25.444,50.889
ESC,13,23,10.22,235.0,4.456,8.911
ESC,14,122,13.71,1673.0,31.72,63.44
ESC,15,224,17.1,3831.0,72.636,145.272
ESC,17,255,14.44,3681.0,69.792,139.584
ESC,18,111,13.41,1488.0,28.212,56.425
ESC,19,44,12.16,535.0,10.144,20.287
EUG,5,3558,16.56,58910.0,1116.934,2233.867
EUG,6,2775,16.44,45632.0,865.183,1730.365
EUG,7,1281,16.41,21027.0,398.672,797.344
EUG,8,629,18.72,11775.0,223.254,446.508
EUG,9,207,14.98,3100.0,58.776,117.552
EUG,10,325,12.5,4063.0,77.034,154.069
EUG,11,2035,15.31,31154.0,590.68,1181.36
EUG,12,1740,13.53,23542.0,446.356,892.713
EUG,13,3413,14.05,47967.0,909.454,1818.909
EUG,14,1564,13.7,21422.0,406.161,812.322
EUG,15,1221,12.85,15685.0,297.388,594.775
EUG,16,753,13.55,10205.0,193.487,386.974
EUG,17,1845,14.48,26709.0,506.403,1012.805
EUG,18,681,16.26,11076.0,210.001,420.002
EUG,19,464,15.8,7333.0,139.034,278.067
EUG,20,154,12.85,1979.0,37.522,75.044
EUG,21,67,11.15,747.0,14.163,28.326
EUG,23,7,21.71,152.0,2.882,5.764
EVV,5,7,17.57,123.0,2.332,4.664
EVV,6,1599,21.33,34107.0,646.669,1293.337
EVV,7,497,20.91,10393.0,197.051,394.103
EVV,8,66,8.48,560.0,10.618,21.235
EVV,9,27,11.7,316.0,5.991,11.983
EVV,10,157,13.15,2065.0,39.152,78.305
EVV,11,630,16.43,10354.0,196.312,392.624
EVV,12,158,14.3,2260.0,42.85,85.699
EVV,13,234,14.29,3344.0,63.402,126.804
EVV,14,345,13.05,4501.0,85.339,170.678
EVV,15,726,14.9,10817.0,205.09,410.181
EVV,16,390,16.12,6286.0,119.183,238.365
EVV,17,684,18.61,12731.0,241.38,482.76
EVV,18,86,16.9,1453.0,27.549,55.098
EVV,19,96,13.7,1315.0,24.932,49.865
EVV,20,133,9.86,1311.0,24.857,49.713
EVV,21,22,8.91,196.0,3.716,7.432
EWN,5,64,15.83,1013.0,19.206,38.413
EWN,6,50,17.06,853.0,16.173,32.346
EWN,7,25,16.68,417.0,7.906,15.813
EWN,8,2,33.0,66.0,1.251,2.503
EWN,9,1,27.0,27.0,0.512,1.024
EWN,10,27,15.44,417.0,7.906,15.813
EWN,11,15,14.33,215.0,4.076,8.153
EWN,12,28,16.43,460.0,8.722,17.443
EWN,13,14,17.79,249.0,4.721,9.442
EWN,14,43,13.53,582.0,11.035,22.069
EWN,16,25,15.68,392.0,7.432,14.865
EWN,17,41,19.71,808.0,15.32,30.639
EWN,18,54,17.43,941.0,17.841,35.683
EWN,19,48,15.79,758.0,14.372,28.743
EWR,5,6399,18.29,117068.0,2219.609,4439.219
EWR,6,30686,20.79,637833.0,12093.314,24186.627
EWR,7,30097,23.46,705930.0,13384.433,26768.866
EWR,8,21528,26.64,573459.0,10872.783,21745.565
EWR,9,24910,26.63,663455.0,12579.107,25158.214
EWR,10,23595,24.45,576816.0,10936.431,21872.863
EWR,11,20398,22.18,452447.0,8578.395,17156.79
EWR,12,14543,20.0,290890.0,5515.274,11030.549
EWR,13,19596,20.32,398269.0,7551.18,15102.36
EWR,14,22847,22.1,504958.0,9574.004,19148.007
EWR,15,23433,24.09,564407.0,10701.157,21402.313
EWR,16,24492,24.76,606522.0,11499.657,22999.314
EWR,17,22174,26.87,595923.0,11298.7,22597.4
EWR,18,24346,29.21,711053.0,13481.565,26963.13
EWR,19,24005,29.2,700910.0,13289.254,26578.507
EWR,20,21487,28.53,612997.0,11622.423,23244.846
EWR,21,18777,25.72,482883.0,9155.462,18310.923
EWR,22,4286,21.47,92011.0,1744.529,3489.057
EWR,23,127,18.69,2374.0,45.011,90.022
EYW,6,2,13.0,26.0,0.493,0.986
EYW,7,1334,14.05,18748.0,355.462,710.924
EYW,8,460,13.21,6075.0,115.182,230.364
EYW,9,258,12.84,3312.0,62.796,125.591
EYW,10,448,13.5,6046.0,114.632,229.264
EYW,11,2442,14.54,35503.0,673.137,1346.274
EYW,12,2956,15.08,44569.0,845.028,1690.056
EYW,13,2374,15.38,36508.0,692.192,1384.383
EYW,14,3521,15.24,53658.0,1017.356,2034.711
EYW,15,1854,15.31,28390.0,538.274,1076.549
EYW,16,2066,14.28,29511.0,559.529,1119.057
EYW,17,1969,13.52,26628.0,504.867,1009.734
EYW,18,1595,13.49,21512.0,407.868,815.735
EYW,19,853,12.14,10359.0,196.407,392.813
EYW,20,67,12.12,812.0,15.396,30.791
EYW,21,9,20.44,184.0,3.489,6.977
EYW,22,13,15.46,201.0,3.811,7.622
FAI,0,626,14.07,8809.0,167.019,334.037
FAI,1,1617,18.29,29578.0,560.799,1121.598
FAI,2,723,14.54,10514.0,199.345,398.691
FAI,3,2,13.5,27.0,0.512,1.024
FAI,5,654,21.3,13927.0,264.056,528.112
FAI,6,205,18.46,3785.0,71.764,143.527
FAI,7,728,20.66,15040.0,285.158,570.317
FAI,8,149,22.44,3344.0,63.402,126.804
FAI,9,79,13.92,1100.0,20.856,41.712
FAI,10,334,13.8,4610.0,87.406,174.811
FAI,11,405,13.46,5452.0,103.37,206.74
FAI,12,717,14.55,10430.0,197.753,395.506
FAI,13,619,14.11,8735.0,165.616,331.231
FAI,14,151,14.34,2166.0,41.067,82.135
FAI,15,1419,14.46,20516.0,388.983,777.967
FAI,16,177,14.67,2597.0,49.239,98.478
FAI,17,118,12.57,1483.0,28.118,56.235
FAI,18,2,13.5,27.0,0.512,1.024
FAI,19,144,13.2,1901.0,36.043,72.086
FAI,20,316,13.59,4295.0,81.433,162.866
FAI,21,453,13.06,5917.0,112.186,224.373
FAI,22,314,12.49,3923.0,74.38,148.76
FAI,23,219,14.15,3099.0,58.757,117.514
FAR,4,1,68.0,68.0,1.289,2.579
FAR,5,2176,19.28,41949.0,795.353,1590.706
FAR,6,1445,18.97,27408.0,519.656,1039.311
FAR,7,2362,21.92,51778.0,981.711,1963.422
FAR,8,438,25.79,11296.0,214.172,428.344
FAR,9,765,22.83,17463.0,331.098,662.197
FAR,10,1314,19.09,25089.0,475.687,951.375
FAR,11,1850,16.77,31019.0,588.12,1176.24
FAR,12,1363,15.68,21366.0,405.099,810.199
FAR,13,2031,17.07,34675.0,657.438,1314.876
FAR,14,1523,17.25,26279.0,498.25,996.5
FAR,15,505,15.6,7878.0,149.367,298.734
FAR,16,956,19.08,18244.0,345.906,691.812
FAR,17,1729,18.71,32342.0,613.204,1226.409
FAR,18,456,16.55,7548.0,143.11,286.22
FAR,19,248,16.29,4041.0,76.617,153.235
FAR,20,231,14.32,3308.0,62.72,125.439
FAR,21,263,13.41,3526.0,66.853,133.706
FAR,22,81,14.36,1163.0,22.05,44.101
FAT,5,1591,13.73,21844.0,414.162,828.324
FAT,6,6505,15.11,98285.0,1863.484,3726.967
FAT,7,2007,15.48,31068.0,589.049,1178.099
FAT,8,2452,18.0,44148.0,837.046,1674.092
FAT,9,2299,15.43,35485.0,672.796,1345.591
FAT,10,2567,16.68,42816.0,811.791,1623.583
FAT,11,1357,16.15,21921.0,415.622,831.244
FAT,12,3693,14.53,53672.0,1017.621,2035.242
FAT,13,1962,13.93,27325.0,518.082,1036.164
FAT,14,2403,16.79,40338.0,764.808,1529.617
FAT,15,1002,15.06,15089.0,286.087,572.175
FAT,16,1805,14.55,26268.0,498.041,996.083
FAT,17,1661,15.07,25027.0,474.512,949.024
FAT,18,1798,17.25,31024.0,588.215,1176.43
FAT,19,1199,17.83,21379.0,405.346,810.692
FAT,20,131,19.63,2571.0,48.746,97.492
FAT,21,131,12.92,1692.0,32.08,64.161
FAT,22,694,12.67,8792.0,166.696,333.393
FAT,23,792,12.75,10096.0,191.42,382.84
FAY,5,226,14.91,3370.0,63.895,127.79
FAY,6,883,15.82,13965.0,264.776,529.553
FAY,7,92,29.4,2705.0,51.287,102.574
FAY,8,30,23.3,699.0,13.253,26.506
FAY,9,15,38.07,571.0,10.826,21.652
FAY,10,74,13.89,1028.0,19.491,38.982
FAY,11,267,18.04,4816.0,91.311,182.623
FAY,12,193,18.4,3552.0,67.346,134.692
FAY,13,22,16.45,362.0,6.864,13.727
FAY,14,133,22.06,2934.0,55.629,111.257
FAY,15,278,14.83,4123.0,78.172,156.344
FAY,16,299,15.12,4521.0,85.718,171.436
FAY,17,323,12.53,4047.0,76.731,153.462
FAY,18,124,19.73,2446.0,46.376,92.752
FAY,19,133,15.33,2039.0,38.659,77.319
FAY,20,83,19.13,1588.0,30.108,60.217
FCA,5,1149,21.69,24926.0,472.597,945.194
FCA,6,1224,21.26,26025.0,493.434,986.868
FCA,7,299,20.58,6154.0,116.68,233.36
FCA,8,171,18.63,3186.0,60.407,120.813
FCA,9,1,10.0,10.0,0.19,0.379
FCA,10,564,17.11,9652.0,183.002,366.004
FCA,11,550,17.18,9451.0,179.191,358.382
FCA,12,1492,17.46,26050.0,493.908,987.816
FCA,13,1180,18.35,21653.0,410.541,821.082
FCA,14,1815,16.99,30836.0,584.651,1169.301
FCA,15,755,16.33,12326.0,233.701,467.402
FCA,16,523,17.44,9123.0,172.972,345.944
FCA,17,914,18.22,16652.0,315.722,631.444
FCA,18,632,15.9,10050.0,190.548,381.096
FCA,19,97,14.74,1430.0,27.113,54.226
FCA,20,91,13.62,1239.0,23.491,46.983
FCA,21,89,16.83,1498.0,28.402,56.804
FCA,22,64,16.42,1051.0,19.927,39.854
FLG,5,232,24.11,5594.0,106.062,212.124
FLG,6,637,21.77,13869.0,262.956,525.912
FLG,7,482,21.36,10297.0,195.231,390.462
FLG,8,321,21.1,6772.0,128.397,256.794
FLG,9,10,26.7,267.0,5.062,10.125
FLG,10,620,18.0,11157.0,211.537,423.073
FLG,11,561,18.87,10587.0,200.73,401.459
FLG,12,605,18.83,11394.0,216.03,432.06
FLG,13,444,19.73,8758.0,166.052,332.103
FLG,14,183,18.66,3415.0,64.748,129.497
FLG,15,65,16.52,1074.0,20.363,40.726
FLG,16,164,19.96,3273.0,62.056,124.112
FLG,17,154,19.71,3036.0,57.563,115.125
FLG,18,511,19.22,9820.0,186.187,372.374
FLG,19,122,24.45,2983.0,56.558,113.115
FLG,20,26,15.88,413.0,7.83,15.661
FLG,21,5,16.2,81.0,1.536,3.072
FLG,22,2,16.0,32.0,0.607,1.213
FLL,5,4034,14.43,58201.0,1103.491,2206.982
FLL,6,20432,15.14,309358.0,5865.428,11730.855
FLL,7,26635,16.31,434549.0,8239.049,16478.098
FLL,8,16842,16.22,273246.0,5180.744,10361.488
FLL,9,11792,17.25,203449.0,3857.393,7714.786
FLL,10,10633,17.72,188452.0,3573.05,7146.1
FLL,11,15144,18.71,283375.0,5372.79,10745.58
FLL,12,13533,18.92,256070.0,4855.087,9710.174
FLL,13,13621,18.44,251159.0,4761.975,9523.949
FLL,14,14035,18.45,258992.0,4910.488,9820.977
FLL,15,15459,19.12,295632.0,5605.183,11210.365
FLL,16,14515,19.23,279137.0,5292.438,10584.875
FLL,17,15155,18.93,286858.0,5438.828,10877.655
FLL,18,19067,19.21,366241.0,6943.929,13887.859
FLL,19,19271,18.19,350488.0,6645.252,13290.505
FLL,20,21503,17.11,367939.0,6976.123,13952.247
FLL,21,9412,15.66,147391.0,2794.533,5589.067
FLL,22,3512,15.23,53505.0,1014.455,2028.91
FLL,23,498,15.21,7576.0,143.641,287.282
FMN,5,236,18.0,4247.0,80.523,161.046
FNT,5,52,30.69,1596.0,30.26,60.52
FNT,6,552,18.54,10234.0,194.037,388.073
FNT,7,1426,22.84,32567.0,617.47,1234.941
FNT,8,609,19.55,11908.0,225.776,451.551
FNT,9,472,16.5,7787.0,147.642,295.283
FNT,10,524,16.79,8796.0,166.772,333.544
FNT,11,205,15.17,3109.0,58.947,117.893
FNT,12,163,12.44,2027.0,38.432,76.864
FNT,13,354,15.45,5468.0,103.673,207.347
FNT,14,930,14.93,13885.0,263.26,526.519
FNT,15,557,14.58,8121.0,153.974,307.948
FNT,16,1144,15.89,18178.0,344.655,689.31
FNT,17,120,15.84,1901.0,36.043,72.086
FNT,18,122,15.8,1928.0,36.555,73.11
FNT,19,142,16.56,2352.0,44.594,89.188
FNT,20,95,17.03,1618.0,30.677,61.355
FNT,21,36,17.69,637.0,12.078,24.155
FNT,22,10,9.8,98.0,1.858,3.716
FOD,7,1,5.0,5.0,0.095,0.19
FOD,10,631,14.88,9391.0,178.053,356.107
FOD,11,88,13.57,1194.0,22.638,45.276
FOD,12,231,13.65,3154.0,59.8,119.6
FOD,13,31,18.06,560.0,10.618,21.235
FOD,14,298,15.44,4602.0,87.254,174.508
FOD,17,383,12.45,4767.0,90.382,180.765
FOD,18,160,15.04,2406.0,45.618,91.236
FSD,5,2752,20.16,55490.0,1052.09,2104.181
FSD,6,1797,19.02,34186.0,648.167,1296.333
FSD,7,828,18.1,14986.0,284.135,568.269
FSD,8,1095,18.3,20043.0,380.015,760.031
FSD,9,1081,24.13,26086.0,494.591,989.181
FSD,10,891,16.96,15111.0,286.505,573.009
FSD,11,1608,17.89,28761.0,545.309,1090.617
FSD,12,1071,15.66,16770.0,317.959,635.918
FSD,13,3074,16.05,49350.0,935.676,1871.352
FSD,14,1345,15.58,20958.0,397.364,794.727
FSD,15,435,17.03,7408.0,140.456,280.911
FSD,16,697,19.15,13348.0,253.078,506.156
FSD,17,2234,19.19,42860.0,812.626,1625.251
FSD,18,757,16.96,12836.0,243.371,486.741
FSD,19,503,17.67,8888.0,168.516,337.033
FSD,20,350,14.08,4927.0,93.416,186.832
FSD,21,255,13.71,3497.0,66.303,132.606
FSD,22,176,13.48,2372.0,44.973,89.946
FSM,5,97,14.19,1376.0,26.089,52.178
FSM,6,974,17.12,16675.0,316.158,632.316
FSM,9,35,12.97,454.0,8.608,17.216
FSM,10,1014,13.42,13607.0,257.989,515.977
FSM,11,7,12.0,84.0,1.593,3.185
FSM,14,20,12.6,252.0,4.778,9.556
FSM,15,33,13.21,436.0,8.267,16.533
FSM,16,160,15.57,2491.0,47.229,94.459
FSM,17,59,13.1,773.0,14.656,29.312
FSM,18,808,17.13,13843.0,262.463,524.927
FSM,20,123,13.4,1648.0,31.246,62.492
FWA,5,508,16.38,8323.0,157.804,315.608
FWA,6,1700,21.36,36314.0,688.513,1377.027
FWA,7,1939,22.99,44572.0,845.085,1690.17
FWA,8,783,21.11,16528.0,313.371,626.742
FWA,9,1110,16.71,18547.0,351.651,703.302
FWA,10,346,13.25,4583.0,86.894,173.787
FWA,11,1254,16.14,20241.0,383.769,767.539
FWA,12,1287,14.21,18294.0,346.854,693.708
FWA,13,703,16.66,11711.0,222.041,444.081
FWA,14,877,16.51,14479.0,274.522,549.044
FWA,15,206,12.9,2658.0,50.396,100.791
FWA,16,1639,17.18,28155.0,533.819,1067.638
FWA,17,920,16.97,15616.0,296.079,592.159
FWA,18,1357,18.27,24794.0,470.094,940.188
FWA,19,268,13.32,3571.0,67.706,135.412
FWA,20,152,12.31,1871.0,35.474,70.948
FWA,21,210,13.24,2781.0,52.728,105.456
FWA,22,120,11.43,1372.0,26.013,52.026
FWA,23,1,16.0,16.0,0.303,0.607
GCC,5,1076,20.32,21869.0,414.636,829.272
GCC,10,2,10.5,21.0,0.398,0.796
GCC,11,2,34.0,68.0,1.289,2.579
GCC,14,978,18.57,18165.0,344.408,688.817
GCC,15,4,18.0,72.0,1.365,2.73
GCC,17,4,17.5,70.0,1.327,2.654
GCK,5,689,17.22,11867.0,224.998,449.997
GCK,6,367,15.71,5765.0,109.304,218.609
GCK,8,1,15.0,15.0,0.284,0.569
GCK,14,363,13.32,4834.0,91.653,183.305
GCK,15,571,13.38,7639.0,144.835,289.671
GCK,16,128,21.81,2792.0,52.936,105.873
GEG,5,5968,18.25,108924.0,2065.199,4130.398
GEG,6,6175,19.04,117581.0,2229.336,4458.672
GEG,7,4891,20.13,98453.0,1866.669,3733.338
GEG,8,1246,18.51,23061.0,437.237,874.473
GEG,9,1834,19.06,34947.0,662.595,1325.19
GEG,10,2217,14.07,31198.0,591.514,1183.028
GEG,11,3024,15.6,47163.0,894.21,1788.421
GEG,12,3278,14.61,47897.0,908.127,1816.254
GEG,13,6229,15.64,97412.0,1846.932,3693.863
GEG,14,3220,14.88,47921.0,908.582,1817.164
GEG,15,3772,16.09,60700.0,1150.872,2301.744
GEG,16,2232,14.43,32198.0,610.474,1220.948
GEG,17,3450,15.73,54254.0,1028.656,2057.312
GEG,18,1280,14.19,18166.0,344.427,688.855
GEG,19,2243,18.12,40653.0,770.781,1541.562
GEG,20,106,17.25,1828.0,34.659,69.318
GEG,21,100,13.85,1385.0,26.26,52.519
GEG,22,280,15.63,4376.0,82.969,165.938
GEG,23,426,16.57,7060.0,133.858,267.715
GFK,5,889,19.19,17061.0,323.477,646.953
GFK,6,5,28.8,144.0,2.73,5.46
GFK,10,22,18.36,404.0,7.66,15.32
GFK,11,59,17.64,1041.0,19.737,39.475
GFK,12,1091,16.85,18387.0,348.618,697.235
GFK,13,112,14.09,1578.0,29.919,59.838
GFK,14,37,14.3,529.0,10.03,20.06
GFK,15,28,18.43,516.0,9.783,19.567
GFK,16,346,17.22,5957.0,112.945,225.889
GFK,17,586,16.54,9695.0,183.817,367.634
GFK,18,13,13.38,174.0,3.299,6.598
GFK,19,8,16.38,131.0,2.484,4.968
GFK,20,32,15.66,501.0,9.499,18.998
GFK,21,75,14.97,1123.0,21.292,42.584
GFK,22,39,18.08,705.0,13.367,26.734
GGG,5,44,25.11,1105.0,20.951,41.902
GGG,6,903,18.39,16605.0,314.831,629.662
GGG,9,1,11.0,11.0,0.209,0.417
GGG,10,120,12.88,1545.0,29.293,58.586
GGG,11,2,7.5,15.0,0.284,0.569
GGG,13,180,14.03,2525.0,47.874,95.748
GGG,14,761,15.27,11617.0,220.258,440.517
GGG,18,115,15.83,1821.0,34.526,69.052
GJT,5,1335,20.1,26839.0,508.867,1017.735
GJT,6,1191,18.36,21870.0,414.655,829.31
GJT,7,1222,22.16,27085.0,513.532,1027.063
GJT,8,329,24.41,8031.0,152.268,304.536
GJT,9,10,21.0,210.0,3.982,7.963
GJT,10,491,14.7,7219.0,136.872,273.744
GJT,11,1165,20.61,24015.0,455.324,910.649
GJT,12,1003,16.75,16801.0,318.547,637.094
GJT,13,1114,17.75,19770.0,374.839,749.678
GJT,14,57,17.3,986.0,18.695,37.389
GJT,15,1297,25.44,33002.0,625.718,1251.436
GJT,16,694,15.79,10955.0,207.707,415.414
GJT,17,288,21.69,6246.0,118.424,236.848
GJT,18,1270,20.58,26141.0,495.633,991.267
GJT,19,113,20.07,2268.0,43.001,86.003
GJT,20,10,11.9,119.0,2.256,4.512
GJT,21,9,15.67,141.0,2.673,5.347
GJT,22,40,13.4,536.0,10.163,20.325
GJT,23,50,14.94,747.0,14.163,28.326
GNV,5,91,12.93,1177.0,22.316,44.632
GNV,6,2337,15.12,35346.0,670.16,1340.32
GNV,7,338,12.41,4193.0,79.499,158.999
GNV,8,81,14.23,1153.0,21.861,43.722
GNV,9,67,11.99,803.0,15.225,30.45
GNV,10,1082,11.54,12485.0,236.716,473.431
GNV,11,262,13.31,3486.0,66.095,132.189
GNV,12,89,13.98,1244.0,23.586,47.172
GNV,13,473,12.64,5977.0,113.324,226.648
GNV,14,595,12.21,7263.0,137.706,275.413
GNV,15,314,14.1,4428.0,83.955,167.91
GNV,16,1126,12.78,14385.0,272.74,545.479
GNV,17,794,13.75,10914.0,206.929,413.859
GNV,18,109,13.84,1509.0,28.611,57.221
GNV,19,305,13.22,4033.0,76.466,152.931
GNV,20,374,13.06,4883.0,92.582,185.163
GPT,5,927,20.03,18569.0,352.068,704.136
GPT,6,1481,15.77,23356.0,442.83,885.66
GPT,7,809,14.64,11843.0,224.543,449.087
GPT,8,26,13.38,348.0,6.598,13.196
GPT,9,112,12.58,1409.0,26.715,53.429
GPT,10,1285,12.94,16623.0,315.172,630.344
GPT,11,453,14.01,6348.0,120.358,240.716
GPT,12,924,13.8,12747.0,241.683,483.366
GPT,13,243,12.81,3112.0,59.004,118.007
GPT,14,487,12.93,6297.0,119.391,238.782
GPT,15,121,13.44,1626.0,30.829,61.658
GPT,16,601,14.17,8517.0,161.482,322.965
GPT,17,582,14.02,8158.0,154.676,309.351
GPT,18,611,14.64,8948.0,169.654,339.308
GPT,19,788,13.15,10366.0,196.539,393.079
GPT,20,9,13.11,118.0,2.237,4.475
GRB,5,1124,18.79,21121.0,400.454,800.908
GRB,6,2619,17.43,45651.0,865.543,1731.086
GRB,7,908,20.21,18349.0,347.897,695.794
GRB,8,435,18.89,8218.0,155.813,311.627
GRB,9,180,13.45,2421.0,45.902,91.804
GRB,10,1061,14.13,14995.0,284.305,568.61
GRB,11,917,14.94,13697.0,259.695,519.39
GRB,12,850,15.92,13532.0,256.567,513.133
GRB,13,364,13.86,5045.0,95.653,191.306
GRB,14,260,14.89,3871.0,73.394,146.788
GRB,15,638,14.42,9202.0,174.47,348.94
GRB,16,733,19.63,14392.0,272.872,545.745
GRB,17,1630,15.06,24555.0,465.563,931.126
GRB,18,348,12.84,4468.0,84.713,169.427
GRB,19,74,14.66,1085.0,20.572,41.143
GRB,20,61,14.03,856.0,16.23,32.46
GRB,21,16,12.19,195.0,3.697,7.394
GRB,22,12,12.67,152.0,2.882,5.764
GRI,5,241,23.38,5634.0,106.821,213.641
GRI,6,385,20.05,7721.0,146.39,292.78
GRI,7,442,17.62,7789.0,147.679,295.359
GRI,9,5,7.8,39.0,0.739,1.479
GRI,10,20,10.6,212.0,4.02,8.039
GRI,11,147,10.1,1484.0,28.137,56.273
GRI,12,79,10.38,820.0,15.547,31.094
GRI,13,74,10.3,762.0,14.448,28.895
GRI,14,27,9.56,258.0,4.892,9.783
GRI,15,968,13.07,12654.0,239.92,479.84
GRI,16,88,13.4,1179.0,22.354,44.708
GRI,17,100,14.71,1471.0,27.89,55.78
GRI,18,13,11.46,149.0,2.825,5.65
GRI,19,31,12.42,385.0,7.3,14.599
GRI,20,59,11.64,687.0,13.026,26.051
GRI,21,39,10.59,413.0,7.83,15.661
GRI,22,55,10.55,580.0,10.997,21.994
GRI,23,48,12.77,613.0,11.622,23.245
GRK,5,820,13.39,10982.0,208.219,416.437
GRK,6,510,16.48,8403.0,159.321,318.642
GRK,7,64,17.08,1093.0,20.723,41.447
GRK,8,36,18.36,661.0,12.533,25.065
GRK,9,3,20.0,60.0,1.138,2.275
GRK,10,1044,17.02,17770.0,336.919,673.838
GRK,11,195,14.87,2899.0,54.965,109.93
GRK,12,572,15.55,8892.0,168.592,337.185
GRK,14,160,17.37,2779.0,52.69,105.38
GRK,15,49,19.45,953.0,18.069,36.138
GRK,16,615,18.28,11245.0,213.205,426.41
GRK,17,217,18.06,3918.0,74.285,148.571
GRK,18,656,17.27,11330.0,214.817,429.634
GRK,19,88,15.91,1400.0,26.544,53.088
GRK,20,33,12.82,423.0,8.02,16.04
GRR,5,1322,19.4,25651.0,486.343,972.686
GRR,6,6870,17.4,119504.0,2265.796,4531.592
GRR,7,5604,18.21,102070.0,1935.247,3870.494
GRR,8,2547,16.8,42797.0,811.431,1622.862
GRR,9,1918,17.66,33864.0,642.061,1284.123
GRR,10,2054,16.4,33684.0,638.649,1277.297
GRR,11,3661,16.41,60079.0,1139.098,2278.196
GRR,12,4881,15.48,75578.0,1432.959,2865.918
GRR,13,2694,17.24,46448.0,880.654,1761.308
GRR,14,3008,16.01,48149.0,912.905,1825.81
GRR,15,3638,15.87,57735.0,1094.656,2189.311
GRR,16,3532,16.15,57040.0,1081.478,2162.957
GRR,17,3159,15.84,50044.0,948.834,1897.668
GRR,18,3434,17.32,59474.0,1127.627,2255.254
GRR,19,3170,15.39,48781.0,924.888,1849.776
GRR,20,700,15.74,11015.0,208.844,417.689
GRR,21,259,17.86,4626.0,87.709,175.418
GRR,22,154,16.17,2490.0,47.21,94.421
GRR,23,2,13.0,26.0,0.493,0.986
GSO,5,2190,15.29,33490.0,634.97,1269.941
GSO,6,5221,16.49,86100.0,1632.456,3264.912
GSO,7,3700,17.49,64714.0,1226.977,2453.955
GSO,8,1762,16.74,29494.0,559.206,1118.412
GSO,9,713,23.21,16551.0,313.807,627.614
GSO,10,2397,15.09,36181.0,685.992,1371.984
GSO,11,2009,16.34,32830.0,622.457,1244.914
GSO,12,2014,14.64,29492.0,559.168,1118.337
GSO,13,838,16.66,13961.0,264.701,529.401
GSO,14,1660,17.4,28890.0,547.754,1095.509
GSO,15,881,14.87,13104.0,248.452,496.904
GSO,16,1034,16.79,17362.0,329.184,658.367
GSO,17,3030,17.2,52104.0,987.892,1975.784
GSO,18,2948,18.79,55393.0,1050.251,2100.503
GSO,19,1341,16.52,22147.0,419.907,839.814
GSO,20,782,15.49,12111.0,229.625,459.249
GSO,21,64,12.66,810.0,15.358,30.715
GSO,22,22,15.86,349.0,6.617,13.234
GSP,5,2502,17.69,44251.0,838.999,1677.998
GSP,6,6041,15.94,96283.0,1825.526,3651.051
GSP,7,5331,17.44,92975.0,1762.806,3525.612
GSP,8,1916,16.58,31776.0,602.473,1204.946
GSP,9,1271,19.68,25007.0,474.133,948.265
GSP,10,2488,14.13,35146.0,666.368,1332.736
GSP,11,3525,15.32,54016.0,1024.143,2048.287
GSP,12,3565,15.12,53885.0,1021.66,2043.319
GSP,13,850,15.02,12769.0,242.1,484.2
GSP,14,1757,17.22,30261.0,573.749,1147.497
GSP,15,1407,13.4,18854.0,357.472,714.944
GSP,16,3491,15.14,52861.0,1002.245,2004.489
GSP,17,2485,16.85,41881.0,794.064,1588.128
GSP,18,3283,17.31,56845.0,1077.781,2155.562
GSP,19,2049,16.01,32805.0,621.983,1243.966
GSP,20,1043,15.68,16359.0,310.167,620.333
GSP,21,148,12.21,1807.0,34.261,68.521
GSP,22,116,12.73,1477.0,28.004,56.008
GST,17,242,13.22,3200.0,60.672,121.344
GTF,5,1510,17.74,26788.0,507.9,1015.801
GTF,6,1110,17.13,19010.0,360.43,720.859
GTF,7,479,19.12,9157.0,173.617,347.233
GTF,9,3,7.67,23.0,0.436,0.872
GTF,10,56,10.14,568.0,10.769,21.539
GTF,11,426,14.54,6192.0,117.4,234.801
GTF,12,711,14.46,10283.0,194.966,389.931
GTF,13,221,14.11,3118.0,59.117,118.235
GTF,14,1139,16.69,19005.0,360.335,720.67
GTF,15,207,16.0,3312.0,62.796,125.591
GTF,16,235,15.28,3591.0,68.085,136.171
GTF,17,179,14.68,2628.0,49.827,99.654
GTF,18,886,15.97,14151.0,268.303,536.606
GTF,19,61,12.28,749.0,14.201,28.402
GTF,20,76,10.03,762.0,14.448,28.895
GTF,21,24,11.25,270.0,5.119,10.238
GTF,22,99,13.34,1321.0,25.046,50.092
GTR,6,574,18.16,10425.0,197.658,395.316
GTR,9,56,12.98,727.0,13.784,27.568
GTR,10,99,14.02,1388.0,26.316,52.633
GTR,12,85,11.04,938.0,17.784,35.569
GTR,13,1,12.0,12.0,0.228,0.455
GTR,14,491,14.59,7166.0,135.867,271.735
GTR,15,232,16.33,3788.0,71.82,143.641
GTR,16,73,13.75,1004.0,19.036,38.072
GTR,17,150,17.89,2684.0,50.889,101.777
GTR,18,1,17.0,17.0,0.322,0.645
GTR,20,1,34.0,34.0,0.645,1.289
GUC,7,961,35.21,33836.0,641.531,1283.061
GUC,8,4,37.5,150.0,2.844,5.688
GUC,9,7,31.71,222.0,4.209,8.418
GUC,10,40,19.02,761.0,14.429,28.857
GUC,12,198,17.51,3467.0,65.734,131.469
GUC,13,1004,21.46,21544.0,408.474,816.948
GUC,14,118,17.81,2101.0,39.835,79.67
GUC,15,323,29.67,9582.0,181.675,363.349
GUC,16,9,17.11,154.0,2.92,5.84
GUC,18,2,18.0,36.0,0.683,1.365
GUF,9,2,10.5,21.0,0.398,0.796
GUF,10,14,11.86,166.0,3.147,6.295
GUF,11,5,14.2,71.0,1.346,2.692
GUF,12,29,11.93,346.0,6.56,13.12
GUF,13,31,11.81,366.0,6.939,13.879
GUF,14,37,13.78,510.0,9.67,19.339
GUF,15,52,12.33,641.0,12.153,24.307
GUF,16,3,11.0,33.0,0.626,1.251
GUF,17,55,11.96,658.0,12.476,24.951
GUF,18,2,10.5,21.0,0.398,0.796
GUF,19,58,12.31,714.0,13.537,27.075
GUF,20,35,13.37,468.0,8.873,17.747
GUM,6,330,15.86,5234.0,99.237,198.473
GUM,7,712,16.88,12015.0,227.804,455.609
GUM,8,1086,13.6,14765.0,279.944,559.889
GUM,9,36,15.06,542.0,10.276,20.553
GUM,13,1,19.0,19.0,0.36,0.72
GUM,17,27,15.85,428.0,8.115,16.23
GUM,20,1,12.0,12.0,0.228,0.455
HDN,6,1,14.0,14.0,0.265,0.531
HDN,7,1150,34.95,40189.0,761.983,1523.967
HDN,10,252,19.08,4808.0,91.16,182.319
HDN,11,552,21.25,11731.0,222.42,444.84
HDN,12,908,18.94,17200.0,326.112,652.224
HDN,13,1865,21.24,39608.0,750.968,1501.935
HDN,14,626,20.45,12800.0,242.688,485.376
HDN,15,1092,26.36,28781.0,545.688,1091.376
HDN,16,321,21.62,6940.0,131.582,263.165
HDN,17,278,18.96,5271.0,99.938,199.876
HDN,18,15,22.6,339.0,6.427,12.855
HGR,8,6,9.33,56.0,1.062,2.124
HGR,9,81,10.2,826.0,15.661,31.322
HGR,10,36,10.06,362.0,6.864,13.727
HGR,11,47,10.36,487.0,9.234,18.467
HGR,12,23,10.61,244.0,4.626,9.252
HGR,13,8,11.38,91.0,1.725,3.451
HGR,14,23,11.04,254.0,4.816,9.632
HGR,15,108,10.96,1184.0,22.449,44.897
HGR,16,124,10.35,1283.0,24.326,48.651
HGR,17,8,9.13,73.0,1.384,2.768
HGR,18,13,9.46,123.0,2.332,4.664
HGR,19,36,8.19,295.0,5.593,11.186
HGR,20,141,11.4,1608.0,30.488,60.975
HGR,21,156,10.94,1706.0,32.346,64.692
HHH,10,156,16.85,2629.0,49.846,99.692
HHH,11,927,17.37,16102.0,305.294,610.588
HHH,12,1479,16.49,24396.0,462.548,925.096
HHH,13,509,15.44,7860.0,149.026,298.051
HHH,14,652,16.03,10451.0,198.151,396.302
HHH,15,258,18.7,4824.0,91.463,182.926
HHH,16,482,18.76,9042.0,171.436,342.873
HHH,17,623,17.96,11186.0,212.087,424.173
HHH,18,620,21.68,13440.0,254.822,509.645
HHH,19,24,16.29,391.0,7.413,14.827
HHH,20,6,22.0,132.0,2.503,5.005
HIB,7,157,15.49,2432.0,46.111,92.221
HIB,8,1,24.0,24.0,0.455,0.91
HIB,10,679,14.63,9937.0,188.406,376.811
HIB,11,135,17.64,2381.0,45.144,90.288
HIB,14,59,12.97,765.0,14.504,29.009
HIB,15,77,17.53,1350.0,25.596,51.192
HIB,16,209,10.02,2095.0,39.721,79.442
HIB,17,97,11.87,1151.0,21.823,43.646
HIB,18,323,15.15,4894.0,92.79,185.58
HIB,19,199,11.16,2220.0,42.091,84.182
HLN,5,743,17.96,13343.0,252.983,505.967
HLN,6,1286,20.49,26354.0,499.672,999.344
HLN,7,150,23.27,3491.0,66.189,132.379
HLN,11,83,17.22,1429.0,27.094,54.188
HLN,13,1171,17.01,19918.0,377.645,755.291
HLN,14,857,21.17,18141.0,343.953,687.907
HLN,15,89,18.63,1658.0,31.436,62.871
HLN,16,86,20.53,1766.0,33.483,66.967
HLN,17,164,22.13,3629.0,68.806,137.612
HLN,18,1,9.0,9.0,0.171,0.341
HLN,19,33,31.3,1033.0,19.586,39.171
HNL,0,15,22.07,331.0,6.276,12.552
HNL,5,2393,13.11,31379.0,594.946,1189.892
HNL,6,8871,13.63,120909.0,2292.435,4584.869
HNL,7,9733,15.25,148382.0,2813.323,5626.645
HNL,8,12905,15.99,206309.0,3911.619,7823.237
HNL,9,8539,15.11,129025.0,2446.314,4892.628
HNL,10,7434,15.66,116452.0,2207.93,4415.86
HNL,11,10281,17.06,175410.0,3325.774,6651.547
HNL,12,14195,18.01,255704.0,4848.148,9696.296
HNL,13,16377,18.57,304150.0,5766.684,11533.368
HNL,14,14286,17.71,252976.0,4796.425,9592.85
HNL,15,13977,16.82,235087.0,4457.25,8914.499
HNL,16,10916,15.71,171467.0,3251.014,6502.029
HNL,17,10808,14.84,160386.0,3040.919,6081.837
HNL,18,7546,14.21,107195.0,2032.417,4064.834
HNL,19,8371,15.01,125612.0,2381.604,4763.207
HNL,20,7616,15.97,121624.0,2305.991,4611.982
HNL,21,6000,18.28,109706.0,2080.026,4160.052
HNL,22,5904,19.07,112596.0,2134.82,4269.64
HNL,23,4403,19.18,84459.0,1601.343,3202.685
HOB,7,578,18.54,10717.0,203.194,406.389
HOB,8,578,15.06,8707.0,165.085,330.169
HOU,0,1,9.0,9.0,0.171,0.341
HOU,5,6592,10.64,70155.0,1330.139,2660.278
HOU,6,8941,11.56,103374.0,1959.971,3919.942
HOU,7,7149,11.73,83829.0,1589.398,3178.796
HOU,8,16663,13.16,219206.0,4156.146,8312.292
HOU,9,7148,13.24,94619.0,1793.976,3587.952
HOU,10,9886,13.01,128605.0,2438.351,4876.702
HOU,11,8389,12.98,108850.0,2063.796,4127.592
HOU,12,8152,12.56,102392.0,1941.352,3882.705
HOU,13,9319,12.42,115718.0,2194.013,4388.027
HOU,14,9456,12.75,120560.0,2285.818,4571.635
HOU,15,9162,12.39,113557.0,2153.041,4306.081
HOU,16,9639,12.71,122538.0,2323.32,4646.641
HOU,17,7538,11.71,88290.0,1673.978,3347.957
HOU,18,10826,12.78,138406.0,2624.178,5248.356
HOU,19,8734,12.0,104818.0,1987.349,3974.699
HOU,20,11146,12.56,139989.0,2654.191,5308.383
HOU,21,10096,11.7,118093.0,2239.043,4478.087
HOU,22,6898,11.32,78095.0,1480.681,2961.362
HOU,23,21,10.95,230.0,4.361,8.722
HPN,5,448,17.77,7963.0,150.978,301.957
HPN,6,4255,15.43,65634.0,1244.421,2488.841
HPN,7,4056,14.98,60758.0,1151.972,2303.943
HPN,8,3159,14.65,46279.0,877.45,1754.9
HPN,9,1330,14.67,19508.0,369.872,739.743
HPN,10,2630,16.01,42116.0,798.519,1597.039
HPN,11,1650,16.23,26779.0,507.73,1015.46
HPN,12,3090,15.66,48387.0,917.418,1834.835
HPN,13,1771,16.07,28459.0,539.583,1079.165
HPN,14,1394,15.65,21815.0,413.612,827.225
HPN,15,2659,17.93,47678.0,903.975,1807.95
HPN,16,2207,17.91,39520.0,749.299,1498.598
HPN,17,2356,18.57,43758.0,829.652,1659.303
HPN,18,2070,16.89,34960.0,662.842,1325.683
HPN,19,912,12.87,11741.0,222.609,445.219
HPN,20,1212,12.6,15275.0,289.614,579.228
HPN,21,162,13.33,2159.0,40.935,81.869
HRL,5,1144,13.58,15533.0,294.506,589.011
HRL,6,1121,11.55,12946.0,245.456,490.912
HRL,7,428,10.34,4424.0,83.879,167.758
HRL,8,205,9.84,2017.0,38.242,76.485
HRL,9,331,9.2,3046.0,57.752,115.504
HRL,10,1788,10.76,19230.0,364.601,729.202
HRL,11,457,10.46,4780.0,90.629,181.258
HRL,12,998,11.43,11404.0,216.22,432.44
HRL,13,350,13.39,4687.0,88.866,177.731
HRL,14,745,12.94,9641.0,182.793,365.587
HRL,15,779,11.91,9275.0,175.854,351.708
HRL,16,1043,13.29,13865.0,262.88,525.761
HRL,17,727,12.38,8998.0,170.602,341.204
HRL,18,693,12.62,8747.0,165.843,331.686
HRL,19,758,12.23,9269.0,175.74,351.48
HRL,20,617,11.01,6793.0,128.795,257.591
HSV,5,2536,19.62,49752.0,943.298,1886.596
HSV,6,2204,18.42,40603.0,769.833,1539.666
HSV,7,2947,18.44,54339.0,1030.267,2060.535
HSV,8,1222,17.78,21732.0,412.039,824.077
HSV,9,1751,13.09,22912.0,434.412,868.823
HSV,10,1730,14.7,25431.0,482.172,964.344
HSV,11,915,14.72,13465.0,255.296,510.593
HSV,12,1151,14.75,16980.0,321.941,643.882
HSV,13,1725,15.62,26953.0,511.029,1022.058
HSV,14,2148,14.91,32027.0,607.232,1214.464
HSV,15,1922,16.39,31493.0,597.107,1194.215
HSV,16,464,15.04,6980.0,132.341,264.682
HSV,17,1494,15.47,23107.0,438.109,876.217
HSV,18,1358,16.29,22119.0,419.376,838.752
HSV,19,1306,14.75,19263.0,365.226,730.453
HSV,20,1,13.0,13.0,0.246,0.493
HSV,21,5,18.4,92.0,1.744,3.489
HTS,8,45,10.04,452.0,8.57,17.14
HTS,9,145,9.23,1339.0,25.387,50.775
HTS,10,70,9.61,673.0,12.76,25.52
HTS,11,55,9.62,529.0,10.03,20.06
HTS,12,48,9.19,441.0,8.361,16.723
HTS,13,83,9.49,788.0,14.94,29.881
HTS,14,78,9.72,758.0,14.372,28.743
HTS,15,189,9.93,1876.0,35.569,71.138
HTS,16,102,9.94,1014.0,19.225,38.451
HTS,17,39,9.67,377.0,7.148,14.296
HTS,18,53,8.55,453.0,8.589,17.178
HTS,19,28,9.54,267.0,5.062,10.125
HTS,20,41,12.24,502.0,9.518,19.036
HTS,21,340,9.71,3300.0,62.568,125.136
HTS,22,28,9.75,273.0,5.176,10.352
HYA,10,47,13.51,635.0,12.04,24.079
HYA,12,242,14.8,3582.0,67.915,135.829
HYA,13,133,17.89,2379.0,45.106,90.212
HYA,14,137,19.69,2698.0,51.154,102.308
HYA,15,88,17.51,1541.0,29.217,58.435
HYA,16,74,11.16,826.0,15.661,31.322
HYA,17,97,18.49,1794.0,34.014,68.028
HYA,19,1,15.0,15.0,0.284,0.569
HYS,6,632,14.42,9111.0,172.745,345.489
HYS,10,1,17.0,17.0,0.322,0.645
HYS,12,295,14.2,4188.0,79.404,158.809
HYS,13,189,13.75,2598.0,49.258,98.516
HYS,14,260,14.81,3850.0,72.996,145.992
HYS,15,111,12.92,1434.0,27.189,54.377
HYS,16,1,7.0,7.0,0.133,0.265
HYS,17,4,11.25,45.0,0.853,1.706
HYS,18,167,13.99,2336.0,44.291,88.581
HYS,19,324,16.42,5321.0,100.886,201.772
IAD,5,863,16.49,14229.0,269.782,539.564
IAD,6,9836,16.17,159075.0,3016.062,6032.124
IAD,7,5122,16.23,83108.0,1575.728,3151.455
IAD,8,31425,20.72,650973.0,12342.448,24684.896
IAD,9,6744,19.42,131002.0,2483.798,4967.596
IAD,10,2554,15.38,39288.0,744.9,1489.801
IAD,11,1551,17.27,26780.0,507.749,1015.498
IAD,12,22308,19.98,445752.0,8451.458,16902.916
IAD,13,6042,18.71,113061.0,2143.637,4287.273
IAD,14,1859,16.65,30945.0,586.717,1173.434
IAD,15,3789,22.1,83738.0,1587.672,3175.345
IAD,16,3522,19.59,68988.0,1308.012,2616.025
IAD,17,35070,24.21,849130.0,16099.505,32199.01
IAD,18,6223,21.73,135229.0,2563.942,5127.884
IAD,19,4047,17.58,71163.0,1349.25,2698.501
IAD,20,1578,19.9,31409.0,595.515,1191.029
IAD,21,180,17.92,3226.0,61.165,122.33
IAD,22,15646,19.88,311091.0,5898.285,11796.571
IAD,23,5,12.6,63.0,1.194,2.389
IAG,9,57,14.46,824.0,15.623,31.246
IAG,10,147,16.48,2423.0,45.94,91.88
IAG,11,245,15.79,3869.0,73.356,146.712
IAG,12,81,14.62,1184.0,22.449,44.897
IAG,13,17,14.24,242.0,4.588,9.177
IAG,14,54,15.52,838.0,15.888,31.777
IAG,15,34,12.41,422.0,8.001,16.002
IAG,16,26,15.08,392.0,7.432,14.865
IAG,17,29,12.0,348.0,6.598,13.196
IAG,18,106,13.43,1424.0,26.999,53.998
IAG,19,228,14.53,3312.0,62.796,125.591
IAG,20,122,12.34,1505.0,28.535,57.07
IAG,21,31,13.13,407.0,7.717,15.433
IAH,0,9,19.11,172.0,3.261,6.522
IAH,5,9420,14.89,140286.0,2659.823,5319.645
IAH,6,13356,15.17,202598.0,3841.258,7682.516
IAH,7,31146,19.49,607176.0,11512.057,23024.114
IAH,8,9196,18.03,165762.0,3142.848,6285.695
IAH,9,27465,21.34,586151.0,11113.423,22226.846
IAH,10,14822,22.2,329043.0,6238.655,12477.311
IAH,11,14348,18.25,261902.0,4965.662,9931.324
IAH,12,33557,21.25,713016.0,13518.783,27037.567
IAH,13,6744,16.61,111994.0,2123.406,4246.812
IAH,14,29789,19.89,592648.0,11236.606,22473.212
IAH,15,6730,16.93,113931.0,2160.132,4320.264
IAH,16,24790,20.45,506998.0,9612.682,19225.364
IAH,17,9372,18.28,171336.0,3248.531,6497.061
IAH,18,43915,21.56,946959.0,17954.343,35908.685
IAH,19,19561,19.52,381873.0,7240.312,14480.624
IAH,20,32037,21.62,692578.0,13131.279,26262.558
IAH,21,9681,16.92,163842.0,3106.444,6212.889
IAH,22,3620,16.77,60719.0,1151.232,2302.464
IAH,23,493,16.68,8223.0,155.908,311.816
ICT,5,2439,13.87,33830.0,641.417,1282.834
ICT,6,3859,14.93,57610.0,1092.286,2184.571
ICT,7,2965,15.33,45463.0,861.978,1723.957
ICT,8,745,18.69,13924.0,263.999,527.998
ICT,9,1562,20.68,32301.0,612.427,1224.854
ICT,10,1335,13.85,18493.0,350.627,701.255
ICT,11,2159,13.1,28290.0,536.378,1072.757
ICT,12,3099,13.44,41650.0,789.684,1579.368
ICT,13,1079,12.78,13792.0,261.496,522.993
ICT,14,1940,14.68,28476.0,539.905,1079.81
ICT,15,1082,14.72,15926.0,301.957,603.914
ICT,16,1674,14.78,24735.0,468.976,937.951
ICT,17,2391,16.08,38439.0,728.803,1457.607
ICT,18,1676,13.21,22140.0,419.774,839.549
ICT,19,249,15.08,3756.0,71.214,142.428
ICT,20,975,11.84,11542.0,218.836,437.673
ICT,21,109,10.67,1163.0,22.05,44.101
ICT,22,190,11.32,2150.0,40.764,81.528
ICT,23,33,10.42,344.0,6.522,13.044
IDA,5,353,23.82,8407.0,159.397,318.793
IDA,6,1778,22.14,39358.0,746.228,1492.455
IDA,7,1166,27.46,32015.0,607.004,1214.009
IDA,8,31,22.42,695.0,13.177,26.354
IDA,9,95,11.14,1058.0,20.06,40.119
IDA,10,627,21.6,13544.0,256.794,513.588
IDA,11,187,13.82,2584.0,48.993,97.985
IDA,12,572,16.7,9551.0,181.087,362.174
IDA,13,1792,15.85,28402.0,538.502,1077.004
IDA,14,1068,19.53,20859.0,395.487,790.973
IDA,15,274,13.18,3612.0,68.484,136.967
IDA,16,406,18.32,7439.0,141.043,282.087
IDA,17,716,18.59,13311.0,252.377,504.753
IDA,18,1062,18.9,20069.0,380.508,761.016
IDA,19,527,15.4,8118.0,153.917,307.835
IDA,20,58,13.66,792.0,15.016,30.033
IDA,21,128,15.03,1924.0,36.479,72.958
IDA,22,140,12.17,1704.0,32.308,64.616
IDA,23,1,9.0,9.0,0.171,0.341
ILM,5,1036,13.7,14190.0,269.042,538.085
ILM,6,3580,15.5,55491.0,1052.109,2104.219
ILM,7,1535,17.39,26694.0,506.118,1012.236
ILM,8,332,19.47,6465.0,122.576,245.153
ILM,9,773,20.93,16181.0,306.792,613.584
ILM,10,1856,15.6,28945.0,548.797,1097.594
ILM,11,2233,17.03,38035.0,721.144,1442.287
ILM,12,1330,17.46,23221.0,440.27,880.54
ILM,13,790,17.52,13837.0,262.35,524.699
ILM,14,1413,17.01,24033.0,455.666,911.331
ILM,15,722,16.66,12030.0,228.089,456.178
ILM,16,1352,17.16,23198.0,439.834,879.668
ILM,17,2371,16.56,39257.0,744.313,1488.625
ILM,18,1442,19.34,27882.0,528.643,1057.285
ILM,19,977,19.63,19176.0,363.577,727.154
ILM,20,670,15.41,10327.0,195.8,391.6
ILM,22,5,20.4,102.0,1.934,3.868
IMT,5,70,11.93,835.0,15.832,31.663
IMT,6,291,20.53,5973.0,113.248,226.496
IMT,7,152,15.57,2367.0,44.878,89.757
IMT,9,24,23.96,575.0,10.902,21.804
IMT,10,281,12.18,3422.0,64.881,129.762
IMT,11,399,16.04,6399.0,121.325,242.65
IMT,12,162,12.22,1979.0,37.522,75.044
IMT,14,218,13.83,3014.0,57.145,114.291
IMT,15,192,12.57,2414.0,45.769,91.539
IMT,16,33,15.67,517.0,9.802,19.605
IMT,17,321,13.94,4475.0,84.846,169.692
IND,0,1,11.0,11.0,0.209,0.417
IND,5,6705,14.53,97432.0,1847.311,3694.621
IND,6,15630,16.03,250599.0,4751.357,9502.714
IND,7,14485,16.62,240754.0,4564.696,9129.392
IND,8,8172,16.41,134112.0,2542.764,5085.527
IND,9,6947,15.13,105109.0,1992.867,3985.733
IND,10,6587,14.25,93841.0,1779.225,3558.451
IND,11,9075,14.78,134173.0,2543.92,5087.84
IND,12,8553,14.95,127834.0,2423.733,4847.465
IND,13,5619,14.05,78970.0,1497.271,2994.542
IND,14,7670,15.59,119594.0,2267.502,4535.004
IND,15,7898,15.23,120285.0,2280.604,4561.207
IND,16,7625,15.78,120329.0,2281.438,4562.876
IND,17,8921,15.68,139904.0,2652.58,5305.16
IND,18,10194,15.88,161846.0,3068.6,6137.2
IND,19,7664,14.41,110403.0,2093.241,4186.482
IND,20,3627,12.87,46690.0,885.242,1770.485
IND,21,2141,12.57,26910.0,510.214,1020.427
IND,22,472,13.09,6178.0,117.135,234.27
IND,23,77,15.4,1186.0,22.487,44.973
INL,10,559,15.12,8451.0,160.231,320.462
INL,11,218,15.58,3396.0,64.388,128.776
INL,12,22,13.5,297.0,5.631,11.262
INL,13,33,12.15,401.0,7.603,15.206
INL,14,341,11.08,3779.0,71.65,143.3
INL,15,219,13.77,3015.0,57.164,114.329
INL,16,9,10.78,97.0,1.839,3.678
INL,17,134,15.7,2104.0,39.892,79.784
INL,18,376,11.87,4462.0,84.6,169.199
ISP,5,1022,13.34,13634.0,258.501,517.001
ISP,6,1704,13.22,22527.0,427.112,854.224
ISP,7,566,12.61,7135.0,135.28,270.559
ISP,8,447,13.01,5817.0,110.29,220.581
ISP,9,616,13.12,8083.0,153.254,306.507
ISP,10,1078,12.07,13007.0,246.613,493.225
ISP,11,1092,12.5,13652.0,258.842,517.684
ISP,12,1073,11.42,12251.0,232.279,464.558
ISP,13,1099,12.04,13236.0,250.955,501.909
ISP,14,852,12.91,10996.0,208.484,416.968
ISP,15,808,11.88,9596.0,181.94,363.88
ISP,16,1285,12.27,15767.0,298.942,597.885
ISP,17,1017,11.83,12028.0,228.051,456.102
ISP,18,774,11.82,9146.0,173.408,346.816
ISP,19,490,11.81,5786.0,109.703,219.405
ISP,20,341,13.4,4569.0,86.628,173.256
ISP,21,234,12.71,2975.0,56.406,112.812
ISP,22,39,11.72,457.0,8.665,17.329
ITH,5,666,19.75,13153.0,249.381,498.762
ITH,6,90,19.19,1727.0,32.744,65.488
ITH,7,3,29.33,88.0,1.668,3.337
ITH,13,139,17.17,2386.0,45.239,90.477
ITH,14,224,14.94,3346.0,63.44,126.88
ITH,15,313,15.75,4930.0,93.473,186.946
ITH,16,45,21.27,957.0,18.145,36.289
ITH,17,15,15.07,226.0,4.285,8.57
ITH,18,5,17.8,89.0,1.687,3.375
ITO,5,1,24.0,24.0,0.455,0.91
ITO,6,2052,10.45,21446.0,406.616,813.232
ITO,7,1419,9.46,13425.0,254.538,509.076
ITO,8,2402,10.3,24747.0,469.203,938.406
ITO,9,1214,11.04,13404.0,254.14,508.28
ITO,10,977,11.29,11026.0,209.053,418.106
ITO,11,1119,10.33,11556.0,219.102,438.204
ITO,12,1516,10.43,15807.0,299.701,599.401
ITO,13,1223,10.4,12725.0,241.266,482.532
ITO,14,725,12.05,8734.0,165.597,331.193
ITO,15,1250,9.9,12372.0,234.573,469.146
ITO,16,1561,9.88,15429.0,292.534,585.068
ITO,17,1073,9.73,10435.0,197.848,395.695
ITO,18,1646,9.81,16145.0,306.109,612.218
ITO,19,1535,9.89,15175.0,287.718,575.436
ITO,20,527,9.21,4854.0,92.032,184.064
ITO,21,205,9.13,1872.0,35.493,70.986
ITO,22,5,10.2,51.0,0.967,1.934
ITO,23,7,17.14,120.0,2.275,4.55
JAC,6,27,37.15,1003.0,19.017,38.034
JAC,7,3245,26.0,84382.0,1599.883,3199.765
JAC,8,866,19.79,17136.0,324.899,649.797
JAC,9,42,18.67,784.0,14.865,29.729
JAC,10,1053,21.55,22689.0,430.183,860.367
JAC,11,1229,19.82,24356.0,461.79,923.58
JAC,12,1954,20.17,39417.0,747.346,1494.693
JAC,13,3079,19.53,60126.0,1139.989,2279.978
JAC,14,1962,21.52,42222.0,800.529,1601.058
JAC,15,864,21.02,18165.0,344.408,688.817
JAC,16,1350,22.72,30678.0,581.655,1163.31
JAC,17,775,18.79,14564.0,276.133,552.267
JAC,18,534,19.51,10418.0,197.525,395.051
JAC,19,1,43.0,43.0,0.815,1.631
JAN,5,2558,17.6,45027.0,853.712,1707.424
JAN,6,1652,14.41,23799.0,451.229,902.458
JAN,7,2383,15.25,36333.0,688.874,1377.747
JAN,8,150,12.71,1907.0,36.157,72.313
JAN,9,1759,12.25,21550.0,408.588,817.176
JAN,10,1110,13.26,14722.0,279.129,558.258
JAN,11,706,12.73,8984.0,170.337,340.673
JAN,12,2093,12.5,26165.0,496.088,992.177
JAN,13,752,11.68,8785.0,166.564,333.127
JAN,14,853,12.65,10790.0,204.578,409.157
JAN,15,1077,12.67,13643.0,258.671,517.343
JAN,16,1054,15.79,16638.0,315.456,630.913
JAN,17,986,14.41,14209.0,269.403,538.805
JAN,18,1004,12.73,12780.0,242.309,484.618
JAN,19,1473,13.42,19767.0,374.782,749.565
JAN,20,331,11.14,3686.0,69.887,139.773
JAX,5,2628,13.44,35320.0,669.667,1339.334
JAX,6,8112,14.69,119131.0,2258.724,4517.448
JAX,7,8776,14.36,126017.0,2389.282,4778.565
JAX,8,4984,14.1,70267.0,1332.262,2664.525
JAX,9,3706,14.11,52297.0,991.551,1983.102
JAX,10,4738,14.19,67238.0,1274.832,2549.665
JAX,11,8361,13.76,115074.0,2181.803,4363.606
JAX,12,5833,14.25,83116.0,1575.879,3151.759
JAX,13,3594,13.37,48062.0,911.256,1822.511
JAX,14,4599,14.76,67874.0,1286.891,2573.782
JAX,15,4133,14.07,58168.0,1102.865,2205.731
JAX,16,4694,14.18,66556.0,1261.902,2523.804
JAX,17,5486,14.65,80356.0,1523.55,3047.1
JAX,18,6002,15.07,90479.0,1715.482,3430.964
JAX,19,6031,14.0,84432.0,1600.831,3201.661
JAX,20,2960,13.66,40440.0,766.742,1533.485
JAX,21,825,13.0,10727.0,203.384,406.768
JAX,22,178,13.63,2427.0,46.016,92.032
JAX,23,6,11.83,71.0,1.346,2.692
JFK,5,2509,18.4,46168.0,875.345,1750.691
JFK,6,20159,20.73,417881.0,7923.024,15846.048
JFK,7,26973,24.51,661161.0,12535.613,25071.225
JFK,8,30637,27.37,838600.0,15899.856,31799.712
JFK,9,27519,26.0,715558.0,13566.98,27133.959
JFK,10,12583,22.91,288221.0,5464.67,10929.34
JFK,11,22870,23.19,530330.0,10055.057,20110.114
JFK,12,16834,21.92,368921.0,6994.742,13989.484
JFK,13,17760,24.7,438759.0,8318.871,16637.741
JFK,14,20743,26.58,551416.0,10454.847,20909.695
JFK,15,25980,27.39,711687.0,13493.586,26987.171
JFK,16,20788,29.64,616173.0,11682.64,23365.28
JFK,17,22823,30.05,685823.0,13003.204,26006.408
JFK,18,18219,32.22,586939.0,11128.363,22256.727
JFK,19,21524,33.43,719521.0,13642.118,27284.236
JFK,20,18478,31.02,573167.0,10867.246,21734.493
JFK,21,17242,30.03,517860.0,9818.626,19637.251
JFK,22,9566,28.23,270051.0,5120.167,10240.334
JFK,23,510,23.22,11844.0,224.562,449.124
JLN,6,112,13.17,1475.0,27.966,55.932
JLN,7,785,16.23,12744.0,241.626,483.252
JLN,8,163,16.83,2744.0,52.026,104.052
JLN,9,8,16.88,135.0,2.56,5.119
JLN,11,128,12.32,1577.0,29.9,59.8
JLN,13,4,13.25,53.0,1.005,2.01
JLN,17,17,14.94,254.0,4.816,9.632
JLN,18,716,15.48,11083.0,210.134,420.267
JMS,11,136,19.95,2713.0,51.438,102.877
JMS,12,100,16.53,1653.0,31.341,62.682
JMS,13,619,15.58,9647.0,182.907,365.814
JMS,16,211,16.77,3539.0,67.099,134.199
JMS,17,624,15.45,9639.0,182.755,365.511
JMS,18,183,21.73,3976.0,75.385,150.77
JNU,1,65,11.48,746.0,14.144,28.288
JNU,2,130,14.37,1868.0,35.417,70.835
JNU,5,859,16.66,14315.0,271.412,542.825
JNU,6,35,19.89,696.0,13.196,26.392
JNU,7,2839,14.02,39794.0,754.494,1508.988
JNU,8,754,16.28,12274.0,232.715,465.43
JNU,9,1049,15.64,16403.0,311.001,622.002
JNU,10,1096,17.35,19017.0,360.562,721.125
JNU,11,96,13.32,1279.0,24.25,48.5
JNU,12,249,13.69,3410.0,64.654,129.307
JNU,13,1807,13.36,24142.0,457.732,915.465
JNU,14,853,13.5,11517.0,218.362,436.725
JNU,15,30,15.53,466.0,8.835,17.671
JNU,16,332,13.62,4521.0,85.718,171.436
JNU,17,233,13.55,3157.0,59.857,119.713
JNU,18,936,12.14,11361.0,215.405,430.809
JNU,19,65,13.38,870.0,16.495,32.99
JNU,20,1322,13.94,18434.0,349.509,699.017
JNU,21,303,13.04,3951.0,74.911,149.822
JNU,22,833,13.52,11266.0,213.603,427.207
JST,6,373,22.26,8304.0,157.444,314.888
JST,10,692,16.69,11547.0,218.931,437.862
JST,11,5,11.6,58.0,1.1,2.199
JST,14,1062,14.55,15451.0,292.951,585.902
KOA,0,8,17.75,142.0,2.692,5.385
KOA,6,2110,10.67,22519.0,426.96,853.92
KOA,7,1725,10.3,17776.0,337.033,674.066
KOA,8,3677,10.98,40376.0,765.529,1531.058
KOA,9,2510,11.53,28949.0,548.873,1097.746
KOA,10,3699,12.86,47570.0,901.927,1803.854
KOA,11,2345,12.72,29839.0,565.747,1131.495
KOA,12,3477,12.94,44988.0,852.972,1705.945
KOA,13,4848,13.76,66699.0,1264.613,2529.226
KOA,14,3678,13.58,49954.0,947.128,1894.256
KOA,15,4054,12.62,51144.0,969.69,1939.38
KOA,16,3205,11.52,36931.0,700.212,1400.424
KOA,17,1592,10.87,17305.0,328.103,656.206
KOA,18,1846,10.36,19129.0,362.686,725.372
KOA,19,2220,11.43,25373.0,481.072,962.144
KOA,20,2209,13.35,29487.0,559.074,1118.147
KOA,21,2978,14.58,43433.0,823.49,1646.979
KOA,22,1901,15.16,28817.0,546.37,1092.741
KOA,23,870,15.27,13286.0,251.903,503.805
KTN,8,744,11.32,8423.0,159.7,319.4
KTN,9,906,12.72,11520.0,218.419,436.838
KTN,10,483,13.89,6710.0,127.222,254.443
KTN,11,212,12.57,2664.0,50.509,101.019
KTN,12,358,12.1,4333.0,82.154,164.307
KTN,13,974,11.67,11365.0,215.48,430.961
KTN,14,28,11.32,317.0,6.01,12.021
KTN,15,121,12.81,1550.0,29.388,58.776
KTN,16,232,13.33,3093.0,58.643,117.287
KTN,17,2135,12.06,25741.0,488.049,976.099
KTN,20,1052,11.87,12482.0,236.659,473.317
LAF,6,146,19.24,2809.0,53.259,106.517
LAF,14,85,17.35,1475.0,27.966,55.932
LAN,5,844,21.34,18010.0,341.47,682.939
LAN,6,558,17.25,9628.0,182.547,365.094
LAN,7,39,17.28,674.0,12.779,25.558
LAN,8,7,16.71,117.0,2.218,4.437
LAN,10,62,10.71,664.0,12.589,25.179
LAN,11,347,14.17,4918.0,93.245,186.491
LAN,12,479,16.63,7966.0,151.035,302.071
LAN,13,165,15.35,2533.0,48.026,96.051
LAN,14,327,15.6,5100.0,96.696,193.392
LAN,15,142,14.76,2096.0,39.74,79.48
LAN,16,95,18.18,1727.0,32.744,65.488
LAN,17,671,18.08,12131.0,230.004,460.008
LAN,18,510,17.22,8783.0,166.526,333.051
LAN,19,226,14.23,3216.0,60.975,121.951
LAR,10,687,16.31,11208.0,212.504,425.007
LAR,11,89,17.31,1541.0,29.217,58.435
LAR,12,2,13.5,27.0,0.512,1.024
LAR,14,1,17.0,17.0,0.322,0.645
LAR,18,1027,22.22,22817.0,432.61,865.221
LAS,0,7471,14.38,107463.0,2037.498,4074.997
LAS,1,1871,13.64,25517.0,483.802,967.605
LAS,2,7,14.86,104.0,1.972,3.944
LAS,5,14306,13.11,187555.0,3556.043,7112.086
LAS,6,39639,17.23,682968.0,12949.073,25898.147
LAS,7,35503,17.33,615389.0,11667.775,23335.551
LAS,8,36319,17.52,636426.0,12066.637,24133.274
LAS,9,39021,18.43,719236.0,13636.715,27273.429
LAS,10,34405,20.07,690607.0,13093.909,26187.817
LAS,11,33238,20.31,674900.0,12796.104,25592.208
LAS,12,31855,20.54,654364.0,12406.741,24813.483
LAS,13,32851,20.73,680891.0,12909.693,25819.387
LAS,14,28724,19.94,572757.0,10859.473,21718.945
LAS,15,30757,19.83,609864.0,11563.021,23126.043
LAS,16,29998,19.3,578815.0,10974.332,21948.665
LAS,17,31564,18.29,577294.0,10945.494,21890.988
LAS,18,27482,17.27,474500.0,8996.52,17993.04
LAS,19,25137,17.18,431955.0,8189.867,16379.734
LAS,20,19997,15.74,314698.0,5966.674,11933.348
LAS,21,19778,15.2,300673.0,5700.76,11401.52
LAS,22,18168,15.54,282261.0,5351.669,10703.337
LAS,23,20594,15.68,322874.0,6121.691,12243.382
LAW,5,670,14.02,9391.0,178.053,356.107
LAW,6,323,16.36,5284.0,100.185,200.369
LAW,9,1,14.0,14.0,0.265,0.531
LAW,10,1062,16.46,17481.0,331.44,662.88
LAW,16,25,11.6,290.0,5.498,10.997
LAW,17,2,12.0,24.0,0.455,0.91
LAW,18,959,15.16,14543.0,275.735,551.471
LAW,19,18,15.78,284.0,5.385,10.769
LAX,0,4712,16.93,79771.0,1512.458,3024.916
LAX,1,973,15.1,14694.0,278.598,557.196
LAX,5,12620,15.82,199690.0,3786.122,7572.245
LAX,6,30134,17.77,535408.0,10151.336,20302.671
LAX,7,34917,17.55,612706.0,11616.906,23233.812
LAX,8,54721,20.76,1136108.0,21540.608,43081.215
LAX,9,46511,19.03,885309.0,16785.459,33570.917
LAX,10,38896,19.22,747622.0,14174.913,28349.826
LAX,11,31869,17.69,563661.0,10687.013,21374.025
LAX,12,27457,17.44,478930.0,9080.513,18161.026
LAX,13,34454,17.98,619339.0,11742.667,23485.335
LAX,14,27514,16.91,465182.0,8819.851,17639.701
LAX,15,25545,16.15,412675.0,7824.318,15648.636
LAX,16,28293,17.27,488484.0,9261.657,18523.313
LAX,17,27365,16.95,463845.0,8794.501,17589.002
LAX,18,29648,16.75,496648.0,9416.446,18832.892
LAX,19,30859,18.15,559992.0,10617.448,21234.897
LAX,20,16203,16.82,272582.0,5168.155,10336.309
LAX,21,24839,17.5,434626.0,8240.509,16481.018
LAX,22,25381,18.06,458377.0,8690.828,17381.656
LAX,23,21559,19.34,417033.0,7906.946,15813.891
LBB,5,1363,12.83,17490.0,331.61,663.221
LBB,6,2290,13.69,31343.0,594.263,1188.527
LBB,7,1499,16.91,25353.0,480.693,961.386
LBB,8,627,19.78,12399.0,235.085,470.17
LBB,9,1211,18.88,22864.0,433.501,867.003
LBB,10,1688,13.28,22413.0,424.95,849.901
LBB,11,474,13.4,6352.0,120.434,240.868
LBB,12,1385,14.0,19388.0,367.596,735.193
LBB,13,604,10.22,6175.0,117.078,234.156
LBB,14,1319,14.79,19502.0,369.758,739.516
LBB,15,816,11.44,9336.0,177.011,354.021
LBB,16,1452,16.26,23614.0,447.721,895.443
LBB,17,1052,16.92,17797.0,337.431,674.862
LBB,18,1465,15.02,22000.0,417.12,834.24
LBB,19,547,9.66,5286.0,100.223,200.445
LBB,20,426,14.73,6277.0,119.012,238.024
LBB,21,3,12.0,36.0,0.683,1.365
LBE,10,70,10.97,768.0,14.561,29.123
LBE,11,61,12.11,739.0,14.011,28.023
LBE,12,266,12.46,3314.0,62.833,125.667
LBE,13,234,10.84,2537.0,48.102,96.203
LBE,14,210,10.89,2287.0,43.362,86.723
LBE,15,44,10.77,474.0,8.987,17.974
LBE,16,55,10.91,600.0,11.376,22.752
LBE,17,201,11.53,2317.0,43.93,87.861
LBE,18,203,10.48,2128.0,40.347,80.694
LBE,19,203,11.73,2381.0,45.144,90.288
LBE,20,42,10.62,446.0,8.456,16.912
LBF,6,349,16.73,5838.0,110.688,221.377
LBF,10,343,23.66,8117.0,153.898,307.797
LBF,11,351,17.14,6017.0,114.082,228.165
LBF,12,1,48.0,48.0,0.91,1.82
LBF,13,24,15.21,365.0,6.92,13.841
LBF,15,4,13.0,52.0,0.986,1.972
LBF,16,4,26.25,105.0,1.991,3.982
LBF,19,739,19.22,14200.0,269.232,538.464
LBF,21,53,19.19,1017.0,19.282,38.565
LBL,10,53,12.66,671.0,12.722,25.444
LBL,11,405,13.99,5667.0,107.446,214.893
LBL,12,372,14.17,5271.0,99.938,199.876
LBL,16,74,11.88,879.0,16.666,33.332
LBL,17,445,11.54,5135.0,97.36,194.719
LBL,18,30,11.4,342.0,6.484,12.969
LBL,19,385,16.71,6435.0,122.008,244.015
LCH,5,672,18.47,12414.0,235.369,470.739
LCH,6,389,18.02,7009.0,132.891,265.781
LCH,7,1,20.0,20.0,0.379,0.758
LCH,8,1,33.0,33.0,0.626,1.251
LCH,10,146,13.86,2023.0,38.356,76.712
LCH,11,31,14.65,454.0,8.608,17.216
LCH,12,904,15.4,13918.0,263.885,527.771
LCH,15,18,15.44,278.0,5.271,10.542
LCH,17,1,18.0,18.0,0.341,0.683
LCH,18,1067,16.85,17980.0,340.901,681.802
LCK,8,14,14.93,209.0,3.963,7.925
LCK,9,328,14.08,4617.0,87.538,175.077
LCK,10,238,13.25,3154.0,59.8,119.6
LCK,11,194,13.54,2627.0,49.808,99.616
LCK,12,252,13.68,3447.0,65.355,130.71
LCK,13,96,12.7,1219.0,23.112,46.224
LCK,14,178,13.03,2320.0,43.987,87.974
LCK,15,248,12.98,3219.0,61.032,122.064
LCK,16,318,13.61,4329.0,82.078,164.156
LCK,17,273,12.36,3374.0,63.971,127.942
LCK,18,190,13.62,2587.0,49.05,98.099
LCK,19,184,14.87,2736.0,51.875,103.749
LCK,20,166,13.57,2252.0,42.698,85.396
LCK,21,320,13.48,4314.0,81.793,163.587
LCK,22,69,12.29,848.0,16.078,32.156
LEX,5,1155,15.09,17429.0,330.454,660.908
LEX,6,4436,17.88,79298.0,1503.49,3006.98
LEX,7,2514,20.03,50356.0,954.75,1909.5
LEX,8,710,20.96,14884.0,282.201,564.401
LEX,9,759,16.82,12769.0,242.1,484.2
LEX,10,1286,14.91,19171.0,363.482,726.964
LEX,11,1463,16.39,23984.0,454.737,909.473
LEX,12,982,16.94,16638.0,315.456,630.913
LEX,13,1490,16.41,24445.0,463.477,926.954
LEX,14,1768,15.25,26961.0,511.181,1022.361
LEX,15,1754,15.75,27623.0,523.732,1047.464
LEX,16,698,14.53,10143.0,192.311,384.623
LEX,17,2275,17.68,40225.0,762.666,1525.332
LEX,18,2224,18.93,42102.0,798.254,1596.508
LEX,19,842,15.93,13411.0,254.273,508.545
LEX,20,1115,16.2,18058.0,342.38,684.759
LEX,21,469,12.7,5957.0,112.945,225.889
LEX,22,102,14.63,1492.0,28.288,56.577
LFT,5,1132,19.38,21937.0,415.926,831.851
LFT,6,1018,19.04,19381.0,367.464,734.928
LFT,7,705,17.49,12327.0,233.72,467.44
LFT,8,38,14.08,535.0,10.144,20.287
LFT,9,113,21.12,2386.0,45.239,90.477
LFT,10,1120,15.32,17155.0,325.259,650.518
LFT,11,563,17.88,10069.0,190.908,381.816
LFT,12,233,16.35,3809.0,72.219,144.437
LFT,13,299,16.69,4989.0,94.591,189.183
LFT,14,571,17.5,9994.0,189.486,378.972
LFT,15,543,17.76,9641.0,182.793,365.587
LFT,16,619,17.57,10874.0,206.171,412.342
LFT,17,834,18.24,15210.0,288.382,576.763
LFT,18,406,17.16,6966.0,132.075,264.151
LFT,19,333,18.55,6177.0,117.116,234.232
LFT,20,136,18.07,2458.0,46.604,93.207
LGA,5,1665,17.29,28782.0,545.707,1091.413
LGA,6,32679,19.49,636805.0,12073.823,24147.646
LGA,7,30296,22.74,688924.0,13061.999,26123.998
LGA,8,29082,22.92,666478.0,12636.423,25272.846
LGA,9,32046,24.99,800899.0,15185.045,30370.09
LGA,10,26694,23.95,639411.0,12123.233,24246.465
LGA,11,29453,23.78,700345.0,13278.541,26557.082
LGA,12,28193,22.35,630070.0,11946.127,23892.254
LGA,13,27037,22.91,619406.0,11743.938,23487.876
LGA,14,28982,25.24,731539.0,13869.979,27739.959
LGA,15,30518,27.73,846412.0,16047.972,32095.943
LGA,16,25979,26.27,682346.0,12937.28,25874.56
LGA,17,29027,26.21,760916.0,14426.967,28853.935
LGA,18,27911,25.58,714064.0,13538.653,27077.307
LGA,19,26773,25.8,690624.0,13094.231,26188.462
LGA,20,23501,26.73,628154.0,11909.8,23819.6
LGA,21,16735,21.85,365673.0,6933.16,13866.32
LGA,22,2783,17.74,49371.0,936.074,1872.148
LGA,23,88,15.49,1363.0,25.842,51.685
LGB,6,1989,13.73,27302.0,517.646,1035.292
LGB,7,6263,12.6,78899.0,1495.925,2991.85
LGB,8,4923,11.6,57116.0,1082.919,2165.839
LGB,9,3862,11.62,44884.0,851.001,1702.001
LGB,10,3370,11.97,40339.0,764.827,1529.655
LGB,11,3467,12.13,42050.0,797.268,1594.536
LGB,12,3918,11.89,46586.0,883.271,1766.541
LGB,13,4178,12.43,51944.0,984.858,1969.716
LGB,14,3020,11.89,35900.0,680.664,1361.328
LGB,15,3010,12.12,36475.0,691.566,1383.132
LGB,16,3195,12.52,39995.0,758.305,1516.61
LGB,17,2932,12.73,37336.0,707.891,1415.781
LGB,18,2549,10.78,27490.0,521.21,1042.421
LGB,19,3074,11.4,35042.0,664.396,1328.793
LGB,20,820,10.8,8855.0,167.891,335.782
LIH,6,2739,9.34,25586.0,485.111,970.221
LIH,7,1799,9.4,16902.0,320.462,640.924
LIH,8,3068,9.58,29406.0,557.538,1115.076
LIH,9,2029,9.65,19580.0,371.237,742.474
LIH,10,2661,10.79,28702.0,544.19,1088.38
LIH,11,3225,11.08,35717.0,677.194,1354.389
LIH,12,3437,10.81,37161.0,704.573,1409.145
LIH,13,4726,11.74,55504.0,1052.356,2104.712
LIH,14,5182,12.21,63288.0,1199.94,2399.881
LIH,15,2549,9.76,24882.0,471.763,943.525
LIH,16,3075,9.06,27848.0,527.998,1055.996
LIH,17,1928,8.1,15609.0,295.947,591.893
LIH,18,1539,8.55,13158.0,249.476,498.951
LIH,19,2340,9.35,21887.0,414.978,829.955
LIH,20,2108,11.29,23801.0,451.267,902.534
LIH,21,2419,12.23,29574.0,560.723,1121.446
LIH,22,1712,14.21,24327.0,461.24,922.48
LIH,23,778,14.37,11178.0,211.935,423.87
LIT,5,2762,14.6,40314.0,764.353,1528.707
LIT,6,3930,14.41,56617.0,1073.458,2146.917
LIT,7,4788,16.76,80232.0,1521.199,3042.397
LIT,8,1625,17.13,27840.0,527.846,1055.693
LIT,9,1755,13.71,24057.0,456.121,912.241
LIT,10,2207,12.85,28362.0,537.744,1075.487
LIT,11,1659,13.77,22841.0,433.065,866.131
LIT,12,3446,13.66,47087.0,892.77,1785.539
LIT,13,1766,13.91,24571.0,465.866,931.732
LIT,14,1329,14.27,18965.0,359.576,719.153
LIT,15,1452,14.38,20878.0,395.847,791.694
LIT,16,3451,17.39,60022.0,1138.017,2276.034
LIT,17,2214,15.4,34091.0,646.365,1292.731
LIT,18,2560,14.86,38034.0,721.125,1442.249
LIT,19,855,14.0,11966.0,226.875,453.751
LIT,20,748,15.05,11258.0,213.452,426.903
LIT,21,44,12.27,540.0,10.238,20.477
LIT,22,5,12.8,64.0,1.213,2.427
LIT,23,2,12.0,24.0,0.455,0.91
LNK,5,14,24.07,337.0,6.39,12.779
LNK,6,823,21.75,17900.0,339.384,678.768
LNK,7,441,21.35,9417.0,178.546,357.093
LNK,8,486,16.51,8025.0,152.154,304.308
LNK,9,552,30.44,16802.0,318.566,637.132
LNK,11,1169,19.18,22421.0,425.102,850.204
LNK,12,39,14.69,573.0,10.864,21.728
LNK,13,579,17.64,10214.0,193.657,387.315
LNK,15,750,18.37,13781.0,261.288,522.576
LNK,16,22,23.36,514.0,9.745,19.491
LNK,17,555,23.75,13180.0,249.893,499.786
LNK,18,96,15.29,1468.0,27.833,55.667
LNK,19,1,18.0,18.0,0.341,0.683
LNK,21,2,16.0,32.0,0.607,1.213
LRD,5,559,15.69,8771.0,166.298,332.596
LRD,6,521,15.82,8241.0,156.249,312.499
LRD,7,31,23.32,723.0,13.708,27.416
LRD,10,959,13.67,13108.0,248.528,497.055
LRD,11,167,12.5,2087.0,39.57,79.139
LRD,12,79,12.78,1010.0,19.15,38.299
LRD,13,35,12.91,452.0,8.57,17.14
LRD,14,869,14.23,12363.0,234.402,468.805
LRD,15,2,10.5,21.0,0.398,0.796
LRD,16,230,15.15,3484.0,66.057,132.113
LRD,17,13,13.08,170.0,3.223,6.446
LRD,18,934,15.96,14902.0,282.542,565.084
LRD,19,10,12.7,127.0,2.408,4.816
LRD,20,227,12.89,2927.0,55.496,110.992
LRD,21,40,9.73,389.0,7.375,14.751
LRD,22,105,10.71,1125.0,21.33,42.66
LSE,5,2,9.0,18.0,0.341,0.683
LSE,6,600,15.7,9420.0,178.603,357.206
LSE,7,15,12.73,191.0,3.621,7.243
LSE,9,47,12.57,591.0,11.205,22.411
LSE,10,97,9.86,956.0,18.126,36.252
LSE,11,290,10.46,3032.0,57.487,114.973
LSE,12,4,9.25,37.0,0.702,1.403
LSE,14,82,13.44,1102.0,20.894,41.788
LSE,15,35,10.14,355.0,6.731,13.462
LSE,16,338,12.3,4159.0,78.855,157.709
LSE,18,98,12.72,1247.0,23.643,47.286
LSE,20,10,12.3,123.0,2.332,4.664
LWS,5,305,15.69,4786.0,90.743,181.485
LWS,6,40,14.6,584.0,11.073,22.145
LWS,7,768,17.61,13525.0,256.434,512.868
LWS,9,3,13.33,40.0,0.758,1.517
LWS,12,720,13.46,9693.0,183.779,367.559
LWS,13,636,13.3,8461.0,160.421,320.841
LWS,14,89,13.16,1171.0,22.202,44.404
LWS,17,96,13.95,1339.0,25.387,50.775
MAF,5,2291,14.72,33717.0,639.274,1278.549
MAF,6,2721,13.59,36980.0,701.141,1402.282
MAF,7,2246,14.77,33167.0,628.846,1257.693
MAF,8,998,15.81,15774.0,299.075,598.15
MAF,9,1806,17.11,30892.0,585.712,1171.425
MAF,10,1824,12.12,22109.0,419.187,838.373
MAF,11,851,10.65,9067.0,171.91,343.821
MAF,12,1901,14.72,27975.0,530.406,1060.812
MAF,13,1704,14.0,23859.0,452.367,904.733
MAF,14,1815,13.78,25008.0,474.152,948.303
MAF,15,1425,12.57,17916.0,339.687,679.375
MAF,16,1767,15.82,27960.0,530.122,1060.243
MAF,17,1834,16.26,29822.0,565.425,1130.85
MAF,18,1855,14.15,26255.0,497.795,995.59
MAF,19,1106,11.25,12442.0,235.9,471.801
MAF,20,758,13.66,10356.0,196.35,392.7
MAF,21,1,11.0,11.0,0.209,0.417
MBS,5,131,22.47,2943.0,55.799,111.599
MBS,6,898,19.68,17671.0,335.042,670.084
MBS,7,1047,27.44,28730.0,544.721,1089.442
MBS,9,7,22.29,156.0,2.958,5.916
MBS,11,840,16.19,13598.0,257.818,515.636
MBS,12,371,16.16,5997.0,113.703,227.406
MBS,13,180,17.39,3131.0,59.364,118.728
MBS,14,748,17.04,12744.0,241.626,483.252
MBS,15,136,15.26,2076.0,39.361,78.722
MBS,16,763,18.24,13917.0,263.866,527.733
MBS,17,288,17.58,5062.0,95.976,191.951
MBS,18,622,16.67,10367.0,196.558,393.117
MBS,21,1,23.0,23.0,0.436,0.872
MCI,5,10293,15.86,163297.0,3096.111,6192.222
MCI,6,17032,15.85,270009.0,5119.371,10238.741
MCI,7,10379,16.05,166557.0,3157.921,6315.841
MCI,8,5387,14.47,77952.0,1477.97,2955.94
MCI,9,5676,16.53,93801.0,1778.467,3556.934
MCI,10,9685,13.05,126380.0,2396.165,4792.33
MCI,11,8742,13.73,119997.0,2275.143,4550.286
MCI,12,8269,13.14,108671.0,2060.402,4120.804
MCI,13,7618,13.87,105649.0,2003.105,4006.21
MCI,14,9543,13.56,129406.0,2453.538,4907.076
MCI,15,9714,14.66,142379.0,2699.506,5399.012
MCI,16,7740,14.12,109295.0,2072.233,4144.466
MCI,17,11515,14.95,172109.0,3263.187,6526.373
MCI,18,10135,13.83,140190.0,2658.002,5316.005
MCI,19,6463,13.19,85219.0,1615.752,3231.504
MCI,20,3137,12.18,38196.0,724.196,1448.392
MCI,21,2477,11.56,28622.0,542.673,1085.346
MCI,22,846,11.45,9686.0,183.647,367.293
MCI,23,9,13.11,118.0,2.237,4.475
MCO,0,5,15.2,76.0,1.441,2.882
MCO,5,10326,15.31,158102.0,2997.614,5995.228
MCO,6,33859,17.03,576776.0,10935.673,21871.346
MCO,7,38145,18.96,723372.0,13715.133,27430.266
MCO,8,29026,17.85,518201.0,9825.091,19650.182
MCO,9,33863,18.24,617806.0,11713.602,23427.204
MCO,10,29216,18.91,552452.0,10474.49,20948.98
MCO,11,29526,19.39,572398.0,10852.666,21705.332
MCO,12,24552,19.57,480457.0,9109.465,18218.929
MCO,13,22998,18.87,433892.0,8226.592,16453.185
MCO,14,25545,19.99,510749.0,9683.801,19367.602
MCO,15,26435,20.06,530350.0,10055.436,20110.872
MCO,16,27167,20.92,568222.0,10773.489,21546.978
MCO,17,30186,20.89,630487.0,11954.034,23908.067
MCO,18,27876,20.58,573794.0,10879.134,21758.268
MCO,19,32029,19.15,613506.0,11632.074,23264.148
MCO,20,26598,18.34,487699.0,9246.773,18493.546
MCO,21,16305,16.85,274716.0,5208.615,10417.231
MCO,22,10085,15.47,156051.0,2958.727,5917.454
MCO,23,3526,15.58,54924.0,1041.359,2082.718
MCW,9,325,14.01,4553.0,86.325,172.65
MCW,10,453,14.01,6348.0,120.358,240.716
MCW,11,4,10.75,43.0,0.815,1.631
MCW,12,110,13.77,1515.0,28.724,57.449
MCW,13,83,14.1,1170.0,22.183,44.366
MCW,14,44,15.7,691.0,13.101,26.203
MCW,17,37,17.16,635.0,12.04,24.079
MCW,18,578,14.79,8550.0,162.108,324.216
MCW,19,168,14.57,2448.0,46.414,92.828
MDT,5,442,17.0,7514.0,142.465,284.931
MDT,6,4130,16.19,66862.0,1267.704,2535.407
MDT,7,204,13.63,2780.0,52.709,105.418
MDT,8,647,17.64,11415.0,216.428,432.857
MDT,9,382,13.13,5017.0,95.122,190.245
MDT,10,559,14.56,8141.0,154.353,308.707
MDT,11,1111,14.04,15595.0,295.681,591.362
MDT,12,1479,14.49,21431.0,406.332,812.664
MDT,13,763,14.22,10851.0,205.735,411.47
MDT,14,282,15.16,4276.0,81.073,162.146
MDT,15,778,14.44,11237.0,213.054,426.107
MDT,16,638,14.78,9430.0,178.793,357.586
MDT,17,1994,15.22,30342.0,575.284,1150.569
MDT,18,1157,14.08,16293.0,308.915,617.831
MDT,19,363,13.8,5010.0,94.99,189.979
MDT,20,557,14.51,8082.0,153.235,306.469
MDT,21,243,12.21,2966.0,56.235,112.471
MDT,22,74,11.14,824.0,15.623,31.246
MDW,5,9250,12.85,118855.0,2253.491,4506.982
MDW,6,11262,14.56,163950.0,3108.492,6216.984
MDW,7,11634,14.87,173042.0,3280.876,6561.753
MDW,8,20132,16.29,327895.0,6216.889,12433.778
MDW,9,19909,14.69,292512.0,5546.028,11092.055
MDW,10,11798,13.93,164344.0,3115.962,6231.924
MDW,11,10653,12.84,136824.0,2594.183,5188.366
MDW,12,13386,13.36,178893.0,3391.811,6783.623
MDW,13,15625,13.57,212036.0,4020.203,8040.405
MDW,14,13385,13.21,176850.0,3353.076,6706.152
MDW,15,11437,13.41,153383.0,2908.142,5816.283
MDW,16,10493,13.43,140899.0,2671.445,5342.89
MDW,17,12625,14.29,180426.0,3420.877,6841.754
MDW,18,14546,14.58,212063.0,4020.714,8041.429
MDW,19,13893,14.11,196063.0,3717.354,7434.709
MDW,20,15752,14.42,227114.0,4306.081,8612.163
MDW,21,12272,14.26,175060.0,3319.138,6638.275
MDW,22,7705,13.53,104265.0,1976.864,3953.729
MDW,23,64,14.42,923.0,17.5,35.0
MEI,6,59,17.17,1013.0,19.206,38.413
MEI,7,94,12.52,1177.0,22.316,44.632
MEI,8,646,14.54,9393.0,178.091,356.183
MEI,9,276,14.0,3863.0,73.242,146.485
MEI,10,1,15.0,15.0,0.284,0.569
MEI,13,220,12.55,2760.0,52.33,104.659
MEI,14,125,12.53,1566.0,29.691,59.383
MEI,16,80,9.95,796.0,15.092,30.184
MEI,17,99,9.33,924.0,17.519,35.038
MEI,18,243,10.15,2466.0,46.755,93.511
MEI,19,60,10.27,616.0,11.679,23.359
MEM,5,4985,14.67,73134.0,1386.621,2773.241
MEM,6,10170,15.35,156118.0,2959.997,5919.995
MEM,7,8477,16.18,137162.0,2600.592,5201.183
MEM,8,3191,15.04,47989.0,909.871,1819.743
MEM,9,2822,14.0,39522.0,749.337,1498.674
MEM,10,4595,14.1,64803.0,1228.665,2457.33
MEM,11,4148,14.69,60940.0,1155.422,2310.845
MEM,12,4547,13.71,62323.0,1181.644,2363.288
MEM,13,2605,13.94,36304.0,688.324,1376.648
MEM,14,4052,14.38,58280.0,1104.989,2209.978
MEM,15,3686,15.26,56238.0,1066.272,2132.545
MEM,16,3774,15.38,58036.0,1100.363,2200.725
MEM,17,3623,14.9,53978.0,1023.423,2046.846
MEM,18,4064,13.83,56193.0,1065.419,2130.839
MEM,19,2453,14.14,34697.0,657.855,1315.71
MEM,20,1064,12.58,13387.0,253.818,507.635
MEM,21,285,13.01,3708.0,70.304,140.607
MEM,22,107,13.57,1452.0,27.53,55.06
MFE,5,1926,15.17,29211.0,553.841,1107.681
MFE,6,640,13.97,8938.0,169.464,338.929
MFE,7,1603,15.2,24363.0,461.922,923.845
MFE,8,124,13.79,1710.0,32.422,64.843
MFE,9,819,13.15,10772.0,204.237,408.474
MFE,10,562,12.44,6992.0,132.568,265.137
MFE,11,776,12.74,9890.0,187.514,375.029
MFE,12,1156,15.31,17696.0,335.516,671.032
MFE,13,543,14.03,7621.0,144.494,288.988
MFE,14,564,12.48,7036.0,133.403,266.805
MFE,15,366,12.71,4652.0,88.202,176.404
MFE,16,432,13.98,6038.0,114.48,228.961
MFE,17,1018,14.95,15223.0,288.628,577.256
MFE,18,513,12.72,6523.0,123.676,247.352
MFE,19,627,12.16,7625.0,144.57,289.14
MFE,20,298,12.77,3805.0,72.143,144.286
MFE,21,138,11.36,1568.0,29.729,59.459
MFE,22,237,11.27,2670.0,50.623,101.246
MFR,5,3193,18.12,57857.0,1096.969,2193.937
MFR,6,1825,18.47,33714.0,639.217,1278.435
MFR,7,298,18.79,5598.0,106.138,212.276
MFR,8,145,20.87,3026.0,57.373,114.746
MFR,9,46,10.93,503.0,9.537,19.074
MFR,10,103,11.54,1189.0,22.543,45.087
MFR,11,763,16.5,12592.0,238.744,477.489
MFR,12,1059,15.33,16231.0,307.74,615.48
MFR,13,1882,14.65,27567.0,522.67,1045.341
MFR,14,1715,16.01,27462.0,520.68,1041.359
MFR,15,385,14.38,5538.0,105.0,210.001
MFR,16,278,13.08,3636.0,68.939,137.877
MFR,17,973,15.98,15548.0,294.79,589.58
MFR,18,565,17.99,10165.0,192.728,385.457
MFR,19,97,16.39,1590.0,30.146,60.293
MFR,20,96,12.52,1202.0,22.79,45.58
MFR,21,151,11.34,1712.0,32.46,64.919
MGM,5,7,17.29,121.0,2.294,4.588
MGM,6,1613,21.03,33923.0,643.18,1286.36
MGM,7,411,18.09,7433.0,140.93,281.859
MGM,9,517,17.67,9136.0,173.219,346.437
MGM,10,319,15.53,4953.0,93.909,187.818
MGM,11,377,14.31,5394.0,102.27,204.54
MGM,12,327,15.48,5062.0,95.976,191.951
MGM,13,553,16.9,9347.0,177.219,354.438
MGM,14,476,15.82,7528.0,142.731,285.462
MGM,15,339,14.78,5012.0,95.028,190.055
MGM,16,112,19.59,2194.0,41.598,83.196
MGM,17,897,16.36,14673.0,278.2,556.4
MGM,18,958,18.86,18068.0,342.569,685.139
MGM,19,8,15.63,125.0,2.37,4.74
MGW,6,331,21.63,7161.0,135.773,271.545
MGW,8,34,19.82,674.0,12.779,25.558
MGW,10,185,14.74,2726.0,51.685,103.37
MGW,11,149,15.8,2354.0,44.632,89.264
MGW,20,34,21.82,742.0,14.068,28.137
MHK,5,884,16.66,14727.0,279.224,558.448
MHK,6,190,18.58,3531.0,66.948,133.896
MHK,7,240,16.32,3917.0,74.266,148.533
MHK,10,64,13.16,842.0,15.964,31.929
MHK,11,93,13.75,1279.0,24.25,48.5
MHK,12,680,13.45,9148.0,173.446,346.892
MHK,13,33,17.88,590.0,11.186,22.373
MHK,14,179,15.4,2757.0,52.273,104.545
MHK,15,90,15.08,1357.0,25.729,51.457
MHK,16,530,14.95,7923.0,150.22,300.44
MHK,17,154,12.78,1968.0,37.313,74.627
MHK,18,139,13.97,1942.0,36.82,73.641
MHK,19,23,11.48,264.0,5.005,10.011
MHT,5,2199,15.34,33730.0,639.521,1279.042
MHT,6,1792,14.3,25617.0,485.698,971.397
MHT,7,1320,13.28,17524.0,332.255,664.51
MHT,8,299,11.01,3293.0,62.435,124.871
MHT,9,271,10.43,2827.0,53.6,107.2
MHT,10,576,11.85,6825.0,129.402,258.804
MHT,11,702,12.31,8643.0,163.871,327.743
MHT,12,2383,15.88,37847.0,717.579,1435.158
MHT,13,920,12.08,11117.0,210.778,421.557
MHT,14,1026,14.56,14942.0,283.3,566.601
MHT,15,987,13.88,13696.0,259.676,519.352
MHT,16,1199,14.05,16841.0,319.305,638.611
MHT,17,2484,16.67,41402.0,784.982,1569.964
MHT,18,622,11.99,7460.0,141.442,282.883
MHT,19,609,13.79,8396.0,159.188,318.376
MHT,20,163,12.65,2062.0,39.096,78.191
MHT,21,1,18.0,18.0,0.341,0.683
MIA,0,62,19.39,1202.0,22.79,45.58
MIA,5,3914,15.45,60470.0,1146.511,2293.022
MIA,6,14061,17.79,250185.0,4743.508,9487.015
MIA,7,17975,17.52,314871.0,5969.954,11939.908
MIA,8,27007,19.9,537478.0,10190.583,20381.166
MIA,9,13914,18.97,263912.0,5003.772,10007.543
MIA,10,11957,23.37,279486.0,5299.055,10598.109
MIA,11,11872,21.98,260924.0,4947.119,9894.238
MIA,12,13961,22.39,312567.0,5926.27,11852.541
MIA,13,16373,19.14,313396.0,5941.988,11883.976
MIA,14,17139,19.34,331432.0,6283.951,12567.901
MIA,15,19644,20.2,396718.0,7521.773,15043.547
MIA,16,16973,21.11,358375.0,6794.79,13589.58
MIA,17,21245,22.86,485726.0,9209.365,18418.73
MIA,18,17774,22.46,399174.0,7568.339,15136.678
MIA,19,28888,23.77,686525.0,13016.514,26033.028
MIA,20,18655,23.49,438296.0,8310.092,16620.184
MIA,21,34383,22.4,770073.0,14600.584,29201.168
MIA,22,13759,18.68,257030.0,4873.289,9746.578
MIA,23,495,18.89,9352.0,177.314,354.628
MKE,5,5105,14.9,76039.0,1441.699,2883.399
MKE,6,10194,16.51,168314.0,3191.233,6382.467
MKE,7,7186,15.7,112817.0,2139.01,4278.021
MKE,8,4369,16.94,74029.0,1403.59,2807.18
MKE,9,3376,13.04,44026.0,834.733,1669.466
MKE,10,6467,14.54,94022.0,1782.657,3565.314
MKE,11,4484,14.65,65697.0,1245.615,2491.23
MKE,12,5465,13.81,75498.0,1431.442,2862.884
MKE,13,4207,14.43,60706.0,1150.986,2301.972
MKE,14,5382,14.18,76337.0,1447.35,2894.699
MKE,15,4978,14.88,74054.0,1404.064,2808.128
MKE,16,3937,14.49,57049.0,1081.649,2163.298
MKE,17,6807,15.11,102864.0,1950.301,3900.603
MKE,18,5488,14.0,76854.0,1457.152,2914.304
MKE,19,2300,13.01,29918.0,567.245,1134.491
MKE,20,894,13.08,11693.0,221.699,443.399
MKE,21,443,12.9,5713.0,108.318,216.637
MKE,22,182,14.76,2687.0,50.946,101.891
MKE,23,13,14.46,188.0,3.564,7.129
MLB,5,273,13.74,3752.0,71.138,142.276
MLB,6,1693,15.43,26116.0,495.159,990.319
MLB,7,88,15.93,1402.0,26.582,53.164
MLB,8,100,15.24,1524.0,28.895,57.79
MLB,9,80,11.96,957.0,18.145,36.289
MLB,10,53,15.34,813.0,15.414,30.829
MLB,11,1260,14.31,18026.0,341.773,683.546
MLB,12,385,15.69,6042.0,114.556,229.113
MLB,13,1001,17.27,17286.0,327.743,655.485
MLB,14,713,16.27,11604.0,220.012,440.024
MLB,15,374,15.45,5777.0,109.532,219.064
MLB,16,126,15.28,1925.0,36.498,72.996
MLB,17,1010,17.92,18101.0,343.195,686.39
MLB,18,480,16.44,7890.0,149.594,299.189
MLB,19,553,15.52,8581.0,162.696,325.392
MLB,20,125,13.56,1695.0,32.137,64.274
MLB,21,19,13.63,259.0,4.911,9.821
MLI,5,560,20.84,11673.0,221.32,442.64
MLI,6,2395,17.48,41860.0,793.666,1587.331
MLI,7,686,16.75,11490.0,217.85,435.701
MLI,8,674,18.2,12270.0,232.639,465.278
MLI,9,726,14.79,10738.0,203.592,407.185
MLI,10,975,15.17,14789.0,280.399,560.799
MLI,11,550,16.23,8925.0,169.218,338.436
MLI,12,203,12.16,2468.0,46.793,93.587
MLI,13,238,13.89,3306.0,62.682,125.364
MLI,14,195,13.63,2657.0,50.377,100.753
MLI,15,1643,15.92,26158.0,495.956,991.911
MLI,16,636,17.2,10940.0,207.422,414.845
MLI,17,1253,15.19,19027.0,360.752,721.504
MLI,18,426,16.69,7109.0,134.787,269.573
MLI,19,103,11.58,1193.0,22.619,45.239
MLI,20,108,11.16,1205.0,22.847,45.694
MLI,21,82,13.93,1142.0,21.652,43.305
MLI,22,52,12.12,630.0,11.945,23.89
MLU,5,481,16.28,7833.0,148.514,297.027
MLU,6,1013,18.52,18756.0,355.614,711.228
MLU,7,177,16.25,2876.0,54.529,109.058
MLU,8,3,11.67,35.0,0.664,1.327
MLU,10,1023,14.04,14358.0,272.228,544.455
MLU,11,201,15.13,3042.0,57.676,115.353
MLU,12,161,15.66,2521.0,47.798,95.596
MLU,13,27,15.0,405.0,7.679,15.358
MLU,14,175,13.15,2301.0,43.627,87.254
MLU,15,77,16.06,1237.0,23.454,46.907
MLU,17,472,15.28,7211.0,136.721,273.441
MLU,18,1024,16.31,16699.0,316.613,633.226
MOB,5,964,15.41,14856.0,281.67,563.34
MOB,6,838,16.57,13882.0,263.203,526.405
MOB,7,239,15.11,3612.0,68.484,136.967
MOB,9,309,13.48,4165.0,78.968,157.937
MOB,10,482,14.38,6931.0,131.412,262.824
MOB,11,57,15.54,886.0,16.799,33.597
MOB,12,929,13.69,12716.0,241.095,482.191
MOB,13,581,14.94,8682.0,164.611,329.221
MOB,14,309,14.98,4628.0,87.747,175.494
MOB,15,100,15.31,1531.0,29.028,58.056
MOB,16,106,17.8,1887.0,35.778,71.555
MOB,17,831,17.1,14207.0,269.365,538.729
MOB,18,534,14.42,7701.0,146.011,292.022
MOB,19,462,14.57,6733.0,127.658,255.315
MOB,20,1,11.0,11.0,0.209,0.417
MOT,5,781,23.55,18389.0,348.655,697.311
MOT,6,405,31.32,12683.0,240.47,480.939
MOT,7,1673,23.39,39137.0,742.038,1484.075
MOT,8,56,26.95,1509.0,28.611,57.221
MOT,9,2,14.0,28.0,0.531,1.062
MOT,10,56,18.2,1019.0,19.32,38.64
MOT,11,211,16.88,3562.0,67.536,135.071
MOT,12,879,19.05,16745.0,317.485,634.97
MOT,13,420,15.81,6639.0,125.875,251.751
MOT,14,94,16.87,1586.0,30.071,60.141
MOT,15,888,19.19,17042.0,323.116,646.233
MOT,16,136,17.24,2344.0,44.442,88.884
MOT,17,1037,18.09,18759.0,355.671,711.341
MOT,18,116,17.28,2005.0,38.015,76.03
MOT,19,53,13.75,729.0,13.822,27.644
MOT,20,90,16.88,1519.0,28.8,57.6
MOT,21,163,14.28,2328.0,44.139,88.278
MOT,22,78,16.62,1296.0,24.572,49.144
MQT,6,391,15.89,6214.0,117.817,235.635
MQT,7,554,19.95,11052.0,209.546,419.092
MQT,8,167,15.14,2528.0,47.931,95.862
MQT,9,2,11.0,22.0,0.417,0.834
MQT,10,27,11.11,300.0,5.688,11.376
MQT,11,117,14.31,1674.0,31.739,63.478
MQT,12,38,10.92,415.0,7.868,15.737
MQT,13,204,18.37,3748.0,71.062,142.124
MQT,14,167,14.44,2412.0,45.732,91.463
MQT,15,251,14.21,3566.0,67.611,135.223
MQT,16,67,16.25,1089.0,20.647,41.295
MQT,17,244,12.26,2992.0,56.728,113.457
MQT,18,477,16.47,7854.0,148.912,297.824
MQT,19,33,10.82,357.0,6.769,13.537
MQT,20,2,22.5,45.0,0.853,1.706
MRY,5,1247,16.26,20279.0,384.49,768.98
MRY,6,2220,16.35,36288.0,688.02,1376.041
MRY,7,316,19.25,6084.0,115.353,230.705
MRY,8,246,21.38,5260.0,99.73,199.459
MRY,9,488,15.6,7615.0,144.38,288.761
MRY,10,726,16.94,12300.0,233.208,466.416
MRY,11,161,15.39,2477.0,46.964,93.928
MRY,12,2310,15.95,36843.0,698.543,1397.087
MRY,13,550,15.59,8576.0,162.601,325.202
MRY,14,1649,21.33,35172.0,666.861,1333.722
MRY,15,326,17.97,5857.0,111.049,222.097
MRY,16,1384,15.72,21752.0,412.418,824.836
MRY,17,247,17.04,4208.0,79.784,159.567
MRY,18,345,18.72,6458.0,122.444,244.887
MRY,19,477,14.5,6917.0,131.146,262.293
MRY,20,582,20.08,11689.0,221.623,443.247
MRY,21,40,16.13,645.0,12.229,24.458
MRY,22,71,15.37,1091.0,20.685,41.371
MSN,5,1757,15.65,27491.0,521.229,1042.459
MSN,6,5864,17.23,101010.0,1915.15,3830.299
MSN,7,2913,15.47,45059.0,854.319,1708.637
MSN,8,1780,17.54,31226.0,592.045,1184.09
MSN,9,1277,14.2,18129.0,343.726,687.452
MSN,10,2304,15.38,35447.0,672.075,1344.15
MSN,11,2485,14.01,34818.0,660.149,1320.299
MSN,12,1526,17.1,26101.0,494.875,989.75
MSN,13,2173,15.85,34433.0,652.85,1305.699
MSN,14,1635,15.1,24692.0,468.16,936.321
MSN,15,2132,16.5,35188.0,667.164,1334.329
MSN,16,1893,16.24,30748.0,582.982,1165.964
MSN,17,4254,14.94,63558.0,1205.06,2410.119
MSN,18,2091,14.02,29315.0,555.812,1111.625
MSN,19,261,14.36,3748.0,71.062,142.124
MSN,20,163,15.47,2522.0,47.817,95.634
MSN,21,29,15.97,463.0,8.778,17.557
MSN,22,18,15.0,270.0,5.119,10.238
MSO,5,1472,21.47,31600.0,599.136,1198.272
MSO,6,1601,21.28,34068.0,645.929,1291.859
MSO,7,376,22.25,8365.0,158.6,317.201
MSO,8,223,26.33,5871.0,111.314,222.628
MSO,9,4,17.0,68.0,1.289,2.579
MSO,10,372,15.23,5667.0,107.446,214.893
MSO,11,369,15.37,5672.0,107.541,215.082
MSO,12,1206,14.97,18051.0,342.247,684.494
MSO,13,1618,15.54,25136.0,476.579,953.157
MSO,14,1698,17.32,29414.0,557.689,1115.379
MSO,15,425,14.84,6307.0,119.581,239.161
MSO,16,728,17.15,12487.0,236.754,473.507
MSO,17,994,17.88,17774.0,336.995,673.99
MSO,18,1017,17.41,17707.0,335.725,671.449
MSO,19,62,14.29,886.0,16.799,33.597
MSO,20,47,16.02,753.0,14.277,28.554
MSO,21,78,15.77,1230.0,23.321,46.642
MSO,22,97,14.86,1441.0,27.321,54.643
MSP,5,6219,17.75,110358.0,2092.388,4184.775
MSP,6,13562,18.54,251479.0,4768.042,9536.084
MSP,7,28332,21.5,609106.0,11548.65,23097.3
MSP,8,20383,19.18,390862.0,7410.744,14821.487
MSP,9,21200,19.86,421065.0,7983.392,15966.785
MSP,10,31526,17.54,552813.0,10481.334,20962.669
MSP,11,21585,16.68,360123.0,6827.932,13655.864
MSP,12,22900,17.13,392163.0,7435.41,14870.821
MSP,13,18916,17.49,330832.0,6272.575,12545.149
MSP,14,21795,17.3,377026.0,7148.413,14296.826
MSP,15,28961,17.92,519104.0,9842.212,19684.424
MSP,16,12009,17.72,212853.0,4035.693,8071.386
MSP,17,6809,17.71,120571.0,2286.026,4572.052
MSP,18,31412,18.3,574919.0,10900.464,21800.928
MSP,19,19403,19.21,372639.0,7065.235,14130.471
MSP,20,23541,19.09,449510.0,8522.71,17045.419
MSP,21,21894,17.12,374917.0,7108.426,14216.853
MSP,22,7160,15.74,112729.0,2137.342,4274.684
MSP,23,676,13.98,9449.0,179.153,358.306
MSY,0,2,29.5,59.0,1.119,2.237
MSY,1,1,9.0,9.0,0.171,0.341
MSY,2,2,15.0,30.0,0.569,1.138
MSY,5,8008,12.41,99398.0,1884.586,3769.172
MSY,6,12855,13.21,169810.0,3219.598,6439.195
MSY,7,11724,14.05,164664.0,3122.029,6244.059
MSY,8,6592,11.86,78149.0,1481.705,2963.41
MSY,9,7445,13.02,96907.0,1837.357,3674.713
MSY,10,10312,12.72,131126.0,2486.149,4972.298
MSY,11,9923,12.92,128212.0,2430.9,4861.799
MSY,12,8078,12.76,103060.0,1954.018,3908.035
MSY,13,7125,12.97,92428.0,1752.435,3504.87
MSY,14,9586,13.04,125032.0,2370.607,4741.213
MSY,15,8814,13.25,116794.0,2214.414,4428.828
MSY,16,9353,13.39,125207.0,2373.925,4747.849
MSY,17,10832,14.11,152878.0,2898.567,5797.134
MSY,18,10459,13.35,139655.0,2647.859,5295.718
MSY,19,9023,12.58,113529.0,2152.51,4305.02
MSY,20,4235,11.21,47492.0,900.448,1800.897
MSY,21,3358,10.82,36325.0,688.722,1377.444
MSY,22,1011,11.04,11159.0,211.575,423.149
MSY,23,19,11.58,220.0,4.171,8.342
MTJ,7,1151,24.93,28695.0,544.057,1088.114
MTJ,8,1,13.0,13.0,0.246,0.493
MTJ,9,2,9.5,19.0,0.36,0.72
MTJ,10,573,15.67,8977.0,170.204,340.408
MTJ,11,478,16.15,7718.0,146.333,292.667
MTJ,12,1254,16.58,20795.0,394.273,788.546
MTJ,13,1556,19.31,30052.0,569.786,1139.572
MTJ,14,1263,16.52,20859.0,395.487,790.973
MTJ,15,1124,22.41,25194.0,477.678,955.356
MTJ,16,330,16.06,5300.0,100.488,200.976
MTJ,17,139,16.24,2257.0,42.793,85.585
MTJ,18,3,10.0,30.0,0.569,1.138
MTJ,20,1,13.0,13.0,0.246,0.493
MVY,10,87,12.11,1054.0,19.984,39.968
MVY,11,337,14.31,4821.0,91.406,182.812
MVY,12,557,14.33,7984.0,151.377,302.753
MVY,13,373,13.51,5040.0,95.558,191.117
MVY,14,513,18.74,9614.0,182.281,364.563
MVY,15,362,16.26,5887.0,111.618,223.235
MVY,16,242,15.12,3660.0,69.394,138.787
MVY,17,466,14.61,6807.0,129.061,258.121
MVY,18,209,13.33,2785.0,52.804,105.607
MYR,5,1190,14.1,16777.0,318.092,636.184
MYR,6,2587,13.88,35899.0,680.645,1361.29
MYR,7,2391,14.24,34045.0,645.493,1290.986
MYR,8,1766,11.8,20842.0,395.164,790.329
MYR,9,1598,15.61,24940.0,472.862,945.725
MYR,10,2320,12.51,29013.0,550.086,1100.173
MYR,11,4544,13.42,60988.0,1156.332,2312.665
MYR,12,3081,14.7,45287.0,858.642,1717.283
MYR,13,2987,13.01,38874.0,737.051,1474.102
MYR,14,4152,14.12,58629.0,1111.606,2223.212
MYR,15,2486,12.57,31259.0,592.671,1185.341
MYR,16,2430,13.42,32604.0,618.172,1236.344
MYR,17,2930,13.03,38190.0,724.082,1448.165
MYR,18,3633,14.49,52635.0,997.96,1995.919
MYR,19,2605,13.89,36194.0,686.238,1372.476
MYR,20,1796,12.76,22914.0,434.449,868.899
MYR,21,1300,11.45,14882.0,282.163,564.325
MYR,22,254,10.98,2790.0,52.898,105.797
MYR,23,43,11.63,500.0,9.48,18.96
OAJ,5,970,19.54,18950.0,359.292,718.584
OAJ,6,253,22.66,5733.0,108.698,217.395
OAJ,7,148,26.51,3923.0,74.38,148.76
OAJ,8,2,17.5,35.0,0.664,1.327
OAJ,9,91,16.71,1521.0,28.838,57.676
OAJ,10,21,16.1,338.0,6.408,12.817
OAJ,11,206,15.7,3234.0,61.317,122.633
OAJ,12,60,14.67,880.0,16.685,33.37
OAJ,13,677,13.91,9415.0,178.508,357.017
OAJ,14,133,16.4,2181.0,41.352,82.704
OAJ,15,36,16.19,583.0,11.054,22.107
OAJ,16,49,15.94,781.0,14.808,29.616
OAJ,17,54,14.72,795.0,15.073,30.146
OAJ,18,285,18.71,5332.0,101.095,202.189
OAJ,19,87,13.99,1217.0,23.074,46.149
OAJ,20,178,15.0,2670.0,50.623,101.246
OAJ,22,1,32.0,32.0,0.607,1.213
OAK,5,6835,13.15,89902.0,1704.542,3409.084
OAK,6,10503,14.59,153243.0,2905.487,5810.975
OAK,7,7220,12.97,93619.0,1775.016,3550.032
OAK,8,9133,12.64,115452.0,2188.97,4377.94
OAK,9,9862,13.0,128206.0,2430.786,4861.572
OAK,10,6179,12.02,74248.0,1407.742,2815.484
OAK,11,6520,12.14,79125.0,1500.21,3000.42
OAK,12,6321,11.98,75732.0,1435.879,2871.757
OAK,13,7079,11.89,84150.0,1595.484,3190.968
OAK,14,5421,12.15,65882.0,1249.123,2498.245
OAK,15,5860,12.21,71547.0,1356.531,2713.062
OAK,16,5323,12.69,67550.0,1280.748,2561.496
OAK,17,6888,12.87,88645.0,1680.709,3361.418
OAK,18,7580,13.16,99719.0,1890.672,3781.344
OAK,19,8087,12.81,103567.0,1963.63,3927.261
OAK,20,8508,12.88,109561.0,2077.277,4154.553
OAK,21,2711,12.85,34827.0,660.32,1320.64
OAK,22,967,14.59,14110.0,267.526,535.051
OAK,23,24,13.96,335.0,6.352,12.703
OGG,0,1,50.0,50.0,0.948,1.896
OGG,1,1,7.0,7.0,0.133,0.265
OGG,2,1,12.0,12.0,0.228,0.455
OGG,6,2488,9.16,22788.0,432.06,864.121
OGG,7,3119,9.43,29416.0,557.727,1115.455
OGG,8,4127,9.87,40745.0,772.525,1545.05
OGG,9,4166,10.86,45262.0,858.168,1716.335
OGG,10,4748,12.27,58254.0,1104.496,2208.992
OGG,11,6842,11.25,76946.0,1458.896,2917.792
OGG,12,7498,12.03,90172.0,1709.661,3419.322
OGG,13,8296,12.28,101892.0,1931.872,3863.745
OGG,14,7921,12.21,96679.0,1833.034,3666.068
OGG,15,5796,10.84,62815.0,1190.972,2381.945
OGG,16,4342,10.61,46058.0,873.26,1746.519
OGG,17,4362,9.84,42917.0,813.706,1627.413
OGG,18,2725,9.44,25721.0,487.67,975.34
OGG,19,3232,9.88,31936.0,605.507,1211.013
OGG,20,3909,10.76,42047.0,797.211,1594.422
OGG,21,3591,11.67,41917.0,794.746,1589.493
OGG,22,2886,12.79,36902.0,699.662,1399.324
OGG,23,1212,13.25,16062.0,304.536,609.071
OKC,5,4196,13.9,58334.0,1106.013,2212.025
OKC,6,7451,14.7,109547.0,2077.011,4154.022
OKC,7,7462,15.63,116646.0,2211.608,4423.216
OKC,8,4478,16.68,74673.0,1415.8,2831.6
OKC,9,2302,19.21,44232.0,838.639,1677.277
OKC,10,3115,14.52,45241.0,857.769,1715.539
OKC,11,4005,14.19,56826.0,1077.421,2154.842
OKC,12,3894,12.7,49444.0,937.458,1874.916
OKC,13,3986,13.28,52921.0,1003.382,2006.764
OKC,14,5532,14.26,78891.0,1495.773,2991.547
OKC,15,3053,13.07,39898.0,756.466,1512.932
OKC,16,4011,14.6,58552.0,1110.146,2220.292
OKC,17,5145,15.84,81522.0,1545.657,3091.314
OKC,18,4473,14.09,63039.0,1195.219,2390.439
OKC,19,2226,12.35,27490.0,521.21,1042.421
OKC,20,1927,12.83,24715.0,468.596,937.193
OKC,21,239,10.18,2432.0,46.111,92.221
OKC,22,29,13.38,388.0,7.356,14.713
OKC,23,15,12.07,181.0,3.432,6.864
OMA,5,4927,15.91,78413.0,1486.71,2973.421
OMA,6,10380,16.89,175355.0,3324.731,6649.462
OMA,7,3983,15.96,63549.0,1204.889,2409.778
OMA,8,2946,16.51,48626.0,921.949,1843.898
OMA,9,2604,18.75,48824.0,925.703,1851.406
OMA,10,3747,13.73,51465.0,975.776,1951.553
OMA,11,5553,13.89,77114.0,1462.081,2924.163
OMA,12,3162,12.17,38478.0,729.543,1459.086
OMA,13,5081,14.32,72757.0,1379.473,2758.945
OMA,14,4176,12.97,54169.0,1027.044,2054.088
OMA,15,5415,14.25,77180.0,1463.333,2926.666
OMA,16,2758,12.53,34552.0,655.106,1310.212
OMA,17,5829,15.9,92662.0,1756.872,3513.743
OMA,18,5022,13.35,67045.0,1271.173,2542.346
OMA,19,2911,12.76,37134.0,704.061,1408.121
OMA,20,1036,11.51,11924.0,226.079,452.158
OMA,21,491,11.89,5836.0,110.651,221.301
OMA,22,129,15.66,2020.0,38.299,76.598
OMA,23,15,12.2,183.0,3.47,6.939
OME,10,2,7.5,15.0,0.284,0.569
OME,11,1,17.0,17.0,0.322,0.645
OME,12,44,10.16,447.0,8.475,16.95
OME,13,117,10.32,1207.0,22.885,45.769
OME,16,5,9.4,47.0,0.891,1.782
OME,17,1014,10.43,10577.0,200.54,401.08
OME,18,26,8.81,229.0,4.342,8.684
OME,22,1,14.0,14.0,0.265,0.531
OME,23,2,12.0,24.0,0.455,0.91
ONT,0,594,12.73,7563.0,143.394,286.789
ONT,5,4855,12.4,60192.0,1141.24,2282.481
ONT,6,10243,14.78,151368.0,2869.937,5739.875
ONT,7,4339,14.17,61488.0,1165.812,2331.625
ONT,8,4257,12.77,54347.0,1030.419,2060.838
ONT,9,3184,12.2,38840.0,736.406,1472.813
ONT,10,5535,14.11,78122.0,1481.193,2962.386
ONT,11,4005,13.09,52436.0,994.187,1988.373
ONT,12,5028,12.95,65116.0,1234.599,2469.199
ONT,13,5143,13.95,71721.0,1359.83,2719.66
ONT,14,3382,13.03,44054.0,835.264,1670.528
ONT,15,2797,13.26,37101.0,703.435,1406.87
ONT,16,4055,14.06,57021.0,1081.118,2162.236
ONT,17,3716,14.08,52339.0,992.347,1984.695
ONT,18,3513,14.33,50348.0,954.598,1909.196
ONT,19,3394,12.02,40781.0,773.208,1546.416
ONT,20,2630,11.3,29725.0,563.586,1127.172
ONT,21,1426,11.85,16902.0,320.462,640.924
ONT,22,2194,13.91,30514.0,578.545,1157.091
ONT,23,1628,12.9,20998.0,398.122,796.244
ORD,0,331,19.95,6605.0,125.231,250.462
ORD,5,8926,16.38,146240.0,2772.71,5545.421
ORD,6,23513,17.99,423063.0,8021.274,16042.549
ORD,7,63571,23.07,1466677.0,27808.196,55616.392
ORD,8,77593,24.67,1914415.0,36297.308,72594.617
ORD,9,65509,26.46,1733518.0,32867.501,65735.003
ORD,10,63423,23.15,1468107.0,27835.309,55670.617
ORD,11,35129,22.13,777314.0,14737.873,29475.747
ORD,12,39823,21.55,858141.0,16270.353,32540.707
ORD,13,60763,22.97,1395677.0,26462.036,52924.072
ORD,14,60501,25.05,1515600.0,28735.776,57471.552
ORD,15,43160,22.49,970499.0,18400.661,36801.322
ORD,16,40582,23.45,951595.0,18042.241,36084.482
ORD,17,39498,23.25,918281.0,17410.608,34821.216
ORD,18,76378,29.42,2247288.0,42608.58,85217.161
ORD,19,58196,25.45,1481044.0,28080.594,56161.188
ORD,20,61409,25.88,1589103.0,30129.393,60258.786
ORD,21,28324,23.43,663641.0,12582.633,25165.267
ORD,22,6400,21.94,140411.0,2662.193,5324.385
ORD,23,434,18.37,7974.0,151.187,302.374
ORF,5,4498,14.75,66356.0,1258.11,2516.22
ORF,6,10717,16.22,173847.0,3296.139,6592.278
ORF,7,3336,15.54,51852.0,983.114,1966.228
ORF,8,3403,16.81,57198.0,1084.474,2168.948
ORF,9,2182,17.54,38262.0,725.448,1450.895
ORF,10,3877,14.86,57594.0,1091.982,2183.964
ORF,11,3029,17.38,52641.0,998.073,1996.147
ORF,12,3740,16.63,62190.0,1179.122,2358.245
ORF,13,3337,18.07,60291.0,1143.117,2286.235
ORF,14,2332,15.59,36357.0,689.329,1378.657
ORF,15,5006,16.95,84834.0,1608.453,3216.905
ORF,16,2972,16.64,49442.0,937.42,1874.841
ORF,17,3739,17.92,67012.0,1270.548,2541.095
ORF,18,3890,16.99,66074.0,1252.763,2505.526
ORF,19,3004,14.64,43991.0,834.069,1668.139
ORF,20,1563,16.25,25391.0,481.413,962.827
ORF,21,225,13.26,2984.0,56.577,113.153
ORF,22,62,14.16,878.0,16.647,33.294
ORF,23,8,12.88,103.0,1.953,3.906
ORH,6,155,15.7,2433.0,46.13,92.259
ORH,9,14,23.64,331.0,6.276,12.552
ORH,10,46,14.41,663.0,12.57,25.141
ORH,11,71,16.32,1159.0,21.975,43.949
ORH,12,156,16.96,2646.0,50.168,100.336
ORH,13,1046,18.12,18951.0,359.311,718.622
ORH,14,564,17.86,10074.0,191.003,382.006
ORH,15,460,17.75,8166.0,154.827,309.655
ORH,16,830,17.96,14909.0,282.675,565.349
ORH,17,296,19.97,5910.0,112.054,224.107
ORH,18,47,17.0,799.0,15.149,30.298
ORH,19,12,12.58,151.0,2.863,5.726
ORH,20,43,12.4,533.0,10.106,20.211
OTH,12,250,16.05,4012.0,76.068,152.135
OTH,13,592,15.46,9153.0,173.541,347.082
OTH,14,321,14.66,4706.0,89.226,178.452
OTZ,11,631,9.78,6174.0,117.059,234.118
OTZ,12,153,8.41,1286.0,24.383,48.765
OTZ,18,11,7.91,87.0,1.65,3.299
OTZ,19,393,8.31,3266.0,61.923,123.847
OWB,8,28,8.14,228.0,4.323,8.646
OWB,9,1,25.0,25.0,0.474,0.948
OWB,10,3,18.0,54.0,1.024,2.048
OWB,14,7,5.57,39.0,0.739,1.479
OWB,20,4,5.5,22.0,0.417,0.834
PAE,6,14,24.43,342.0,6.484,12.969
PAE,7,561,19.68,11041.0,209.337,418.675
PAE,8,391,16.71,6533.0,123.866,247.731
PAE,9,209,19.27,4028.0,76.371,152.742
PAE,10,126,15.61,1967.0,37.294,74.589
PAE,11,116,15.66,1816.0,34.431,68.863
PAE,12,55,13.62,749.0,14.201,28.402
PAE,13,112,14.64,1640.0,31.094,62.189
PAE,14,217,15.15,3287.0,62.322,124.643
PAE,15,130,16.81,2185.0,41.428,82.855
PAE,16,358,15.36,5499.0,104.261,208.522
PAE,17,71,14.87,1056.0,20.022,40.044
PAE,18,309,14.36,4436.0,84.107,168.213
PAE,19,116,17.46,2025.0,38.394,76.788
PAE,20,86,15.0,1290.0,24.458,48.917
PAE,21,19,17.16,326.0,6.181,12.362
PBG,9,64,20.06,1284.0,24.345,48.689
PBG,10,230,16.93,3894.0,73.83,147.66
PBG,11,307,15.67,4810.0,91.198,182.395
PBG,12,117,15.09,1765.0,33.464,66.929
PBG,13,52,16.69,868.0,16.457,32.915
PBG,14,82,16.13,1323.0,25.084,50.168
PBG,15,34,13.94,474.0,8.987,17.974
PBG,16,10,14.4,144.0,2.73,5.46
PBG,17,23,14.61,336.0,6.371,12.741
PBG,18,181,14.82,2683.0,50.87,101.739
PBG,19,233,15.0,3495.0,66.265,132.53
PBG,20,63,12.9,813.0,15.414,30.829
PBI,5,223,11.02,2458.0,46.604,93.207
PBI,6,7026,12.88,90518.0,1716.221,3432.443
PBI,7,7015,13.46,94397.0,1789.767,3579.534
PBI,8,3735,13.71,51221.0,971.15,1942.3
PBI,9,2807,14.75,41397.0,784.887,1569.774
PBI,10,5949,15.41,91702.0,1738.67,3477.34
PBI,11,8243,17.16,141489.0,2682.631,5365.263
PBI,12,6745,17.84,120355.0,2281.931,4563.862
PBI,13,5889,17.18,101194.0,1918.638,3837.276
PBI,14,4596,17.46,80247.0,1521.483,3042.966
PBI,15,5873,17.42,102297.0,1939.551,3879.102
PBI,16,5374,17.55,94332.0,1788.535,3577.069
PBI,17,5031,15.87,79847.0,1513.899,3027.798
PBI,18,5908,15.33,90595.0,1717.681,3435.362
PBI,19,7736,14.92,115448.0,2188.894,4377.788
PBI,20,2833,13.87,39280.0,744.749,1489.498
PBI,21,811,13.38,10854.0,205.792,411.584
PBI,22,165,13.43,2216.0,42.015,84.031
PDX,0,1718,13.01,22356.0,423.87,847.74
PDX,1,7,13.71,96.0,1.82,3.64
PDX,5,9865,13.28,130999.0,2483.741,4967.482
PDX,6,11824,14.18,167717.0,3179.914,6359.829
PDX,7,19375,18.84,365109.0,6922.467,13844.933
PDX,8,9628,15.12,145598.0,2760.538,5521.076
PDX,9,8970,15.62,140078.0,2655.879,5311.758
PDX,10,15032,16.2,243511.0,4616.969,9233.937
PDX,11,10502,14.17,148837.0,2821.95,5643.899
PDX,12,8155,13.15,107238.0,2033.232,4066.465
PDX,13,11446,13.96,159760.0,3029.05,6058.099
PDX,14,10515,15.29,160752.0,3047.858,6095.716
PDX,15,7138,14.4,102789.0,1948.879,3897.759
PDX,16,5741,13.44,77167.0,1463.086,2926.173
PDX,17,12031,15.7,188832.0,3580.255,7160.509
PDX,18,6176,13.69,84523.0,1602.556,3205.112
PDX,19,8629,15.14,130617.0,2476.498,4952.997
PDX,20,4846,13.69,66335.0,1257.712,2515.423
PDX,21,6846,14.3,97898.0,1856.146,3712.292
PDX,22,4729,13.99,66175.0,1254.678,2509.356
PDX,23,4506,13.57,61155.0,1159.499,2318.998
PGD,5,39,16.08,627.0,11.888,23.776
PGD,6,1216,11.99,14576.0,276.361,552.722
PGD,7,2101,11.52,24209.0,459.003,918.005
PGD,8,2087,12.12,25299.0,479.669,959.338
PGD,9,1089,13.13,14298.0,271.09,542.18
PGD,10,1118,13.91,15548.0,294.79,589.58
PGD,11,1242,13.9,17268.0,327.401,654.803
PGD,12,1330,13.7,18217.0,345.394,690.789
PGD,13,772,13.99,10798.0,204.73,409.46
PGD,14,1435,14.18,20351.0,385.855,771.71
PGD,15,2250,14.18,31906.0,604.938,1209.876
PGD,16,1943,13.63,26477.0,502.004,1004.008
PGD,17,839,12.98,10888.0,206.436,412.873
PGD,18,977,13.18,12874.0,244.091,488.182
PGD,19,520,13.0,6758.0,128.132,256.263
PGD,20,545,13.39,7300.0,138.408,276.816
PGD,21,288,14.67,4225.0,80.106,160.212
PGD,22,32,14.47,463.0,8.778,17.557
PGD,23,1,9.0,9.0,0.171,0.341
PGV,17,30,21.1,633.0,12.002,24.003
PGV,18,78,21.1,1646.0,31.208,62.416
PGV,20,5,15.8,79.0,1.498,2.996
PHF,11,2,18.0,36.0,0.683,1.365
PHF,15,2,9.5,19.0,0.36,0.72
PHF,16,1,20.0,20.0,0.379,0.758
PHL,5,8301,16.15,134077.0,2542.1,5084.2
PHL,6,19612,17.57,344491.0,6531.549,13063.099
PHL,7,10637,17.64,187678.0,3558.375,7116.75
PHL,8,30231,22.77,688307.0,13050.301,26100.601
PHL,9,11420,21.43,244696.0,4639.436,9278.872
PHL,10,27173,22.14,601564.0,11405.653,22811.307
PHL,11,14263,19.69,280780.0,5323.589,10647.178
PHL,12,9662,16.13,155831.0,2954.556,5909.112
PHL,13,19696,18.48,364015.0,6901.724,13803.449
PHL,14,10697,18.86,201760.0,3825.37,7650.739
PHL,15,21561,20.12,433786.0,8224.583,16449.165
PHL,16,10664,20.46,218184.0,4136.769,8273.537
PHL,17,12851,20.06,257737.0,4886.694,9773.387
PHL,18,31933,24.24,774116.0,14677.239,29354.479
PHL,19,21765,27.93,607790.0,11523.698,23047.397
PHL,20,10571,19.72,208425.0,3951.738,7903.476
PHL,21,10854,20.73,224974.0,4265.507,8531.014
PHL,22,1177,17.29,20346.0,385.76,771.52
PHL,23,277,17.68,4897.0,92.847,185.694
PHX,0,3182,13.45,42810.0,811.678,1623.355
PHX,1,209,13.47,2816.0,53.391,106.783
PHX,2,1,13.0,13.0,0.246,0.493
PHX,5,13299,12.53,166649.0,3159.665,6319.33
PHX,6,25291,14.57,368615.0,6988.94,13977.881
PHX,7,30347,15.78,478846.0,9078.92,18157.84
PHX,8,47682,19.13,911931.0,17290.212,34580.424
PHX,9,39612,19.16,759022.0,14391.057,28782.114
PHX,10,40137,18.84,755997.0,14333.703,28667.406
PHX,11,33217,17.45,579540.0,10988.078,21976.157
PHX,12,29616,15.06,445903.0,8454.321,16908.642
PHX,13,33809,14.88,503194.0,9540.558,19081.116
PHX,14,29068,14.25,414137.0,7852.038,15704.075
PHX,15,35533,14.41,512072.0,9708.885,19417.77
PHX,16,37711,14.58,549715.0,10422.596,20845.193
PHX,17,30475,14.06,428440.0,8123.222,16246.445
PHX,18,29282,13.62,398692.0,7559.2,15118.401
PHX,19,28966,14.31,414579.0,7860.418,15720.836
PHX,20,30370,15.18,460908.0,8738.816,17477.631
PHX,21,19543,14.51,283589.0,5376.847,10753.695
PHX,22,13158,12.98,170831.0,3238.956,6477.912
PHX,23,12808,14.56,186423.0,3534.58,7069.16
PIA,1,1,8.0,8.0,0.152,0.303
PIA,5,302,21.66,6541.0,124.017,248.035
PIA,6,2029,20.07,40730.0,772.241,1544.482
PIA,7,960,17.77,17060.0,323.458,646.915
PIA,8,542,17.95,9729.0,184.462,368.924
PIA,9,451,13.31,6005.0,113.855,227.71
PIA,10,1168,15.2,17758.0,336.692,673.383
PIA,11,812,15.54,12619.0,239.256,478.512
PIA,12,281,11.48,3227.0,61.184,122.368
PIA,13,264,13.39,3536.0,67.043,134.085
PIA,14,486,15.01,7296.0,138.332,276.664
PIA,15,1664,16.64,27696.0,525.116,1050.232
PIA,16,1276,15.9,20290.0,384.698,769.397
PIA,17,735,17.4,12789.0,242.479,484.959
PIA,18,477,13.49,6437.0,122.046,244.091
PIA,19,133,13.43,1786.0,33.863,67.725
PIA,20,358,12.77,4570.0,86.647,173.294
PIA,21,200,11.53,2306.0,43.722,87.444
PIA,22,98,11.28,1105.0,20.951,41.902
PIB,7,61,12.67,773.0,14.656,29.312
PIB,8,1,11.0,11.0,0.209,0.417
PIB,10,405,13.24,5362.0,101.664,203.327
PIB,11,436,13.87,6049.0,114.689,229.378
PIB,12,103,13.76,1417.0,26.866,53.733
PIB,14,32,15.41,493.0,9.347,18.695
PIB,15,107,15.08,1614.0,30.601,61.203
PIB,16,209,12.86,2688.0,50.964,101.929
PIB,17,185,12.94,2393.0,45.371,90.743
PIB,18,269,11.09,2983.0,56.558,113.115
PIB,19,34,9.79,333.0,6.314,12.627
PIE,5,2,13.5,27.0,0.512,1.024
PIE,6,2711,12.51,33921.0,643.142,1286.284
PIE,7,2196,12.32,27045.0,512.773,1025.546
PIE,8,1665,13.0,21640.0,410.294,820.589
PIE,9,1015,13.91,14120.0,267.715,535.43
PIE,10,1127,14.53,16373.0,310.432,620.864
PIE,11,1691,14.75,24942.0,472.9,945.801
PIE,12,2196,15.6,34254.0,649.456,1298.912
PIE,13,1706,15.28,26076.0,494.401,988.802
PIE,14,1135,14.31,16245.0,308.005,616.01
PIE,15,1887,14.63,27611.0,523.505,1047.009
PIE,16,1604,14.37,23051.0,437.047,874.094
PIE,17,1525,14.29,21793.0,413.195,826.391
PIE,18,2072,13.72,28425.0,538.938,1077.876
PIE,19,1284,13.02,16723.0,317.068,634.136
PIE,20,714,12.96,9255.0,175.475,350.95
PIE,21,543,13.45,7303.0,138.465,276.93
PIE,22,61,12.82,782.0,14.827,29.653
PIH,6,820,12.72,10433.0,197.81,395.619
PIH,7,59,16.2,956.0,18.126,36.252
PIH,8,33,8.06,266.0,5.043,10.087
PIH,9,6,17.83,107.0,2.029,4.057
PIH,12,12,11.25,135.0,2.56,5.119
PIH,13,541,12.13,6564.0,124.453,248.907
PIH,14,63,11.16,703.0,13.329,26.658
PIH,15,198,9.84,1949.0,36.953,73.906
PIR,6,149,17.66,2631.0,49.884,99.768
PIR,17,107,21.29,2278.0,43.191,86.382
PIR,18,13,18.92,246.0,4.664,9.328
PIR,19,22,23.27,512.0,9.708,19.415
PIT,5,5474,14.86,81343.0,1542.263,3084.527
PIT,6,19125,16.46,314838.0,5969.328,11938.657
PIT,7,10869,16.09,174864.0,3315.421,6630.843
PIT,8,8433,16.03,135211.0,2563.601,5127.201
PIT,9,4597,14.92,68594.0,1300.542,2601.084
PIT,10,7634,14.2,108416.0,2055.567,4111.135
PIT,11,7995,13.92,111315.0,2110.532,4221.065
PIT,12,5924,14.22,84213.0,1596.678,3193.357
PIT,13,6898,13.83,95366.0,1808.139,3616.279
PIT,14,5362,14.8,79369.0,1504.836,3009.672
PIT,15,5378,14.74,79258.0,1502.732,3005.463
PIT,16,9390,15.51,145617.0,2760.898,5521.797
PIT,17,10288,15.19,156263.0,2962.746,5925.493
PIT,18,7911,15.45,122231.0,2317.5,4635.0
PIT,19,7066,14.95,105640.0,2002.934,4005.869
PIT,20,3299,13.06,43074.0,816.683,1633.366
PIT,21,1313,12.24,16077.0,304.82,609.64
PIT,22,352,13.27,4672.0,88.581,177.162
PIT,23,17,12.47,212.0,4.02,8.039
PLN,6,355,14.4,5111.0,96.905,193.809
PLN,7,62,18.19,1128.0,21.387,42.774
PLN,8,54,13.02,703.0,13.329,26.658
PLN,10,395,14.67,5794.0,109.854,219.708
PLN,11,1,8.0,8.0,0.152,0.303
PLN,12,140,14.61,2045.0,38.773,77.546
PLN,13,38,12.58,478.0,9.063,18.126
PLN,14,404,13.96,5640.0,106.934,213.869
PLN,15,211,14.22,3000.0,56.88,113.76
PLN,16,2,15.5,31.0,0.588,1.176
PLN,17,390,14.68,5726.0,108.565,217.13
PLN,18,260,14.72,3827.0,72.56,145.12
PLN,19,129,14.17,1828.0,34.659,69.318
PLN,21,1,6.0,6.0,0.114,0.228
PLN,22,2,5.5,11.0,0.209,0.417
PNS,5,1664,16.13,26840.0,508.886,1017.773
PNS,6,3881,13.96,54197.0,1027.575,2055.15
PNS,7,3992,13.55,54094.0,1025.622,2051.244
PNS,8,1238,12.63,15633.0,296.402,592.803
PNS,9,2245,12.7,28521.0,540.758,1081.516
PNS,10,2520,12.93,32582.0,617.755,1235.509
PNS,11,3409,13.27,45228.0,857.523,1715.046
PNS,12,2087,13.73,28649.0,543.185,1086.37
PNS,13,1876,13.25,24853.0,471.213,942.426
PNS,14,2863,13.89,39769.0,754.02,1508.04
PNS,15,3132,15.01,47011.0,891.329,1782.657
PNS,16,2428,14.34,34824.0,660.263,1320.526
PNS,17,2458,13.73,33745.0,639.805,1279.61
PNS,18,1332,13.15,17521.0,332.198,664.396
PNS,19,2481,12.97,32179.0,610.114,1220.228
PNS,20,230,11.86,2727.0,51.704,103.408
PNS,21,170,12.35,2100.0,39.816,79.632
PNS,22,40,11.63,465.0,8.816,17.633
PPG,23,397,14.09,5594.0,106.062,212.124
PQI,5,472,15.41,7274.0,137.915,275.83
PQI,6,7,22.86,160.0,3.034,6.067
PRC,5,38,19.71,749.0,14.201,28.402
PRC,6,10,26.0,260.0,4.93,9.859
PRC,7,77,25.1,1933.0,36.65,73.299
PRC,8,611,19.86,12133.0,230.042,460.083
PRC,9,309,21.31,6585.0,124.852,249.703
PRC,10,44,23.5,1034.0,19.605,39.209
PRC,11,7,16.0,112.0,2.124,4.247
PRC,12,58,19.19,1113.0,21.102,42.205
PRC,16,7,19.0,133.0,2.522,5.043
PRC,17,757,19.59,14833.0,281.234,562.467
PRC,18,311,20.99,6527.0,123.752,247.504
PSC,2,1,11.0,11.0,0.209,0.417
PSC,5,3192,18.72,59759.0,1133.031,2266.061
PSC,6,2240,17.53,39263.0,744.426,1488.853
PSC,7,1277,19.62,25050.0,474.948,949.896
PSC,8,588,18.8,11052.0,209.546,419.092
PSC,9,410,15.12,6198.0,117.514,235.028
PSC,10,228,14.79,3371.0,63.914,127.828
PSC,11,1443,16.85,24309.0,460.899,921.797
PSC,12,1281,14.41,18460.0,350.002,700.003
PSC,13,2531,16.38,41446.0,785.816,1571.632
PSC,14,380,15.93,6052.0,114.746,229.492
PSC,15,438,15.97,6996.0,132.644,265.288
PSC,16,51,12.29,627.0,11.888,23.776
PSC,17,2129,16.41,34931.0,662.292,1324.584
PSC,18,232,15.4,3572.0,67.725,135.45
PSC,19,284,15.77,4479.0,84.922,169.844
PSC,20,146,14.75,2153.0,40.821,81.642
PSC,21,125,14.02,1753.0,33.237,66.474
PSE,0,6,13.33,80.0,1.517,3.034
PSE,1,140,13.52,1893.0,35.891,71.783
PSE,2,227,13.36,3033.0,57.506,115.011
PSE,3,180,12.75,2295.0,43.513,87.026
PSE,4,90,13.38,1204.0,22.828,45.656
PSE,5,515,13.23,6816.0,129.231,258.463
PSE,6,256,13.65,3495.0,66.265,132.53
PSE,7,7,12.29,86.0,1.631,3.261
PSE,8,92,11.48,1056.0,20.022,40.044
PSE,9,127,13.1,1664.0,31.549,63.099
PSE,10,150,13.41,2012.0,38.148,76.295
PSE,11,114,14.85,1693.0,32.099,64.199
PSE,12,148,15.07,2230.0,42.281,84.562
PSE,13,71,15.07,1070.0,20.287,40.574
PSE,14,51,18.29,933.0,17.69,35.379
PSE,15,104,15.62,1624.0,30.791,61.582
PSE,16,158,16.46,2601.0,49.315,98.63
PSE,17,64,14.39,921.0,17.462,34.924
PSE,19,6,15.83,95.0,1.801,3.602
PSE,20,1,13.0,13.0,0.246,0.493
PSE,21,146,13.42,1960.0,37.162,74.323
PSE,22,5,10.4,52.0,0.986,1.972
PSE,23,13,12.54,163.0,3.09,6.181
PSG,11,306,10.3,3153.0,59.781,119.562
PSG,12,711,11.36,8078.0,153.159,306.318
PSG,13,43,12.02,517.0,9.802,19.605
PSG,14,382,10.79,4123.0,78.172,156.344
PSG,15,680,11.65,7921.0,150.182,300.364
PSM,9,48,15.77,757.0,14.353,28.705
PSM,10,220,16.39,3605.0,68.351,136.702
PSM,11,233,16.1,3752.0,71.138,142.276
PSM,12,120,15.73,1887.0,35.778,71.555
PSM,13,78,15.24,1189.0,22.543,45.087
PSM,14,45,14.33,645.0,12.229,24.458
PSM,15,19,17.32,329.0,6.238,12.476
PSM,16,8,16.0,128.0,2.427,4.854
PSM,17,32,16.22,519.0,9.84,19.68
PSM,18,129,16.58,2139.0,40.555,81.111
PSM,19,147,15.31,2250.0,42.66,85.32
PSM,20,102,14.7,1499.0,28.421,56.842
PSM,21,20,12.9,258.0,4.892,9.783
PSP,0,1,12.0,12.0,0.228,0.455
PSP,5,1609,14.17,22792.0,432.136,864.273
PSP,6,4490,15.24,68420.0,1297.243,2594.486
PSP,7,2992,15.31,45808.0,868.52,1737.039
PSP,8,2228,20.04,44649.0,846.545,1693.09
PSP,9,2193,17.03,37343.0,708.023,1416.047
PSP,10,2653,17.33,45984.0,871.857,1743.713
PSP,11,3371,16.49,55579.0,1053.778,2107.556
PSP,12,4105,16.69,68532.0,1299.367,2598.733
PSP,13,5235,17.1,89524.0,1697.375,3394.75
PSP,14,2296,15.94,36600.0,693.936,1387.872
PSP,15,2536,16.03,40648.0,770.686,1541.372
PSP,16,2489,17.64,43905.0,832.439,1664.878
PSP,17,2667,15.46,41233.0,781.778,1563.555
PSP,18,1868,16.06,29995.0,568.705,1137.41
PSP,19,983,15.11,14854.0,281.632,563.264
PSP,20,237,14.68,3478.0,65.943,131.886
PSP,21,241,12.57,3030.0,57.449,114.898
PSP,22,1,11.0,11.0,0.209,0.417
PSP,23,92,14.35,1320.0,25.027,50.054
PUB,9,12,18.33,220.0,4.171,8.342
PUB,13,13,12.77,166.0,3.147,6.295
PVD,5,3401,15.76,53594.0,1016.142,2032.284
PVD,6,6991,14.88,104011.0,1972.049,3944.097
PVD,7,3317,13.57,45025.0,853.674,1707.348
PVD,8,1561,14.14,22075.0,418.542,837.084
PVD,9,1485,14.02,20816.0,394.671,789.343
PVD,10,1969,12.04,23711.0,449.561,899.121
PVD,11,1376,14.24,19594.0,371.502,743.004
PVD,12,3672,14.65,53788.0,1019.82,2039.641
PVD,13,2648,12.93,34250.0,649.38,1298.76
PVD,14,2142,15.5,33194.0,629.358,1258.716
PVD,15,2101,14.83,31151.0,590.623,1181.246
PVD,16,3199,15.34,49078.0,930.519,1861.038
PVD,17,4703,15.37,72299.0,1370.789,2741.578
PVD,18,2636,13.0,34269.0,649.74,1299.48
PVD,19,2101,13.65,28674.0,543.659,1087.318
PVD,20,632,12.09,7639.0,144.835,289.671
PVD,21,111,12.42,1379.0,26.146,52.292
PVU,5,293,24.52,7185.0,136.228,272.455
PVU,6,436,21.83,9520.0,180.499,360.998
PVU,7,692,22.35,15466.0,293.235,586.471
PVU,8,1210,22.2,26867.0,509.398,1018.797
PVU,9,659,19.82,13060.0,247.618,495.235
PVU,10,533,19.29,10280.0,194.909,389.818
PVU,11,765,18.44,14104.0,267.412,534.824
PVU,12,554,18.36,10171.0,192.842,385.684
PVU,13,552,18.62,10279.0,194.89,389.78
PVU,14,394,18.08,7122.0,135.033,270.066
PVU,15,408,18.21,7430.0,140.873,281.746
PVU,16,121,16.12,1950.0,36.972,73.944
PVU,17,183,16.02,2932.0,55.591,111.181
PVU,18,174,15.38,2676.0,50.737,101.474
PVU,19,103,17.57,1810.0,34.318,68.635
PVU,20,23,20.26,466.0,8.835,17.671
PVU,21,15,16.0,240.0,4.55,9.101
PVU,22,10,20.6,206.0,3.906,7.812
PVU,23,4,13.75,55.0,1.043,2.086
PWM,5,4158,18.17,75532.0,1432.087,2864.173
PWM,6,4675,16.03,74921.0,1420.502,2841.004
PWM,7,1690,15.49,26179.0,496.354,992.708
PWM,8,543,16.18,8784.0,166.545,333.089
PWM,9,730,13.56,9902.0,187.742,375.484
PWM,10,973,14.92,14516.0,275.223,550.447
PWM,11,2009,15.52,31177.0,591.116,1182.232
PWM,12,3321,15.32,50876.0,964.609,1929.218
PWM,13,1881,13.94,26229.0,497.302,994.604
PWM,14,2338,17.98,42040.0,797.078,1594.157
PWM,15,2222,16.69,37095.0,703.321,1406.642
PWM,16,3192,16.17,51611.0,978.545,1957.089
PWM,17,2697,16.17,43618.0,826.997,1653.995
PWM,18,891,15.29,13624.0,258.311,516.622
PWM,19,963,13.99,13475.0,255.486,510.972
PWM,20,253,13.82,3496.0,66.284,132.568
PWM,21,51,14.35,732.0,13.879,27.757
PWM,22,35,13.94,488.0,9.252,18.505
RAP,2,1,13.0,13.0,0.246,0.493
RAP,5,1397,21.36,29836.0,565.691,1131.381
RAP,6,1164,17.97,20912.0,396.492,792.983
RAP,7,944,23.75,22417.0,425.026,850.053
RAP,8,952,29.43,28013.0,531.126,1062.253
RAP,9,285,20.37,5805.0,110.063,220.126
RAP,10,677,16.22,10980.0,208.181,416.362
RAP,11,2048,16.45,33686.0,638.687,1277.373
RAP,12,1449,15.0,21739.0,412.171,824.343
RAP,13,1339,15.2,20348.0,385.798,771.596
RAP,14,278,16.17,4494.0,85.206,170.412
RAP,15,749,22.17,16606.0,314.85,629.7
RAP,16,1714,16.9,28969.0,549.252,1098.504
RAP,17,665,19.31,12839.0,243.427,486.855
RAP,18,351,17.52,6149.0,116.585,233.17
RAP,19,87,13.72,1194.0,22.638,45.276
RAP,20,64,10.91,698.0,13.234,26.468
RAP,21,96,12.98,1246.0,23.624,47.248
RAP,22,96,15.58,1496.0,28.364,56.728
RDD,5,302,16.01,4835.0,91.672,183.343
RDD,6,686,15.78,10828.0,205.299,410.598
RDD,7,89,16.06,1429.0,27.094,54.188
RDD,10,284,17.4,4941.0,93.681,187.363
RDD,12,179,18.07,3235.0,61.336,122.671
RDD,13,360,17.57,6326.0,119.941,239.882
RDD,14,640,17.21,11015.0,208.844,417.689
RDD,15,639,15.64,9993.0,189.467,378.935
RDD,16,406,16.0,6498.0,123.202,246.404
RDD,17,260,13.84,3598.0,68.218,136.436
RDD,18,263,16.78,4412.0,83.652,167.303
RDD,19,190,16.16,3070.0,58.207,116.414
RDD,20,359,17.22,6182.0,117.211,234.421
RDM,5,3285,20.45,67167.0,1273.486,2546.973
RDM,6,1757,19.76,34721.0,658.31,1316.62
RDM,7,1045,21.76,22736.0,431.075,862.149
RDM,8,765,19.59,14986.0,284.135,568.269
RDM,9,6,21.67,130.0,2.465,4.93
RDM,10,65,21.26,1382.0,26.203,52.405
RDM,11,1279,18.47,23623.0,447.892,895.784
RDM,12,1332,15.18,20218.0,383.333,766.667
RDM,13,2964,16.18,47954.0,909.208,1818.416
RDM,14,704,15.63,11003.0,208.617,417.234
RDM,15,1350,15.61,21071.0,399.506,799.012
RDM,16,348,15.66,5448.0,103.294,206.588
RDM,17,917,16.75,15362.0,291.264,582.527
RDM,18,471,16.82,7920.0,150.163,300.326
RDM,19,1453,19.73,28666.0,543.507,1087.015
RDM,20,88,18.42,1621.0,30.734,61.468
RDM,23,2,13.5,27.0,0.512,1.024
RDU,1,1,13.0,13.0,0.246,0.493
RDU,5,7646,14.78,112985.0,2142.196,4284.391
RDU,6,22444,17.95,402946.0,7639.856,15279.712
RDU,7,15994,18.37,293810.0,5570.638,11141.275
RDU,8,9431,17.38,163909.0,3107.715,6215.429
RDU,9,7758,16.8,130322.0,2470.905,4941.81
RDU,10,8186,15.67,128311.0,2432.777,4865.553
RDU,11,10107,16.04,162164.0,3074.629,6149.259
RDU,12,11335,17.3,196085.0,3717.772,7435.543
RDU,13,9110,17.18,156526.0,2967.733,5935.466
RDU,14,7364,17.85,131466.0,2492.595,4985.191
RDU,15,9584,18.16,174088.0,3300.708,6601.417
RDU,16,9730,17.62,171488.0,3251.412,6502.825
RDU,17,12211,18.95,231446.0,4388.216,8776.432
RDU,18,13201,17.38,229464.0,4350.637,8701.275
RDU,19,11255,18.05,203183.0,3852.35,7704.699
RDU,20,5229,18.17,94994.0,1801.086,3602.172
RDU,21,1834,15.22,27911.0,529.193,1058.385
RDU,22,867,15.28,13250.0,251.22,502.44
RDU,23,73,13.78,1006.0,19.074,38.148
RFD,8,148,14.02,2075.0,39.342,78.684
RFD,9,213,12.44,2649.0,50.225,100.45
RFD,10,314,12.77,4009.0,76.011,152.021
RFD,11,257,12.64,3248.0,61.582,123.164
RFD,12,242,12.48,3019.0,57.24,114.48
RFD,13,170,11.46,1948.0,36.934,73.868
RFD,14,88,11.4,1003.0,19.017,38.034
RFD,15,87,10.95,953.0,18.069,36.138
RFD,16,78,11.0,858.0,16.268,32.535
RFD,17,174,12.55,2183.0,41.39,82.779
RFD,18,198,12.39,2453.0,46.509,93.018
RFD,19,172,12.4,2132.0,40.423,80.845
RFD,20,149,11.72,1746.0,33.104,66.208
RFD,21,168,11.38,1912.0,36.252,72.503
RFD,22,18,10.44,188.0,3.564,7.129
RHI,6,850,10.39,8831.0,167.436,334.872
RHI,7,38,12.03,457.0,8.665,17.329
RHI,8,1,18.0,18.0,0.341,0.683
RHI,10,366,15.12,5535.0,104.944,209.887
RHI,11,174,12.9,2245.0,42.565,85.13
RHI,12,4,14.5,58.0,1.1,2.199
RHI,13,181,15.46,2798.0,53.05,106.1
RHI,14,82,14.52,1191.0,22.581,45.163
RHI,16,63,10.21,643.0,12.191,24.383
RHI,17,243,13.93,3385.0,64.18,128.359
RHI,18,437,10.38,4535.0,85.984,171.967
RIC,5,2812,14.83,41691.0,790.461,1580.923
RIC,6,9935,17.65,175378.0,3325.167,6650.334
RIC,7,3371,17.45,58824.0,1115.303,2230.606
RIC,8,3033,17.64,53497.0,1014.303,2028.606
RIC,9,1792,18.12,32476.0,615.745,1231.49
RIC,10,3243,15.66,50773.0,962.656,1925.312
RIC,11,2874,15.88,45630.0,865.145,1730.29
RIC,12,3864,16.27,62876.0,1192.129,2384.258
RIC,13,2366,18.85,44603.0,845.673,1691.346
RIC,14,1479,16.35,24183.0,458.51,917.019
RIC,15,3559,16.65,59248.0,1123.342,2246.684
RIC,16,3220,16.07,51758.0,981.332,1962.663
RIC,17,3228,17.58,56759.0,1076.151,2152.301
RIC,18,4156,18.54,77059.0,1461.039,2922.077
RIC,19,3218,16.81,54107.0,1025.869,2051.737
RIC,20,1468,16.1,23632.0,448.063,896.125
RIC,21,307,12.62,3873.0,73.432,146.864
RIC,22,78,12.77,996.0,18.884,37.768
RIC,23,1,20.0,20.0,0.379,0.758
RIW,5,1079,18.3,19746.0,374.384,748.768
RIW,10,1,38.0,38.0,0.72,1.441
RIW,13,150,18.41,2762.0,52.368,104.735
RIW,14,516,15.81,8158.0,154.676,309.351
RIW,15,14,22.57,316.0,5.991,11.983
RIW,18,1,17.0,17.0,0.322,0.645
RKS,5,1080,21.29,22989.0,435.871,871.743
RKS,9,7,13.71,96.0,1.82,3.64
RKS,10,88,16.44,1447.0,27.435,54.87
RKS,12,9,16.78,151.0,2.863,5.726
RKS,13,224,18.26,4091.0,77.565,155.131
RKS,14,344,17.9,6157.0,116.737,233.473
RKS,15,10,31.2,312.0,5.916,11.831
RNO,0,1,14.0,14.0,0.265,0.531
RNO,5,3833,16.09,61655.0,1168.979,2337.958
RNO,6,7702,18.33,141204.0,2677.228,5354.456
RNO,7,4131,19.3,79747.0,1512.003,3024.006
RNO,8,1999,17.29,34572.0,655.485,1310.97
RNO,9,3486,15.37,53584.0,1015.953,2031.905
RNO,10,5046,16.42,82862.0,1571.064,3142.127
RNO,11,3158,14.68,46345.0,878.701,1757.402
RNO,12,3845,15.14,58197.0,1103.415,2206.83
RNO,13,4244,15.38,65258.0,1237.292,2474.583
RNO,14,3118,15.2,47395.0,898.609,1797.218
RNO,15,2836,15.99,45360.0,860.026,1720.051
RNO,16,3851,15.95,61438.0,1164.864,2329.729
RNO,17,3678,15.94,58640.0,1111.814,2223.629
RNO,18,3291,15.79,51967.0,985.294,1970.589
RNO,19,2345,15.32,35918.0,681.005,1362.011
RNO,20,1822,16.71,30451.0,577.351,1154.702
RNO,21,804,11.94,9601.0,182.035,364.07
RNO,22,575,14.86,8543.0,161.975,323.951
RNO,23,1130,14.39,16262.0,308.328,616.655
ROA,5,186,16.01,2978.0,56.463,112.926
ROA,6,1336,17.92,23936.0,453.827,907.653
ROA,7,1094,19.36,21177.0,401.516,803.032
ROA,8,37,18.7,692.0,13.12,26.241
ROA,9,58,16.4,951.0,18.031,36.062
ROA,10,183,16.82,3078.0,58.359,116.718
ROA,11,935,18.79,17573.0,333.184,666.368
ROA,12,102,21.93,2237.0,42.414,84.827
ROA,13,453,21.53,9753.0,184.917,369.834
ROA,14,152,19.32,2937.0,55.686,111.371
ROA,15,322,14.32,4611.0,87.425,174.849
ROA,16,277,18.47,5115.0,96.98,193.961
ROA,17,1128,18.33,20674.0,391.979,783.958
ROA,18,463,20.5,9490.0,179.93,359.861
ROA,19,278,19.25,5351.0,101.455,202.91
ROA,20,124,17.27,2142.0,40.612,81.225
ROA,21,186,13.31,2475.0,46.926,93.852
ROA,22,18,11.33,204.0,3.868,7.736
ROC,5,2730,15.9,43413.0,823.11,1646.221
ROC,6,7548,16.48,124415.0,2358.908,4717.817
ROC,7,1252,15.54,19458.0,368.924,737.847
ROC,8,459,14.08,6464.0,122.557,245.115
ROC,9,458,14.24,6521.0,123.638,247.276
ROC,10,1657,14.51,24049.0,455.969,911.938
ROC,11,3048,13.72,41831.0,793.116,1586.232
ROC,12,4211,13.8,58125.0,1102.05,2204.1
ROC,13,1565,14.63,22894.0,434.07,868.14
ROC,14,1065,14.93,15898.0,301.426,602.852
ROC,15,909,14.43,13121.0,248.774,497.548
ROC,16,1099,14.07,15466.0,293.235,586.471
ROC,17,4540,16.76,76103.0,1442.913,2885.826
ROC,18,2400,14.85,35636.0,675.659,1351.317
ROC,19,1148,15.11,17352.0,328.994,657.988
ROC,20,298,13.17,3926.0,74.437,148.874
ROC,21,47,11.02,518.0,9.821,19.643
ROC,22,1,14.0,14.0,0.265,0.531
ROW,5,169,17.19,2905.0,55.079,110.158
ROW,6,901,18.56,16727.0,317.144,634.288
ROW,7,31,17.74,550.0,10.428,20.856
ROW,8,84,24.95,2096.0,39.74,79.48
ROW,10,8,20.5,164.0,3.109,6.219
ROW,11,480,13.81,6627.0,125.648,251.296
ROW,12,474,14.36,6806.0,129.042,258.084
ROW,13,118,13.42,1584.0,30.033,60.065
ROW,14,1,10.0,10.0,0.19,0.379
ROW,15,1,8.0,8.0,0.152,0.303
ROW,16,155,14.83,2298.0,43.57,87.14
ROW,17,271,14.91,4041.0,76.617,153.235
ROW,18,1,14.0,14.0,0.265,0.531
RST,5,815,18.5,15080.0,285.917,571.834
RST,6,548,16.35,8959.0,169.863,339.725
RST,7,57,16.95,966.0,18.315,36.631
RST,8,1,12.0,12.0,0.228,0.455
RST,9,2,13.0,26.0,0.493,0.986
RST,10,31,15.32,475.0,9.006,18.012
RST,11,324,17.1,5540.0,105.038,210.077
RST,12,296,16.48,4879.0,92.506,185.012
RST,13,418,14.29,5973.0,113.248,226.496
RST,14,186,13.94,2593.0,49.163,98.327
RST,15,81,16.98,1375.0,26.07,52.14
RST,16,222,18.51,4109.0,77.907,155.813
RST,17,175,16.49,2885.0,54.7,109.399
RST,18,498,18.33,9127.0,173.048,346.096
RST,19,24,14.33,344.0,6.522,13.044
RSW,5,2077,14.66,30439.0,577.123,1154.247
RSW,6,6809,13.45,91552.0,1735.826,3471.652
RSW,7,7849,12.56,98573.0,1868.944,3737.888
RSW,8,4847,12.87,62398.0,1183.066,2366.132
RSW,9,4403,13.28,58460.0,1108.402,2216.803
RSW,10,5382,14.48,77912.0,1477.212,2954.423
RSW,11,8937,16.67,148984.0,2824.737,5649.473
RSW,12,8534,17.17,146505.0,2777.735,5555.47
RSW,13,7626,16.3,124297.0,2356.671,4713.342
RSW,14,5788,16.4,94906.0,1799.418,3598.836
RSW,15,5832,16.16,94230.0,1786.601,3573.202
RSW,16,6430,15.95,102536.0,1944.083,3888.165
RSW,17,7493,14.85,111258.0,2109.452,4218.903
RSW,18,6453,14.52,93690.0,1776.362,3552.725
RSW,19,6927,14.14,97964.0,1857.397,3714.795
RSW,20,3710,13.31,49393.0,936.491,1872.983
RSW,21,1774,12.8,22711.0,430.601,861.201
RSW,22,524,12.7,6653.0,126.141,252.282
RSW,23,49,17.8,872.0,16.533,33.066
SAF,6,1078,23.43,25255.0,478.835,957.67
SAF,7,887,22.65,20087.0,380.85,761.699
SAF,8,62,15.85,983.0,18.638,37.275
SAF,9,157,16.51,2592.0,49.144,98.289
SAF,10,1230,17.17,21114.0,400.321,800.643
SAF,11,197,15.87,3126.0,59.269,118.538
SAF,12,899,16.77,15075.0,285.822,571.644
SAF,13,691,18.22,12593.0,238.763,477.527
SAF,14,294,17.94,5274.0,99.995,199.99
SAF,15,386,20.97,8093.0,153.443,306.887
SAF,16,943,16.63,15684.0,297.369,594.737
SAF,17,320,19.06,6100.0,115.656,231.312
SAF,18,934,19.57,18278.0,346.551,693.102
SAF,19,159,20.53,3264.0,61.885,123.771
SAF,21,5,20.4,102.0,1.934,3.868
SAN,2,1,21.0,21.0,0.398,0.796
SAN,6,24816,24.15,599336.0,11363.411,22726.821
SAN,7,19518,21.29,415611.0,7879.985,15759.969
SAN,8,22207,23.13,513741.0,9740.529,19481.059
SAN,9,17112,21.82,373318.0,7078.109,14156.219
SAN,10,20203,22.08,446140.0,8458.814,16917.629
SAN,11,17101,22.76,389275.0,7380.654,14761.308
SAN,12,18713,21.48,401972.0,7621.389,15242.778
SAN,13,19741,20.52,405119.0,7681.056,15362.112
SAN,14,15185,18.96,287898.0,5458.546,10917.092
SAN,15,13358,17.45,233049.0,4418.609,8837.218
SAN,16,14084,18.11,255005.0,4834.895,9669.79
SAN,17,13664,18.92,258573.0,4902.544,9805.088
SAN,18,13382,18.9,252910.0,4795.174,9590.347
SAN,19,13709,20.07,275105.0,5215.991,10431.982
SAN,20,13649,20.3,277059.0,5253.039,10506.077
SAN,21,11951,19.89,237667.0,4506.166,9012.333
SAN,22,10924,20.46,223531.0,4238.148,8476.296
SAN,23,10,16.2,162.0,3.072,6.143
SAT,5,10140,12.49,126643.0,2401.151,4802.303
SAT,6,12993,12.6,163707.0,3103.885,6207.769
SAT,7,11381,13.8,157014.0,2976.985,5953.971
SAT,8,5943,13.17,78249.0,1483.601,2967.202
SAT,9,4821,13.0,62683.0,1188.47,2376.939
SAT,10,5579,11.92,66476.0,1260.385,2520.77
SAT,11,6122,12.2,74704.0,1416.388,2832.776
SAT,12,8753,13.37,117033.0,2218.946,4437.891
SAT,13,7210,12.88,92861.0,1760.645,3521.289
SAT,14,8875,13.61,120774.0,2289.875,4579.75
SAT,15,6009,12.96,77876.0,1476.529,2953.058
SAT,16,9089,14.2,129020.0,2446.219,4892.438
SAT,17,6833,13.72,93762.0,1777.728,3555.455
SAT,18,7680,13.2,101346.0,1921.52,3843.04
SAT,19,4870,11.71,57012.0,1080.948,2161.895
SAT,20,3184,11.47,36524.0,692.495,1384.99
SAT,21,1400,9.75,13656.0,258.918,517.836
SAT,22,696,11.32,7878.0,149.367,298.734
SAT,23,29,11.76,341.0,6.465,12.931
SAV,5,1795,15.35,27554.0,522.424,1044.848
SAV,6,5586,16.18,90364.0,1713.301,3426.603
SAV,7,5474,16.36,89579.0,1698.418,3396.836
SAV,8,2274,15.35,34900.0,661.704,1323.408
SAV,9,1826,16.93,30907.0,585.997,1171.993
SAV,10,3458,14.85,51346.0,973.52,1947.04
SAV,11,5288,15.95,84356.0,1599.39,3198.78
SAV,12,3776,14.7,55520.0,1052.659,2105.318
SAV,13,2846,14.81,42153.0,799.221,1598.442
SAV,14,3228,15.47,49946.0,946.976,1893.952
SAV,15,3519,15.4,54198.0,1027.594,2055.188
SAV,16,3877,15.38,59628.0,1130.547,2261.094
SAV,17,3399,15.47,52589.0,997.087,1994.175
SAV,18,4105,16.22,66579.0,1262.338,2524.676
SAV,19,2646,15.1,39943.0,757.319,1514.639
SAV,20,1622,15.28,24785.0,469.924,939.847
SAV,21,167,12.43,2075.0,39.342,78.684
SAV,22,32,14.09,451.0,8.551,17.102
SAV,23,2,12.0,24.0,0.455,0.91
SBA,0,1,6.0,6.0,0.114,0.228
SBA,5,2484,13.8,34269.0,649.74,1299.48
SBA,6,3487,15.13,52759.0,1000.311,2000.621
SBA,7,849,13.85,11760.0,222.97,445.939
SBA,8,621,21.62,13428.0,254.595,509.19
SBA,9,441,14.59,6432.0,121.951,243.901
SBA,10,1276,16.78,21409.0,405.915,811.829
SBA,11,928,13.65,12671.0,240.242,480.484
SBA,12,1992,14.58,29051.0,550.807,1101.614
SBA,13,2587,14.52,37576.0,712.441,1424.882
SBA,14,1592,17.01,27077.0,513.38,1026.76
SBA,15,671,14.36,9634.0,182.661,365.321
SBA,16,2414,15.82,38200.0,724.272,1448.544
SBA,17,793,13.09,10381.0,196.824,393.648
SBA,18,1408,14.23,20039.0,379.939,759.879
SBA,19,838,16.08,13472.0,255.429,510.858
SBA,20,222,19.62,4355.0,82.571,165.142
SBA,21,4,15.5,62.0,1.176,2.351
SBA,23,3,25.67,77.0,1.46,2.92
SBN,6,3218,19.99,64337.0,1219.83,2439.659
SBN,7,3038,21.65,65779.0,1247.17,2494.34
SBN,8,1123,18.91,21235.0,402.616,805.231
SBN,9,1320,19.95,26332.0,499.255,998.509
SBN,10,372,15.44,5744.0,108.906,217.812
SBN,11,926,17.85,16529.0,313.39,626.78
SBN,12,1653,17.62,29133.0,552.362,1104.723
SBN,13,1634,18.29,29879.0,566.506,1133.012
SBN,14,681,16.23,11052.0,209.546,419.092
SBN,15,366,16.18,5923.0,112.3,224.6
SBN,16,1436,20.82,29893.0,566.771,1133.543
SBN,17,2284,16.84,38459.0,729.183,1458.365
SBN,18,962,18.28,17581.0,333.336,666.672
SBN,19,495,15.49,7669.0,145.404,290.808
SBN,20,179,13.91,2490.0,47.21,94.421
SBN,21,227,13.58,3082.0,58.435,116.869
SBN,22,122,13.39,1633.0,30.962,61.923
SBN,23,12,10.58,127.0,2.408,4.816
SBP,5,1177,16.67,19621.0,372.014,744.028
SBP,6,3446,18.01,62069.0,1176.828,2353.656
SBP,7,375,19.14,7177.0,136.076,272.152
SBP,8,624,24.85,15504.0,293.956,587.912
SBP,9,82,15.88,1302.0,24.686,49.372
SBP,10,496,19.15,9496.0,180.044,360.088
SBP,11,206,20.85,4295.0,81.433,162.866
SBP,12,3138,16.1,50515.0,957.764,1915.529
SBP,13,508,17.05,8660.0,164.194,328.387
SBP,14,1557,21.12,32878.0,623.367,1246.734
SBP,15,414,18.5,7657.0,145.177,290.353
SBP,16,1588,17.96,28524.0,540.815,1081.63
SBP,17,249,14.47,3604.0,68.332,136.664
SBP,18,629,16.74,10532.0,199.687,399.373
SBP,19,582,15.41,8971.0,170.09,340.18
SBP,20,242,22.79,5515.0,104.564,209.129
SBP,21,2,13.0,26.0,0.493,0.986
SBP,23,2,19.0,38.0,0.72,1.441
SCC,8,898,10.69,9598.0,181.978,363.956
SCC,10,1,8.0,8.0,0.152,0.303
SCC,13,3,8.33,25.0,0.474,0.948
SCC,14,5,11.4,57.0,1.081,2.161
SCC,16,1,9.0,9.0,0.171,0.341
SCC,17,8,8.5,68.0,1.289,2.579
SCC,18,573,10.69,6123.0,116.092,232.184
SCE,5,103,17.41,1793.0,33.995,67.991
SCE,6,327,19.91,6510.0,123.43,246.859
SCE,7,221,14.55,3215.0,60.956,121.913
SCE,8,41,19.17,786.0,14.903,29.805
SCE,9,30,14.67,440.0,8.342,16.685
SCE,10,225,16.44,3698.0,70.114,140.228
SCE,11,208,13.35,2777.0,52.652,105.304
SCE,12,151,13.95,2107.0,39.949,79.897
SCE,13,38,15.24,579.0,10.978,21.956
SCE,14,51,13.45,686.0,13.007,26.013
SCE,15,75,19.53,1465.0,27.776,55.553
SCE,16,64,13.09,838.0,15.888,31.777
SCE,17,673,14.66,9868.0,187.097,374.195
SCE,18,74,16.11,1192.0,22.6,45.201
SCE,19,4,17.25,69.0,1.308,2.616
SCE,22,1,16.0,16.0,0.303,0.607
SCK,8,145,10.9,1580.0,29.957,59.914
SCK,9,94,12.2,1147.0,21.747,43.494
SCK,10,43,14.3,615.0,11.66,23.321
SCK,11,23,10.96,252.0,4.778,9.556
SCK,12,93,13.42,1248.0,23.662,47.324
SCK,13,67,15.01,1006.0,19.074,38.148
SCK,14,112,12.31,1379.0,26.146,52.292
SCK,15,132,14.98,1977.0,37.484,74.968
SCK,16,294,11.41,3356.0,63.63,127.26
SCK,17,95,11.47,1090.0,20.666,41.333
SCK,18,37,10.27,380.0,7.205,14.41
SCK,19,24,10.33,248.0,4.702,9.404
SCK,20,14,11.07,155.0,2.939,5.878
SCK,21,226,11.24,2540.0,48.158,96.317
SCK,22,204,10.1,2060.0,39.058,78.115
SDF,5,1783,14.72,26238.0,497.472,994.945
SDF,6,9804,16.56,162390.0,3078.914,6157.829
SDF,7,7990,16.88,134894.0,2557.59,5115.18
SDF,8,3892,17.01,66208.0,1255.304,2510.607
SDF,9,1988,16.99,33769.0,640.26,1280.52
SDF,10,4463,15.23,67951.0,1288.351,2576.702
SDF,11,4328,15.18,65699.0,1245.653,2491.306
SDF,12,5228,15.48,80941.0,1534.641,3069.283
SDF,13,3492,15.48,54062.0,1025.016,2050.031
SDF,14,3376,15.35,51829.0,982.678,1965.356
SDF,15,4318,15.17,65505.0,1241.975,2483.95
SDF,16,4308,16.65,71707.0,1359.565,2719.129
SDF,17,4447,16.21,72080.0,1366.637,2733.274
SDF,18,4583,15.76,72216.0,1369.215,2738.431
SDF,19,2527,14.66,37044.0,702.354,1404.708
SDF,20,2527,14.1,35641.0,675.753,1351.507
SDF,21,445,13.5,6006.0,113.874,227.748
SDF,22,18,14.11,254.0,4.816,9.632
SEA,0,2098,15.23,31960.0,605.962,1211.923
SEA,1,276,14.91,4114.0,78.001,156.003
SEA,5,9202,16.08,147984.0,2805.777,5611.553
SEA,6,22349,19.28,430791.0,8167.797,16335.595
SEA,7,41406,23.91,989969.0,18769.812,37539.624
SEA,8,30420,24.43,743307.0,14093.101,28186.201
SEA,9,36086,22.32,805339.0,15269.227,30538.455
SEA,10,27926,23.62,659715.0,12508.196,25016.393
SEA,11,41986,23.74,996876.0,18900.769,37801.538
SEA,12,23863,22.79,543879.0,10311.946,20623.892
SEA,13,27642,20.76,573943.0,10881.959,21763.919
SEA,14,16172,19.99,323326.0,6130.261,12260.522
SEA,15,34798,19.48,677772.0,12850.557,25701.114
SEA,16,14467,20.12,291018.0,5517.701,11035.403
SEA,17,32908,20.46,673337.0,12766.47,25532.939
SEA,18,20450,20.61,421475.0,7991.166,15982.332
SEA,19,29004,20.51,594965.0,11280.536,22561.073
SEA,20,13143,20.3,266739.0,5057.371,10114.743
SEA,21,27385,21.86,598587.0,11349.21,22698.419
SEA,22,16992,19.83,336906.0,6387.738,12775.476
SEA,23,19758,18.73,370051.0,7016.167,14032.334
SFB,5,9,12.0,108.0,2.048,4.095
SFB,6,3417,13.53,46226.0,876.445,1752.89
SFB,7,2180,13.62,29699.0,563.093,1126.186
SFB,8,1911,14.47,27647.0,524.187,1048.374
SFB,9,1193,15.26,18204.0,345.148,690.296
SFB,10,1124,15.7,17647.0,334.587,669.174
SFB,11,1403,16.55,23216.0,440.175,880.351
SFB,12,2797,17.05,47683.0,904.07,1808.139
SFB,13,2062,17.09,35235.0,668.056,1336.111
SFB,14,1515,16.19,24530.0,465.089,930.178
SFB,15,2109,16.29,34366.0,651.579,1303.159
SFB,16,1937,15.56,30143.0,571.511,1143.023
SFB,17,1782,15.47,27564.0,522.613,1045.227
SFB,18,2386,14.95,35678.0,676.455,1352.91
SFB,19,1379,14.7,20268.0,384.281,768.563
SFB,20,790,13.66,10792.0,204.616,409.233
SFB,21,724,14.57,10546.0,199.952,399.904
SFB,22,144,14.4,2074.0,39.323,78.646
SFO,0,2993,16.32,48845.0,926.101,1852.202
SFO,1,19,16.21,308.0,5.84,11.679
SFO,5,9209,14.72,135548.0,2569.99,5139.98
SFO,6,20907,17.87,373572.0,7082.925,14165.85
SFO,7,21415,18.91,404972.0,7678.269,15356.538
SFO,8,37294,22.24,829409.0,15725.595,31451.189
SFO,9,25437,22.53,573020.0,10864.459,21728.918
SFO,10,33165,21.07,698632.0,13246.063,26492.125
SFO,11,28261,23.57,666152.0,12630.242,25260.484
SFO,12,18265,18.9,345137.0,6543.798,13087.595
SFO,13,31624,21.03,665089.0,12610.087,25220.175
SFO,14,15516,18.8,291714.0,5530.897,11061.795
SFO,15,10046,17.52,176012.0,3337.188,6674.375
SFO,16,35259,21.11,744224.0,14110.487,28220.974
SFO,17,9989,18.72,186959.0,3544.743,7089.485
SFO,18,23812,19.12,455285.0,8632.204,17264.407
SFO,19,16548,19.54,323328.0,6130.299,12260.598
SFO,20,12329,18.36,226393.0,4292.411,8584.823
SFO,21,14526,21.22,308279.0,5844.97,11689.94
SFO,22,25162,21.45,539789.0,10234.399,20468.799
SFO,23,19148,22.09,422930.0,8018.753,16037.506
SGF,5,1901,16.22,30838.0,584.688,1169.377
SGF,6,2490,16.98,42291.0,801.837,1603.675
SGF,7,1792,18.52,33187.0,629.226,1258.451
SGF,8,2132,17.69,37721.0,715.19,1430.38
SGF,9,1266,17.7,22405.0,424.799,849.598
SGF,10,1386,14.22,19715.0,373.796,747.593
SGF,11,1967,16.89,33223.0,629.908,1259.816
SGF,12,1772,14.18,25133.0,476.522,953.043
SGF,13,1520,15.93,24219.0,459.192,918.384
SGF,14,1417,15.73,22283.0,422.486,844.971
SGF,15,1508,16.82,25365.0,480.92,961.841
SGF,16,1856,17.52,32526.0,616.693,1233.386
SGF,17,1413,18.64,26344.0,499.482,998.964
SGF,18,1749,16.33,28565.0,541.592,1083.185
SGF,19,678,14.76,10008.0,189.752,379.503
SGF,20,386,13.43,5185.0,98.308,196.615
SGF,21,217,13.12,2848.0,53.998,107.996
SGF,22,67,12.84,860.0,16.306,32.611
SGF,23,20,11.65,233.0,4.418,8.835
SGU,5,732,17.63,12904.0,244.66,489.32
SGU,6,1592,14.38,22888.0,433.956,867.913
SGU,7,331,18.15,6007.0,113.893,227.785
SGU,8,39,19.59,764.0,14.485,28.971
SGU,9,464,20.36,9447.0,179.115,358.23
SGU,10,387,21.98,8508.0,161.312,322.623
SGU,11,1472,20.57,30283.0,574.166,1148.331
SGU,12,584,21.36,12474.0,236.507,473.014
SGU,13,1506,19.67,29627.0,561.728,1123.456
SGU,14,4,17.75,71.0,1.346,2.692
SGU,15,929,17.86,16593.0,314.603,629.207
SGU,16,82,21.33,1749.0,33.161,66.322
SGU,17,1057,20.64,21815.0,413.612,827.225
SGU,18,187,20.23,3783.0,71.726,143.451
SGU,19,747,16.56,12373.0,234.592,469.184
SGU,20,43,16.72,719.0,13.632,27.264
SHR,5,1075,23.96,25755.0,488.315,976.63
SHR,9,9,21.22,191.0,3.621,7.243
SHR,10,514,17.46,8973.0,170.128,340.256
SHR,11,200,21.74,4348.0,82.438,164.876
SHR,14,226,18.44,4168.0,79.025,158.051
SHR,15,51,33.8,1724.0,32.687,65.374
SHV,5,803,14.9,11962.0,226.8,453.599
SHV,6,1747,17.35,30311.0,574.697,1149.393
SHV,7,1634,17.85,29159.0,552.855,1105.709
SHV,8,601,17.39,10452.0,198.17,396.34
SHV,9,429,16.83,7222.0,136.929,273.858
SHV,10,1507,15.42,23240.0,440.63,881.261
SHV,11,650,14.23,9252.0,175.418,350.836
SHV,12,1361,15.68,21340.0,404.606,809.213
SHV,13,692,14.42,9982.0,189.259,378.517
SHV,14,620,14.21,8812.0,167.076,334.151
SHV,15,351,14.87,5219.0,98.952,197.904
SHV,16,1066,19.25,20525.0,389.154,778.308
SHV,17,638,15.3,9764.0,185.125,370.251
SHV,18,1397,17.47,24406.0,462.738,925.476
SHV,19,51,13.61,694.0,13.158,26.316
SHV,20,265,17.15,4544.0,86.154,172.308
SHV,21,88,11.59,1020.0,19.339,38.678
SHV,22,66,11.29,745.0,14.125,28.25
SIT,6,1217,14.08,17130.0,324.785,649.57
SIT,7,303,13.63,4130.0,78.305,156.61
SIT,10,70,14.99,1049.0,19.889,39.778
SIT,11,1012,12.61,12757.0,241.873,483.745
SIT,12,1,12.0,12.0,0.228,0.455
SIT,13,414,12.32,5101.0,96.715,193.43
SIT,18,22,13.64,300.0,5.688,11.376
SIT,19,1048,13.17,13803.0,261.705,523.41
SJC,5,531,16.27,8640.0,163.814,327.629
SJC,6,16262,17.41,283082.0,5367.235,10734.469
SJC,7,12671,13.82,175071.0,3319.346,6638.692
SJC,8,10240,13.54,138655.0,2628.899,5257.798
SJC,9,9411,13.78,129672.0,2458.581,4917.162
SJC,10,10081,14.58,147007.0,2787.253,5574.505
SJC,11,9028,13.88,125279.0,2375.29,4750.58
SJC,12,9645,13.55,130668.0,2477.465,4954.931
SJC,13,8762,13.29,116421.0,2207.342,4414.684
SJC,14,9103,13.48,122694.0,2326.278,4652.556
SJC,15,7879,13.25,104435.0,1980.088,3960.175
SJC,16,6632,13.25,87843.0,1665.503,3331.007
SJC,17,8932,13.81,123340.0,2338.526,4677.053
SJC,18,8846,13.75,121599.0,2305.517,4611.034
SJC,19,7924,13.4,106152.0,2012.642,4025.284
SJC,20,6472,12.21,79044.0,1498.674,2997.348
SJC,21,3272,11.78,38556.0,731.022,1462.044
SJC,22,1310,12.61,16514.0,313.105,626.211
SJC,23,294,12.83,3772.0,71.517,143.034
SJT,5,814,12.67,10315.0,195.572,391.145
SJT,6,239,14.74,3524.0,66.815,133.63
SJT,7,1,14.0,14.0,0.265,0.531
SJT,10,1077,14.33,15434.0,292.629,585.257
SJT,13,29,9.72,282.0,5.347,10.693
SJT,14,31,12.23,379.0,7.186,14.372
SJT,18,1012,15.27,15455.0,293.027,586.054
SJT,20,3,16.67,50.0,0.948,1.896
SJU,0,993,14.57,14464.0,274.237,548.475
SJU,1,1870,13.46,25166.0,477.147,954.295
SJU,2,1402,13.52,18951.0,359.311,718.622
SJU,3,1686,13.85,23349.0,442.697,885.394
SJU,4,910,12.54,11412.0,216.372,432.743
SJU,5,4653,14.6,67928.0,1287.915,2575.83
SJU,6,8017,15.41,123508.0,2341.712,4683.423
SJU,7,7134,15.06,107465.0,2037.536,4075.073
SJU,8,3476,15.38,53474.0,1013.867,2027.734
SJU,9,2499,15.28,38184.0,723.969,1447.937
SJU,10,3568,15.16,54088.0,1025.508,2051.017
SJU,11,3695,16.06,59334.0,1124.973,2249.945
SJU,12,5135,16.1,82659.0,1567.215,3134.429
SJU,13,7980,17.09,136349.0,2585.177,5170.354
SJU,14,8117,17.47,141777.0,2688.092,5376.184
SJU,15,8340,17.7,147622.0,2798.913,5597.826
SJU,16,7562,17.33,131080.0,2485.277,4970.554
SJU,17,6508,16.15,105080.0,1992.317,3984.634
SJU,18,5614,15.28,85804.0,1626.844,3253.688
SJU,19,4063,14.46,58770.0,1114.279,2228.558
SJU,20,4185,14.23,59538.0,1128.84,2257.681
SJU,21,3251,14.48,47084.0,892.713,1785.425
SJU,22,1527,13.58,20734.0,393.117,786.233
SJU,23,404,12.99,5246.0,99.464,198.928
SLC,0,676,17.51,11836.0,224.411,448.821
SLC,1,13,14.85,193.0,3.659,7.319
SLC,5,4466,18.79,83895.0,1590.649,3181.298
SLC,6,8673,19.14,165976.0,3146.905,6293.81
SLC,7,12729,22.05,280685.0,5321.788,10643.575
SLC,8,23731,21.58,512228.0,9711.843,19423.686
SLC,9,25015,19.76,494338.0,9372.648,18745.297
SLC,10,15319,18.3,280273.0,5313.976,10627.952
SLC,11,44719,18.31,819002.0,15528.278,31056.556
SLC,12,8238,16.28,134117.0,2542.858,5085.717
SLC,13,18835,16.54,311569.0,5907.348,11814.696
SLC,14,13643,16.8,229183.0,4345.31,8690.619
SLC,15,31065,17.54,544985.0,10332.916,20665.831
SLC,16,12896,17.53,226003.0,4285.017,8570.034
SLC,17,34071,16.95,577334.0,10946.253,21892.505
SLC,18,6882,16.24,111747.0,2118.723,4237.446
SLC,19,3898,17.13,66789.0,1266.319,2532.639
SLC,20,16593,17.37,288261.0,5465.429,10930.857
SLC,21,21392,17.55,375470.0,7118.911,14237.822
SLC,22,16391,18.22,298601.0,5661.475,11322.95
SLC,23,17515,17.52,306821.0,5817.326,11634.652
SLN,6,632,15.9,10051.0,190.567,381.134
SLN,9,239,17.71,4232.0,80.239,160.477
SLN,10,323,16.81,5430.0,102.953,205.906
SLN,11,296,15.35,4545.0,86.173,172.346
SLN,12,1,10.0,10.0,0.19,0.379
SLN,14,9,17.11,154.0,2.92,5.84
SLN,15,343,16.51,5663.0,107.37,214.741
SLN,16,258,14.24,3673.0,69.64,139.28
SLN,17,132,13.03,1720.0,32.611,65.222
SLN,18,133,13.57,1805.0,34.223,68.446
SMF,0,97,13.43,1303.0,24.705,49.41
SMF,1,17,11.65,198.0,3.754,7.508
SMF,5,7996,12.73,101756.0,1929.294,3858.588
SMF,6,16553,14.74,243965.0,4625.576,9251.153
SMF,7,10723,13.69,146751.0,2782.399,5564.798
SMF,8,9375,13.29,124629.0,2362.966,4725.932
SMF,9,10241,12.87,131839.0,2499.667,4999.335
SMF,10,11133,14.27,158885.0,3012.46,6024.919
SMF,11,9607,13.18,126647.0,2401.227,4802.454
SMF,12,10693,12.93,138254.0,2621.296,5242.592
SMF,13,9488,12.7,120460.0,2283.922,4567.843
SMF,14,10011,13.56,135739.0,2573.611,5147.223
SMF,15,7659,13.11,100440.0,1904.342,3808.685
SMF,16,8487,12.96,109992.0,2085.448,4170.897
SMF,17,7572,13.78,104356.0,1978.59,3957.18
SMF,18,8409,13.31,111896.0,2121.548,4243.096
SMF,19,8979,13.51,121332.0,2300.455,4600.909
SMF,20,6907,13.74,94905.0,1799.399,3598.798
SMF,21,4156,11.86,49300.0,934.728,1869.456
SMF,22,2835,13.05,36993.0,701.387,1402.775
SMF,23,3810,13.16,50123.0,950.332,1900.664
SMX,5,74,17.36,1285.0,24.364,48.727
SMX,8,5,11.4,57.0,1.081,2.161
SMX,11,3,12.33,37.0,0.702,1.403
SMX,12,3,15.67,47.0,0.891,1.782
SMX,13,6,11.0,66.0,1.251,2.503
SMX,14,34,14.12,480.0,9.101,18.202
SMX,15,75,12.75,956.0,18.126,36.252
SMX,16,103,15.39,1585.0,30.052,60.103
SMX,17,28,11.04,309.0,5.859,11.717
SMX,18,72,12.81,922.0,17.481,34.962
SMX,19,9,15.89,143.0,2.711,5.423
SMX,20,1,16.0,16.0,0.303,0.607
SMX,21,15,11.47,172.0,3.261,6.522
SMX,22,38,9.79,372.0,7.053,14.106
SNA,6,9478,25.48,241472.0,4578.309,9156.618
SNA,7,12059,18.47,222710.0,4222.582,8445.163
SNA,8,8888,14.88,132218.0,2506.853,5013.707
SNA,9,8117,13.92,112977.0,2142.044,4284.088
SNA,10,9703,15.27,148124.0,2808.431,5616.862
SNA,11,10243,15.8,161804.0,3067.804,6135.608
SNA,12,9873,15.85,156479.0,2966.842,5933.684
SNA,13,10607,15.78,167414.0,3174.169,6348.339
SNA,14,7449,14.42,107431.0,2036.892,4073.784
SNA,15,7262,14.17,102874.0,1950.491,3900.982
SNA,16,8456,13.71,115910.0,2197.654,4395.307
SNA,17,7137,13.14,93812.0,1778.676,3557.351
SNA,18,7536,12.44,93711.0,1776.761,3553.521
SNA,19,7364,13.2,97182.0,1842.571,3685.141
SNA,20,4925,11.97,58973.0,1118.128,2236.256
SNA,21,2891,12.57,36343.0,689.063,1378.127
SPI,6,196,16.46,3226.0,61.165,122.33
SPI,7,6,9.33,56.0,1.062,2.124
SPI,8,33,7.97,263.0,4.986,9.973
SPI,9,12,13.83,166.0,3.147,6.295
SPI,10,102,9.09,927.0,17.576,35.152
SPI,11,52,10.75,559.0,10.599,21.197
SPI,12,11,9.18,101.0,1.915,3.83
SPI,13,141,11.13,1570.0,29.767,59.534
SPI,14,37,11.08,410.0,7.774,15.547
SPI,15,176,13.55,2384.0,45.201,90.401
SPI,16,25,10.04,251.0,4.759,9.518
SPI,17,12,11.92,143.0,2.711,5.423
SPI,18,216,13.19,2850.0,54.036,108.072
SPI,19,31,7.84,243.0,4.607,9.215
SPI,20,43,8.09,348.0,6.598,13.196
SPI,21,8,9.5,76.0,1.441,2.882
SPI,22,5,7.0,35.0,0.664,1.327
SPN,6,14,11.93,167.0,3.166,6.333
SPN,9,1072,11.06,11854.0,224.752,449.504
SPN,15,1,11.0,11.0,0.209,0.417
SPN,18,8,13.88,111.0,2.105,4.209
SPN,19,19,11.11,211.0,4.001,8.001
SPN,22,1,11.0,11.0,0.209,0.417
SPS,5,58,17.4,1009.0,19.131,38.261
SPS,6,885,19.07,16877.0,319.988,639.976
SPS,10,116,18.99,2203.0,41.769,83.538
SPS,11,1,13.0,13.0,0.246,0.493
SPS,12,1,14.0,14.0,0.265,0.531
SPS,14,936,20.14,18854.0,357.472,714.944
SPS,15,4,15.75,63.0,1.194,2.389
SPS,18,114,18.28,2084.0,39.513,79.025
SRQ,5,432,11.99,5180.0,98.213,196.426
SRQ,6,4076,12.63,51469.0,975.852,1951.704
SRQ,7,3428,12.14,41599.0,788.717,1577.434
SRQ,8,2426,12.99,31523.0,597.676,1195.352
SRQ,9,979,14.06,13760.0,260.89,521.779
SRQ,10,2297,16.34,37523.0,711.436,1422.872
SRQ,11,5276,16.8,88649.0,1680.785,3361.57
SRQ,12,4084,17.3,70655.0,1339.619,2679.238
SRQ,13,4103,16.85,69139.0,1310.875,2621.751
SRQ,14,3381,16.56,56005.0,1061.855,2123.71
SRQ,15,3617,15.84,57294.0,1086.294,2172.588
SRQ,16,3592,15.87,57008.0,1080.872,2161.743
SRQ,17,3566,13.8,49217.0,933.154,1866.309
SRQ,18,2927,13.41,39246.0,744.104,1488.208
SRQ,19,2678,13.07,34999.0,663.581,1327.162
SRQ,20,893,12.61,11259.0,213.471,426.941
SRQ,21,297,12.53,3721.0,70.55,141.1
SRQ,22,44,12.5,550.0,10.428,20.856
SRQ,23,1,12.0,12.0,0.228,0.455
STC,9,1,12.0,12.0,0.228,0.455
STC,10,35,16.17,566.0,10.731,21.463
STC,11,45,14.29,643.0,12.191,24.383
STC,12,67,9.94,666.0,12.627,25.255
STC,13,49,12.18,597.0,11.319,22.638
STC,14,41,14.46,593.0,11.243,22.487
STC,15,13,11.0,143.0,2.711,5.423
STC,16,7,12.29,86.0,1.631,3.261
STC,17,11,7.64,84.0,1.593,3.185
STC,18,31,9.61,298.0,5.65,11.3
STC,19,26,10.38,270.0,5.119,10.238
STC,20,67,9.28,622.0,11.793,23.586
STC,21,32,8.09,259.0,4.911,9.821
STC,22,13,9.23,120.0,2.275,4.55
STL,5,9127,13.35,121802.0,2309.366,4618.732
STL,6,14709,13.81,203155.0,3851.819,7703.638
STL,7,12673,13.88,175944.0,3335.898,6671.796
STL,8,14194,12.32,174924.0,3316.559,6633.118
STL,9,10792,12.38,133591.0,2532.885,5065.771
STL,10,15386,11.58,178132.0,3377.383,6754.765
STL,11,8087,12.41,100361.0,1902.845,3805.689
STL,12,7079,11.99,84877.0,1609.268,3218.536
STL,13,10403,12.02,125028.0,2370.531,4741.062
STL,14,11588,12.02,139307.0,2641.261,5282.521
STL,15,10514,12.43,130665.0,2477.408,4954.817
STL,16,9123,12.94,118028.0,2237.811,4475.622
STL,17,11815,13.03,153917.0,2918.266,5836.533
STL,18,11861,12.16,144237.0,2734.734,5469.467
STL,19,10865,11.93,129632.0,2457.823,4915.645
STL,20,9409,11.36,106899.0,2026.805,4053.61
STL,21,6982,11.08,77355.0,1466.651,2933.302
STL,22,4861,11.3,54942.0,1041.7,2083.401
STL,23,58,15.86,920.0,17.443,34.886
STS,6,531,19.0,10089.0,191.287,382.575
STS,7,981,20.85,20449.0,387.713,775.426
STS,8,361,20.98,7574.0,143.603,287.206
STS,9,293,15.13,4433.0,84.05,168.099
STS,10,859,17.03,14626.0,277.309,554.618
STS,11,756,16.1,12175.0,230.838,461.676
STS,12,1336,15.19,20295.0,384.793,769.586
STS,13,754,15.82,11932.0,226.231,452.461
STS,14,1201,16.5,19822.0,375.825,751.65
STS,15,966,16.29,15735.0,298.336,596.671
STS,16,1395,14.34,20009.0,379.371,758.741
STS,17,563,15.85,8924.0,169.199,338.398
STS,18,762,17.92,13654.0,258.88,517.76
STS,19,615,17.45,10733.0,203.498,406.995
STS,20,248,18.79,4660.0,88.354,176.707
STT,9,24,12.08,290.0,5.498,10.997
STT,10,370,15.05,5568.0,105.569,211.139
STT,11,711,14.57,10358.0,196.388,392.775
STT,12,1063,16.63,17676.0,335.137,670.274
STT,13,2879,17.02,48995.0,928.945,1857.89
STT,14,2932,17.11,50152.0,950.882,1901.764
STT,15,2204,16.64,36669.0,695.244,1390.488
STT,16,2926,16.12,47164.0,894.229,1788.459
STT,17,1508,15.56,23460.0,444.802,889.603
STT,18,517,13.53,6997.0,132.663,265.326
STX,7,86,16.16,1390.0,26.354,52.709
STX,8,35,15.14,530.0,10.049,20.098
STX,9,61,14.67,895.0,16.969,33.938
STX,10,10,10.6,106.0,2.01,4.02
STX,11,6,17.33,104.0,1.972,3.944
STX,12,55,12.69,698.0,13.234,26.468
STX,13,102,14.95,1525.0,28.914,57.828
STX,14,596,14.21,8470.0,160.591,321.182
STX,15,908,13.54,12298.0,233.17,466.34
STX,16,857,13.38,11465.0,217.376,434.753
STX,17,748,13.06,9767.0,185.182,370.365
STX,18,184,15.3,2816.0,53.391,106.783
SUN,6,1,22.0,22.0,0.417,0.834
SUN,7,1655,20.14,33330.0,631.937,1263.874
SUN,8,462,25.86,11949.0,226.553,453.106
SUN,10,49,24.61,1206.0,22.866,45.732
SUN,12,749,19.31,14464.0,274.237,548.475
SUN,13,994,19.18,19064.0,361.453,722.907
SUN,14,1448,20.54,29743.0,563.927,1127.855
SUN,15,406,16.31,6623.0,125.572,251.144
SUN,16,301,17.07,5139.0,97.435,194.871
SUN,17,29,20.38,591.0,11.205,22.411
SUN,18,21,23.1,485.0,9.196,18.391
SUX,5,99,27.39,2712.0,51.42,102.839
SUX,6,399,16.03,6394.0,121.23,242.46
SUX,7,297,21.19,6292.0,119.296,238.593
SUX,8,58,28.4,1647.0,31.227,62.454
SUX,10,221,20.0,4421.0,83.822,167.644
SUX,11,7,18.0,126.0,2.389,4.778
SUX,12,344,15.23,5238.0,99.312,198.625
SUX,13,138,15.99,2207.0,41.845,83.689
SUX,15,211,18.02,3803.0,72.105,144.21
SUX,16,5,12.2,61.0,1.157,2.313
SUX,17,58,20.71,1201.0,22.771,45.542
SUX,18,238,20.01,4763.0,90.306,180.613
SUX,19,75,16.77,1258.0,23.852,47.703
SWF,9,35,13.23,463.0,8.778,17.557
SWF,10,113,13.66,1544.0,29.274,58.548
SWF,11,357,13.65,4874.0,92.411,184.822
SWF,12,63,13.79,869.0,16.476,32.952
SWF,13,64,13.91,890.0,16.874,33.749
SWF,14,52,13.21,687.0,13.026,26.051
SWF,15,35,12.26,429.0,8.134,16.268
SWF,16,10,14.5,145.0,2.749,5.498
SWF,17,100,13.76,1376.0,26.089,52.178
SWF,18,308,14.09,4339.0,82.267,164.535
SWF,19,182,14.03,2554.0,48.424,96.848
SWF,20,147,12.83,1886.0,35.759,71.517
SWF,21,24,13.96,335.0,6.352,12.703
SWO,5,142,19.07,2708.0,51.344,102.687
SWO,6,920,16.65,15316.0,290.391,580.783
SWO,7,1,30.0,30.0,0.569,1.138
SWO,8,1,10.0,10.0,0.19,0.379
SWO,14,1062,14.3,15191.0,288.021,576.043
SWO,15,1,15.0,15.0,0.284,0.569
SYR,5,2964,19.68,58320.0,1105.747,2211.494
SYR,6,7932,20.06,159154.0,3017.56,6035.12
SYR,7,1836,17.81,32706.0,620.106,1240.212
SYR,8,1398,17.33,24228.0,459.363,918.726
SYR,9,793,16.52,13098.0,248.338,496.676
SYR,10,1166,17.38,20263.0,384.186,768.373
SYR,11,3327,16.15,53727.0,1018.664,2037.328
SYR,12,3518,16.83,59208.0,1122.584,2245.167
SYR,13,1253,15.0,18789.0,356.239,712.479
SYR,14,852,16.28,13871.0,262.994,525.988
SYR,15,1095,17.68,19357.0,367.009,734.017
SYR,16,1843,14.8,27279.0,517.21,1034.42
SYR,17,4284,17.17,73574.0,1394.963,2789.926
SYR,18,2274,15.89,36135.0,685.12,1370.239
SYR,19,987,16.53,16314.0,309.313,618.627
SYR,20,615,15.27,9388.0,177.996,355.993
SYR,21,203,15.55,3156.0,59.838,119.676
SYR,22,26,13.81,359.0,6.807,13.613
SYR,23,1,15.0,15.0,0.284,0.569
TLH,5,726,16.02,11627.0,220.448,440.896
TLH,6,2989,14.63,43721.0,828.95,1657.9
TLH,7,1666,15.62,26018.0,493.301,986.603
TLH,8,565,14.46,8169.0,154.884,309.768
TLH,9,478,15.19,7263.0,137.706,275.413
TLH,10,1351,12.9,17423.0,330.34,660.68
TLH,11,500,13.39,6694.0,126.918,253.836
TLH,12,654,14.34,9379.0,177.826,355.652
TLH,13,586,14.92,8745.0,165.805,331.61
TLH,14,1289,14.05,18116.0,343.479,686.959
TLH,15,282,13.73,3873.0,73.432,146.864
TLH,16,570,14.31,8159.0,154.695,309.389
TLH,17,935,15.87,14835.0,281.272,562.543
TLH,18,1211,14.07,17034.0,322.965,645.929
TLH,19,295,14.77,4358.0,82.628,165.255
TLH,20,1172,12.92,15141.0,287.073,574.147
TLH,21,1,11.0,11.0,0.209,0.417
TLH,22,1,10.0,10.0,0.19,0.379
TOL,9,182,12.73,2317.0,43.93,87.861
TOL,10,116,11.67,1354.0,25.672,51.344
TOL,11,138,12.22,1687.0,31.986,63.971
TOL,12,84,10.6,890.0,16.874,33.749
TOL,13,42,10.62,446.0,8.456,16.912
TOL,14,51,11.08,565.0,10.712,21.425
TOL,15,61,11.15,680.0,12.893,25.786
TOL,16,35,10.77,377.0,7.148,14.296
TOL,17,19,8.89,169.0,3.204,6.408
TOL,18,86,11.76,1011.0,19.169,38.337
TOL,19,122,9.52,1161.0,22.013,44.025
TOL,20,61,10.52,642.0,12.172,24.345
TOL,21,158,12.15,1919.0,36.384,72.768
TOL,22,3,9.67,29.0,0.55,1.1
TPA,0,45,13.8,621.0,11.774,23.548
TPA,5,7278,12.57,91451.0,1733.911,3467.822
TPA,6,17611,13.54,238458.0,4521.164,9042.327
TPA,7,25270,15.73,397581.0,7538.136,15076.272
TPA,8,14132,15.13,213824.0,4054.103,8108.206
TPA,9,14823,15.21,225461.0,4274.741,8549.481
TPA,10,13274,15.38,204135.0,3870.4,7740.799
TPA,11,15075,16.02,241504.0,4578.916,9157.832
TPA,12,14365,16.12,231542.0,4390.036,8780.073
TPA,13,11597,15.76,182769.0,3465.3,6930.6
TPA,14,11222,15.81,177415.0,3363.788,6727.577
TPA,15,12809,16.28,208494.0,3953.046,7906.092
TPA,16,12998,16.79,218241.0,4137.849,8275.699
TPA,17,13844,16.53,228902.0,4339.982,8679.964
TPA,18,14196,16.82,238842.0,4528.444,9056.889
TPA,19,14737,15.53,228932.0,4340.551,8681.101
TPA,20,9407,13.87,130445.0,2473.237,4946.474
TPA,21,6601,12.94,85391.0,1619.013,3238.027
TPA,22,2966,13.38,39692.0,752.56,1505.121
TPA,23,235,13.89,3265.0,61.904,123.809
TRI,5,69,15.35,1059.0,20.079,40.157
TRI,6,937,15.93,14927.0,283.016,566.032
TRI,7,733,16.38,12008.0,227.672,455.343
TRI,8,94,16.35,1537.0,29.142,58.283
TRI,9,28,20.25,567.0,10.75,21.501
TRI,10,642,13.69,8788.0,166.62,333.241
TRI,11,371,15.63,5797.0,109.911,219.822
TRI,12,63,13.59,856.0,16.23,32.46
TRI,13,68,14.62,994.0,18.846,37.692
TRI,14,498,15.03,7483.0,141.878,283.755
TRI,15,463,13.47,6236.0,118.235,236.469
TRI,16,1105,11.19,12368.0,234.497,468.995
TRI,17,221,12.06,2666.0,50.547,101.095
TRI,18,476,17.37,8269.0,156.78,313.56
TRI,19,305,15.75,4805.0,91.103,182.206
TRI,20,11,7.91,87.0,1.65,3.299
TRI,21,97,8.33,808.0,15.32,30.639
TRI,22,80,7.68,614.0,11.641,23.283
TTN,6,590,17.8,10501.0,199.099,398.198
TTN,7,417,16.44,6855.0,129.971,259.942
TTN,8,272,18.27,4969.0,94.212,188.424
TTN,9,416,17.86,7430.0,140.873,281.746
TTN,10,269,18.11,4871.0,92.354,184.708
TTN,11,402,17.43,7005.0,132.815,265.63
TTN,12,205,17.53,3593.0,68.123,136.247
TTN,13,148,17.8,2635.0,49.96,99.919
TTN,14,224,16.75,3753.0,71.157,142.314
TTN,15,204,17.74,3619.0,68.616,137.232
TTN,16,219,18.11,3965.0,75.176,150.353
TTN,17,496,18.09,8975.0,170.166,340.332
TTN,18,363,17.87,6485.0,122.956,245.911
TTN,19,280,17.71,4960.0,94.042,188.083
TTN,20,158,15.63,2470.0,46.831,93.662
TTN,21,285,15.91,4535.0,85.984,171.967
TTN,22,26,16.23,422.0,8.001,16.002
TUL,5,3250,13.93,45265.0,858.224,1716.449
TUL,6,6229,15.11,94150.0,1785.084,3570.168
TUL,7,4548,15.74,71574.0,1357.043,2714.086
TUL,8,3161,17.08,53975.0,1023.366,2046.732
TUL,9,2292,17.95,41145.0,780.109,1560.218
TUL,10,3240,13.67,44296.0,839.852,1679.704
TUL,11,2651,13.37,35439.0,671.923,1343.847
TUL,12,3427,13.49,46224.0,876.407,1752.814
TUL,13,2453,13.21,32410.0,614.494,1228.987
TUL,14,3107,15.13,47004.0,891.196,1782.392
TUL,15,2731,14.33,39140.0,742.094,1484.189
TUL,16,3253,15.22,49512.0,938.748,1877.495
TUL,17,3504,15.95,55879.0,1059.466,2118.932
TUL,18,4397,14.47,63618.0,1206.197,2412.395
TUL,19,1448,12.58,18215.0,345.356,690.713
TUL,20,1115,14.27,15906.0,301.578,603.156
TUL,21,250,12.6,3150.0,59.724,119.448
TUL,22,75,13.24,993.0,18.827,37.655
TUS,0,8,10.5,84.0,1.593,3.185
TUS,5,2730,12.08,32980.0,625.301,1250.602
TUS,6,6826,13.56,92527.0,1754.312,3508.624
TUS,7,5749,15.23,87581.0,1660.536,3321.072
TUS,8,3320,16.41,54470.0,1032.751,2065.502
TUS,9,2364,15.3,36168.0,685.745,1371.491
TUS,10,2735,13.86,37919.0,718.944,1437.888
TUS,11,4757,14.91,70928.0,1344.795,2689.59
TUS,12,5399,15.91,85876.0,1628.209,3256.418
TUS,13,5063,16.22,82119.0,1556.976,3113.952
TUS,14,2900,15.11,43833.0,831.074,1662.147
TUS,15,2538,15.24,38668.0,733.145,1466.291
TUS,16,2900,15.58,45175.0,856.518,1713.036
TUS,17,3932,16.54,65029.0,1232.95,2465.9
TUS,18,2347,16.06,37682.0,714.451,1428.901
TUS,19,1292,15.34,19817.0,375.73,751.461
TUS,20,485,16.05,7786.0,147.623,295.245
TUS,21,182,14.57,2652.0,50.282,100.564
TUS,22,6,17.0,102.0,1.934,3.868
TUS,23,56,12.41,695.0,13.177,26.354
TVC,5,274,21.47,5883.0,111.542,223.083
TVC,6,1774,21.26,37722.0,715.209,1430.418
TVC,7,1319,19.28,25433.0,482.21,964.419
TVC,8,73,16.36,1194.0,22.638,45.276
TVC,9,228,17.29,3942.0,74.74,149.481
TVC,10,442,16.23,7173.0,136.0,272.0
TVC,11,1299,16.34,21222.0,402.369,804.738
TVC,12,1434,17.39,24944.0,472.938,945.876
TVC,13,859,18.46,15858.0,300.668,601.335
TVC,14,1295,16.79,21748.0,412.342,824.684
TVC,15,693,15.17,10512.0,199.308,398.615
TVC,16,539,17.73,9557.0,181.201,362.401
TVC,17,1249,18.39,22963.0,435.378,870.757
TVC,18,811,18.7,15167.0,287.566,575.133
TVC,19,441,16.62,7330.0,138.977,277.954
TVC,20,191,16.34,3121.0,59.174,118.348
TVC,21,77,15.31,1179.0,22.354,44.708
TVC,22,19,14.84,282.0,5.347,10.693
TWF,6,996,12.67,12621.0,239.294,478.588
TWF,7,92,12.54,1154.0,21.88,43.76
TWF,9,6,13.5,81.0,1.536,3.072
TWF,12,23,12.48,287.0,5.442,10.883
TWF,13,561,12.27,6886.0,130.559,261.117
TWF,15,223,11.68,2605.0,49.391,98.782
TXK,5,190,17.99,3418.0,64.805,129.611
TXK,6,871,16.85,14677.0,278.276,556.552
TXK,10,369,13.53,4994.0,94.686,189.372
TXK,14,697,17.05,11886.0,225.359,450.717
TXK,16,187,18.53,3465.0,65.696,131.393
TXK,18,148,14.91,2207.0,41.845,83.689
TYR,5,65,13.02,846.0,16.04,32.08
TYR,6,996,18.93,18859.0,357.567,715.133
TYR,9,34,12.15,413.0,7.83,15.661
TYR,10,1032,14.12,14568.0,276.209,552.419
TYR,16,90,14.09,1268.0,24.041,48.083
TYR,17,141,13.93,1964.0,37.237,74.475
TYR,18,758,18.05,13685.0,259.468,518.935
TYR,19,26,21.46,558.0,10.58,21.159
TYS,5,2439,15.98,38986.0,739.175,1478.349
TYS,6,3787,17.72,67091.0,1272.045,2544.091
TYS,7,5285,18.83,99511.0,1886.729,3773.457
TYS,8,2664,17.03,45370.0,860.215,1720.43
TYS,9,1995,19.62,39134.0,741.981,1483.961
TYS,10,2359,16.29,38431.0,728.652,1457.304
TYS,11,3138,16.64,52231.0,990.3,1980.6
TYS,12,2956,15.16,44806.0,849.522,1699.044
TYS,13,1657,15.72,26047.0,493.851,987.702
TYS,14,2734,15.63,42729.0,810.142,1620.284
TYS,15,1637,14.81,24240.0,459.59,919.181
TYS,16,3170,16.01,50764.0,962.485,1924.971
TYS,17,3264,17.52,57192.0,1084.36,2168.721
TYS,18,2792,16.08,44898.0,851.266,1702.532
TYS,19,1575,16.2,25509.0,483.651,967.301
TYS,20,770,16.41,12638.0,239.616,479.233
TYS,21,372,12.13,4512.0,85.548,171.095
TYS,22,228,11.88,2709.0,51.363,102.725
TYS,23,29,12.48,362.0,6.864,13.727
USA,8,121,13.26,1605.0,30.431,60.862
USA,9,54,12.44,672.0,12.741,25.482
USA,10,54,12.15,656.0,12.438,24.876
USA,11,137,13.06,1789.0,33.919,67.839
USA,12,107,12.55,1343.0,25.463,50.927
USA,13,51,12.55,640.0,12.134,24.269
USA,14,187,13.21,2470.0,46.831,93.662
USA,15,476,13.54,6445.0,122.197,244.394
USA,16,99,13.38,1325.0,25.122,50.244
USA,17,151,11.95,1805.0,34.223,68.446
USA,18,91,12.4,1128.0,21.387,42.774
USA,19,34,12.79,435.0,8.248,16.495
USA,20,79,11.09,876.0,16.609,33.218
USA,21,391,11.91,4658.0,88.316,176.631
USA,22,110,12.38,1362.0,25.824,51.647
VCT,5,950,8.56,8129.0,154.126,308.252
VCT,6,85,8.51,723.0,13.708,27.416
VCT,7,1,11.0,11.0,0.209,0.417
VCT,13,37,10.43,386.0,7.319,14.637
VCT,15,25,15.64,391.0,7.413,14.827
VCT,16,718,15.93,11440.0,216.902,433.805
VEL,9,119,16.03,1908.0,36.176,72.351
VEL,10,197,15.65,3084.0,58.473,116.945
VEL,13,65,15.43,1003.0,19.017,38.034
VEL,14,190,16.12,3062.0,58.056,116.111
VEL,17,71,19.44,1380.0,26.165,52.33
VEL,18,3,17.0,51.0,0.967,1.934
VLD,6,715,16.01,11447.0,217.035,434.07
VLD,7,4,18.5,74.0,1.403,2.806
VLD,8,1,10.0,10.0,0.19,0.379
VLD,12,41,18.39,754.0,14.296,28.592
VLD,13,158,15.95,2520.0,47.779,95.558
VLD,14,381,16.85,6420.0,121.723,243.446
VLD,15,151,18.73,2828.0,53.619,107.238
VLD,16,8,13.13,105.0,1.991,3.982
VLD,17,122,16.91,2063.0,39.114,78.229
VPS,6,2100,15.23,31978.0,606.303,1212.606
VPS,7,4187,15.42,64567.0,1224.19,2448.381
VPS,8,797,14.88,11861.0,224.885,449.769
VPS,9,1503,14.83,22285.0,422.524,845.047
VPS,10,1892,15.14,28650.0,543.204,1086.408
VPS,11,2080,16.03,33344.0,632.202,1264.404
VPS,12,2849,15.08,42969.0,814.692,1629.384
VPS,13,1842,15.64,28814.0,546.313,1092.627
VPS,14,2252,13.93,31361.0,594.605,1189.209
VPS,15,1570,15.55,24415.0,462.908,925.817
VPS,16,2499,14.77,36907.0,699.757,1399.513
VPS,17,1333,14.96,19937.0,378.006,756.011
VPS,18,1734,13.71,23767.0,450.622,901.245
VPS,19,2082,14.71,30622.0,580.593,1161.186
VPS,20,502,14.18,7120.0,134.995,269.99
VPS,21,70,12.74,892.0,16.912,33.825
VRB,13,20,21.55,431.0,8.172,16.344
VRB,15,21,17.33,364.0,6.901,13.803
WRG,10,384,7.84,3010.0,57.07,114.139
WRG,11,684,8.59,5873.0,111.352,222.704
WRG,15,26,6.92,180.0,3.413,6.826
WRG,16,1038,7.2,7476.0,141.745,283.49
WYS,10,75,16.75,1256.0,23.814,47.628
WYS,11,86,14.03,1207.0,22.885,45.769
WYS,12,74,14.53,1075.0,20.382,40.764
WYS,13,303,15.19,4602.0,87.254,174.508
WYS,14,66,17.03,1124.0,21.311,42.622
WYS,15,229,14.09,3226.0,61.165,122.33
WYS,17,74,14.86,1100.0,20.856,41.712
WYS,18,27,14.19,383.0,7.262,14.523
XNA,5,2344,16.32,38245.0,725.125,1450.25
XNA,6,3814,17.19,65551.0,1242.847,2485.694
XNA,7,3154,18.39,58011.0,1099.889,2199.777
XNA,8,2887,16.88,48723.0,923.788,1847.576
XNA,9,2690,16.92,45502.0,862.718,1725.436
XNA,10,2612,14.55,38015.0,720.764,1441.529
XNA,11,1830,15.49,28344.0,537.402,1074.804
XNA,12,2180,14.79,32251.0,611.479,1222.958
XNA,13,1562,15.11,23606.0,447.57,895.14
XNA,14,3240,15.65,50719.0,961.632,1923.264
XNA,15,1833,15.56,28520.0,540.739,1081.478
XNA,16,2598,17.15,44549.0,844.649,1689.298
XNA,17,3114,17.27,53779.0,1019.65,2039.3
XNA,18,2112,16.57,34988.0,663.372,1326.745
XNA,19,607,14.42,8752.0,165.938,331.876
XNA,20,873,14.33,12514.0,237.265,474.531
XNA,21,221,12.78,2825.0,53.562,107.124
XNA,22,150,13.33,2000.0,37.92,75.84
XWA,5,146,29.54,4313.0,81.774,163.549
XWA,6,774,23.13,17901.0,339.403,678.806
XWA,7,1336,26.24,35053.0,664.605,1329.21
XWA,10,37,34.19,1265.0,23.984,47.969
XWA,11,838,23.66,19824.0,375.863,751.726
XWA,12,864,20.34,17570.0,333.127,666.254
XWA,13,55,28.6,1573.0,29.824,59.648
XWA,14,227,22.52,5111.0,96.905,193.809
XWA,15,1096,23.51,25765.0,488.504,977.009
XWA,16,18,20.06,361.0,6.845,13.689
XWA,17,427,25.85,11037.0,209.262,418.523
XWA,18,119,26.5,3154.0,59.8,119.6
YAK,11,905,13.12,11878.0,225.207,450.414
YAK,12,147,12.91,1898.0,35.986,71.972
YAK,16,137,12.74,1745.0,33.085,66.17
YAK,17,915,11.34,10377.0,196.748,393.496
YUM,5,78,16.03,1250.0,23.7,47.4
YUM,6,1038,15.11,15684.0,297.369,594.737
YUM,7,495,16.26,8049.0,152.609,305.218
YUM,8,122,16.24,1981.0,37.56,75.12
YUM,9,1,14.0,14.0,0.265,0.531
YUM,10,344,15.95,5486.0,104.015,208.029
YUM,11,501,14.43,7228.0,137.043,274.086
YUM,12,830,14.79,12276.0,232.753,465.506
YUM,13,359,15.06,5407.0,102.517,205.033
YUM,14,97,17.26,1674.0,31.739,63.478
YUM,15,115,17.12,1969.0,37.332,74.664
YUM,16,115,15.09,1735.0,32.896,65.791
YUM,17,464,16.42,7621.0,144.494,288.988
YUM,18,286,15.33,4385.0,83.14,166.279
YUM,19,130,16.53,2149.0,40.745,81.49
YUM,20,4,18.5,74.0,1.403,2.806
YUM,21,5,13.6,68.0,1.289,2.579
YUM,22,3,16.67,50.0,0.948,1.896
YUM,23,1,5.0,5.0,0.095,0.19
