Origin,Fecha,precipitacion_mm,nieve_cm,viento_max_kmh,temp_media_c
ATL,2023-01-01,0.5,0.0,14.8,13.7
ATL,2023-01-02,2.4,0.0,18.3,14.3
ATL,2023-01-03,8.2,0.0,24.6,17.2
ATL,2023-01-04,12.5,0.0,18.5,16.8
ATL,2023-01-05,0.0,0.0,21.0,10.4
ATL,2023-01-06,0.0,0.0,16.5,7.4
ATL,2023-01-07,0.0,0.0,9.7,8.2
ATL,2023-01-08,6.1,0.0,17.3,11.6
ATL,2023-01-09,1.6,0.0,20.6,7.5
ATL,2023-01-10,0.0,0.0,12.7,7.1
ATL,2023-01-11,1.6,0.0,24.2,11.0
ATL,2023-01-12,7.0,0.0,30.3,15.3
ATL,2023-01-13,0.2,0.0,31.6,6.1
ATL,2023-01-14,0.0,0.0,28.2,1.7
ATL,2023-01-15,0.0,0.0,16.1,2.5
ATL,2023-01-16,0.0,0.0,14.4,6.7
ATL,2023-01-17,4.8,0.0,24.1,12.5
ATL,2023-01-18,1.0,0.0,18.4,15.1
ATL,2023-01-19,3.6,0.0,26.0,16.6
ATL,2023-01-20,0.0,0.0,21.4,9.1
ATL,2023-01-21,1.6,0.0,17.8,7.0
ATL,2023-01-22,28.6,0.0,22.5,6.0
ATL,2023-01-23,0.1,0.0,24.8,5.6
ATL,2023-01-24,0.0,0.0,20.1,3.8
ATL,2023-01-25,13.1,0.0,26.1,11.6
ATL,2023-01-26,0.0,0.0,26.4,4.8
ATL,2023-01-27,0.0,0.0,18.2,3.3
ATL,2023-01-28,0.0,0.0,13.2,5.4
ATL,2023-01-29,10.5,0.0,16.2,9.0
ATL,2023-01-30,11.1,0.0,19.1,11.6
ATL,2023-01-31,2.2,0.0,11.9,13.7
ATL,2023-02-01,0.9,0.0,17.6,11.0
ATL,2023-02-02,23.9,0.0,15.7,8.4
ATL,2023-02-03,1.8,0.0,27.0,5.4
ATL,2023-02-04,0.0,0.0,18.2,3.1
ATL,2023-02-05,0.0,0.0,15.4,7.0
ATL,2023-02-06,0.0,0.0,15.0,9.8
ATL,2023-02-07,0.0,0.0,12.9,10.1
ATL,2023-02-08,0.8,0.0,14.8,14.6
ATL,2023-02-09,20.2,0.0,28.6,15.9
ATL,2023-02-10,0.6,0.0,17.8,12.0
ATL,2023-02-11,29.1,0.0,38.3,9.2
ATL,2023-02-12,15.5,0.0,40.3,6.1
ATL,2023-02-13,0.0,0.0,17.9,8.5
ATL,2023-02-14,0.0,0.0,20.1,11.0
ATL,2023-02-15,4.7,0.0,18.0,13.9
ATL,2023-02-16,0.1,0.0,25.0,17.3
ATL,2023-02-17,21.4,0.0,34.5,10.9
ATL,2023-02-18,0.0,0.0,21.6,3.7
ATL,2023-02-19,0.0,0.0,18.0,8.8
ATL,2023-02-20,0.0,0.0,26.5,13.7
ATL,2023-02-21,7.4,0.0,25.0,16.5
ATL,2023-02-22,1.1,0.0,29.6,19.4
ATL,2023-02-23,4.5,0.0,25.5,20.9
ATL,2023-02-24,6.7,0.0,17.8,19.5
ATL,2023-02-25,5.1,0.0,17.3,14.5
ATL,2023-02-26,0.0,0.0,19.9,17.1
ATL,2023-02-27,3.7,0.0,34.1,17.5
ATL,2023-02-28,0.0,0.0,21.5,18.2
ATL,2023-03-01,1.0,0.0,16.6,18.3
ATL,2023-03-02,6.6,0.0,25.0,18.0
ATL,2023-03-03,10.6,0.0,37.4,18.5
ATL,2023-03-04,0.0,0.0,17.4,14.6
ATL,2023-03-05,0.0,0.0,18.4,12.9
ATL,2023-03-06,0.0,0.0,10.6,15.6
ATL,2023-03-07,0.0,0.0,20.1,18.6
ATL,2023-03-08,0.0,0.0,19.1,12.6
ATL,2023-03-09,1.6,0.0,13.2,13.1
ATL,2023-03-10,15.4,0.0,22.9,12.9
ATL,2023-03-11,0.0,0.0,22.2,9.6
ATL,2023-03-12,29.8,0.0,21.7,9.9
ATL,2023-03-13,0.0,0.0,24.6,8.7
ATL,2023-03-14,0.0,0.0,23.2,3.7
ATL,2023-03-15,0.0,0.0,20.3,5.6
ATL,2023-03-16,0.0,0.0,15.6,9.3
ATL,2023-03-17,22.8,0.0,27.3,13.2
ATL,2023-03-18,0.0,0.0,28.0,6.2
ATL,2023-03-19,0.0,0.0,24.6,2.7
ATL,2023-03-20,0.0,0.0,17.1,3.4
ATL,2023-03-21,0.0,0.0,13.7,7.1
ATL,2023-03-22,0.3,0.0,15.0,12.1
ATL,2023-03-23,0.0,0.0,16.5,16.2
ATL,2023-03-24,0.0,0.0,23.1,19.0
ATL,2023-03-25,10.9,0.0,29.0,20.3
ATL,2023-03-26,23.7,0.0,20.0,18.2
ATL,2023-03-27,27.6,0.0,26.5,19.8
ATL,2023-03-28,0.0,0.0,24.8,15.8
ATL,2023-03-29,0.0,0.0,22.1,10.9
ATL,2023-03-30,0.0,0.0,12.0,12.5
ATL,2023-03-31,0.0,0.0,24.0,17.1
ATL,2023-04-01,4.2,0.0,34.3,20.1
ATL,2023-04-02,0.0,0.0,20.7,13.9
ATL,2023-04-03,11.3,0.0,22.9,13.0
ATL,2023-04-04,1.4,0.0,15.7,17.7
ATL,2023-04-05,1.1,0.0,23.7,22.2
ATL,2023-04-06,2.1,0.0,16.2,21.5
ATL,2023-04-07,0.5,0.0,25.3,18.3
ATL,2023-04-08,37.1,0.0,28.4,7.9
ATL,2023-04-09,0.0,0.0,22.3,10.3
ATL,2023-04-10,0.0,0.0,21.7,11.0
ATL,2023-04-11,0.0,0.0,12.6,11.9
ATL,2023-04-12,0.0,0.0,12.7,14.9
ATL,2023-04-13,19.3,0.0,28.9,15.1
ATL,2023-04-14,2.0,0.0,17.8,16.9
ATL,2023-04-15,0.0,0.0,16.3,19.0
ATL,2023-04-16,1.7,0.0,23.8,18.4
ATL,2023-04-17,0.0,0.0,23.6,13.4
ATL,2023-04-18,0.0,0.0,11.5,15.6
ATL,2023-04-19,0.0,0.0,11.8,17.8
ATL,2023-04-20,0.0,0.0,16.3,19.4
ATL,2023-04-21,0.0,0.0,14.8,19.8
ATL,2023-04-22,1.6,0.0,25.4,16.6
ATL,2023-04-23,0.0,0.0,17.1,14.6
ATL,2023-04-24,0.2,0.0,17.2,13.6
ATL,2023-04-25,0.0,0.0,14.8,14.5
ATL,2023-04-26,1.7,0.0,17.7,15.4
ATL,2023-04-27,10.6,0.0,19.3,14.4
ATL,2023-04-28,1.4,0.0,20.8,19.0
ATL,2023-04-29,2.6,0.0,11.6,18.4
ATL,2023-04-30,11.7,0.0,33.4,16.6
ATL,2023-05-01,0.0,0.0,32.4,13.9
ATL,2023-05-02,0.0,0.0,36.6,14.6
ATL,2023-05-03,0.0,0.0,27.4,14.5
ATL,2023-05-04,0.0,0.0,10.1,14.7
ATL,2023-05-05,3.2,0.0,13.4,14.5
ATL,2023-05-06,0.0,0.0,17.7,18.0
ATL,2023-05-07,0.6,0.0,12.1,20.2
ATL,2023-05-08,1.0,0.0,18.9,21.7
ATL,2023-05-09,7.5,0.0,23.9,21.8
ATL,2023-05-10,0.2,0.0,15.7,22.6
ATL,2023-05-11,0.2,0.0,19.7,22.2
ATL,2023-05-12,13.1,0.0,12.9,20.6
ATL,2023-05-13,0.3,0.0,8.9,22.5
ATL,2023-05-14,5.3,0.0,12.4,24.0
ATL,2023-05-15,0.6,0.0,16.6,23.7
ATL,2023-05-16,18.1,0.0,16.1,22.8
ATL,2023-05-17,10.3,0.0,17.6,21.3
ATL,2023-05-18,23.3,0.0,28.2,19.4
ATL,2023-05-19,0.0,0.0,22.3,18.8
ATL,2023-05-20,5.3,0.0,12.8,20.0
ATL,2023-05-21,1.5,0.0,13.4,21.3
ATL,2023-05-22,2.7,0.0,23.1,19.2
ATL,2023-05-23,11.1,0.0,24.9,18.2
ATL,2023-05-24,0.0,0.0,16.8,19.9
ATL,2023-05-25,0.0,0.0,17.2,19.8
ATL,2023-05-26,0.0,0.0,21.1,20.0
ATL,2023-05-27,0.0,0.0,25.6,17.9
ATL,2023-05-28,0.0,0.0,16.0,18.8
ATL,2023-05-29,0.0,0.0,18.3,19.0
ATL,2023-05-30,0.6,0.0,15.2,20.9
ATL,2023-05-31,0.8,0.0,19.5,21.7
ATL,2023-06-01,0.0,0.0,16.3,22.2
ATL,2023-06-02,0.1,0.0,14.6,23.5
ATL,2023-06-03,0.0,0.0,19.0,24.2
ATL,2023-06-04,1.3,0.0,16.3,23.1
ATL,2023-06-05,0.0,0.0,11.1,22.2
ATL,2023-06-06,0.2,0.0,16.7,24.5
ATL,2023-06-07,0.2,0.0,17.6,24.5
ATL,2023-06-08,0.0,0.0,16.8,23.8
ATL,2023-06-09,0.0,0.0,15.3,22.3
ATL,2023-06-10,0.0,0.0,11.7,22.7
ATL,2023-06-11,8.7,0.0,19.4,23.4
ATL,2023-06-12,2.8,0.0,21.4,22.7
ATL,2023-06-13,0.0,0.0,23.9,21.7
ATL,2023-06-14,21.6,0.0,29.0,20.7
ATL,2023-06-15,3.3,0.0,20.4,21.8
ATL,2023-06-16,0.2,0.0,17.9,23.7
ATL,2023-06-17,0.0,0.0,18.0,24.6
ATL,2023-06-18,0.3,0.0,18.6,24.4
ATL,2023-06-19,15.9,0.0,19.4,22.9
ATL,2023-06-20,10.2,0.0,11.4,21.8
ATL,2023-06-21,12.8,0.0,21.7,20.8
ATL,2023-06-22,18.5,0.0,20.6,20.5
ATL,2023-06-23,0.2,0.0,10.0,21.9
ATL,2023-06-24,0.1,0.0,19.4,23.2
ATL,2023-06-25,0.2,0.0,17.1,24.8
ATL,2023-06-26,0.1,0.0,22.1,25.8
ATL,2023-06-27,0.6,0.0,22.7,25.7
ATL,2023-06-28,0.0,0.0,12.1,24.9
ATL,2023-06-29,0.1,0.0,16.3,25.7
ATL,2023-06-30,0.2,0.0,13.9,26.7
ATL,2023-07-01,5.7,0.0,11.6,26.5
ATL,2023-07-02,7.1,0.0,18.3,26.5
ATL,2023-07-03,1.0,0.0,15.3,25.5
ATL,2023-07-04,8.5,0.0,9.2,25.3
ATL,2023-07-05,6.8,0.0,13.6,25.3
ATL,2023-07-06,0.5,0.0,12.3,26.4
ATL,2023-07-07,0.3,0.0,9.3,25.9
ATL,2023-07-08,1.7,0.0,16.2,25.6
ATL,2023-07-09,7.7,0.0,19.2,24.8
ATL,2023-07-10,60.8,0.0,14.5,23.6
ATL,2023-07-11,0.0,0.0,10.5,25.1
ATL,2023-07-12,0.8,0.0,8.5,25.8
ATL,2023-07-13,0.1,0.0,11.2,26.6
ATL,2023-07-14,5.8,0.0,10.3,26.4
ATL,2023-07-15,0.6,0.0,24.5,27.1
ATL,2023-07-16,0.1,0.0,15.8,27.5
ATL,2023-07-17,0.0,0.0,11.5,26.8
ATL,2023-07-18,0.0,0.0,11.9,27.0
ATL,2023-07-19,0.9,0.0,20.2,27.3
ATL,2023-07-20,2.6,0.0,26.4,27.6
ATL,2023-07-21,16.9,0.0,21.3,26.3
ATL,2023-07-22,13.4,0.0,18.0,23.8
ATL,2023-07-23,0.3,0.0,11.0,24.9
ATL,2023-07-24,0.2,0.0,10.8,25.4
ATL,2023-07-25,0.1,0.0,15.0,25.9
ATL,2023-07-26,0.0,0.0,8.6,27.7
ATL,2023-07-27,0.0,0.0,6.0,29.0
ATL,2023-07-28,1.8,0.0,11.3,28.6
ATL,2023-07-29,19.9,0.0,15.4,27.3
ATL,2023-07-30,4.3,0.0,16.6,27.1
ATL,2023-07-31,0.0,0.0,16.8,28.0
ATL,2023-08-01,0.0,0.0,18.5,27.8
ATL,2023-08-02,0.7,0.0,17.6,26.7
ATL,2023-08-03,8.5,0.0,17.0,25.4
ATL,2023-08-04,12.4,0.0,18.9,25.2
ATL,2023-08-05,0.7,0.0,10.9,26.6
ATL,2023-08-06,8.0,0.0,22.5,25.9
ATL,2023-08-07,7.9,0.0,27.6,25.5
ATL,2023-08-08,0.4,0.0,24.0,25.3
ATL,2023-08-09,2.7,0.0,13.4,25.4
ATL,2023-08-10,8.5,0.0,22.0,25.2
ATL,2023-08-11,18.2,0.0,22.4,25.8
ATL,2023-08-12,6.7,0.0,20.7,25.5
ATL,2023-08-13,0.7,0.0,15.5,26.6
ATL,2023-08-14,2.9,0.0,12.3,27.9
ATL,2023-08-15,3.1,0.0,18.9,26.0
ATL,2023-08-16,0.0,0.0,11.7,23.7
ATL,2023-08-17,0.0,0.0,12.9,23.9
ATL,2023-08-18,0.0,0.0,15.3,25.0
ATL,2023-08-19,0.0,0.0,10.5,25.7
ATL,2023-08-20,0.0,0.0,9.8,26.8
ATL,2023-08-21,0.2,0.0,13.4,28.3
ATL,2023-08-22,0.0,0.0,12.1,29.2
ATL,2023-08-23,0.0,0.0,17.5,28.7
ATL,2023-08-24,12.6,0.0,22.0,27.3
ATL,2023-08-25,0.1,0.0,15.5,28.4
ATL,2023-08-26,0.1,0.0,24.0,29.3
ATL,2023-08-27,5.9,0.0,16.2,28.3
ATL,2023-08-28,10.4,0.0,15.6,25.6
ATL,2023-08-29,20.9,0.0,19.8,24.8
ATL,2023-08-30,39.0,0.0,22.1,23.5
ATL,2023-08-31,0.2,0.0,12.7,24.1
ATL,2023-09-01,0.1,0.0,24.1,24.7
ATL,2023-09-02,0.0,0.0,15.2,23.3
ATL,2023-09-03,0.0,0.0,9.0,23.7
ATL,2023-09-04,0.0,0.0,9.5,25.3
ATL,2023-09-05,0.0,0.0,8.2,25.7
ATL,2023-09-06,0.0,0.0,15.5,26.8
ATL,2023-09-07,0.7,0.0,17.7,26.1
ATL,2023-09-08,0.0,0.0,12.3,24.2
ATL,2023-09-09,10.8,0.0,14.0,22.8
ATL,2023-09-10,0.2,0.0,15.3,23.8
ATL,2023-09-11,0.0,0.0,10.8,25.5
ATL,2023-09-12,1.1,0.0,15.6,25.6
ATL,2023-09-13,0.6,0.0,12.8,23.6
ATL,2023-09-14,31.9,0.0,13.4,22.0
ATL,2023-09-15,2.9,0.0,22.8,20.8
ATL,2023-09-16,16.8,0.0,12.3,20.2
ATL,2023-09-17,2.5,0.0,19.1,21.2
ATL,2023-09-18,0.0,0.0,13.5,20.2
ATL,2023-09-19,0.0,0.0,8.0,19.8
ATL,2023-09-20,0.0,0.0,11.6,20.6
ATL,2023-09-21,0.0,0.0,12.8,20.9
ATL,2023-09-22,0.0,0.0,15.0,21.3
ATL,2023-09-23,0.0,0.0,23.0,21.4
ATL,2023-09-24,0.0,0.0,10.7,20.5
ATL,2023-09-25,0.0,0.0,9.8,22.0
ATL,2023-09-26,0.4,0.0,23.2,23.0
ATL,2023-09-27,0.3,0.0,21.6,20.9
ATL,2023-09-28,0.0,0.0,18.6,19.1
ATL,2023-09-29,0.0,0.0,8.6,21.0
ATL,2023-09-30,0.0,0.0,11.0,22.8
ATL,2023-10-01,0.1,0.0,17.6,21.5
ATL,2023-10-02,0.0,0.0,14.0,21.3
ATL,2023-10-03,0.0,0.0,14.0,21.2
ATL,2023-10-04,0.0,0.0,14.9,21.5
ATL,2023-10-05,0.0,0.0,12.6,21.1
ATL,2023-10-06,1.4,0.0,14.8,21.3
ATL,2023-10-07,0.0,0.0,27.4,16.7
ATL,2023-10-08,0.0,0.0,20.3,13.6
ATL,2023-10-09,0.0,0.0,20.0,15.5
ATL,2023-10-10,0.0,0.0,23.4,19.5
ATL,2023-10-11,15.0,0.0,16.7,18.7
ATL,2023-10-12,23.5,0.0,30.4,16.8
ATL,2023-10-13,2.9,0.0,16.3,17.0
ATL,2023-10-14,0.4,0.0,26.3,18.7
ATL,2023-10-15,0.3,0.0,24.4,14.2
ATL,2023-10-16,0.0,0.0,25.6,10.9
ATL,2023-10-17,0.0,0.0,14.9,11.5
ATL,2023-10-18,0.0,0.0,10.5,12.9
ATL,2023-10-19,0.0,0.0,16.8,14.9
ATL,2023-10-20,2.9,0.0,30.9,17.3
ATL,2023-10-21,0.0,0.0,18.9,16.1
ATL,2023-10-22,0.0,0.0,18.2,18.2
ATL,2023-10-23,0.0,0.0,15.5,14.9
ATL,2023-10-24,0.0,0.0,15.3,14.8
ATL,2023-10-25,0.0,0.0,15.3,16.3
ATL,2023-10-26,0.1,0.0,15.6,18.9
ATL,2023-10-27,0.0,0.0,9.9,19.1
ATL,2023-10-28,0.0,0.0,10.0,19.2
ATL,2023-10-29,0.0,0.0,14.5,20.2
ATL,2023-10-30,0.0,0.0,25.0,19.5
ATL,2023-10-31,0.0,0.0,26.3,11.4
ATL,2023-11-01,0.0,0.0,27.2,6.1
ATL,2023-11-02,0.0,0.0,15.0,6.2
ATL,2023-11-03,0.0,0.0,12.3,8.4
ATL,2023-11-04,0.0,0.0,14.3,11.4
ATL,2023-11-05,0.0,0.0,17.1,14.0
ATL,2023-11-06,0.0,0.0,10.3,15.0
ATL,2023-11-07,0.0,0.0,13.1,16.9
ATL,2023-11-08,0.0,0.0,13.9,17.9
ATL,2023-11-09,0.0,0.0,13.0,19.3
ATL,2023-11-10,0.7,0.0,15.4,16.8
ATL,2023-11-11,16.3,0.0,20.2,11.3
ATL,2023-11-12,0.2,0.0,18.2,11.7
ATL,2023-11-13,0.0,0.0,11.4,12.5
ATL,2023-11-14,0.0,0.0,21.6,13.3
ATL,2023-11-15,3.1,0.0,20.9,12.5
ATL,2023-11-16,0.5,0.0,18.9,13.9
ATL,2023-11-17,0.0,0.0,13.6,16.3
ATL,2023-11-18,0.0,0.0,21.5,15.8
ATL,2023-11-19,0.0,0.0,15.1,12.9
ATL,2023-11-20,1.7,0.0,21.9,14.4
ATL,2023-11-21,41.4,0.0,32.2,16.2
ATL,2023-11-22,0.1,0.0,25.6,10.8
ATL,2023-11-23,0.0,0.0,15.8,7.6
ATL,2023-11-24,0.0,0.0,11.0,9.9
ATL,2023-11-25,0.0,0.0,20.2,9.3
ATL,2023-11-26,3.1,0.0,16.5,7.9
ATL,2023-11-27,0.0,0.0,24.2,6.6
ATL,2023-11-28,0.0,0.0,25.3,4.6
ATL,2023-11-29,0.0,0.0,13.0,3.3
ATL,2023-11-30,0.0,0.0,15.8,6.7
ATL,2023-12-01,5.3,0.0,23.7,11.7
ATL,2023-12-02,7.8,0.0,16.4,16.6
ATL,2023-12-03,4.7,0.0,19.5,17.0
ATL,2023-12-04,0.0,0.0,26.7,11.8
ATL,2023-12-05,0.0,0.0,17.5,8.7
ATL,2023-12-06,0.0,0.0,25.5,7.2
ATL,2023-12-07,0.0,0.0,10.0,5.3
ATL,2023-12-08,0.0,0.0,12.6,8.7
ATL,2023-12-09,5.7,0.0,23.4,15.5
ATL,2023-12-10,10.7,0.0,31.3,12.9
ATL,2023-12-11,0.0,0.0,28.2,3.6
ATL,2023-12-12,0.0,0.0,11.3,4.1
ATL,2023-12-13,0.0,0.0,10.9,5.8
ATL,2023-12-14,0.0,0.0,19.4,7.5
ATL,2023-12-15,0.0,0.0,18.4,6.1
ATL,2023-12-16,2.0,0.0,24.5,8.1
ATL,2023-12-17,0.8,0.0,25.7,10.1
ATL,2023-12-18,0.0,0.0,28.5,7.4
ATL,2023-12-19,0.0,0.0,24.8,1.5
ATL,2023-12-20,0.0,0.0,9.7,2.2
ATL,2023-12-21,0.0,0.0,10.9,4.5
ATL,2023-12-22,0.0,0.0,8.6,7.6
ATL,2023-12-23,0.0,0.0,12.1,10.2
ATL,2023-12-24,0.5,0.0,23.1,12.1
ATL,2023-12-25,23.8,0.0,30.1,14.2
ATL,2023-12-26,9.4,0.0,19.8,14.8
ATL,2023-12-27,0.0,0.0,13.8,10.8
ATL,2023-12-28,0.0,0.0,15.5,7.5
ATL,2023-12-29,0.0,0.0,24.3,4.2
ATL,2023-12-30,0.0,0.0,18.8,3.8
ATL,2023-12-31,0.0,0.0,16.9,4.6
ATL,2024-01-01,0.0,0.0,23.7,5.3
ATL,2024-01-02,0.0,0.0,18.8,2.6
ATL,2024-01-03,0.3,0.0,10.1,2.8
ATL,2024-01-04,0.0,0.0,18.9,3.8
ATL,2024-01-05,0.0,0.0,27.0,3.5
ATL,2024-01-06,27.4,0.0,28.2,8.1
ATL,2024-01-07,0.0,0.0,27.9,6.0
ATL,2024-01-08,2.7,0.0,30.3,4.0
ATL,2024-01-09,87.5,0.0,37.8,9.7
ATL,2024-01-10,0.0,0.0,29.2,4.1
ATL,2024-01-11,0.0,0.0,13.6,7.2
ATL,2024-01-12,8.2,0.0,34.2,8.6
ATL,2024-01-13,0.0,0.0,30.7,3.0
ATL,2024-01-14,0.0,0.0,18.1,4.9
ATL,2024-01-15,0.0,0.0,15.4,7.9
ATL,2024-01-16,1.5,0.0,32.2,-0.4
ATL,2024-01-17,0.0,0.0,22.5,-5.0
ATL,2024-01-18,0.4,0.0,14.9,1.5
ATL,2024-01-19,1.0,0.0,34.1,3.8
ATL,2024-01-20,0.0,0.0,23.5,-5.5
ATL,2024-01-21,0.0,0.0,17.6,-3.8
ATL,2024-01-22,0.0,0.0,16.2,1.8
ATL,2024-01-23,0.6,0.0,19.7,6.4
ATL,2024-01-24,5.2,0.0,20.2,12.6
ATL,2024-01-25,31.8,0.0,27.7,17.6
ATL,2024-01-26,0.1,0.0,14.3,17.2
ATL,2024-01-27,11.6,0.0,24.9,16.0
ATL,2024-01-28,0.0,0.0,33.7,8.2
ATL,2024-01-29,0.0,0.0,29.6,6.4
ATL,2024-01-30,0.7,0.0,15.3,5.7
ATL,2024-01-31,0.4,0.0,22.8,6.9
ATL,2024-02-01,0.0,0.0,10.9,5.7
ATL,2024-02-02,0.0,0.0,14.8,9.7
ATL,2024-02-03,0.0,0.0,21.7,8.9
ATL,2024-02-04,17.7,0.0,34.6,5.9
ATL,2024-02-05,3.3,0.0,38.3,7.3
ATL,2024-02-06,0.0,0.0,11.3,7.5
ATL,2024-02-07,0.0,0.0,15.6,6.2
ATL,2024-02-08,0.0,0.0,15.0,7.1
ATL,2024-02-09,0.0,0.0,13.0,12.2
ATL,2024-02-10,4.5,0.0,15.6,14.8
ATL,2024-02-11,18.5,0.0,23.5,16.4
ATL,2024-02-12,53.6,0.0,29.9,13.6
ATL,2024-02-13,0.0,0.0,33.3,7.6
ATL,2024-02-14,0.0,0.0,13.5,8.3
ATL,2024-02-15,0.0,0.0,14.6,10.2
ATL,2024-02-16,0.0,0.0,18.7,12.5
ATL,2024-02-17,1.2,0.0,26.7,6.9
ATL,2024-02-18,0.0,0.0,21.3,3.5
ATL,2024-02-19,0.0,0.0,16.7,6.4
ATL,2024-02-20,0.0,0.0,10.8,6.8
ATL,2024-02-21,0.0,0.0,12.6,8.8
ATL,2024-02-22,0.4,0.0,26.5,12.3
ATL,2024-02-23,6.5,0.0,27.3,14.4
ATL,2024-02-24,0.1,0.0,36.5,10.8
ATL,2024-02-25,0.0,0.0,14.1,7.2
ATL,2024-02-26,0.0,0.0,20.5,13.1
ATL,2024-02-27,3.9,0.0,33.6,17.1
ATL,2024-02-28,8.8,0.0,38.2,16.5
ATL,2024-02-29,0.0,0.0,20.8,7.0
ATL,2024-03-01,24.5,0.0,23.6,5.9
ATL,2024-03-02,10.3,0.0,15.5,9.9
ATL,2024-03-03,0.5,0.0,13.0,13.2
ATL,2024-03-04,0.0,0.0,17.1,14.5
ATL,2024-03-05,7.9,0.0,20.9,14.2
ATL,2024-03-06,21.1,0.0,18.7,15.5
ATL,2024-03-07,0.0,0.0,15.0,15.4
ATL,2024-03-08,21.9,0.0,29.0,15.1
ATL,2024-03-09,28.3,0.0,25.6,15.6
ATL,2024-03-10,0.0,0.0,29.7,9.6
ATL,2024-03-11,0.0,0.0,20.5,8.2
ATL,2024-03-12,0.0,0.0,13.6,11.0
ATL,2024-03-13,0.0,0.0,10.5,13.3
ATL,2024-03-14,0.0,0.0,13.4,16.6
ATL,2024-03-15,4.9,0.0,26.2,18.0
ATL,2024-03-16,0.1,0.0,16.7,16.6
ATL,2024-03-17,0.6,0.0,16.2,13.8
ATL,2024-03-18,0.0,0.0,31.9,9.4
ATL,2024-03-19,0.0,0.0,23.4,5.9
ATL,2024-03-20,0.0,0.0,16.4,11.6
ATL,2024-03-21,0.0,0.0,11.7,14.8
ATL,2024-03-22,21.9,0.0,27.4,13.8
ATL,2024-03-23,0.0,0.0,32.4,14.3
ATL,2024-03-24,0.0,0.0,22.0,9.6
ATL,2024-03-25,0.0,0.0,31.6,10.8
ATL,2024-03-26,7.8,0.0,34.2,15.0
ATL,2024-03-27,0.0,0.0,16.4,15.2
ATL,2024-03-28,0.0,0.0,27.4,12.7
ATL,2024-03-29,0.0,0.0,12.9,11.7
ATL,2024-03-30,0.0,0.0,19.3,14.7
ATL,2024-03-31,0.0,0.0,18.5,17.7
ATL,2024-04-01,0.6,0.0,20.8,19.4
ATL,2024-04-02,2.8,0.0,26.9,21.1
ATL,2024-04-03,22.8,0.0,31.6,15.5
ATL,2024-04-04,0.0,0.0,34.9,10.8
ATL,2024-04-05,0.0,0.0,19.9,9.7
ATL,2024-04-06,0.0,0.0,16.1,9.4
ATL,2024-04-07,0.0,0.0,12.7,12.3
ATL,2024-04-08,0.0,0.0,14.8,17.3
ATL,2024-04-09,16.0,0.0,20.1,16.0
ATL,2024-04-10,18.7,0.0,39.7,17.2
ATL,2024-04-11,4.8,0.0,41.3,17.5
ATL,2024-04-12,0.1,0.0,37.3,13.9
ATL,2024-04-13,0.0,0.0,18.7,15.0
ATL,2024-04-14,0.0,0.0,19.7,18.4
ATL,2024-04-15,0.0,0.0,16.1,19.8
ATL,2024-04-16,0.0,0.0,14.8,20.3
ATL,2024-04-17,7.2,0.0,16.9,21.0
ATL,2024-04-18,1.8,0.0,16.3,21.0
ATL,2024-04-19,0.3,0.0,14.3,22.5
ATL,2024-04-20,1.5,0.0,19.6,20.8
ATL,2024-04-21,32.7,0.0,22.6,12.0
ATL,2024-04-22,0.0,0.0,20.3,11.7
ATL,2024-04-23,0.0,0.0,14.1,13.5
ATL,2024-04-24,1.0,0.0,19.2,16.6
ATL,2024-04-25,0.0,0.0,8.7,18.1
ATL,2024-04-26,0.0,0.0,22.3,20.1
ATL,2024-04-27,0.0,0.0,22.2,19.0
ATL,2024-04-28,0.0,0.0,23.3,19.9
ATL,2024-04-29,0.0,0.0,17.3,19.5
ATL,2024-04-30,3.3,0.0,15.6,20.1
ATL,2024-05-01,0.0,0.0,7.6,20.2
ATL,2024-05-02,0.0,0.0,14.5,22.1
ATL,2024-05-03,0.7,0.0,18.4,24.2
ATL,2024-05-04,3.2,0.0,15.5,21.7
ATL,2024-05-05,1.8,0.0,15.3,21.9
ATL,2024-05-06,20.5,0.0,15.3,22.1
ATL,2024-05-07,0.0,0.0,19.2,23.4
ATL,2024-05-08,0.3,0.0,19.5,25.1
ATL,2024-05-09,39.0,0.0,23.0,22.3
ATL,2024-05-10,4.4,0.0,28.5,22.3
ATL,2024-05-11,0.0,0.0,17.9,17.6
ATL,2024-05-12,0.0,0.0,10.6,19.2
ATL,2024-05-13,4.9,0.0,23.4,17.8
ATL,2024-05-14,8.1,0.0,17.7,19.9
ATL,2024-05-15,1.2,0.0,22.3,21.4
ATL,2024-05-16,0.0,0.0,16.4,21.8
ATL,2024-05-17,23.1,0.0,17.3,20.0
ATL,2024-05-18,23.2,0.0,18.4,20.8
ATL,2024-05-19,8.8,0.0,16.9,21.0
ATL,2024-05-20,0.0,0.0,13.7,21.4
ATL,2024-05-21,0.1,0.0,10.7,23.4
ATL,2024-05-22,0.0,0.0,14.8,24.0
ATL,2024-05-23,2.9,0.0,21.9,24.1
ATL,2024-05-24,5.9,0.0,14.1,24.3
ATL,2024-05-25,1.0,0.0,23.5,24.2
ATL,2024-05-26,0.6,0.0,23.2,26.4
ATL,2024-05-27,10.1,0.0,24.0,24.3
ATL,2024-05-28,0.0,0.0,21.5,23.9
ATL,2024-05-29,0.0,0.0,21.8,23.1
ATL,2024-05-30,0.0,0.0,16.8,22.3
ATL,2024-05-31,0.0,0.0,20.4,21.9
ATL,2024-06-01,0.2,0.0,20.9,21.0
ATL,2024-06-02,3.4,0.0,20.7,22.8
ATL,2024-06-03,1.5,0.0,13.6,23.7
ATL,2024-06-04,1.3,0.0,20.4,24.0
ATL,2024-06-05,4.3,0.0,20.3,23.8
ATL,2024-06-06,5.8,0.0,20.5,23.2
ATL,2024-06-07,0.0,0.0,20.2,24.6
ATL,2024-06-08,0.0,0.0,12.6,23.5
ATL,2024-06-09,0.4,0.0,22.4,26.4
ATL,2024-06-10,0.1,0.0,17.6,24.6
ATL,2024-06-11,0.0,0.0,13.2,23.8
ATL,2024-06-12,0.0,0.0,13.5,25.9
ATL,2024-06-13,0.0,0.0,14.5,26.9
ATL,2024-06-14,0.0,0.0,8.4,27.8
ATL,2024-06-15,0.8,0.0,14.0,28.6
ATL,2024-06-16,0.0,0.0,18.8,28.9
ATL,2024-06-17,0.1,0.0,17.7,28.0
ATL,2024-06-18,0.3,0.0,25.8,26.7
ATL,2024-06-19,0.0,0.0,23.5,25.9
ATL,2024-06-20,0.0,0.0,23.4,26.6
ATL,2024-06-21,0.0,0.0,14.8,27.0
ATL,2024-06-22,0.0,0.0,18.5,28.2
ATL,2024-06-23,0.0,0.0,19.0,30.2
ATL,2024-06-24,0.0,0.0,23.4,30.1
ATL,2024-06-25,0.0,0.0,11.5,28.9
ATL,2024-06-26,1.0,0.0,26.3,30.0
ATL,2024-06-27,2.7,0.0,15.9,26.2
ATL,2024-06-28,14.9,0.0,17.1,27.0
ATL,2024-06-29,2.7,0.0,22.1,27.1
ATL,2024-06-30,1.6,0.0,18.7,29.0
ATL,2024-07-01,3.3,0.0,15.6,29.0
ATL,2024-07-02,0.0,0.0,26.0,27.2
ATL,2024-07-03,1.4,0.0,15.9,27.6
ATL,2024-07-04,1.6,0.0,13.3,28.8
ATL,2024-07-05,13.2,0.0,16.8,28.6
ATL,2024-07-06,22.9,0.0,11.1,26.2
ATL,2024-07-07,22.7,0.0,15.2,26.5
ATL,2024-07-08,1.5,0.0,11.5,26.9
ATL,2024-07-09,3.7,0.0,16.7,26.8
ATL,2024-07-10,0.2,0.0,18.3,26.2
ATL,2024-07-11,0.0,0.0,12.1,25.8
ATL,2024-07-12,0.0,0.0,8.4,27.2
ATL,2024-07-13,1.0,0.0,8.4,28.2
ATL,2024-07-14,0.0,0.0,9.4,29.5
ATL,2024-07-15,1.6,0.0,11.9,28.8
ATL,2024-07-16,4.0,0.0,23.3,26.8
ATL,2024-07-17,1.2,0.0,19.6,27.2
ATL,2024-07-18,6.2,0.0,21.4,25.1
ATL,2024-07-19,24.8,0.0,9.0,23.9
ATL,2024-07-20,14.1,0.0,14.3,23.6
ATL,2024-07-21,6.1,0.0,13.3,24.3
ATL,2024-07-22,3.3,0.0,13.7,24.3
ATL,2024-07-23,28.9,0.0,13.2,24.1
ATL,2024-07-24,14.0,0.0,9.3,24.2
ATL,2024-07-25,1.0,0.0,14.8,24.8
ATL,2024-07-26,7.9,0.0,14.9,24.3
ATL,2024-07-27,0.2,0.0,14.3,24.8
ATL,2024-07-28,44.9,0.0,11.5,23.4
ATL,2024-07-29,5.6,0.0,10.9,24.6
ATL,2024-07-30,7.1,0.0,20.0,25.1
ATL,2024-07-31,8.2,0.0,16.4,24.8
ATL,2024-08-01,0.5,0.0,11.7,27.0
ATL,2024-08-02,2.9,0.0,15.6,27.7
ATL,2024-08-03,6.1,0.0,14.5,25.5
ATL,2024-08-04,0.6,0.0,13.4,25.6
ATL,2024-08-05,1.7,0.0,21.5,26.1
ATL,2024-08-06,0.2,0.0,19.7,26.6
ATL,2024-08-07,0.0,0.0,19.4,27.2
ATL,2024-08-08,0.0,0.0,19.9,28.1
ATL,2024-08-09,0.2,0.0,12.3,27.9
ATL,2024-08-10,0.0,0.0,12.8,27.2
ATL,2024-08-11,0.0,0.0,12.6,26.2
ATL,2024-08-12,0.0,0.0,14.9,26.1
ATL,2024-08-13,0.0,0.0,15.3,26.7
ATL,2024-08-14,0.1,0.0,13.6,26.1
ATL,2024-08-15,0.4,0.0,13.0,26.6
ATL,2024-08-16,7.2,0.0,12.1,27.0
ATL,2024-08-17,10.8,0.0,17.3,26.0
ATL,2024-08-18,4.6,0.0,20.7,25.8
ATL,2024-08-19,0.0,0.0,18.7,25.4
ATL,2024-08-20,0.1,0.0,16.4,24.8
ATL,2024-08-21,0.0,0.0,17.8,23.7
ATL,2024-08-22,0.0,0.0,19.6,24.1
ATL,2024-08-23,0.0,0.0,18.0,22.6
ATL,2024-08-24,0.0,0.0,15.7,22.9
ATL,2024-08-25,0.0,0.0,14.5,23.6
ATL,2024-08-26,0.0,0.0,11.0,24.5
ATL,2024-08-27,0.0,0.0,8.4,25.9
ATL,2024-08-28,0.0,0.0,9.5,27.5
ATL,2024-08-29,0.3,0.0,14.5,28.1
ATL,2024-08-30,3.2,0.0,10.0,27.6
ATL,2024-08-31,0.1,0.0,13.0,27.2
ATL,2024-09-01,9.0,0.0,18.9,25.6
ATL,2024-09-02,1.1,0.0,9.4,26.1
ATL,2024-09-03,0.9,0.0,25.6,24.9
ATL,2024-09-04,0.0,0.0,23.4,23.0
ATL,2024-09-05,0.0,0.0,18.8,23.9
ATL,2024-09-06,1.7,0.0,15.9,22.4
ATL,2024-09-07,0.2,0.0,17.0,23.4
ATL,2024-09-08,0.0,0.0,19.4,22.0
ATL,2024-09-09,0.0,0.0,15.2,22.7
ATL,2024-09-10,0.0,0.0,13.4,23.0
ATL,2024-09-11,1.5,0.0,23.6,22.1
ATL,2024-09-12,10.0,0.0,36.2,19.7
ATL,2024-09-13,7.0,0.0,22.8,21.6
ATL,2024-09-14,10.3,0.0,29.6,21.7
ATL,2024-09-15,2.5,0.0,25.6,22.2
ATL,2024-09-16,0.0,0.0,20.9,22.6
ATL,2024-09-17,0.2,0.0,22.1,20.8
ATL,2024-09-18,0.2,0.0,14.8,22.0
ATL,2024-09-19,0.3,0.0,10.7,23.2
ATL,2024-09-20,0.0,0.0,8.0,24.9
ATL,2024-09-21,0.0,0.0,11.0,25.6
ATL,2024-09-22,0.0,0.0,14.0,26.8
ATL,2024-09-23,0.0,0.0,10.5,27.2
ATL,2024-09-24,3.4,0.0,17.1,25.9
ATL,2024-09-25,32.0,0.0,18.9,23.5
ATL,2024-09-26,103.3,0.0,15.6,20.9
ATL,2024-09-27,45.4,0.0,44.6,22.1
ATL,2024-09-28,0.0,0.0,29.5,21.2
ATL,2024-09-29,0.3,0.0,16.7,20.9
ATL,2024-09-30,0.4,0.0,14.9,21.3
ATL,2024-10-01,0.2,0.0,14.5,21.4
ATL,2024-10-02,0.0,0.0,11.1,22.4
ATL,2024-10-03,0.7,0.0,12.4,22.4
ATL,2024-10-04,0.3,0.0,9.7,21.3
ATL,2024-10-05,0.0,0.0,12.8,22.3
ATL,2024-10-06,0.5,0.0,14.3,22.1
ATL,2024-10-07,0.0,0.0,14.8,21.7
ATL,2024-10-08,0.0,0.0,17.3,19.4
ATL,2024-10-09,0.0,0.0,13.7,19.7
ATL,2024-10-10,0.0,0.0,20.3,18.3
ATL,2024-10-11,0.0,0.0,10.7,15.7
ATL,2024-10-12,0.0,0.0,11.2,17.1
ATL,2024-10-13,0.0,0.0,17.0,19.1
ATL,2024-10-14,0.0,0.0,23.4,18.2
ATL,2024-10-15,0.0,0.0,18.6,12.8
ATL,2024-10-16,0.0,0.0,20.6,10.5
ATL,2024-10-17,0.0,0.0,11.9,10.0
ATL,2024-10-18,0.0,0.0,15.5,11.9
ATL,2024-10-19,0.0,0.0,16.2,13.4
ATL,2024-10-20,0.0,0.0,11.0,14.8
ATL,2024-10-21,0.0,0.0,12.0,16.0
ATL,2024-10-22,0.0,0.0,12.2,16.9
ATL,2024-10-23,0.0,0.0,10.1,18.4
ATL,2024-10-24,0.0,0.0,14.3,19.5
ATL,2024-10-25,0.0,0.0,10.8,18.5
ATL,2024-10-26,0.0,0.0,14.3,20.3
ATL,2024-10-27,0.0,0.0,17.2,17.9
ATL,2024-10-28,0.0,0.0,14.4,15.4
ATL,2024-10-29,0.0,0.0,16.8,16.4
ATL,2024-10-30,0.5,0.0,18.4,18.8
ATL,2024-10-31,0.0,0.0,17.0,19.8
ATL,2024-11-01,0.1,0.0,13.2,19.5
ATL,2024-11-02,0.0,0.0,8.5,19.1
ATL,2024-11-03,0.1,0.0,22.1,18.0
ATL,2024-11-04,0.2,0.0,22.0,16.0
ATL,2024-11-05,0.1,0.0,21.4,19.2
ATL,2024-11-06,0.8,0.0,18.2,20.4
ATL,2024-11-07,0.1,0.0,18.8,20.4
ATL,2024-11-08,0.5,0.0,9.7,20.4
ATL,2024-11-09,0.2,0.0,21.7,18.7
ATL,2024-11-10,1.3,0.0,21.6,15.1
ATL,2024-11-11,11.2,0.0,11.7,17.3
ATL,2024-11-12,0.0,0.0,13.2,16.2
ATL,2024-11-13,0.1,0.0,20.0,13.9
ATL,2024-11-14,9.4,0.0,22.8,12.0
ATL,2024-11-15,0.0,0.0,14.0,11.8
ATL,2024-11-16,0.0,0.0,7.8,11.8
ATL,2024-11-17,0.0,0.0,8.6,13.2
ATL,2024-11-18,0.0,0.0,11.1,15.3
ATL,2024-11-19,26.0,0.0,23.3,15.5
ATL,2024-11-20,1.4,0.0,24.2,17.1
ATL,2024-11-21,0.0,0.0,28.3,8.7
ATL,2024-11-22,0.0,0.0,24.2,6.4
ATL,2024-11-23,0.0,0.0,15.3,7.4
ATL,2024-11-24,0.0,0.0,10.2,9.8
ATL,2024-11-25,0.0,0.0,15.0,13.8
ATL,2024-11-26,8.0,0.0,16.8,14.2
ATL,2024-11-27,0.0,0.0,13.6,10.1
ATL,2024-11-28,1.0,0.0,23.9,13.9
ATL,2024-11-29,0.0,0.0,18.9,5.0
ATL,2024-11-30,0.0,0.0,14.0,2.7
ATL,2024-12-01,0.0,0.0,12.7,3.9
ATL,2024-12-02,0.0,0.0,12.2,3.5
ATL,2024-12-03,0.0,0.0,14.3,1.6
ATL,2024-12-04,0.0,0.0,14.6,2.7
ATL,2024-12-05,0.4,0.0,23.4,8.0
ATL,2024-12-06,0.0,0.0,17.4,-0.6
ATL,2024-12-07,0.0,0.0,12.2,3.6
ATL,2024-12-08,0.1,0.0,9.4,8.8
ATL,2024-12-09,14.9,0.0,17.0,13.1
ATL,2024-12-10,24.8,0.0,19.1,17.1
ATL,2024-12-11,28.6,0.0,27.3,9.3
ATL,2024-12-12,0.0,0.0,16.1,4.4
ATL,2024-12-13,0.0,0.0,12.5,6.2
ATL,2024-12-14,0.0,0.0,19.9,8.5
ATL,2024-12-15,1.0,0.0,20.1,7.4
ATL,2024-12-16,0.0,0.0,12.5,11.3
ATL,2024-12-17,0.0,0.0,11.7,14.4
ATL,2024-12-18,0.6,0.0,16.0,14.8
ATL,2024-12-19,0.0,0.0,16.7,9.3
ATL,2024-12-20,0.0,0.0,25.5,5.9
ATL,2024-12-21,0.0,0.0,22.4,2.5
ATL,2024-12-22,0.0,0.0,10.8,2.0
ATL,2024-12-23,0.0,0.0,12.3,2.2
ATL,2024-12-24,0.0,0.0,9.9,4.1
ATL,2024-12-25,0.0,0.0,13.7,6.2
ATL,2024-12-26,0.9,0.0,15.9,6.9
ATL,2024-12-27,1.9,0.0,20.5,8.3
ATL,2024-12-28,4.5,0.0,17.4,10.9
ATL,2024-12-29,3.5,0.0,26.8,15.0
ATL,2024-12-30,0.0,0.0,13.5,11.8
ATL,2024-12-31,0.2,0.0,26.6,13.1
ATL,2025-01-01,0.0,0.0,22.5,6.7
ATL,2025-01-02,0.0,0.0,14.1,3.2
ATL,2025-01-03,0.0,0.0,27.3,4.8
ATL,2025-01-04,0.0,0.0,14.5,2.0
ATL,2025-01-05,5.4,0.0,18.7,4.7
ATL,2025-01-06,10.7,0.0,29.6,6.6
ATL,2025-01-07,0.0,0.0,22.2,-0.2
ATL,2025-01-08,0.0,0.0,19.4,-1.6
ATL,2025-01-09,0.0,0.0,16.7,-1.3
ATL,2025-01-10,18.4,5.88,25.7,-0.4
ATL,2025-01-11,0.3,0.0,24.1,0.3
ATL,2025-01-12,0.0,0.0,7.8,-1.4
ATL,2025-01-13,1.9,0.0,14.5,4.8
ATL,2025-01-14,0.0,0.0,16.5,2.5
ATL,2025-01-15,0.0,0.0,13.5,3.7
ATL,2025-01-16,0.0,0.0,21.1,5.4
ATL,2025-01-17,0.0,0.0,11.9,6.5
ATL,2025-01-18,17.6,0.0,22.9,10.3
ATL,2025-01-19,2.4,0.0,26.1,5.3
ATL,2025-01-20,0.0,0.0,20.3,-4.7
ATL,2025-01-21,2.1,1.4,16.7,-4.1
ATL,2025-01-22,0.0,0.0,15.8,-5.4
ATL,2025-01-23,0.0,0.0,10.1,-0.9
ATL,2025-01-24,0.0,0.0,19.7,1.3
ATL,2025-01-25,0.0,0.0,9.1,1.5
ATL,2025-01-26,0.4,0.0,9.4,4.9
ATL,2025-01-27,6.2,0.0,14.1,7.9
ATL,2025-01-28,0.0,0.0,15.0,6.0
ATL,2025-01-29,0.0,0.0,17.2,10.1
ATL,2025-01-30,0.3,0.0,16.5,11.6
ATL,2025-01-31,9.3,0.0,21.5,13.7
ATL,2025-02-01,0.1,0.0,22.1,10.6
ATL,2025-02-02,0.0,0.0,10.2,11.0
ATL,2025-02-03,0.0,0.0,13.9,13.2
ATL,2025-02-04,0.0,0.0,15.1,16.4
ATL,2025-02-05,0.0,0.0,11.2,16.5
ATL,2025-02-06,0.7,0.0,20.0,18.0
ATL,2025-02-07,2.7,0.0,15.4,18.7
ATL,2025-02-08,0.5,0.0,21.8,18.9
ATL,2025-02-09,3.9,0.0,20.7,19.0
ATL,2025-02-10,0.0,0.0,16.2,11.4
ATL,2025-02-11,5.2,0.0,19.7,8.2
ATL,2025-02-12,29.9,0.0,18.8,6.0
ATL,2025-02-13,11.2,0.0,22.7,11.5
ATL,2025-02-14,0.0,0.0,14.9,5.4
ATL,2025-02-15,2.7,0.0,16.8,10.0
ATL,2025-02-16,20.6,0.0,30.4,11.5
ATL,2025-02-17,0.0,0.0,21.0,2.7
ATL,2025-02-18,0.0,0.0,7.6,4.8
ATL,2025-02-19,2.2,0.0,16.4,5.7
ATL,2025-02-20,0.0,0.0,24.7,-1.9
ATL,2025-02-21,0.0,0.0,17.9,-0.8
ATL,2025-02-22,0.0,0.0,12.2,3.3
ATL,2025-02-23,0.0,0.0,10.3,5.0
ATL,2025-02-24,0.0,0.0,7.1,9.3
ATL,2025-02-25,0.0,0.0,13.9,13.0
ATL,2025-02-26,0.0,0.0,11.4,14.2
ATL,2025-02-27,0.0,0.0,23.4,14.5
ATL,2025-02-28,0.0,0.0,13.6,12.0
ATL,2025-03-01,0.0,0.0,22.7,13.0
ATL,2025-03-02,0.0,0.0,19.7,5.6
ATL,2025-03-03,0.0,0.0,10.4,7.3
ATL,2025-03-04,0.0,0.0,29.3,12.6
ATL,2025-03-05,16.9,0.0,31.9,12.1
ATL,2025-03-06,0.0,0.0,26.0,6.2
ATL,2025-03-07,0.0,0.0,14.2,9.6
ATL,2025-03-08,0.5,0.0,17.9,15.3
ATL,2025-03-09,13.6,0.0,16.8,9.8
ATL,2025-03-10,23.9,0.0,17.1,8.4
ATL,2025-03-11,0.0,0.0,12.2,12.8
ATL,2025-03-12,0.0,0.0,13.6,15.2
ATL,2025-03-13,0.6,0.0,13.2,15.5
ATL,2025-03-14,0.1,0.0,17.1,16.8
ATL,2025-03-15,1.1,0.0,32.0,19.0
ATL,2025-03-16,28.0,0.0,36.0,18.2
ATL,2025-03-17,0.0,0.0,23.6,8.6
ATL,2025-03-18,0.0,0.0,10.9,12.7
ATL,2025-03-19,0.0,0.0,17.5,15.7
ATL,2025-03-20,1.8,0.0,29.3,11.6
ATL,2025-03-21,0.0,0.0,21.7,8.4
ATL,2025-03-22,0.0,0.0,16.9,12.9
ATL,2025-03-23,0.0,0.0,19.4,16.0
ATL,2025-03-24,2.0,0.0,19.9,16.1
ATL,2025-03-25,0.0,0.0,24.5,16.5
ATL,2025-03-26,0.0,0.0,17.1,16.6
ATL,2025-03-27,0.0,0.0,11.5,16.3
ATL,2025-03-28,0.0,0.0,12.1,19.1
ATL,2025-03-29,0.6,0.0,16.9,19.8
ATL,2025-03-30,2.0,0.0,17.5,18.9
ATL,2025-03-31,6.7,0.0,23.5,18.9
ATL,2025-04-01,0.0,0.0,15.1,16.1
ATL,2025-04-02,2.1,0.0,24.4,21.9
ATL,2025-04-03,0.9,0.0,21.3,23.8
ATL,2025-04-04,0.1,0.0,18.2,24.3
ATL,2025-04-05,0.3,0.0,22.0,24.4
ATL,2025-04-06,11.0,0.0,23.1,20.4
ATL,2025-04-07,17.1,0.0,29.4,16.7
ATL,2025-04-08,0.0,0.0,19.7,11.1
ATL,2025-04-09,0.0,0.0,14.4,11.4
ATL,2025-04-10,4.5,0.0,20.8,14.8
ATL,2025-04-11,0.2,0.0,24.5,13.1
ATL,2025-04-12,0.0,0.0,19.0,10.5
ATL,2025-04-13,0.0,0.0,10.7,12.6
ATL,2025-04-14,0.0,0.0,17.2,18.6
ATL,2025-04-15,0.0,0.0,23.5,17.5
ATL,2025-04-16,0.0,0.0,13.6,14.8
ATL,2025-04-17,0.0,0.0,12.6,18.4
ATL,2025-04-18,0.0,0.0,16.6,21.0
ATL,2025-04-19,0.0,0.0,13.3,22.9
ATL,2025-04-20,0.0,0.0,12.4,22.6
ATL,2025-04-21,0.0,0.0,15.2,22.8
ATL,2025-04-22,6.5,0.0,9.9,20.5
ATL,2025-04-23,7.4,0.0,13.1,20.1
ATL,2025-04-24,13.1,0.0,14.3,18.5
ATL,2025-04-25,8.1,0.0,18.8,20.1
ATL,2025-04-26,10.9,0.0,8.9,20.8
ATL,2025-04-27,1.2,0.0,12.7,21.0
ATL,2025-04-28,0.0,0.0,16.3,20.5
ATL,2025-04-29,0.4,0.0,12.3,20.9
ATL,2025-04-30,0.1,0.0,11.0,22.5
ATL,2025-05-01,9.4,0.0,17.0,22.2
ATL,2025-05-02,9.6,0.0,19.3,20.5
ATL,2025-05-03,20.7,0.0,17.3,17.6
ATL,2025-05-04,0.0,0.0,16.8,15.9
ATL,2025-05-05,0.0,0.0,13.2,15.4
ATL,2025-05-06,0.0,0.0,8.6,18.3
ATL,2025-05-07,6.6,0.0,10.2,18.8
ATL,2025-05-08,3.9,0.0,15.3,20.7
ATL,2025-05-09,0.7,0.0,11.9,21.4
ATL,2025-05-10,15.0,0.0,26.2,16.6
ATL,2025-05-11,19.6,0.0,20.5,17.1
ATL,2025-05-12,27.9,0.0,20.4,20.3
ATL,2025-05-13,4.8,0.0,13.6,19.4
ATL,2025-05-14,0.5,0.0,15.1,22.0
ATL,2025-05-15,0.0,0.0,17.0,23.9
ATL,2025-05-16,0.0,0.0,14.1,25.3
ATL,2025-05-17,5.1,0.0,23.2,24.3
ATL,2025-05-18,1.3,0.0,14.0,22.8
ATL,2025-05-19,1.2,0.0,8.1,24.3
ATL,2025-05-20,0.4,0.0,17.5,26.3
ATL,2025-05-21,5.4,0.0,22.2,23.6
ATL,2025-05-22,0.0,0.0,24.3,23.0
ATL,2025-05-23,0.0,0.0,16.7,22.9
ATL,2025-05-24,0.3,0.0,11.0,23.1
ATL,2025-05-25,9.4,0.0,13.4,22.5
ATL,2025-05-26,13.6,0.0,13.7,22.4
ATL,2025-05-27,38.0,0.0,16.8,19.9
ATL,2025-05-28,9.1,0.0,15.2,20.7
ATL,2025-05-29,23.9,0.0,7.7,20.5
ATL,2025-05-30,2.7,0.0,21.2,20.1
ATL,2025-05-31,0.0,0.0,21.3,20.2
ATL,2025-06-01,0.0,0.0,12.9,21.2
ATL,2025-06-02,0.0,0.0,8.2,22.6
ATL,2025-06-03,0.0,0.0,15.8,23.6
ATL,2025-06-04,12.5,0.0,21.2,22.2
ATL,2025-06-05,2.2,0.0,12.1,22.9
ATL,2025-06-06,5.6,0.0,11.5,25.3
ATL,2025-06-07,4.9,0.0,22.0,24.7
ATL,2025-06-08,29.3,0.0,22.8,23.2
ATL,2025-06-09,10.4,0.0,22.4,22.3
ATL,2025-06-10,9.6,0.0,13.7,22.6
ATL,2025-06-11,1.0,0.0,9.2,23.2
ATL,2025-06-12,3.5,0.0,11.9,23.8
ATL,2025-06-13,15.4,0.0,13.3,24.4
ATL,2025-06-14,5.3,0.0,14.1,24.3
ATL,2025-06-15,2.7,0.0,15.5,25.0
ATL,2025-06-16,1.3,0.0,23.0,26.1
ATL,2025-06-17,3.0,0.0,18.0,24.8
ATL,2025-06-18,1.0,0.0,12.7,24.6
ATL,2025-06-19,2.0,0.0,19.0,24.3
ATL,2025-06-20,0.0,0.0,9.0,25.1
ATL,2025-06-21,1.3,0.0,7.5,26.1
ATL,2025-06-22,0.0,0.0,7.1,27.5
ATL,2025-06-23,0.1,0.0,9.6,28.8
ATL,2025-06-24,0.4,0.0,14.9,30.1
ATL,2025-06-25,2.5,0.0,17.5,29.4
ATL,2025-06-26,4.8,0.0,15.5,26.5
ATL,2025-06-27,7.5,0.0,9.9,25.4
ATL,2025-06-28,12.9,0.0,11.1,24.5
ATL,2025-06-29,10.1,0.0,12.9,25.6
ATL,2025-06-30,3.4,0.0,12.1,25.6
ATL,2025-07-01,3.9,0.0,13.8,25.4
ATL,2025-07-02,0.2,0.0,12.4,26.2
ATL,2025-07-03,0.0,0.0,10.2,26.9
ATL,2025-07-04,0.0,0.0,13.5,28.2
ATL,2025-07-05,0.0,0.0,14.9,27.6
ATL,2025-07-06,0.0,0.0,11.9,28.7
ATL,2025-07-07,0.0,0.0,10.5,29.7
ATL,2025-07-08,0.7,0.0,11.0,28.9
ATL,2025-07-09,10.1,0.0,13.2,27.8
ATL,2025-07-10,17.5,0.0,12.0,25.0
ATL,2025-07-11,2.5,0.0,9.3,26.2
ATL,2025-07-12,0.2,0.0,10.8,26.8
ATL,2025-07-13,1.0,0.0,13.0,27.1
ATL,2025-07-14,0.5,0.0,10.9,28.6
ATL,2025-07-15,8.0,0.0,14.7,29.4
ATL,2025-07-16,14.5,0.0,14.3,27.6
ATL,2025-07-17,1.5,0.0,16.6,27.9
ATL,2025-07-18,3.2,0.0,14.9,27.1
ATL,2025-07-19,2.1,0.0,16.4,27.1
ATL,2025-07-20,2.4,0.0,14.4,28.1
ATL,2025-07-21,0.3,0.0,16.2,29.0
ATL,2025-07-22,2.0,0.0,13.7,28.3
ATL,2025-07-23,2.5,0.0,16.5,26.5
ATL,2025-07-24,1.5,0.0,17.1,26.6
ATL,2025-07-25,1.8,0.0,13.1,27.3
ATL,2025-07-26,0.6,0.0,11.0,27.4
ATL,2025-07-27,0.0,0.0,13.5,29.1
ATL,2025-07-28,0.9,0.0,14.3,30.3
ATL,2025-07-29,12.8,0.0,9.5,29.3
ATL,2025-07-30,3.4,0.0,11.9,26.1
ATL,2025-07-31,6.0,0.0,10.2,26.6
ATL,2025-08-01,19.3,0.0,13.1,25.1
ATL,2025-08-02,15.7,0.0,14.3,23.7
ATL,2025-08-03,38.6,0.0,23.4,20.4
ATL,2025-08-04,17.6,0.0,18.0,18.5
ATL,2025-08-05,32.3,0.0,13.6,21.1
ATL,2025-08-06,2.3,0.0,13.6,22.5
ATL,2025-08-07,0.2,0.0,12.1,23.1
ATL,2025-08-08,1.4,0.0,14.6,22.9
ATL,2025-08-09,1.0,0.0,16.8,23.6
ATL,2025-08-10,0.6,0.0,18.7,23.9
ATL,2025-08-11,9.1,0.0,14.7,24.1
ATL,2025-08-12,8.9,0.0,12.5,25.0
ATL,2025-08-13,4.4,0.0,13.0,25.4
ATL,2025-08-14,0.8,0.0,11.6,26.2
ATL,2025-08-15,5.8,0.0,18.1,26.8
ATL,2025-08-16,2.7,0.0,10.2,25.5
ATL,2025-08-17,1.8,0.0,6.5,26.2
ATL,2025-08-18,0.2,0.0,12.2,26.8
ATL,2025-08-19,4.8,0.0,11.6,25.8
ATL,2025-08-20,3.1,0.0,10.5,25.7
ATL,2025-08-21,30.0,0.0,17.3,25.0
ATL,2025-08-22,20.7,0.0,17.2,23.1
ATL,2025-08-23,18.0,0.0,12.6,23.0
ATL,2025-08-24,1.0,0.0,8.8,23.5
ATL,2025-08-25,0.0,0.0,12.0,23.2
ATL,2025-08-26,0.0,0.0,12.0,21.2
ATL,2025-08-27,0.0,0.0,11.0,20.9
ATL,2025-08-28,0.1,0.0,5.8,21.9
ATL,2025-08-29,1.4,0.0,12.3,22.5
ATL,2025-08-30,0.0,0.0,9.5,23.3
ATL,2025-08-31,0.1,0.0,10.3,23.0
ATL,2025-09-01,0.0,0.0,13.9,22.5
ATL,2025-09-02,0.0,0.0,11.0,21.6
ATL,2025-09-03,0.2,0.0,9.3,22.7
ATL,2025-09-04,0.0,0.0,12.7,24.2
ATL,2025-09-05,0.0,0.0,13.6,25.8
ATL,2025-09-06,10.0,0.0,11.3,24.2
ATL,2025-09-07,0.0,0.0,15.0,22.5
ATL,2025-09-08,0.0,0.0,17.9,21.5
ATL,2025-09-09,0.0,0.0,14.9,20.3
ATL,2025-09-10,0.0,0.0,11.4,21.0
ATL,2025-09-11,0.0,0.0,8.7,22.6
ATL,2025-09-12,0.3,0.0,9.4,23.5
ATL,2025-09-13,0.0,0.0,10.1,23.2
ATL,2025-09-14,0.0,0.0,7.1,23.2
ATL,2025-09-15,0.0,0.0,9.8,23.4
ATL,2025-09-16,0.0,0.0,9.9,23.5
ATL,2025-09-17,2.4,0.0,11.1,22.9
ATL,2025-09-18,0.1,0.0,6.3,23.9
ATL,2025-09-19,0.0,0.0,7.2,24.9
ATL,2025-09-20,0.8,0.0,12.1,24.8
ATL,2025-09-21,0.0,0.0,12.4,24.0
ATL,2025-09-22,0.1,0.0,11.0,23.7
ATL,2025-09-23,0.1,0.0,10.8,24.7
ATL,2025-09-24,0.6,0.0,13.5,25.7
ATL,2025-09-25,16.6,0.0,16.2,23.5
ATL,2025-09-26,0.8,0.0,13.5,22.9
ATL,2025-09-27,0.4,0.0,8.5,22.3
ATL,2025-09-28,0.3,0.0,12.1,22.5
ATL,2025-09-29,0.1,0.0,18.0,22.2
ATL,2025-09-30,1.3,0.0,16.2,21.9
ATL,2025-10-01,0.0,0.0,14.7,22.2
ATL,2025-10-02,0.0,0.0,17.3,19.6
ATL,2025-10-03,0.0,0.0,14.4,18.9
ATL,2025-10-04,0.0,0.0,18.1,19.1
ATL,2025-10-05,10.0,0.0,22.9,20.2
ATL,2025-10-06,3.2,0.0,17.8,20.8
ATL,2025-10-07,0.3,0.0,14.6,22.2
ATL,2025-10-08,0.4,0.0,12.3,23.2
ATL,2025-10-09,0.9,0.0,17.8,19.2
ATL,2025-10-10,0.0,0.0,18.7,17.2
ATL,2025-10-11,0.0,0.0,14.2,17.3
ATL,2025-10-12,0.0,0.0,10.9,18.8
ATL,2025-10-13,0.0,0.0,12.3,18.9
ATL,2025-10-14,0.0,0.0,12.9,20.5
ATL,2025-10-15,0.0,0.0,11.7,20.9
ATL,2025-10-16,0.0,0.0,12.3,20.4
ATL,2025-10-17,0.0,0.0,11.8,19.5
ATL,2025-10-18,0.9,0.0,14.0,20.3
ATL,2025-10-19,4.5,0.0,22.7,18.9
ATL,2025-10-20,0.0,0.0,10.8,14.2
ATL,2025-10-21,0.2,0.0,18.7,16.3
ATL,2025-10-22,0.0,0.0,15.3,15.5
ATL,2025-10-23,0.0,0.0,12.6,15.4
ATL,2025-10-24,0.0,0.0,10.2,15.7
ATL,2025-10-25,0.0,0.0,15.4,14.3
ATL,2025-10-26,1.6,0.0,23.7,13.5
ATL,2025-10-27,35.0,0.0,23.5,10.7
ATL,2025-10-28,0.9,0.0,18.7,10.8
ATL,2025-10-29,8.7,0.0,26.1,9.8
ATL,2025-10-30,0.2,0.0,23.1,10.3
ATL,2025-10-31,0.0,0.0,15.0,10.4
ATL,2025-11-01,0.0,0.0,9.5,10.3
ATL,2025-11-02,25.0,0.0,16.2,10.6
ATL,2025-11-03,0.0,0.0,13.2,9.9
ATL,2025-11-04,0.0,0.0,13.3,12.0
ATL,2025-11-05,0.0,0.0,11.3,14.2
ATL,2025-11-06,0.0,0.0,11.8,15.7
ATL,2025-11-07,1.2,0.0,14.9,15.3
ATL,2025-11-08,1.4,0.0,13.4,19.3
ATL,2025-11-09,0.0,0.0,23.3,15.9
ATL,2025-11-10,0.0,0.0,25.4,2.6
ATL,2025-11-11,0.0,0.0,19.0,2.2
ATL,2025-11-12,0.0,0.0,15.5,9.4
ATL,2025-11-13,0.0,0.0,12.7,12.2
ATL,2025-11-14,0.0,0.0,9.0,13.0
ATL,2025-11-15,0.0,0.0,15.7,14.8
ATL,2025-11-16,0.2,0.0,20.1,17.4
ATL,2025-11-17,0.0,0.0,13.3,12.3
ATL,2025-11-18,0.0,0.0,12.0,13.1
ATL,2025-11-19,0.3,0.0,16.9,18.0
ATL,2025-11-20,0.1,0.0,9.5,18.4
ATL,2025-11-21,2.7,0.0,17.6,18.5
ATL,2025-11-22,3.2,0.0,16.8,20.3
ATL,2025-11-23,0.0,0.0,9.8,16.6
ATL,2025-11-24,0.0,0.0,15.9,15.5
ATL,2025-11-25,7.5,0.0,17.7,17.4
ATL,2025-11-26,5.4,0.0,18.3,15.3
ATL,2025-11-27,0.0,0.0,19.7,6.1
ATL,2025-11-28,0.0,0.0,16.0,3.4
ATL,2025-11-29,0.0,0.0,17.0,4.5
ATL,2025-11-30,5.1,0.0,15.4,6.1
ATL,2025-12-01,0.8,0.0,16.9,6.7
ATL,2025-12-02,21.2,0.0,18.8,6.5
ATL,2025-12-03,0.0,0.0,16.5,3.7
ATL,2025-12-04,0.2,0.0,8.4,4.3
ATL,2025-12-05,6.2,0.0,11.4,6.7
ATL,2025-12-06,0.0,0.0,9.5,6.1
ATL,2025-12-07,0.0,0.0,8.1,3.8
ATL,2025-12-08,2.1,0.0,20.9,6.6
ATL,2025-12-09,0.0,0.0,12.7,3.8
ATL,2025-12-10,0.0,0.0,21.6,6.2
ATL,2025-12-11,0.0,0.0,19.6,5.8
ATL,2025-12-12,0.0,0.0,12.9,7.7
ATL,2025-12-13,0.0,0.0,15.9,11.1
ATL,2025-12-14,2.0,0.0,25.3,5.5
ATL,2025-12-15,0.0,0.0,16.9,-1.6
ATL,2025-12-16,0.0,0.0,8.8,3.0
ATL,2025-12-17,0.0,0.0,10.4,7.1
ATL,2025-12-18,2.8,0.0,20.2,11.8
ATL,2025-12-19,4.2,0.0,30.2,9.5
ATL,2025-12-20,0.0,0.0,13.0,6.8
ATL,2025-12-21,0.2,0.0,11.2,8.8
ATL,2025-12-22,0.0,0.0,15.8,11.1
ATL,2025-12-23,0.0,0.0,13.2,13.9
ATL,2025-12-24,0.0,0.0,12.3,16.9
ATL,2025-12-25,0.0,0.0,15.3,17.1
ATL,2025-12-26,0.4,0.0,18.1,16.3
ATL,2025-12-27,0.1,0.0,15.7,19.5
ATL,2025-12-28,1.5,0.0,18.4,16.8
ATL,2025-12-29,3.8,0.0,29.9,10.0
ATL,2025-12-30,0.0,0.0,24.7,0.3
ATL,2025-12-31,0.0,0.0,15.9,3.2
DFW,2023-01-01,0.0,0.0,22.1,17.8
DFW,2023-01-02,6.5,0.0,30.6,19.9
DFW,2023-01-03,0.0,0.0,20.9,15.2
DFW,2023-01-04,0.0,0.0,10.7,7.9
DFW,2023-01-05,0.0,0.0,10.2,7.9
DFW,2023-01-06,0.0,0.0,26.5,12.7
DFW,2023-01-07,0.1,0.0,23.0,13.6
DFW,2023-01-08,0.0,0.0,13.0,9.6
DFW,2023-01-09,0.0,0.0,22.3,11.0
DFW,2023-01-10,0.0,0.0,23.4,17.2
DFW,2023-01-11,0.0,0.0,29.9,20.3
DFW,2023-01-12,0.0,0.0,30.8,11.1
DFW,2023-01-13,0.0,0.0,13.6,7.4
DFW,2023-01-14,0.0,0.0,25.9,8.8
DFW,2023-01-15,0.0,0.0,32.8,15.3
DFW,2023-01-16,0.0,0.0,30.5,18.4
DFW,2023-01-17,0.0,0.0,15.2,16.7
DFW,2023-01-18,0.6,0.0,26.4,17.5
DFW,2023-01-19,0.0,0.0,23.4,11.2
DFW,2023-01-20,0.0,0.0,15.2,8.8
DFW,2023-01-21,0.7,0.0,25.3,10.0
DFW,2023-01-22,0.0,0.0,23.7,7.3
DFW,2023-01-23,0.0,0.0,15.3,5.8
DFW,2023-01-24,26.3,1.47,26.5,5.9
DFW,2023-01-25,0.0,0.0,22.4,4.6
DFW,2023-01-26,0.0,0.0,16.8,4.9
DFW,2023-01-27,0.0,0.0,25.5,7.8
DFW,2023-01-28,0.0,0.0,28.8,13.0
DFW,2023-01-29,0.0,0.0,25.8,7.4
DFW,2023-01-30,5.2,0.0,21.2,-1.7
DFW,2023-01-31,7.6,0.0,20.3,-1.9
DFW,2023-02-01,5.5,0.0,15.1,-1.8
DFW,2023-02-02,7.3,0.0,15.5,-0.1
DFW,2023-02-03,0.0,0.0,11.3,3.2
DFW,2023-02-04,0.0,0.0,23.8,6.2
DFW,2023-02-05,0.0,0.0,16.3,11.4
DFW,2023-02-06,0.5,0.0,37.1,15.6
DFW,2023-02-07,26.9,0.0,27.9,13.5
DFW,2023-02-08,29.8,0.0,26.8,8.0
DFW,2023-02-09,0.0,0.0,20.0,7.4
DFW,2023-02-10,0.9,0.0,27.0,6.2
DFW,2023-02-11,0.0,0.0,15.0,6.0
DFW,2023-02-12,0.0,0.0,17.8,8.5
DFW,2023-02-13,0.1,0.0,28.6,12.0
DFW,2023-02-14,7.6,0.0,43.2,15.9
DFW,2023-02-15,0.0,0.0,34.8,17.1
DFW,2023-02-16,0.6,0.0,37.8,7.1
DFW,2023-02-17,0.0,0.0,21.5,3.6
DFW,2023-02-18,0.0,0.0,21.2,5.8
DFW,2023-02-19,0.0,0.0,26.1,12.8
DFW,2023-02-20,0.0,0.0,30.5,19.4
DFW,2023-02-21,0.0,0.0,30.1,21.3
DFW,2023-02-22,24.4,0.0,37.8,19.9
DFW,2023-02-23,0.0,0.0,23.6,11.4
DFW,2023-02-24,1.2,0.0,19.7,6.8
DFW,2023-02-25,4.1,0.0,15.4,6.7
DFW,2023-02-26,0.4,0.0,45.7,15.6
DFW,2023-02-27,7.3,0.0,46.1,16.5
DFW,2023-02-28,0.0,0.0,19.5,17.2
DFW,2023-03-01,1.2,0.0,21.4,19.4
DFW,2023-03-02,41.1,0.0,42.6,18.6
DFW,2023-03-03,2.9,0.0,28.9,12.5
DFW,2023-03-04,0.0,0.0,19.9,14.6
DFW,2023-03-05,0.0,0.0,27.2,17.7
DFW,2023-03-06,0.0,0.0,22.1,19.3
DFW,2023-03-07,2.8,0.0,20.6,20.2
DFW,2023-03-08,23.4,0.0,18.4,14.7
DFW,2023-03-09,7.6,0.0,23.9,15.6
DFW,2023-03-10,0.7,0.0,19.9,13.0
DFW,2023-03-11,0.2,0.0,26.8,19.3
DFW,2023-03-12,0.0,0.0,26.0,14.6
DFW,2023-03-13,0.0,0.0,20.1,10.2
DFW,2023-03-14,0.5,0.0,13.9,9.8
DFW,2023-03-15,0.0,0.0,30.3,12.5
DFW,2023-03-16,17.0,0.0,43.0,17.2
DFW,2023-03-17,0.0,0.0,30.1,7.9
DFW,2023-03-18,0.0,0.0,25.3,7.7
DFW,2023-03-19,0.0,0.0,12.3,5.3
DFW,2023-03-20,0.0,0.0,30.7,8.2
DFW,2023-03-21,0.1,0.0,30.0,15.1
DFW,2023-03-22,0.8,0.0,29.4,22.3
DFW,2023-03-23,1.0,0.0,38.6,23.3
DFW,2023-03-24,23.2,0.0,25.2,20.6
DFW,2023-03-25,0.0,0.0,20.9,16.8
DFW,2023-03-26,0.0,0.0,22.4,15.6
DFW,2023-03-27,10.3,0.0,24.1,13.8
DFW,2023-03-28,0.0,0.0,25.6,12.7
DFW,2023-03-29,3.1,0.0,14.9,12.6
DFW,2023-03-30,27.5,0.0,33.0,17.9
DFW,2023-03-31,5.3,0.0,32.6,22.4
DFW,2023-04-01,0.0,0.0,19.1,17.1
DFW,2023-04-02,4.8,0.0,24.5,17.8
DFW,2023-04-03,0.0,0.0,29.7,24.4
DFW,2023-04-04,1.8,0.0,37.1,24.0
DFW,2023-04-05,3.4,0.0,28.6,17.1
DFW,2023-04-06,0.0,0.0,23.9,12.3
DFW,2023-04-07,0.0,0.0,16.3,13.0
DFW,2023-04-08,0.0,0.0,9.2,15.3
DFW,2023-04-09,0.2,0.0,20.5,16.9
DFW,2023-04-10,1.4,0.0,19.9,17.6
DFW,2023-04-11,0.0,0.0,16.0,17.4
DFW,2023-04-12,0.0,0.0,19.9,18.0
DFW,2023-04-13,0.0,0.0,16.2,19.4
DFW,2023-04-14,0.1,0.0,30.7,20.7
DFW,2023-04-15,0.0,0.0,26.7,22.1
DFW,2023-04-16,0.0,0.0,20.3,16.0
DFW,2023-04-17,0.0,0.0,26.3,18.2
DFW,2023-04-18,0.2,0.0,35.1,19.6
DFW,2023-04-19,1.0,0.0,36.7,22.2
DFW,2023-04-20,13.0,0.0,27.8,21.9
DFW,2023-04-21,0.0,0.0,23.6,18.9
DFW,2023-04-22,0.0,0.0,24.5,16.8
DFW,2023-04-23,4.2,0.0,26.1,11.5
DFW,2023-04-24,1.9,0.0,20.7,13.9
DFW,2023-04-25,12.6,0.0,21.8,16.4
DFW,2023-04-26,44.9,0.0,27.0,17.0
DFW,2023-04-27,0.1,0.0,26.2,16.3
DFW,2023-04-28,15.0,0.0,28.4,15.6
DFW,2023-04-29,0.0,0.0,31.1,15.2
DFW,2023-04-30,0.0,0.0,17.4,18.9
DFW,2023-05-01,0.0,0.0,13.7,17.8
DFW,2023-05-02,0.0,0.0,16.6,19.6
DFW,2023-05-03,6.8,0.0,17.6,20.9
DFW,2023-05-04,1.7,0.0,25.4,22.0
DFW,2023-05-05,0.4,0.0,30.7,26.3
DFW,2023-05-06,7.4,0.0,30.4,26.0
DFW,2023-05-07,8.2,0.0,30.4,24.8
DFW,2023-05-08,2.0,0.0,27.0,25.0
DFW,2023-05-09,0.4,0.0,21.9,24.1
DFW,2023-05-10,5.7,0.0,15.3,21.8
DFW,2023-05-11,3.4,0.0,27.4,21.5
DFW,2023-05-12,38.1,0.0,31.4,23.2
DFW,2023-05-13,7.7,0.0,15.1,23.3
DFW,2023-05-14,27.9,0.0,15.5,20.9
DFW,2023-05-15,5.7,0.0,13.8,23.3
DFW,2023-05-16,2.0,0.0,15.0,22.2
DFW,2023-05-17,0.0,0.0,11.4,21.9
DFW,2023-05-18,0.3,0.0,12.9,23.2
DFW,2023-05-19,2.6,0.0,22.1,24.0
DFW,2023-05-20,0.5,0.0,23.3,21.5
DFW,2023-05-21,0.0,0.0,16.6,20.6
DFW,2023-05-22,0.0,0.0,14.3,22.4
DFW,2023-05-23,0.1,0.0,15.0,23.8
DFW,2023-05-24,10.2,0.0,19.4,23.6
DFW,2023-05-25,0.0,0.0,14.4,24.0
DFW,2023-05-26,0.0,0.0,18.8,25.3
DFW,2023-05-27,0.0,0.0,16.1,26.1
DFW,2023-05-28,2.9,0.0,16.1,25.0
DFW,2023-05-29,4.6,0.0,21.7,24.1
DFW,2023-05-30,1.5,0.0,23.2,23.9
DFW,2023-05-31,0.4,0.0,15.1,25.9
DFW,2023-06-01,0.8,0.0,19.3,27.0
DFW,2023-06-02,0.6,0.0,16.4,27.4
DFW,2023-06-03,30.9,0.0,18.3,23.8
DFW,2023-06-04,2.8,0.0,13.7,23.0
DFW,2023-06-05,0.7,0.0,14.8,24.1
DFW,2023-06-06,3.1,0.0,21.9,25.1
DFW,2023-06-07,2.1,0.0,12.7,24.6
DFW,2023-06-08,9.4,0.0,26.0,25.4
DFW,2023-06-09,0.0,0.0,19.5,27.3
DFW,2023-06-10,1.1,0.0,25.9,28.1
DFW,2023-06-11,1.1,0.0,26.5,27.6
DFW,2023-06-12,1.8,0.0,25.4,25.4
DFW,2023-06-13,3.8,0.0,15.3,23.5
DFW,2023-06-14,18.5,0.0,21.1,24.3
DFW,2023-06-15,25.5,0.0,30.2,26.4
DFW,2023-06-16,0.3,0.0,27.4,28.7
DFW,2023-06-17,3.7,0.0,22.2,27.1
DFW,2023-06-18,30.7,0.0,21.3,27.4
DFW,2023-06-19,5.0,0.0,22.5,27.7
DFW,2023-06-20,4.7,0.0,26.0,29.9
DFW,2023-06-21,1.4,0.0,26.4,30.6
DFW,2023-06-22,1.2,0.0,20.7,28.1
DFW,2023-06-23,11.9,0.0,23.5,27.4
DFW,2023-06-24,0.0,0.0,27.1,30.6
DFW,2023-06-25,0.0,0.0,23.8,32.3
DFW,2023-06-26,0.6,0.0,21.6,33.0
DFW,2023-06-27,0.0,0.0,22.1,32.6
DFW,2023-06-28,0.0,0.0,21.4,32.6
DFW,2023-06-29,0.0,0.0,24.0,32.3
DFW,2023-06-30,0.0,0.0,21.6,31.6
DFW,2023-07-01,0.0,0.0,21.3,29.7
DFW,2023-07-02,3.7,0.0,17.8,27.4
DFW,2023-07-03,7.2,0.0,27.7,29.5
DFW,2023-07-04,2.7,0.0,22.3,28.9
DFW,2023-07-05,0.2,0.0,17.2,30.9
DFW,2023-07-06,0.0,0.0,18.9,30.2
DFW,2023-07-07,0.0,0.0,25.3,30.2
DFW,2023-07-08,5.3,0.0,20.3,30.5
DFW,2023-07-09,28.3,0.0,19.4,28.1
DFW,2023-07-10,11.7,0.0,18.9,27.0
DFW,2023-07-11,14.3,0.0,23.1,28.5
DFW,2023-07-12,0.0,0.0,26.2,33.1
DFW,2023-07-13,0.0,0.0,26.8,33.2
DFW,2023-07-14,0.0,0.0,24.2,34.0
DFW,2023-07-15,1.4,0.0,24.6,32.5
DFW,2023-07-16,17.4,0.0,16.0,28.4
DFW,2023-07-17,0.0,0.0,23.0,32.0
DFW,2023-07-18,0.0,0.0,25.1,34.8
DFW,2023-07-19,0.0,0.0,23.9,34.2
DFW,2023-07-20,0.0,0.0,22.0,33.6
DFW,2023-07-21,0.1,0.0,24.2,33.0
DFW,2023-07-22,0.1,0.0,21.9,29.5
DFW,2023-07-23,0.0,0.0,16.6,29.5
DFW,2023-07-24,0.0,0.0,20.2,31.9
DFW,2023-07-25,0.0,0.0,22.4,33.4
DFW,2023-07-26,0.0,0.0,18.8,33.1
DFW,2023-07-27,0.0,0.0,21.1,33.1
DFW,2023-07-28,0.0,0.0,16.3,33.2
DFW,2023-07-29,0.0,0.0,13.5,33.4
DFW,2023-07-30,0.0,0.0,12.1,33.5
DFW,2023-07-31,0.0,0.0,16.9,34.6
DFW,2023-08-01,0.0,0.0,20.7,35.5
DFW,2023-08-02,0.0,0.0,18.1,35.9
DFW,2023-08-03,0.0,0.0,20.7,35.6
DFW,2023-08-04,0.0,0.0,20.3,35.5
DFW,2023-08-05,0.0,0.0,21.2,36.1
DFW,2023-08-06,0.0,0.0,20.2,35.3
DFW,2023-08-07,0.0,0.0,22.9,35.0
DFW,2023-08-08,0.0,0.0,25.1,34.3
DFW,2023-08-09,0.2,0.0,30.7,35.1
DFW,2023-08-10,0.0,0.0,19.0,35.4
DFW,2023-08-11,0.4,0.0,23.1,35.9
DFW,2023-08-12,0.0,0.0,26.9,35.5
DFW,2023-08-13,0.0,0.0,24.0,35.3
DFW,2023-08-14,0.0,0.0,25.1,33.4
DFW,2023-08-15,0.0,0.0,20.2,29.8
DFW,2023-08-16,0.0,0.0,15.0,29.4
DFW,2023-08-17,0.0,0.0,17.4,33.9
DFW,2023-08-18,0.0,0.0,15.6,36.3
DFW,2023-08-19,0.0,0.0,20.0,36.1
DFW,2023-08-20,0.0,0.0,25.5,35.9
DFW,2023-08-21,0.0,0.0,22.1,34.9
DFW,2023-08-22,0.0,0.0,20.8,34.7
DFW,2023-08-23,0.0,0.0,15.2,34.7
DFW,2023-08-24,0.0,0.0,13.4,35.5
DFW,2023-08-25,0.0,0.0,19.5,36.2
DFW,2023-08-26,0.0,0.0,17.7,36.6
DFW,2023-08-27,2.9,0.0,20.6,31.4
DFW,2023-08-28,0.0,0.0,22.0,30.0
DFW,2023-08-29,0.0,0.0,19.4,30.3
DFW,2023-08-30,0.0,0.0,21.7,31.1
DFW,2023-08-31,0.0,0.0,19.4,30.5
DFW,2023-09-01,0.0,0.0,21.6,30.6
DFW,2023-09-02,0.0,0.0,17.6,29.8
DFW,2023-09-03,7.9,0.0,29.2,28.4
DFW,2023-09-04,0.3,0.0,23.2,31.1
DFW,2023-09-05,0.0,0.0,23.9,32.9
DFW,2023-09-06,0.1,0.0,19.5,33.7
DFW,2023-09-07,0.0,0.0,15.7,34.6
DFW,2023-09-08,0.3,0.0,19.5,34.8
DFW,2023-09-09,0.0,0.0,25.4,30.1
DFW,2023-09-10,0.0,0.0,16.6,28.7
DFW,2023-09-11,0.9,0.0,17.4,27.6
DFW,2023-09-12,7.4,0.0,19.1,25.0
DFW,2023-09-13,3.2,0.0,13.3,24.2
DFW,2023-09-14,27.2,0.0,16.3,22.8
DFW,2023-09-15,3.3,0.0,13.9,23.5
DFW,2023-09-16,0.3,0.0,11.2,24.0
DFW,2023-09-17,0.0,0.0,9.4,25.2
DFW,2023-09-18,0.0,0.0,15.0,26.5
DFW,2023-09-19,3.6,0.0,27.4,28.2
DFW,2023-09-20,0.4,0.0,27.0,28.1
DFW,2023-09-21,10.3,0.0,19.4,28.2
DFW,2023-09-22,8.3,0.0,24.2,29.4
DFW,2023-09-23,0.0,0.0,24.6,30.5
DFW,2023-09-24,7.1,0.0,26.3,30.1
DFW,2023-09-25,0.1,0.0,26.1,26.7
DFW,2023-09-26,0.0,0.0,13.2,27.8
DFW,2023-09-27,0.0,0.0,15.5,28.2
DFW,2023-09-28,0.0,0.0,19.0,29.1
DFW,2023-09-29,0.0,0.0,19.2,29.5
DFW,2023-09-30,0.0,0.0,22.3,29.1
DFW,2023-10-01,0.0,0.0,14.3,27.6
DFW,2023-10-02,0.0,0.0,18.4,27.1
DFW,2023-10-03,0.0,0.0,21.5,27.5
DFW,2023-10-04,35.3,0.0,29.5,27.2
DFW,2023-10-05,10.1,0.0,15.0,23.5
DFW,2023-10-06,0.0,0.0,22.5,23.2
DFW,2023-10-07,0.0,0.0,23.9,17.3
DFW,2023-10-08,0.0,0.0,15.2,18.4
DFW,2023-10-09,0.0,0.0,19.4,23.3
DFW,2023-10-10,0.0,0.0,24.5,24.3
DFW,2023-10-11,0.0,0.0,28.2,22.8
DFW,2023-10-12,0.0,0.0,31.8,22.5
DFW,2023-10-13,0.0,0.0,30.5,23.0
DFW,2023-10-14,0.0,0.0,22.4,17.5
DFW,2023-10-15,0.0,0.0,29.5,15.7
DFW,2023-10-16,0.0,0.0,17.5,13.8
DFW,2023-10-17,0.0,0.0,13.6,15.2
DFW,2023-10-18,0.0,0.0,27.8,20.2
DFW,2023-10-19,0.0,0.0,15.0,21.5
DFW,2023-10-20,0.0,0.0,14.5,23.5
DFW,2023-10-21,0.0,0.0,17.7,24.4
DFW,2023-10-22,0.0,0.0,20.3,24.7
DFW,2023-10-23,19.1,0.0,22.9,23.6
DFW,2023-10-24,35.9,0.0,30.3,22.7
DFW,2023-10-25,25.4,0.0,28.8,23.1
DFW,2023-10-26,25.7,0.0,22.1,23.7
DFW,2023-10-27,19.5,0.0,22.1,23.7
DFW,2023-10-28,68.1,0.0,17.4,18.3
DFW,2023-10-29,21.3,0.0,29.0,10.3
DFW,2023-10-30,6.3,0.0,29.4,7.1
DFW,2023-10-31,0.0,0.0,20.4,8.4
DFW,2023-11-01,0.0,0.0,13.3,6.4
DFW,2023-11-02,0.0,0.0,16.5,9.3
DFW,2023-11-03,0.0,0.0,25.7,14.4
DFW,2023-11-04,0.0,0.0,20.9,17.3
DFW,2023-11-05,0.0,0.0,21.5,19.5
DFW,2023-11-06,0.0,0.0,28.6,21.8
DFW,2023-11-07,0.0,0.0,26.8,22.8
DFW,2023-11-08,0.0,0.0,25.1,23.5
DFW,2023-11-09,17.8,0.0,25.6,16.5
DFW,2023-11-10,3.5,0.0,22.2,13.7
DFW,2023-11-11,0.0,0.0,14.4,14.4
DFW,2023-11-12,0.0,0.0,9.2,14.9
DFW,2023-11-13,0.7,0.0,15.1,14.6
DFW,2023-11-14,0.0,0.0,10.2,14.3
DFW,2023-11-15,0.0,0.0,10.8,14.1
DFW,2023-11-16,0.0,0.0,14.7,14.2
DFW,2023-11-17,0.3,0.0,16.3,14.7
DFW,2023-11-18,0.0,0.0,11.8,16.0
DFW,2023-11-19,5.7,0.0,29.2,16.0
DFW,2023-11-20,0.3,0.0,28.4,18.8
DFW,2023-11-21,0.0,0.0,32.9,11.9
DFW,2023-11-22,0.0,0.0,16.0,8.9
DFW,2023-11-23,0.0,0.0,17.6,9.8
DFW,2023-11-24,0.0,0.0,9.5,10.0
DFW,2023-11-25,1.8,0.0,16.2,10.6
DFW,2023-11-26,0.3,0.0,26.4,7.3
DFW,2023-11-27,0.0,0.0,9.7,6.1
DFW,2023-11-28,0.0,0.0,11.6,8.3
DFW,2023-11-29,0.0,0.0,19.5,11.4
DFW,2023-11-30,7.3,0.0,19.9,15.0
DFW,2023-12-01,0.0,0.0,18.8,10.3
DFW,2023-12-02,0.0,0.0,13.8,9.5
DFW,2023-12-03,0.0,0.0,23.3,12.3
DFW,2023-12-04,0.0,0.0,29.2,10.6
DFW,2023-12-05,0.0,0.0,12.1,10.7
DFW,2023-12-06,0.0,0.0,14.6,10.4
DFW,2023-12-07,0.0,0.0,32.3,14.6
DFW,2023-12-08,0.0,0.0,31.0,19.3
DFW,2023-12-09,0.0,0.0,26.7,13.7
DFW,2023-12-10,0.0,0.0,21.4,6.9
DFW,2023-12-11,0.0,0.0,12.3,8.7
DFW,2023-12-12,0.0,0.0,19.0,10.4
DFW,2023-12-13,0.0,0.0,16.6,11.1
DFW,2023-12-14,0.5,0.0,19.9,11.1
DFW,2023-12-15,17.0,0.0,24.7,12.5
DFW,2023-12-16,0.0,0.0,19.9,8.8
DFW,2023-12-17,0.0,0.0,12.1,9.8
DFW,2023-12-18,0.0,0.0,20.5,10.0
DFW,2023-12-19,0.0,0.0,17.6,7.8
DFW,2023-12-20,0.0,0.0,22.7,12.9
DFW,2023-12-21,13.4,0.0,18.4,14.4
DFW,2023-12-22,1.4,0.0,16.9,16.0
DFW,2023-12-23,24.1,0.0,23.8,16.0
DFW,2023-12-24,27.0,0.0,29.5,15.7
DFW,2023-12-25,0.0,0.0,24.6,6.4
DFW,2023-12-26,0.0,0.0,24.3,6.0
DFW,2023-12-27,0.0,0.0,22.8,6.2
DFW,2023-12-28,0.0,0.0,20.4,5.6
DFW,2023-12-29,0.0,0.0,22.5,5.2
DFW,2023-12-30,0.0,0.0,13.3,7.9
DFW,2023-12-31,0.0,0.0,21.4,10.2
DFW,2024-01-01,0.0,0.0,23.3,4.0
DFW,2024-01-02,10.6,0.0,13.8,4.2
DFW,2024-01-03,0.1,0.0,11.9,7.6
DFW,2024-01-04,0.2,0.0,25.3,7.5
DFW,2024-01-05,4.6,0.0,24.0,9.6
DFW,2024-01-06,0.3,0.0,19.2,6.9
DFW,2024-01-07,0.0,0.0,26.9,7.4
DFW,2024-01-08,9.6,0.0,40.6,11.7
DFW,2024-01-09,0.0,0.0,37.0,4.3
DFW,2024-01-10,0.0,0.0,31.9,8.7
DFW,2024-01-11,0.0,0.0,30.0,12.0
DFW,2024-01-12,0.1,0.0,34.6,4.4
DFW,2024-01-13,0.0,0.0,30.6,4.4
DFW,2024-01-14,0.2,0.0,22.7,-7.3
DFW,2024-01-15,0.0,0.0,28.0,-7.3
DFW,2024-01-16,0.0,0.0,25.1,-7.1
DFW,2024-01-17,0.0,0.0,26.8,-1.9
DFW,2024-01-18,0.0,0.0,26.4,5.5
DFW,2024-01-19,0.0,0.0,29.5,-0.8
DFW,2024-01-20,0.0,0.0,15.5,-2.9
DFW,2024-01-21,2.5,0.0,20.9,0.1
DFW,2024-01-22,24.5,0.0,21.3,3.4
DFW,2024-01-23,5.7,0.0,13.3,7.1
DFW,2024-01-24,1.2,0.0,13.2,8.4
DFW,2024-01-25,2.0,0.0,10.5,9.9
DFW,2024-01-26,10.3,0.0,24.6,9.2
DFW,2024-01-27,12.9,0.0,27.5,8.2
DFW,2024-01-28,0.0,0.0,15.0,7.2
DFW,2024-01-29,0.0,0.0,12.2,11.2
DFW,2024-01-30,0.0,0.0,11.5,13.2
DFW,2024-01-31,0.0,0.0,12.4,12.7
DFW,2024-02-01,0.5,0.0,23.5,15.1
DFW,2024-02-02,6.7,0.0,28.8,15.6
DFW,2024-02-03,14.4,0.0,24.3,14.8
DFW,2024-02-04,2.6,0.0,27.7,11.2
DFW,2024-02-05,0.0,0.0,27.6,11.5
DFW,2024-02-06,0.0,0.0,12.0,10.1
DFW,2024-02-07,0.0,0.0,28.0,13.8
DFW,2024-02-08,0.6,0.0,25.0,16.8
DFW,2024-02-09,0.0,0.0,21.9,15.8
DFW,2024-02-10,16.3,0.0,17.7,12.7
DFW,2024-02-11,12.9,0.0,26.0,8.9
DFW,2024-02-12,0.0,0.0,29.3,7.2
DFW,2024-02-13,0.0,0.0,15.5,7.9
DFW,2024-02-14,0.0,0.0,23.9,12.1
DFW,2024-02-15,0.0,0.0,19.0,15.2
DFW,2024-02-16,0.0,0.0,30.9,15.3
DFW,2024-02-17,0.0,0.0,27.7,3.6
DFW,2024-02-18,0.0,0.0,18.0,3.7
DFW,2024-02-19,0.0,0.0,26.1,9.4
DFW,2024-02-20,0.0,0.0,23.0,14.3
DFW,2024-02-21,0.0,0.0,30.1,19.3
DFW,2024-02-22,0.0,0.0,30.1,19.4
DFW,2024-02-23,0.0,0.0,19.6,15.6
DFW,2024-02-24,0.0,0.0,19.1,15.6
DFW,2024-02-25,0.0,0.0,25.9,19.7
DFW,2024-02-26,0.0,0.0,30.2,22.4
DFW,2024-02-27,0.0,0.0,30.9,23.0
DFW,2024-02-28,0.0,0.0,35.2,9.2
DFW,2024-02-29,5.5,0.0,17.2,7.0
DFW,2024-03-01,0.0,0.0,16.8,10.4
DFW,2024-03-02,0.0,0.0,25.6,17.2
DFW,2024-03-03,0.0,0.0,28.0,20.0
DFW,2024-03-04,0.1,0.0,24.5,22.0
DFW,2024-03-05,0.0,0.0,17.1,19.8
DFW,2024-03-06,0.1,0.0,14.0,18.2
DFW,2024-03-07,27.1,0.0,21.8,18.3
DFW,2024-03-08,10.8,0.0,31.6,15.7
DFW,2024-03-09,0.0,0.0,28.4,9.4
DFW,2024-03-10,0.0,0.0,10.2,10.2
DFW,2024-03-11,0.7,0.0,19.4,13.2
DFW,2024-03-12,0.0,0.0,28.7,17.3
DFW,2024-03-13,0.0,0.0,29.5,21.5
DFW,2024-03-14,16.3,0.0,28.8,22.0
DFW,2024-03-15,7.4,0.0,26.7,17.3
DFW,2024-03-16,14.0,0.0,17.4,15.2
DFW,2024-03-17,0.7,0.0,26.2,15.3
DFW,2024-03-18,0.0,0.0,22.4,10.9
DFW,2024-03-19,0.0,0.0,15.9,11.0
DFW,2024-03-20,0.0,0.0,23.1,15.3
DFW,2024-03-21,21.1,0.0,21.9,16.4
DFW,2024-03-22,1.2,0.0,24.0,15.8
DFW,2024-03-23,0.0,0.0,18.3,14.2
DFW,2024-03-24,1.6,0.0,43.0,17.4
DFW,2024-03-25,23.0,0.0,29.5,16.9
DFW,2024-03-26,0.0,0.0,18.4,8.8
DFW,2024-03-27,0.2,0.0,14.6,11.0
DFW,2024-03-28,0.0,0.0,17.7,13.6
DFW,2024-03-29,0.0,0.0,36.0,18.7
DFW,2024-03-30,0.0,0.0,27.2,20.4
DFW,2024-03-31,0.0,0.0,27.0,21.8
DFW,2024-04-01,16.3,0.0,30.5,22.5
DFW,2024-04-02,0.0,0.0,32.0,15.7
DFW,2024-04-03,0.0,0.0,25.5,14.6
DFW,2024-04-04,0.0,0.0,11.0,17.1
DFW,2024-04-05,0.0,0.0,20.2,20.2
DFW,2024-04-06,0.1,0.0,37.4,21.2
DFW,2024-04-07,0.0,0.0,27.6,19.9
DFW,2024-04-08,3.7,0.0,22.8,20.3
DFW,2024-04-09,2.9,0.0,27.8,19.0
DFW,2024-04-10,15.9,0.0,31.9,15.8
DFW,2024-04-11,0.0,0.0,25.5,16.0
DFW,2024-04-12,0.0,0.0,22.3,17.7
DFW,2024-04-13,0.0,0.0,32.4,21.1
DFW,2024-04-14,0.0,0.0,28.4,22.6
DFW,2024-04-15,2.4,0.0,34.1,22.6
DFW,2024-04-16,0.9,0.0,29.1,24.6
DFW,2024-04-17,0.0,0.0,22.7,24.2
DFW,2024-04-18,1.9,0.0,25.4,24.2
DFW,2024-04-19,0.0,0.0,22.1,17.9
DFW,2024-04-20,26.1,0.0,30.3,14.5
DFW,2024-04-21,0.0,0.0,20.3,14.0
DFW,2024-04-22,0.0,0.0,19.0,14.9
DFW,2024-04-23,0.0,0.0,30.7,19.1
DFW,2024-04-24,0.6,0.0,20.9,21.7
DFW,2024-04-25,0.1,0.0,31.7,23.1
DFW,2024-04-26,7.2,0.0,36.1,22.3
DFW,2024-04-27,56.4,0.0,48.0,23.1
DFW,2024-04-28,24.7,0.0,42.5,21.4
DFW,2024-04-29,0.2,0.0,10.4,21.2
DFW,2024-04-30,2.1,0.0,24.1,23.2
DFW,2024-05-01,3.5,0.0,33.0,23.5
DFW,2024-05-02,3.3,0.0,23.1,23.4
DFW,2024-05-03,12.8,0.0,20.6,22.0
DFW,2024-05-04,1.7,0.0,24.0,22.2
DFW,2024-05-05,28.9,0.0,19.1,22.6
DFW,2024-05-06,8.1,0.0,28.4,23.8
DFW,2024-05-07,0.0,0.0,31.0,26.3
DFW,2024-05-08,0.0,0.0,30.4,27.7
DFW,2024-05-09,9.3,0.0,25.9,22.5
DFW,2024-05-10,0.0,0.0,22.8,21.8
DFW,2024-05-11,1.3,0.0,17.6,21.1
DFW,2024-05-12,16.7,0.0,22.8,19.7
DFW,2024-05-13,1.2,0.0,19.3,21.7
DFW,2024-05-14,0.0,0.0,17.5,21.9
DFW,2024-05-15,0.0,0.0,23.0,23.9
DFW,2024-05-16,7.4,0.0,32.4,21.5
DFW,2024-05-17,2.4,0.0,18.7,21.0
DFW,2024-05-18,0.0,0.0,12.2,24.0
DFW,2024-05-19,0.0,0.0,25.3,26.2
DFW,2024-05-20,0.0,0.0,27.0,26.5
DFW,2024-05-21,0.2,0.0,34.4,27.1
DFW,2024-05-22,18.1,0.0,27.1,25.3
DFW,2024-05-23,2.0,0.0,25.2,25.7
DFW,2024-05-24,2.7,0.0,27.4,26.5
DFW,2024-05-25,16.4,0.0,30.1,26.6
DFW,2024-05-26,0.0,0.0,32.4,29.5
DFW,2024-05-27,2.5,0.0,16.8,26.4
DFW,2024-05-28,18.5,0.0,32.6,23.7
DFW,2024-05-29,0.2,0.0,13.7,24.1
DFW,2024-05-30,19.5,0.0,21.9,23.1
DFW,2024-05-31,34.9,0.0,30.9,23.7
DFW,2024-06-01,17.0,0.0,16.8,23.4
DFW,2024-06-02,2.1,0.0,21.7,24.0
DFW,2024-06-03,41.6,0.0,31.2,24.5
DFW,2024-06-04,3.3,0.0,35.3,26.8
DFW,2024-06-05,1.7,0.0,32.2,26.7
DFW,2024-06-06,0.0,0.0,11.3,26.2
DFW,2024-06-07,0.0,0.0,20.5,27.6
DFW,2024-06-08,0.0,0.0,26.5,28.9
DFW,2024-06-09,0.0,0.0,18.4,28.0
DFW,2024-06-10,13.3,0.0,19.5,25.2
DFW,2024-06-11,5.6,0.0,14.1,23.8
DFW,2024-06-12,0.7,0.0,12.0,25.6
DFW,2024-06-13,0.0,0.0,12.5,27.2
DFW,2024-06-14,0.0,0.0,12.6,27.5
DFW,2024-06-15,0.0,0.0,19.1,27.9
DFW,2024-06-16,0.0,0.0,22.0,29.0
DFW,2024-06-17,0.6,0.0,32.2,29.0
DFW,2024-06-18,0.6,0.0,29.8,28.5
DFW,2024-06-19,0.8,0.0,25.2,27.1
DFW,2024-06-20,0.1,0.0,18.6,28.3
DFW,2024-06-21,0.6,0.0,13.4,28.6
DFW,2024-06-22,0.0,0.0,15.5,29.6
DFW,2024-06-23,0.0,0.0,15.0,30.6
DFW,2024-06-24,0.0,0.0,16.9,30.9
DFW,2024-06-25,0.1,0.0,19.8,31.4
DFW,2024-06-26,0.0,0.0,19.5,32.2
DFW,2024-06-27,0.0,0.0,18.3,30.8
DFW,2024-06-28,0.0,0.0,20.7,32.1
DFW,2024-06-29,0.2,0.0,25.5,31.8
DFW,2024-06-30,0.0,0.0,19.2,32.2
DFW,2024-07-01,0.0,0.0,18.2,32.3
DFW,2024-07-02,0.0,0.0,24.4,32.5
DFW,2024-07-03,0.0,0.0,21.4,32.4
DFW,2024-07-04,0.0,0.0,19.2,32.5
DFW,2024-07-05,7.6,0.0,17.7,29.6
DFW,2024-07-06,0.0,0.0,15.7,27.7
DFW,2024-07-07,1.0,0.0,23.0,29.1
DFW,2024-07-08,16.7,0.0,29.7,24.6
DFW,2024-07-09,0.0,0.0,15.0,27.0
DFW,2024-07-10,0.8,0.0,14.3,28.8
DFW,2024-07-11,0.0,0.0,17.0,30.2
DFW,2024-07-12,0.0,0.0,20.3,30.2
DFW,2024-07-13,0.2,0.0,25.6,29.3
DFW,2024-07-14,0.0,0.0,22.7,31.0
DFW,2024-07-15,0.0,0.0,22.2,32.1
DFW,2024-07-16,0.0,0.0,23.1,33.0
DFW,2024-07-17,0.4,0.0,21.6,30.0
DFW,2024-07-18,1.7,0.0,20.5,27.8
DFW,2024-07-19,0.0,0.0,12.3,28.0
DFW,2024-07-20,0.0,0.0,19.6,28.4
DFW,2024-07-21,18.8,0.0,22.7,25.8
DFW,2024-07-22,13.4,0.0,10.8,25.0
DFW,2024-07-23,2.3,0.0,12.0,25.4
DFW,2024-07-24,0.3,0.0,14.7,26.2
DFW,2024-07-25,2.5,0.0,18.3,26.0
DFW,2024-07-26,0.3,0.0,17.2,25.8
DFW,2024-07-27,0.3,0.0,23.5,26.8
DFW,2024-07-28,0.0,0.0,23.7,28.2
DFW,2024-07-29,0.0,0.0,26.4,30.2
DFW,2024-07-30,0.0,0.0,27.2,30.9
DFW,2024-07-31,0.0,0.0,26.3,31.3
DFW,2024-08-01,0.0,0.0,21.3,31.2
DFW,2024-08-02,0.0,0.0,18.4,32.0
DFW,2024-08-03,0.2,0.0,12.9,30.9
DFW,2024-08-04,0.3,0.0,17.5,30.4
DFW,2024-08-05,0.0,0.0,10.7,29.9
DFW,2024-08-06,0.0,0.0,17.0,31.0
DFW,2024-08-07,0.0,0.0,13.3,32.7
DFW,2024-08-08,0.0,0.0,15.4,32.4
DFW,2024-08-09,12.1,0.0,25.2,28.7
DFW,2024-08-10,0.1,0.0,15.3,29.5
DFW,2024-08-11,0.0,0.0,21.0,30.7
DFW,2024-08-12,0.0,0.0,19.1,31.4
DFW,2024-08-13,0.2,0.0,19.7,31.8
DFW,2024-08-14,0.0,0.0,19.5,32.6
DFW,2024-08-15,0.0,0.0,19.0,33.0
DFW,2024-08-16,0.1,0.0,19.1,33.6
DFW,2024-08-17,0.0,0.0,18.4,33.6
DFW,2024-08-18,0.0,0.0,15.5,33.8
DFW,2024-08-19,0.0,0.0,19.7,35.0
DFW,2024-08-20,0.0,0.0,24.1,33.6
DFW,2024-08-21,0.0,0.0,24.1,31.7
DFW,2024-08-22,0.0,0.0,22.9,31.8
DFW,2024-08-23,0.0,0.0,32.1,31.4
DFW,2024-08-24,0.0,0.0,22.9,32.0
DFW,2024-08-25,0.0,0.0,21.3,31.8
DFW,2024-08-26,0.5,0.0,28.2,31.1
DFW,2024-08-27,8.3,0.0,17.9,29.8
DFW,2024-08-28,0.9,0.0,20.3,29.9
DFW,2024-08-29,0.3,0.0,20.7,29.8
DFW,2024-08-30,0.3,0.0,15.4,28.8
DFW,2024-08-31,0.3,0.0,14.6,29.3
DFW,2024-09-01,20.5,0.0,23.1,27.7
DFW,2024-09-02,8.8,0.0,21.3,27.9
DFW,2024-09-03,22.8,0.0,19.0,24.6
DFW,2024-09-04,21.1,0.0,15.9,23.4
DFW,2024-09-05,0.9,0.0,18.6,25.3
DFW,2024-09-06,0.1,0.0,22.7,26.7
DFW,2024-09-07,0.0,0.0,27.9,24.8
DFW,2024-09-08,0.0,0.0,16.1,22.3
DFW,2024-09-09,0.0,0.0,11.7,22.1
DFW,2024-09-10,0.0,0.0,11.1,23.9
DFW,2024-09-11,0.6,0.0,22.9,25.4
DFW,2024-09-12,0.0,0.0,14.5,25.4
DFW,2024-09-13,0.0,0.0,13.2,27.2
DFW,2024-09-14,8.6,0.0,33.6,28.4
DFW,2024-09-15,1.0,0.0,19.8,28.3
DFW,2024-09-16,0.0,0.0,14.5,27.5
DFW,2024-09-17,0.0,0.0,18.9,27.6
DFW,2024-09-18,0.0,0.0,16.1,28.8
DFW,2024-09-19,0.0,0.0,16.0,30.9
DFW,2024-09-20,0.0,0.0,15.5,31.0
DFW,2024-09-21,0.0,0.0,18.6,30.5
DFW,2024-09-22,0.0,0.0,18.7,29.8
DFW,2024-09-23,16.1,0.0,17.0,25.4
DFW,2024-09-24,0.0,0.0,11.4,24.6
DFW,2024-09-25,5.8,0.0,24.8,23.5
DFW,2024-09-26,0.0,0.0,15.3,22.0
DFW,2024-09-27,0.0,0.0,16.4,22.7
DFW,2024-09-28,0.0,0.0,19.6,23.6
DFW,2024-09-29,0.0,0.0,12.6,23.9
DFW,2024-09-30,0.0,0.0,9.7,24.3
DFW,2024-10-01,0.0,0.0,22.6,25.8
DFW,2024-10-02,0.0,0.0,13.9,24.8
DFW,2024-10-03,0.0,0.0,12.7,26.5
DFW,2024-10-04,0.0,0.0,15.8,25.7
DFW,2024-10-05,0.0,0.0,10.4,25.5
DFW,2024-10-06,0.0,0.0,11.9,26.0
DFW,2024-10-07,0.0,0.0,14.2,25.9
DFW,2024-10-08,0.0,0.0,10.7,23.7
DFW,2024-10-09,0.0,0.0,11.5,23.5
DFW,2024-10-10,0.0,0.0,16.8,25.0
DFW,2024-10-11,0.0,0.0,21.9,25.3
DFW,2024-10-12,0.0,0.0,24.6,27.1
DFW,2024-10-13,0.0,0.0,17.7,27.9
DFW,2024-10-14,0.0,0.0,23.3,23.4
DFW,2024-10-15,0.0,0.0,32.7,24.1
DFW,2024-10-16,0.0,0.0,35.3,15.9
DFW,2024-10-17,0.0,0.0,16.7,15.5
DFW,2024-10-18,0.0,0.0,20.6,18.8
DFW,2024-10-19,0.0,0.0,18.5,20.0
DFW,2024-10-20,0.0,0.0,11.2,20.1
DFW,2024-10-21,0.0,0.0,21.0,21.1
DFW,2024-10-22,0.0,0.0,20.2,24.9
DFW,2024-10-23,0.0,0.0,18.2,26.3
DFW,2024-10-24,0.0,0.0,24.2,26.0
DFW,2024-10-25,0.0,0.0,21.4,25.9
DFW,2024-10-26,0.0,0.0,15.4,23.6
DFW,2024-10-27,0.0,0.0,17.9,23.7
DFW,2024-10-28,0.0,0.0,28.6,26.4
DFW,2024-10-29,1.5,0.0,37.5,25.9
DFW,2024-10-30,2.6,0.0,33.7,26.1
DFW,2024-10-31,18.2,0.0,24.3,19.7
DFW,2024-11-01,1.8,0.0,14.5,18.2
DFW,2024-11-02,2.1,0.0,22.6,21.9
DFW,2024-11-03,16.7,0.0,30.6,23.6
DFW,2024-11-04,33.8,0.0,32.4,22.2
DFW,2024-11-05,1.9,0.0,19.6,16.8
DFW,2024-11-06,0.0,0.0,11.9,15.2
DFW,2024-11-07,2.3,0.0,23.8,18.2
DFW,2024-11-08,19.5,0.0,26.3,20.1
DFW,2024-11-09,0.0,0.0,12.7,15.2
DFW,2024-11-10,0.0,0.0,10.8,16.5
DFW,2024-11-11,0.0,0.0,10.6,16.5
DFW,2024-11-12,0.0,0.0,11.0,16.0
DFW,2024-11-13,0.0,0.0,19.8,17.5
DFW,2024-11-14,0.0,0.0,7.9,14.0
DFW,2024-11-15,0.0,0.0,11.5,13.6
DFW,2024-11-16,0.0,0.0,16.3,16.8
DFW,2024-11-17,1.9,0.0,13.7,20.2
DFW,2024-11-18,8.1,0.0,32.3,20.3
DFW,2024-11-19,0.0,0.0,16.8,15.8
DFW,2024-11-20,0.0,0.0,20.0,11.8
DFW,2024-11-21,0.0,0.0,7.6,11.2
DFW,2024-11-22,0.0,0.0,6.7,11.1
DFW,2024-11-23,0.0,0.0,14.6,13.6
DFW,2024-11-24,0.0,0.0,22.1,19.6
DFW,2024-11-25,0.0,0.0,21.5,15.1
DFW,2024-11-26,0.0,0.0,12.2,9.2
DFW,2024-11-27,0.0,0.0,25.3,17.5
DFW,2024-11-28,0.0,0.0,19.1,8.9
DFW,2024-11-29,0.0,0.0,10.6,6.9
DFW,2024-11-30,0.0,0.0,10.7,8.8
DFW,2024-12-01,0.0,0.0,8.4,9.5
DFW,2024-12-02,0.0,0.0,6.3,10.5
DFW,2024-12-03,0.0,0.0,10.5,9.7
DFW,2024-12-04,26.3,0.0,13.1,11.8
DFW,2024-12-05,0.0,0.0,14.4,9.1
DFW,2024-12-06,0.0,0.0,8.8,5.0
DFW,2024-12-07,24.5,0.0,9.2,7.3
DFW,2024-12-08,1.8,0.0,15.4,10.7
DFW,2024-12-09,0.0,0.0,13.9,13.2
DFW,2024-12-10,0.0,0.0,20.5,8.1
DFW,2024-12-11,0.0,0.0,10.8,7.0
DFW,2024-12-12,0.0,0.0,20.2,9.3
DFW,2024-12-13,0.5,0.0,17.8,13.0
DFW,2024-12-14,3.1,0.0,17.6,16.8
DFW,2024-12-15,2.6,0.0,17.1,16.7
DFW,2024-12-16,8.8,0.0,16.6,19.6
DFW,2024-12-17,0.8,0.0,12.8,16.7
DFW,2024-12-18,2.6,0.0,21.1,12.5
DFW,2024-12-19,0.0,0.0,9.0,8.4
DFW,2024-12-20,0.0,0.0,14.6,8.2
DFW,2024-12-21,0.0,0.0,8.8,5.5
DFW,2024-12-22,0.0,0.0,15.5,9.2
DFW,2024-12-23,0.1,0.0,20.0,15.4
DFW,2024-12-24,54.0,0.0,16.1,15.3
DFW,2024-12-25,0.0,0.0,11.0,12.6
DFW,2024-12-26,32.4,0.0,18.8,13.2
DFW,2024-12-27,0.0,0.0,14.8,13.1
DFW,2024-12-28,0.8,0.0,10.6,15.5
DFW,2024-12-29,0.0,0.0,8.9,13.4
DFW,2024-12-30,0.0,0.0,15.8,16.1
DFW,2024-12-31,0.0,0.0,15.8,10.6
DFW,2025-01-01,0.0,0.0,10.1,6.2
DFW,2025-01-02,0.0,0.0,9.5,8.0
DFW,2025-01-03,0.0,0.0,8.0,9.8
DFW,2025-01-04,0.1,0.0,19.1,14.7
DFW,2025-01-05,2.0,0.0,29.2,9.0
DFW,2025-01-06,0.0,0.0,21.2,-1.6
DFW,2025-01-07,0.0,0.0,10.6,-0.6
DFW,2025-01-08,0.0,0.0,11.3,0.2
DFW,2025-01-09,23.5,12.46,10.7,0.3
DFW,2025-01-10,2.6,1.82,18.3,0.1
DFW,2025-01-11,0.0,0.0,17.1,1.5
DFW,2025-01-12,0.0,0.0,15.8,5.5
DFW,2025-01-13,0.0,0.0,13.9,3.3
DFW,2025-01-14,0.0,0.0,5.7,4.3
DFW,2025-01-15,0.0,0.0,5.8,6.3
DFW,2025-01-16,0.0,0.0,9.2,7.1
DFW,2025-01-17,0.3,0.0,20.4,10.9
DFW,2025-01-18,0.0,0.0,24.8,6.2
DFW,2025-01-19,0.0,0.0,22.2,-2.5
DFW,2025-01-20,0.0,0.0,11.2,-2.1
DFW,2025-01-21,0.0,0.07,17.1,-2.6
DFW,2025-01-22,0.0,0.0,16.5,1.2
DFW,2025-01-23,0.0,0.0,11.6,2.8
DFW,2025-01-24,0.0,0.0,17.5,4.5
DFW,2025-01-25,0.0,0.0,17.5,9.2
DFW,2025-01-26,1.6,0.0,12.5,8.9
DFW,2025-01-27,0.0,0.0,13.0,4.9
DFW,2025-01-28,0.0,0.0,6.7,10.6
DFW,2025-01-29,40.6,0.0,13.0,13.3
DFW,2025-01-30,68.4,0.0,17.1,15.0
DFW,2025-01-31,0.0,0.0,20.2,11.7
DFW,2025-02-01,0.0,0.0,14.9,10.7
DFW,2025-02-02,0.0,0.0,17.5,15.3
DFW,2025-02-03,0.0,0.0,16.7,19.0
DFW,2025-02-04,0.0,0.0,12.5,17.4
DFW,2025-02-05,0.0,0.0,17.2,15.4
DFW,2025-02-06,0.1,0.0,16.5,20.6
DFW,2025-02-07,0.0,0.0,17.3,15.0
DFW,2025-02-08,0.0,0.0,21.6,19.3
DFW,2025-02-09,0.2,0.0,12.6,9.3
DFW,2025-02-10,5.9,0.0,10.6,6.7
DFW,2025-02-11,10.5,0.0,13.1,7.0
DFW,2025-02-12,8.3,0.0,17.6,5.6
DFW,2025-02-13,0.0,0.0,18.7,-0.5
DFW,2025-02-14,0.3,0.0,15.3,5.7
DFW,2025-02-15,0.1,0.0,23.2,11.8
DFW,2025-02-16,0.0,0.0,20.5,2.3
DFW,2025-02-17,0.0,0.0,15.1,4.9
DFW,2025-02-18,2.8,0.0,23.0,6.5
DFW,2025-02-19,0.0,0.0,22.9,-5.5
DFW,2025-02-20,0.0,0.0,16.8,-5.3
DFW,2025-02-21,0.0,0.0,9.7,-2.2
DFW,2025-02-22,0.0,0.0,5.9,2.7
DFW,2025-02-23,15.4,0.0,8.7,8.8
DFW,2025-02-24,0.0,0.0,11.1,11.8
DFW,2025-02-25,0.0,0.0,14.6,14.9
DFW,2025-02-26,0.0,0.0,20.3,18.1
DFW,2025-02-27,0.4,0.0,17.0,14.8
DFW,2025-02-28,0.0,0.0,10.6,13.9
DFW,2025-03-01,0.0,0.0,12.4,16.2
DFW,2025-03-02,10.2,0.0,21.0,16.6
DFW,2025-03-03,0.2,0.0,19.1,17.1
DFW,2025-03-04,15.0,0.0,34.9,16.7
DFW,2025-03-05,0.0,0.0,26.2,10.0
DFW,2025-03-06,0.0,0.0,18.0,11.2
DFW,2025-03-07,0.0,0.0,20.3,18.7
DFW,2025-03-08,5.0,0.0,17.4,11.3
DFW,2025-03-09,1.4,0.0,18.0,9.1
DFW,2025-03-10,0.0,0.0,9.9,12.2
DFW,2025-03-11,0.0,0.0,18.5,16.7
DFW,2025-03-12,0.0,0.0,21.3,20.4
DFW,2025-03-13,0.0,0.0,14.3,22.0
DFW,2025-03-14,0.0,0.0,29.7,23.6
DFW,2025-03-15,0.4,0.0,26.1,17.5
DFW,2025-03-16,0.0,0.0,12.5,14.3
DFW,2025-03-17,0.0,0.0,23.8,19.2
DFW,2025-03-18,0.0,0.0,30.1,22.1
DFW,2025-03-19,0.0,0.0,32.0,17.4
DFW,2025-03-20,0.0,0.0,20.6,11.9
DFW,2025-03-21,0.0,0.0,22.2,15.3
DFW,2025-03-22,0.0,0.0,24.8,19.3
DFW,2025-03-23,0.0,0.0,25.0,22.2
DFW,2025-03-24,0.0,0.0,11.8,19.7
DFW,2025-03-25,0.4,0.0,14.4,23.0
DFW,2025-03-26,3.3,0.0,18.6,22.6
DFW,2025-03-27,0.7,0.0,21.4,20.7
DFW,2025-03-28,15.5,0.0,17.0,19.3
DFW,2025-03-29,0.0,0.0,19.5,21.8
DFW,2025-03-30,0.0,0.0,23.2,22.7
DFW,2025-03-31,0.0,0.0,13.6,15.6
DFW,2025-04-01,0.3,0.0,27.9,20.3
DFW,2025-04-02,2.2,0.0,26.6,22.9
DFW,2025-04-03,42.9,0.0,23.4,17.0
DFW,2025-04-04,26.0,0.0,15.7,15.6
DFW,2025-04-05,27.1,0.0,23.3,12.6
DFW,2025-04-06,0.1,0.0,20.1,7.9
DFW,2025-04-07,0.0,0.0,8.6,10.8
DFW,2025-04-08,0.0,0.0,11.3,14.1
DFW,2025-04-09,0.0,0.0,19.6,18.7
DFW,2025-04-10,0.0,0.0,11.1,20.2
DFW,2025-04-11,0.0,0.0,9.5,19.5
DFW,2025-04-12,0.0,0.0,20.4,20.8
DFW,2025-04-13,0.0,0.0,26.1,26.1
DFW,2025-04-14,0.0,0.0,22.6,24.7
DFW,2025-04-15,0.0,0.0,18.4,19.7
DFW,2025-04-16,0.0,0.0,22.1,21.9
DFW,2025-04-17,0.0,0.0,24.2,25.2
DFW,2025-04-18,0.0,0.0,30.5,25.7
DFW,2025-04-19,46.1,0.0,24.6,22.6
DFW,2025-04-20,4.6,0.0,27.3,20.6
DFW,2025-04-21,0.0,0.0,7.6,18.3
DFW,2025-04-22,0.0,0.0,11.1,21.5
DFW,2025-04-23,4.5,0.0,15.6,21.2
DFW,2025-04-24,11.9,0.0,16.9,20.2
DFW,2025-04-25,0.6,0.0,12.0,21.3
DFW,2025-04-26,0.7,0.0,17.4,23.3
DFW,2025-04-27,0.1,0.0,18.4,24.0
DFW,2025-04-28,0.0,0.0,27.9,24.5
DFW,2025-04-29,4.2,0.0,23.9,24.4
DFW,2025-04-30,20.6,0.0,26.7,20.6
DFW,2025-05-01,0.2,0.0,15.6,20.7
DFW,2025-05-02,2.5,0.0,15.0,20.9
DFW,2025-05-03,0.0,0.0,13.0,17.6
DFW,2025-05-04,0.0,0.0,6.7,18.2
DFW,2025-05-05,3.6,0.0,13.8,18.5
DFW,2025-05-06,28.1,0.0,18.0,17.8
DFW,2025-05-07,0.2,0.0,11.2,19.6
DFW,2025-05-08,0.0,0.0,12.9,19.9
DFW,2025-05-09,0.3,0.0,18.4,19.9
DFW,2025-05-10,0.1,0.0,17.3,20.1
DFW,2025-05-11,0.0,0.0,17.2,19.3
DFW,2025-05-12,0.0,0.0,6.3,21.5
DFW,2025-05-13,0.0,0.0,20.4,27.1
DFW,2025-05-14,0.0,0.0,18.5,31.0
DFW,2025-05-15,0.0,0.0,16.7,27.1
DFW,2025-05-16,2.6,0.0,19.1,26.3
DFW,2025-05-17,4.0,0.0,18.4,25.4
DFW,2025-05-18,46.1,0.0,20.4,24.4
DFW,2025-05-19,24.6,0.0,28.3,25.2
DFW,2025-05-20,1.1,0.0,16.6,24.2
DFW,2025-05-21,0.0,0.0,13.4,24.7
DFW,2025-05-22,0.3,0.0,18.4,26.8
DFW,2025-05-23,0.2,0.0,18.4,28.7
DFW,2025-05-24,0.1,0.0,23.3,29.9
DFW,2025-05-25,3.1,0.0,24.8,28.9
DFW,2025-05-26,14.2,0.0,18.7,22.8
DFW,2025-05-27,0.2,0.0,10.7,23.5
DFW,2025-05-28,5.9,0.0,10.2,22.2
DFW,2025-05-29,8.9,0.0,8.5,23.3
DFW,2025-05-30,13.1,0.0,14.7,22.5
DFW,2025-05-31,0.0,0.0,8.4,23.8
DFW,2025-06-01,14.2,0.0,20.5,24.0
DFW,2025-06-02,0.1,0.0,18.0,26.7
DFW,2025-06-03,7.6,0.0,25.6,27.5
DFW,2025-06-04,24.9,0.0,15.2,22.8
DFW,2025-06-05,13.8,0.0,13.6,24.6
DFW,2025-06-06,0.0,0.0,14.8,28.4
DFW,2025-06-07,1.3,0.0,16.7,28.7
DFW,2025-06-08,26.6,0.0,17.3,28.3
DFW,2025-06-09,32.3,0.0,20.1,25.6
DFW,2025-06-10,0.6,0.0,8.6,25.2
DFW,2025-06-11,18.2,0.0,14.1,22.3
DFW,2025-06-12,7.0,0.0,10.4,23.7
DFW,2025-06-13,0.2,0.0,13.1,25.5
DFW,2025-06-14,9.7,0.0,13.4,26.4
DFW,2025-06-15,15.0,0.0,14.5,25.9
DFW,2025-06-16,0.3,0.0,7.6,27.3
DFW,2025-06-17,0.0,0.0,23.7,29.9
DFW,2025-06-18,1.3,0.0,21.4,30.3
DFW,2025-06-19,3.5,0.0,17.9,29.4
DFW,2025-06-20,0.1,0.0,18.4,31.0
DFW,2025-06-21,0.0,0.0,23.4,30.5
DFW,2025-06-22,0.0,0.0,20.8,30.0
DFW,2025-06-23,0.0,0.0,16.5,30.1
DFW,2025-06-24,0.4,0.0,14.8,30.0
DFW,2025-06-25,0.6,0.0,13.7,28.5
DFW,2025-06-26,0.1,0.0,13.6,28.7
DFW,2025-06-27,0.0,0.0,14.4,29.8
DFW,2025-06-28,0.0,0.0,15.6,30.6
DFW,2025-06-29,0.0,0.0,16.1,31.0
DFW,2025-06-30,22.7,0.0,17.9,30.4
DFW,2025-07-01,0.8,0.0,8.1,27.5
DFW,2025-07-02,0.2,0.0,11.0,29.4
DFW,2025-07-03,12.5,0.0,19.2,27.0
DFW,2025-07-04,4.5,0.0,21.9,26.1
DFW,2025-07-05,1.1,0.0,20.7,27.0
DFW,2025-07-06,11.8,0.0,15.8,26.3
DFW,2025-07-07,2.3,0.0,13.7,27.5
DFW,2025-07-08,23.0,0.0,14.2,26.6
DFW,2025-07-09,8.8,0.0,11.4,26.9
DFW,2025-07-10,0.0,0.0,14.9,29.8
DFW,2025-07-11,0.1,0.0,20.9,30.3
DFW,2025-07-12,8.9,0.0,15.5,27.9
DFW,2025-07-13,6.7,0.0,14.0,25.6
DFW,2025-07-14,15.7,0.0,10.8,26.6
DFW,2025-07-15,1.5,0.0,16.5,29.6
DFW,2025-07-16,0.0,0.0,15.5,30.1
DFW,2025-07-17,0.0,0.0,13.5,30.5
DFW,2025-07-18,0.0,0.0,13.5,30.6
DFW,2025-07-19,0.0,0.0,17.8,30.4
DFW,2025-07-20,0.0,0.0,19.8,31.1
DFW,2025-07-21,0.0,0.0,20.4,31.5
DFW,2025-07-22,0.0,0.0,16.2,31.5
DFW,2025-07-23,0.0,0.0,18.0,32.0
DFW,2025-07-24,0.0,0.0,13.9,32.7
DFW,2025-07-25,0.0,0.0,13.4,32.7
DFW,2025-07-26,4.4,0.0,15.1,30.6
DFW,2025-07-27,0.0,0.0,17.1,31.1
DFW,2025-07-28,0.0,0.0,12.1,31.7
DFW,2025-07-29,0.0,0.0,12.1,32.6
DFW,2025-07-30,0.0,0.0,12.3,33.5
DFW,2025-07-31,0.0,0.0,12.0,34.6
DFW,2025-08-01,1.4,0.0,13.9,30.8
DFW,2025-08-02,4.6,0.0,11.8,28.4
DFW,2025-08-03,0.8,0.0,11.0,29.1
DFW,2025-08-04,14.8,0.0,12.8,27.0
DFW,2025-08-05,0.0,0.0,8.7,27.9
DFW,2025-08-06,0.0,0.0,11.3,28.8
DFW,2025-08-07,0.0,0.0,10.0,30.3
DFW,2025-08-08,0.0,0.0,15.4,31.4
DFW,2025-08-09,0.0,0.0,17.0,32.4
DFW,2025-08-10,0.0,0.0,14.5,31.9
DFW,2025-08-11,0.1,0.0,12.7,31.4
DFW,2025-08-12,7.1,0.0,21.1,28.1
DFW,2025-08-13,0.6,0.0,7.6,28.3
DFW,2025-08-14,0.7,0.0,13.0,29.8
DFW,2025-08-15,0.0,0.0,17.3,31.3
DFW,2025-08-16,0.0,0.0,17.2,31.0
DFW,2025-08-17,0.2,0.0,11.1,31.5
DFW,2025-08-18,0.0,0.0,11.0,33.0
DFW,2025-08-19,0.3,0.0,12.4,33.9
DFW,2025-08-20,18.8,0.0,10.3,28.2
DFW,2025-08-21,0.6,0.0,12.6,29.7
DFW,2025-08-22,1.8,0.0,8.6,28.9
DFW,2025-08-23,0.0,0.0,14.8,30.2
DFW,2025-08-24,0.0,0.0,10.6,30.7
DFW,2025-08-25,0.0,0.0,13.0,31.2
DFW,2025-08-26,0.0,0.0,12.6,28.4
DFW,2025-08-27,0.2,0.0,11.9,27.6
DFW,2025-08-28,25.6,0.0,22.4,29.8
DFW,2025-08-29,0.2,0.0,12.9,25.6
DFW,2025-08-30,24.5,0.0,10.9,24.7
DFW,2025-08-31,25.4,0.0,8.8,25.0
DFW,2025-09-01,1.7,0.0,8.1,25.2
DFW,2025-09-02,0.7,0.0,11.0,25.8
DFW,2025-09-03,0.0,0.0,10.6,26.0
DFW,2025-09-04,0.0,0.0,15.0,29.7
DFW,2025-09-05,10.2,0.0,17.4,29.5
DFW,2025-09-06,19.1,0.0,14.8,21.9
DFW,2025-09-07,0.0,0.0,10.9,23.3
DFW,2025-09-08,0.0,0.0,11.0,23.3
DFW,2025-09-09,0.0,0.0,10.6,24.6
DFW,2025-09-10,0.0,0.0,9.4,26.2
DFW,2025-09-11,0.0,0.0,11.4,27.4
DFW,2025-09-12,0.0,0.0,10.9,29.3
DFW,2025-09-13,0.1,0.0,14.4,29.5
DFW,2025-09-14,0.0,0.0,13.9,29.8
DFW,2025-09-15,0.0,0.0,10.4,29.4
DFW,2025-09-16,0.0,0.0,12.0,29.8
DFW,2025-09-17,0.0,0.0,11.5,30.2
DFW,2025-09-18,0.0,0.0,13.0,29.6
DFW,2025-09-19,8.7,0.0,12.6,27.4
DFW,2025-09-20,0.0,0.0,13.1,28.7
DFW,2025-09-21,7.3,0.0,18.1,26.8
DFW,2025-09-22,0.9,0.0,19.3,27.9
DFW,2025-09-23,0.4,0.0,15.1,29.5
DFW,2025-09-24,9.0,0.0,15.7,25.3
DFW,2025-09-25,0.2,0.0,13.0,23.8
DFW,2025-09-26,0.0,0.0,8.9,24.6
DFW,2025-09-27,0.0,0.0,7.8,25.2
DFW,2025-09-28,0.0,0.0,6.2,25.3
DFW,2025-09-29,0.0,0.0,7.5,25.0
DFW,2025-09-30,0.0,0.0,9.2,26.7
DFW,2025-10-01,0.0,0.0,6.6,25.9
DFW,2025-10-02,0.0,0.0,10.6,26.2
DFW,2025-10-03,0.0,0.0,13.4,26.7
DFW,2025-10-04,0.0,0.0,13.9,25.4
DFW,2025-10-05,0.0,0.0,12.0,25.7
DFW,2025-10-06,0.0,0.0,9.8,26.9
DFW,2025-10-07,0.1,0.0,12.6,27.0
DFW,2025-10-08,0.1,0.0,12.3,26.4
DFW,2025-10-09,0.0,0.0,11.8,26.1
DFW,2025-10-10,0.0,0.0,7.9,25.1
DFW,2025-10-11,0.0,0.0,9.5,25.3
DFW,2025-10-12,0.0,0.0,15.7,26.4
DFW,2025-10-13,0.0,0.0,12.8,26.8
DFW,2025-10-14,0.0,0.0,10.5,26.1
DFW,2025-10-15,0.0,0.0,10.1,25.0
DFW,2025-10-16,0.0,0.0,13.6,24.1
DFW,2025-10-17,0.0,0.0,15.3,26.1
DFW,2025-10-18,11.3,0.0,17.4,24.6
DFW,2025-10-19,0.0,0.0,22.8,18.7
DFW,2025-10-20,0.0,0.0,21.2,21.7
DFW,2025-10-21,0.0,0.0,18.1,21.9
DFW,2025-10-22,0.0,0.0,9.7,18.5
DFW,2025-10-23,19.3,0.0,15.1,19.7
DFW,2025-10-24,39.7,0.0,24.2,20.8
DFW,2025-10-25,9.6,0.0,16.5,19.4
DFW,2025-10-26,0.0,0.0,6.0,18.9
DFW,2025-10-27,0.0,0.0,13.0,20.6
DFW,2025-10-28,0.1,0.0,28.8,19.8
DFW,2025-10-29,0.0,0.0,30.1,13.4
DFW,2025-10-30,0.0,0.0,11.4,12.0
DFW,2025-10-31,0.0,0.0,9.6,12.8
DFW,2025-11-01,1.6,0.0,10.1,14.4
DFW,2025-11-02,0.0,0.0,9.9,13.6
DFW,2025-11-03,0.0,0.0,12.0,16.5
DFW,2025-11-04,0.0,0.0,17.2,17.8
DFW,2025-11-05,0.0,0.0,16.0,19.8
DFW,2025-11-06,0.0,0.0,16.5,20.9
DFW,2025-11-07,0.0,0.0,17.8,21.2
DFW,2025-11-08,0.0,0.0,19.6,18.6
DFW,2025-11-09,0.0,0.0,20.6,13.0
DFW,2025-11-10,0.0,0.0,12.1,7.1
DFW,2025-11-11,0.0,0.0,21.9,12.7
DFW,2025-11-12,0.0,0.0,15.6,16.5
DFW,2025-11-13,0.0,0.0,15.1,19.9
DFW,2025-11-14,0.0,0.0,21.7,22.0
DFW,2025-11-15,0.0,0.0,16.9,23.3
DFW,2025-11-16,0.0,0.0,14.0,21.0
DFW,2025-11-17,0.0,0.0,17.5,23.9
DFW,2025-11-18,0.3,0.0,18.0,25.3
DFW,2025-11-19,0.0,0.0,11.8,23.7
DFW,2025-11-20,25.6,0.0,16.7,20.0
DFW,2025-11-21,0.0,0.0,9.4,18.9
DFW,2025-11-22,0.0,0.0,10.6,14.0
DFW,2025-11-23,34.1,0.0,11.8,13.5
DFW,2025-11-24,42.1,0.0,17.0,16.3
DFW,2025-11-25,0.0,0.0,13.6,15.2
DFW,2025-11-26,0.0,0.0,16.4,10.4
DFW,2025-11-27,0.0,0.0,5.8,10.0
DFW,2025-11-28,6.6,0.0,20.5,10.0
DFW,2025-11-29,5.8,0.0,24.6,13.7
DFW,2025-11-30,0.0,0.0,19.4,3.9
DFW,2025-12-01,10.8,0.0,13.7,3.8
DFW,2025-12-02,0.0,0.0,11.5,3.3
DFW,2025-12-03,0.0,0.0,14.7,8.4
DFW,2025-12-04,0.9,0.0,14.9,6.3
DFW,2025-12-05,0.0,0.0,9.5,6.6
DFW,2025-12-06,0.0,0.0,10.2,7.3
DFW,2025-12-07,0.0,0.0,20.1,8.1
DFW,2025-12-08,0.0,0.0,11.7,4.8
DFW,2025-12-09,0.0,0.0,18.2,9.3
DFW,2025-12-10,0.0,0.0,19.5,11.6
DFW,2025-12-11,0.0,0.0,14.1,9.6
DFW,2025-12-12,0.0,0.0,13.1,12.4
DFW,2025-12-13,0.0,0.0,20.4,9.8
DFW,2025-12-14,0.0,0.0,20.4,2.6
DFW,2025-12-15,0.0,0.0,10.4,3.1
DFW,2025-12-16,0.4,0.0,16.0,9.9
DFW,2025-12-17,0.4,0.0,15.0,15.1
DFW,2025-12-18,0.1,0.0,23.0,16.3
DFW,2025-12-19,0.0,0.0,17.3,9.9
DFW,2025-12-20,0.0,0.0,19.7,16.7
DFW,2025-12-21,0.7,0.0,12.6,14.7
DFW,2025-12-22,0.0,0.0,17.9,17.5
DFW,2025-12-23,0.3,0.0,17.6,21.6
DFW,2025-12-24,0.0,0.0,15.1,21.1
DFW,2025-12-25,0.0,0.0,17.6,20.4
DFW,2025-12-26,0.0,0.0,15.9,22.4
DFW,2025-12-27,0.0,0.0,18.2,22.3
DFW,2025-12-28,0.0,0.0,29.4,19.6
DFW,2025-12-29,0.0,0.0,21.5,3.3
DFW,2025-12-30,0.0,0.0,10.2,4.6
DFW,2025-12-31,0.0,0.0,9.5,9.6
DEN,2023-01-01,0.3,0.21,13.6,-3.4
DEN,2023-01-02,3.5,2.45,16.5,-3.2
DEN,2023-01-03,0.3,0.21,16.9,-5.9
DEN,2023-01-04,0.0,0.0,18.4,-6.7
DEN,2023-01-05,0.0,0.0,14.0,-6.4
DEN,2023-01-06,0.2,0.14,13.6,-4.2
DEN,2023-01-07,0.0,0.0,16.5,-3.0
DEN,2023-01-08,0.0,0.0,18.2,-2.1
DEN,2023-01-09,0.0,0.0,18.4,-0.6
DEN,2023-01-10,0.0,0.0,18.1,2.0
DEN,2023-01-11,3.1,2.17,16.4,-2.1
DEN,2023-01-12,0.0,0.0,16.5,-2.8
DEN,2023-01-13,0.0,0.0,14.8,0.1
DEN,2023-01-14,0.0,0.0,17.6,3.4
DEN,2023-01-15,0.4,0.28,12.4,0.5
DEN,2023-01-16,0.0,0.0,17.4,0.1
DEN,2023-01-17,4.1,2.87,12.4,-2.6
DEN,2023-01-18,14.8,10.36,28.2,-4.3
DEN,2023-01-19,0.0,0.0,18.1,-6.7
DEN,2023-01-20,0.6,0.42,10.5,-9.5
DEN,2023-01-21,1.5,1.05,18.5,-6.8
DEN,2023-01-22,0.0,0.0,18.0,-6.6
DEN,2023-01-23,0.5,0.35,17.0,-7.8
DEN,2023-01-24,0.2,0.14,11.8,-6.9
DEN,2023-01-25,1.6,1.12,17.3,-7.2
DEN,2023-01-26,0.0,0.0,22.5,-6.4
DEN,2023-01-27,0.0,0.0,23.5,-2.2
DEN,2023-01-28,0.3,0.21,18.6,-7.5
DEN,2023-01-29,0.9,0.63,13.6,-16.4
DEN,2023-01-30,1.1,0.77,11.9,-20.5
DEN,2023-01-31,0.6,0.49,20.2,-13.6
DEN,2023-02-01,0.0,0.0,20.1,-6.9
DEN,2023-02-02,0.0,0.0,22.9,-4.3
DEN,2023-02-03,0.0,0.0,27.1,-0.6
DEN,2023-02-04,0.0,0.0,21.6,-0.1
DEN,2023-02-05,0.0,0.0,19.0,-1.9
DEN,2023-02-06,1.2,0.84,18.1,-1.0
DEN,2023-02-07,0.0,0.0,18.3,-4.1
DEN,2023-02-08,1.0,0.7,16.4,-2.4
DEN,2023-02-09,1.2,0.84,31.4,-4.6
DEN,2023-02-10,0.0,0.0,14.1,-5.5
DEN,2023-02-11,0.0,0.0,13.7,-0.1
DEN,2023-02-12,0.0,0.0,15.9,0.7
DEN,2023-02-13,0.1,0.0,24.1,4.9
DEN,2023-02-14,0.7,0.49,24.2,1.3
DEN,2023-02-15,6.8,4.76,24.6,-9.0
DEN,2023-02-16,0.4,0.28,13.4,-9.9
DEN,2023-02-17,0.0,0.0,21.6,-2.5
DEN,2023-02-18,0.0,0.0,15.1,0.2
DEN,2023-02-19,0.0,0.0,30.6,1.6
DEN,2023-02-20,0.0,0.0,22.3,3.9
DEN,2023-02-21,0.0,0.0,21.5,6.3
DEN,2023-02-22,2.1,1.4,28.8,-10.3
DEN,2023-02-23,0.1,0.07,18.7,-14.4
DEN,2023-02-24,0.0,0.0,15.4,-8.5
DEN,2023-02-25,0.0,0.0,14.7,3.4
DEN,2023-02-26,0.0,0.0,39.8,7.2
DEN,2023-02-27,0.0,0.0,21.1,3.2
DEN,2023-02-28,0.1,0.07,27.1,2.5
DEN,2023-03-01,4.1,2.87,31.4,-1.5
DEN,2023-03-02,0.0,0.0,15.0,-1.5
DEN,2023-03-03,1.9,1.19,18.9,1.6
DEN,2023-03-04,0.0,0.0,34.1,0.6
DEN,2023-03-05,0.0,0.0,28.7,1.6
DEN,2023-03-06,0.0,0.0,25.6,-0.5
DEN,2023-03-07,0.0,0.0,15.2,-1.0
DEN,2023-03-08,0.0,0.0,26.9,-0.1
DEN,2023-03-09,0.5,0.35,27.0,1.2
DEN,2023-03-10,0.0,0.0,25.3,5.9
DEN,2023-03-11,0.1,0.0,25.5,6.7
DEN,2023-03-12,0.0,0.0,21.3,0.5
DEN,2023-03-13,0.0,0.0,21.0,2.2
DEN,2023-03-14,0.0,0.0,22.0,7.7
DEN,2023-03-15,1.0,0.0,26.4,11.8
DEN,2023-03-16,1.6,0.84,30.9,0.4
DEN,2023-03-17,0.0,0.0,26.3,-1.6
DEN,2023-03-18,0.0,0.0,17.3,-1.5
DEN,2023-03-19,0.0,0.0,24.6,2.9
DEN,2023-03-20,0.7,0.07,17.2,4.8
DEN,2023-03-21,0.0,0.0,25.2,5.5
DEN,2023-03-22,0.9,0.42,19.4,2.8
DEN,2023-03-23,1.4,0.84,20.2,3.8
DEN,2023-03-24,0.4,0.28,11.4,3.5
DEN,2023-03-25,2.3,1.61,28.7,-0.2
DEN,2023-03-26,0.5,0.35,19.1,-1.5
DEN,2023-03-27,5.0,3.5,35.5,-3.5
DEN,2023-03-28,0.0,0.0,19.6,1.2
DEN,2023-03-29,0.0,0.0,22.7,0.5
DEN,2023-03-30,0.0,0.0,40.4,6.6
DEN,2023-03-31,0.0,0.0,37.9,4.2
DEN,2023-04-01,0.0,0.0,19.7,8.2
DEN,2023-04-02,0.0,0.0,28.0,10.7
DEN,2023-04-03,0.0,0.0,22.9,7.6
DEN,2023-04-04,1.7,1.19,31.2,-1.8
DEN,2023-04-05,0.7,0.49,14.8,-1.7
DEN,2023-04-06,0.0,0.0,16.3,2.5
DEN,2023-04-07,0.0,0.0,15.3,8.0
DEN,2023-04-08,0.6,0.0,22.4,12.2
DEN,2023-04-09,0.0,0.0,14.0,11.4
DEN,2023-04-10,0.0,0.0,17.9,13.8
DEN,2023-04-11,0.0,0.0,29.2,19.0
DEN,2023-04-12,0.0,0.0,25.0,19.5
DEN,2023-04-13,0.0,0.0,30.9,18.7
DEN,2023-04-14,3.7,0.84,18.4,5.0
DEN,2023-04-15,3.3,2.24,24.6,4.4
DEN,2023-04-16,0.0,0.0,21.5,7.4
DEN,2023-04-17,0.0,0.0,23.5,13.3
DEN,2023-04-18,0.0,0.0,33.0,16.1
DEN,2023-04-19,5.1,2.17,32.4,7.8
DEN,2023-04-20,0.0,0.0,30.0,3.6
DEN,2023-04-21,0.9,0.56,24.4,3.7
DEN,2023-04-22,1.9,1.33,16.6,1.0
DEN,2023-04-23,0.0,0.0,14.5,5.3
DEN,2023-04-24,0.0,0.0,15.8,10.0
DEN,2023-04-25,15.2,0.0,19.8,9.0
DEN,2023-04-26,4.9,0.0,14.7,7.5
DEN,2023-04-27,5.3,0.0,31.3,10.3
DEN,2023-04-28,0.4,0.0,29.5,7.2
DEN,2023-04-29,0.0,0.0,23.5,12.2
DEN,2023-04-30,0.0,0.0,17.5,11.6
DEN,2023-05-01,0.0,0.0,14.6,12.9
DEN,2023-05-02,0.0,0.0,24.4,13.9
DEN,2023-05-03,0.0,0.0,17.1,17.0
DEN,2023-05-04,0.1,0.0,22.2,15.2
DEN,2023-05-05,0.0,0.0,36.2,15.3
DEN,2023-05-06,0.0,0.0,20.2,14.1
DEN,2023-05-07,1.1,0.0,23.4,13.8
DEN,2023-05-08,1.1,0.0,34.2,14.5
DEN,2023-05-09,0.2,0.0,23.7,15.2
DEN,2023-05-10,9.2,0.0,20.1,13.3
DEN,2023-05-11,69.1,0.0,37.9,9.5
DEN,2023-05-12,29.4,0.0,32.8,10.7
DEN,2023-05-13,0.6,0.0,18.7,11.5
DEN,2023-05-14,11.3,0.0,17.6,10.9
DEN,2023-05-15,0.6,0.0,13.7,11.6
DEN,2023-05-16,0.1,0.0,15.0,15.5
DEN,2023-05-17,0.8,0.0,18.5,17.1
DEN,2023-05-18,7.3,0.0,29.3,13.4
DEN,2023-05-19,0.9,0.0,14.8,11.6
DEN,2023-05-20,0.0,0.0,13.1,13.9
DEN,2023-05-21,0.0,0.0,14.8,15.5
DEN,2023-05-22,0.0,0.0,19.5,16.8
DEN,2023-05-23,0.0,0.0,25.2,17.5
DEN,2023-05-24,2.2,0.0,15.1,15.7
DEN,2023-05-25,2.2,0.0,24.3,16.3
DEN,2023-05-26,0.7,0.0,32.9,15.6
DEN,2023-05-27,5.3,0.0,28.4,17.7
DEN,2023-05-28,0.0,0.0,19.5,17.3
DEN,2023-05-29,0.4,0.0,17.7,18.9
DEN,2023-05-30,0.1,0.0,23.9,18.2
DEN,2023-05-31,0.4,0.0,20.6,18.3
DEN,2023-06-01,5.6,0.0,19.4,15.7
DEN,2023-06-02,0.9,0.0,13.3,15.6
DEN,2023-06-03,11.7,0.0,15.1,12.9
DEN,2023-06-04,29.0,0.0,15.3,13.0
DEN,2023-06-05,5.1,0.0,16.8,14.8
DEN,2023-06-06,2.9,0.0,24.5,15.9
DEN,2023-06-07,7.8,0.0,18.4,16.1
DEN,2023-06-08,0.5,0.0,11.3,17.0
DEN,2023-06-09,1.9,0.0,17.3,17.9
DEN,2023-06-10,0.0,0.0,14.5,16.1
DEN,2023-06-11,17.6,0.0,19.4,14.7
DEN,2023-06-12,8.1,0.0,20.8,13.6
DEN,2023-06-13,4.1,0.0,13.1,12.7
DEN,2023-06-14,0.7,0.0,18.8,16.6
DEN,2023-06-15,6.9,0.0,21.8,15.9
DEN,2023-06-16,20.4,0.0,18.1,13.3
DEN,2023-06-17,5.3,0.0,15.9,14.3
DEN,2023-06-18,0.0,0.0,20.8,19.6
DEN,2023-06-19,0.0,0.0,34.0,23.7
DEN,2023-06-20,0.0,0.0,23.5,21.7
DEN,2023-06-21,13.4,0.0,23.2,19.5
DEN,2023-06-22,3.7,0.0,26.7,18.5
DEN,2023-06-23,0.0,0.0,19.8,20.0
DEN,2023-06-24,0.0,0.0,25.3,20.1
DEN,2023-06-25,0.0,0.0,19.8,19.6
DEN,2023-06-26,0.0,0.0,23.8,21.8
DEN,2023-06-27,0.0,0.0,33.7,24.4
DEN,2023-06-28,1.0,0.0,25.7,20.7
DEN,2023-06-29,3.7,0.0,27.9,19.7
DEN,2023-06-30,9.7,0.0,26.3,16.5
DEN,2023-07-01,0.0,0.0,19.0,18.9
DEN,2023-07-02,0.0,0.0,13.3,21.5
DEN,2023-07-03,0.0,0.0,16.9,22.9
DEN,2023-07-04,25.6,0.0,24.4,20.5
DEN,2023-07-05,12.2,0.0,24.3,16.9
DEN,2023-07-06,0.6,0.0,20.5,18.5
DEN,2023-07-07,1.1,0.0,20.1,18.1
DEN,2023-07-08,7.1,0.0,21.8,19.1
DEN,2023-07-09,0.1,0.0,15.0,19.9
DEN,2023-07-10,0.0,0.0,21.1,24.4
DEN,2023-07-11,0.0,0.0,21.3,24.9
DEN,2023-07-12,0.0,0.0,19.5,24.8
DEN,2023-07-13,0.0,0.0,24.9,24.8
DEN,2023-07-14,2.6,0.0,25.1,22.4
DEN,2023-07-15,0.4,0.0,16.3,20.9
DEN,2023-07-16,0.0,0.0,22.6,24.0
DEN,2023-07-17,0.0,0.0,26.6,26.9
DEN,2023-07-18,0.0,0.0,20.0,26.7
DEN,2023-07-19,0.9,0.0,20.9,24.5
DEN,2023-07-20,12.0,0.0,23.4,20.7
DEN,2023-07-21,0.0,0.0,13.1,20.0
DEN,2023-07-22,0.0,0.0,18.9,23.5
DEN,2023-07-23,0.0,0.0,23.1,26.3
DEN,2023-07-24,0.0,0.0,19.5,26.6
DEN,2023-07-25,0.1,0.0,18.4,26.6
DEN,2023-07-26,0.7,0.0,17.0,25.5
DEN,2023-07-27,0.8,0.0,27.7,25.5
DEN,2023-07-28,0.3,0.0,17.4,24.3
DEN,2023-07-29,0.8,0.0,22.4,23.7
DEN,2023-07-30,0.0,0.0,23.4,24.9
DEN,2023-07-31,19.9,0.0,23.9,22.9
DEN,2023-08-01,3.5,0.0,23.7,22.7
DEN,2023-08-02,1.1,0.0,13.5,22.8
DEN,2023-08-03,0.6,0.0,19.9,21.6
DEN,2023-08-04,0.6,0.0,27.1,22.5
DEN,2023-08-05,0.0,0.0,21.3,21.4
DEN,2023-08-06,1.6,0.0,22.4,16.8
DEN,2023-08-07,2.5,0.0,19.5,18.8
DEN,2023-08-08,0.8,0.0,18.4,20.0
DEN,2023-08-09,0.0,0.0,16.1,19.8
DEN,2023-08-10,0.0,0.0,22.0,23.7
DEN,2023-08-11,0.8,0.0,26.9,23.8
DEN,2023-08-12,0.0,0.0,24.1,23.8
DEN,2023-08-13,0.5,0.0,21.7,19.7
DEN,2023-08-14,0.0,0.0,15.5,18.9
DEN,2023-08-15,0.0,0.0,21.4,22.8
DEN,2023-08-16,0.0,0.0,22.9,26.8
DEN,2023-08-17,0.0,0.0,31.8,24.9
DEN,2023-08-18,0.0,0.0,39.6,27.3
DEN,2023-08-19,1.2,0.0,23.0,25.2
DEN,2023-08-20,0.0,0.0,39.0,25.2
DEN,2023-08-21,0.0,0.0,38.3,29.8
DEN,2023-08-22,0.0,0.0,32.1,29.4
DEN,2023-08-23,0.0,0.0,27.6,27.2
DEN,2023-08-24,0.0,0.0,25.6,25.1
DEN,2023-08-25,12.2,0.0,25.9,19.2
DEN,2023-08-26,0.7,0.0,15.6,19.1
DEN,2023-08-27,1.6,0.0,17.2,20.4
DEN,2023-08-28,1.0,0.0,21.7,19.3
DEN,2023-08-29,0.0,0.0,19.7,20.4
DEN,2023-08-30,0.2,0.0,27.0,25.1
DEN,2023-08-31,0.0,0.0,19.1,26.1
DEN,2023-09-01,0.0,0.0,32.3,27.4
DEN,2023-09-02,0.0,0.0,17.3,26.3
DEN,2023-09-03,2.9,0.0,31.7,23.5
DEN,2023-09-04,0.0,0.0,32.1,23.6
DEN,2023-09-05,0.0,0.0,25.5,19.5
DEN,2023-09-06,0.0,0.0,23.1,21.5
DEN,2023-09-07,0.0,0.0,12.7,22.5
DEN,2023-09-08,0.0,0.0,25.4,22.6
DEN,2023-09-09,0.0,0.0,33.3,22.6
DEN,2023-09-10,2.6,0.0,18.9,16.2
DEN,2023-09-11,17.5,0.0,13.6,15.2
DEN,2023-09-12,0.2,0.0,20.3,16.5
DEN,2023-09-13,0.0,0.0,14.0,17.3
DEN,2023-09-14,13.3,0.0,20.7,15.1
DEN,2023-09-15,8.6,0.0,13.5,13.0
DEN,2023-09-16,0.0,0.0,12.7,15.3
DEN,2023-09-17,0.0,0.0,19.6,18.0
DEN,2023-09-18,0.0,0.0,25.3,19.9
DEN,2023-09-19,0.0,0.0,22.1,18.2
DEN,2023-09-20,0.0,0.0,22.1,18.5
DEN,2023-09-21,0.0,0.0,17.1,17.5
DEN,2023-09-22,0.0,0.0,30.4,17.4
DEN,2023-09-23,0.0,0.0,18.9,16.5
DEN,2023-09-24,0.0,0.0,15.6,16.6
DEN,2023-09-25,0.0,0.0,12.7,17.5
DEN,2023-09-26,0.0,0.0,17.1,18.0
DEN,2023-09-27,0.0,0.0,21.1,20.9
DEN,2023-09-28,0.0,0.0,23.9,21.7
DEN,2023-09-29,0.0,0.0,32.0,19.2
DEN,2023-09-30,0.0,0.0,26.0,20.6
DEN,2023-10-01,0.0,0.0,32.9,21.6
DEN,2023-10-02,2.3,0.0,38.7,18.6
DEN,2023-10-03,0.1,0.0,21.1,13.9
DEN,2023-10-04,0.1,0.0,17.9,14.0
DEN,2023-10-05,0.0,0.0,16.0,13.2
DEN,2023-10-06,0.0,0.0,13.0,9.8
DEN,2023-10-07,0.0,0.0,14.7,11.9
DEN,2023-10-08,0.0,0.0,14.8,15.1
DEN,2023-10-09,0.0,0.0,13.5,16.0
DEN,2023-10-10,0.0,0.0,19.2,17.1
DEN,2023-10-11,1.8,0.0,24.6,15.4
DEN,2023-10-12,2.5,0.0,38.6,9.0
DEN,2023-10-13,0.9,0.0,30.7,6.3
DEN,2023-10-14,0.0,0.0,13.4,5.6
DEN,2023-10-15,0.0,0.0,17.5,9.2
DEN,2023-10-16,0.0,0.0,11.4,12.5
DEN,2023-10-17,0.0,0.0,17.7,17.5
DEN,2023-10-18,0.0,0.0,22.2,13.7
DEN,2023-10-19,0.0,0.0,15.9,15.8
DEN,2023-10-20,0.0,0.0,17.8,18.1
DEN,2023-10-21,0.0,0.0,21.0,16.1
DEN,2023-10-22,0.0,0.0,15.7,14.6
DEN,2023-10-23,0.0,0.0,18.8,16.0
DEN,2023-10-24,0.4,0.0,23.0,12.7
DEN,2023-10-25,0.0,0.0,12.9,12.3
DEN,2023-10-26,0.0,0.0,24.7,8.2
DEN,2023-10-27,0.0,0.0,22.4,4.0
DEN,2023-10-28,10.0,7.0,13.4,-2.1
DEN,2023-10-29,2.9,2.03,16.4,-6.0
DEN,2023-10-30,0.0,0.0,12.4,-4.8
DEN,2023-10-31,0.0,0.0,14.1,-3.1
DEN,2023-11-01,0.0,0.0,15.6,3.9
DEN,2023-11-02,0.0,0.0,18.2,8.6
DEN,2023-11-03,0.0,0.0,17.3,11.1
DEN,2023-11-04,0.0,0.0,16.8,9.6
DEN,2023-11-05,0.0,0.0,23.6,13.5
DEN,2023-11-06,0.0,0.0,17.2,12.1
DEN,2023-11-07,0.0,0.0,24.2,14.0
DEN,2023-11-08,1.4,0.0,22.0,4.5
DEN,2023-11-09,0.3,0.0,16.0,3.1
DEN,2023-11-10,0.0,0.0,18.8,3.3
DEN,2023-11-11,0.0,0.0,16.0,5.9
DEN,2023-11-12,0.0,0.0,27.0,8.2
DEN,2023-11-13,0.0,0.0,28.8,10.1
DEN,2023-11-14,0.0,0.0,16.6,10.4
DEN,2023-11-15,0.0,0.0,16.6,8.9
DEN,2023-11-16,0.0,0.0,18.3,11.4
DEN,2023-11-17,0.0,0.0,14.2,7.9
DEN,2023-11-18,0.0,0.0,12.2,7.4
DEN,2023-11-19,1.4,0.07,15.1,7.0
DEN,2023-11-20,1.2,0.21,35.9,4.8
DEN,2023-11-21,0.0,0.0,24.1,4.2
DEN,2023-11-22,0.0,0.0,18.5,9.2
DEN,2023-11-23,0.3,0.21,23.4,1.2
DEN,2023-11-24,1.7,1.26,21.3,-4.7
DEN,2023-11-25,3.4,2.38,13.7,-7.5
DEN,2023-11-26,0.0,0.0,18.2,-3.4
DEN,2023-11-27,0.0,0.0,13.7,-2.5
DEN,2023-11-28,0.0,0.0,23.2,1.8
DEN,2023-11-29,0.0,0.0,16.8,1.7
DEN,2023-11-30,0.0,0.0,14.1,-2.1
DEN,2023-12-01,0.0,0.0,14.2,-2.3
DEN,2023-12-02,0.0,0.0,32.4,-0.7
DEN,2023-12-03,2.6,1.82,23.2,0.8
DEN,2023-12-04,0.0,0.0,21.4,5.0
DEN,2023-12-05,0.0,0.0,20.7,5.9
DEN,2023-12-06,0.0,0.0,15.2,7.2
DEN,2023-12-07,0.0,0.0,31.2,7.5
DEN,2023-12-08,2.0,1.4,15.3,1.6
DEN,2023-12-09,1.0,0.7,20.3,-2.0
DEN,2023-12-10,0.0,0.0,23.8,2.4
DEN,2023-12-11,0.3,0.14,14.2,3.5
DEN,2023-12-12,0.0,0.0,14.0,-1.2
DEN,2023-12-13,3.9,2.73,17.2,0.2
DEN,2023-12-14,0.0,0.0,11.6,-1.1
DEN,2023-12-15,0.0,0.0,12.2,0.9
DEN,2023-12-16,0.0,0.0,19.3,3.5
DEN,2023-12-17,0.0,0.0,17.1,4.4
DEN,2023-12-18,0.0,0.0,15.6,3.0
DEN,2023-12-19,0.0,0.0,21.7,7.6
DEN,2023-12-20,0.0,0.0,13.8,6.5
DEN,2023-12-21,0.0,0.0,11.6,6.1
DEN,2023-12-22,0.0,0.0,13.6,4.4
DEN,2023-12-23,0.7,0.0,19.1,4.4
DEN,2023-12-24,0.7,0.49,28.5,-2.3
DEN,2023-12-25,0.0,0.0,13.5,-5.3
DEN,2023-12-26,3.0,2.1,22.7,-0.8
DEN,2023-12-27,0.0,0.0,19.8,1.2
DEN,2023-12-28,0.0,0.0,10.0,-1.6
DEN,2023-12-29,0.0,0.0,13.3,0.5
DEN,2023-12-30,0.0,0.0,16.8,1.9
DEN,2023-12-31,0.0,0.0,9.3,-1.4
DEN,2024-01-01,0.0,0.0,14.2,0.6
DEN,2024-01-02,0.0,0.0,12.3,-0.4
DEN,2024-01-03,0.0,0.0,18.1,-0.5
DEN,2024-01-04,0.1,0.07,13.0,-2.2
DEN,2024-01-05,0.2,0.14,10.6,-1.2
DEN,2024-01-06,0.2,0.14,16.9,-2.5
DEN,2024-01-07,0.0,0.0,15.2,-2.6
DEN,2024-01-08,0.5,0.35,37.9,-5.2
DEN,2024-01-09,0.0,0.0,21.4,-2.6
DEN,2024-01-10,0.2,0.14,38.5,-1.2
DEN,2024-01-11,0.0,0.0,31.9,-6.0
DEN,2024-01-12,0.0,0.0,26.6,-6.2
DEN,2024-01-13,1.7,1.19,19.5,-18.2
DEN,2024-01-14,0.9,0.63,13.7,-17.2
DEN,2024-01-15,2.5,1.75,22.6,-19.9
DEN,2024-01-16,0.0,0.0,14.5,-13.3
DEN,2024-01-17,0.0,0.0,20.5,-1.2
DEN,2024-01-18,0.0,0.0,36.5,-4.1
DEN,2024-01-19,0.0,0.0,10.9,-7.2
DEN,2024-01-20,0.0,0.0,9.7,-3.9
DEN,2024-01-21,0.0,0.0,13.6,2.0
DEN,2024-01-22,0.0,0.0,13.2,1.9
DEN,2024-01-23,0.0,0.0,15.2,1.7
DEN,2024-01-24,0.0,0.0,11.1,0.9
DEN,2024-01-25,0.3,0.21,9.9,0.8
DEN,2024-01-26,5.1,3.57,9.7,-0.7
DEN,2024-01-27,0.0,0.0,14.5,-1.7
DEN,2024-01-28,0.0,0.0,14.2,1.9
DEN,2024-01-29,0.0,0.0,13.7,3.7
DEN,2024-01-30,0.0,0.0,13.0,3.3
DEN,2024-01-31,0.0,0.0,13.0,4.5
DEN,2024-02-01,0.0,0.0,17.6,5.4
DEN,2024-02-02,1.0,0.0,17.7,3.7
DEN,2024-02-03,16.7,6.58,14.9,1.4
DEN,2024-02-04,0.0,0.0,12.3,-0.4
DEN,2024-02-05,0.0,0.0,14.8,-1.8
DEN,2024-02-06,0.0,0.0,32.8,3.7
DEN,2024-02-07,0.0,0.0,31.9,6.2
DEN,2024-02-08,0.0,0.0,24.3,3.6
DEN,2024-02-09,2.9,2.03,14.3,0.1
DEN,2024-02-10,3.4,2.38,18.9,-2.3
DEN,2024-02-11,0.1,0.07,15.9,-2.5
DEN,2024-02-12,0.0,0.0,14.2,1.0
DEN,2024-02-13,0.0,0.0,21.5,2.0
DEN,2024-02-14,0.0,0.0,25.5,2.6
DEN,2024-02-15,0.0,0.0,13.1,0.8
DEN,2024-02-16,2.5,1.75,27.4,-2.7
DEN,2024-02-17,1.2,0.77,12.2,-4.8
DEN,2024-02-18,0.0,0.0,17.3,1.0
DEN,2024-02-19,0.0,0.0,17.9,5.2
DEN,2024-02-20,0.0,0.0,20.0,8.0
DEN,2024-02-21,0.0,0.0,29.1,7.4
DEN,2024-02-22,0.1,0.0,18.7,2.4
DEN,2024-02-23,0.0,0.0,23.2,2.8
DEN,2024-02-24,0.0,0.0,20.6,5.5
DEN,2024-02-25,0.0,0.0,27.6,9.1
DEN,2024-02-26,0.0,0.0,38.1,10.2
DEN,2024-02-27,3.8,2.59,30.2,1.5
DEN,2024-02-28,0.0,0.0,24.8,1.4
DEN,2024-02-29,0.0,0.0,20.9,5.8
DEN,2024-03-01,0.0,0.0,22.7,8.5
DEN,2024-03-02,0.0,0.0,34.7,10.7
DEN,2024-03-03,0.7,0.35,35.3,5.7
DEN,2024-03-04,0.0,0.0,26.4,1.8
DEN,2024-03-05,0.0,0.0,21.3,1.8
DEN,2024-03-06,0.2,0.0,19.0,6.4
DEN,2024-03-07,0.9,0.56,17.3,1.2
DEN,2024-03-08,2.3,1.47,12.6,-1.6
DEN,2024-03-09,0.0,0.0,14.1,1.9
DEN,2024-03-10,0.0,0.0,17.3,6.5
DEN,2024-03-11,0.0,0.0,14.5,7.7
DEN,2024-03-12,0.0,0.0,15.7,8.1
DEN,2024-03-13,7.0,1.19,20.8,5.5
DEN,2024-03-14,20.0,10.92,22.2,0.6
DEN,2024-03-15,1.1,0.77,25.9,-0.2
DEN,2024-03-16,0.0,0.0,11.8,-0.9
DEN,2024-03-17,0.0,0.0,11.8,0.2
DEN,2024-03-18,0.0,0.0,14.7,2.8
DEN,2024-03-19,0.0,0.0,12.6,6.4
DEN,2024-03-20,0.0,0.0,13.4,5.5
DEN,2024-03-21,0.0,0.0,25.3,8.9
DEN,2024-03-22,0.0,0.0,32.7,8.8
DEN,2024-03-23,0.5,0.0,30.8,9.0
DEN,2024-03-24,4.2,2.03,31.4,4.5
DEN,2024-03-25,2.8,1.96,22.7,-4.2
DEN,2024-03-26,0.6,0.42,9.9,-2.0
DEN,2024-03-27,0.0,0.0,20.3,2.3
DEN,2024-03-28,0.0,0.0,21.4,6.9
DEN,2024-03-29,0.9,0.63,18.2,5.2
DEN,2024-03-30,0.0,0.0,19.1,7.4
DEN,2024-03-31,0.3,0.0,29.9,7.6
DEN,2024-04-01,15.2,7.07,23.1,3.9
DEN,2024-04-02,0.0,0.0,20.2,5.5
DEN,2024-04-03,0.0,0.0,18.8,10.7
DEN,2024-04-04,0.0,0.0,33.2,12.6
DEN,2024-04-05,0.0,0.0,34.2,15.7
DEN,2024-04-06,1.3,0.0,52.7,7.4
DEN,2024-04-07,0.0,0.0,27.2,5.9
DEN,2024-04-08,0.0,0.0,13.2,5.8
DEN,2024-04-09,0.0,0.0,13.5,7.2
DEN,2024-04-10,0.3,0.0,21.6,8.3
DEN,2024-04-11,0.0,0.0,15.4,8.5
DEN,2024-04-12,0.0,0.0,24.3,14.7
DEN,2024-04-13,0.0,0.0,21.4,16.6
DEN,2024-04-14,0.0,0.0,28.2,17.9
DEN,2024-04-15,0.0,0.0,41.0,14.9
DEN,2024-04-16,11.3,2.59,29.6,11.6
DEN,2024-04-17,0.0,0.0,29.9,13.0
DEN,2024-04-18,0.0,0.0,15.3,2.8
DEN,2024-04-19,3.6,2.31,19.1,4.0
DEN,2024-04-20,1.9,1.33,19.6,2.4
DEN,2024-04-21,0.0,0.0,22.1,6.8
DEN,2024-04-22,0.4,0.0,23.8,16.1
DEN,2024-04-23,1.9,0.0,24.3,11.1
DEN,2024-04-24,0.1,0.0,36.7,15.1
DEN,2024-04-25,0.2,0.0,24.2,13.0
DEN,2024-04-26,13.4,0.0,22.7,12.4
DEN,2024-04-27,25.9,3.22,17.1,4.8
DEN,2024-04-28,2.4,0.0,13.4,7.3
DEN,2024-04-29,0.0,0.0,14.3,11.3
DEN,2024-04-30,0.1,0.0,26.2,13.3
DEN,2024-05-01,3.8,0.0,33.7,12.1
DEN,2024-05-02,0.7,0.0,25.4,9.2
DEN,2024-05-03,0.0,0.0,42.9,12.4
DEN,2024-05-04,0.0,0.0,26.5,9.4
DEN,2024-05-05,0.0,0.0,40.2,15.9
DEN,2024-05-06,0.1,0.0,42.6,12.0
DEN,2024-05-07,0.0,0.0,35.6,9.8
DEN,2024-05-08,0.0,0.0,29.5,8.5
DEN,2024-05-09,0.1,0.0,22.0,8.4
DEN,2024-05-10,1.4,0.0,12.3,9.0
DEN,2024-05-11,0.7,0.0,19.6,11.2
DEN,2024-05-12,23.7,0.35,19.6,10.6
DEN,2024-05-13,0.1,0.0,14.1,13.7
DEN,2024-05-14,0.1,0.0,20.8,16.7
DEN,2024-05-15,0.6,0.0,16.0,12.6
DEN,2024-05-16,0.0,0.0,17.5,15.0
DEN,2024-05-17,0.0,0.0,23.2,19.1
DEN,2024-05-18,0.3,0.0,38.2,16.5
DEN,2024-05-19,0.8,0.0,28.7,19.2
DEN,2024-05-20,6.8,0.0,30.0,14.7
DEN,2024-05-21,15.1,0.0,21.3,9.7
DEN,2024-05-22,0.0,0.0,23.1,13.4
DEN,2024-05-23,0.1,0.0,28.0,17.4
DEN,2024-05-24,0.0,0.0,29.5,13.8
DEN,2024-05-25,2.5,0.0,24.9,15.4
DEN,2024-05-26,0.0,0.0,28.5,16.1
DEN,2024-05-27,0.0,0.0,18.1,17.3
DEN,2024-05-28,0.0,0.0,30.1,17.7
DEN,2024-05-29,0.0,0.0,24.7,22.1
DEN,2024-05-30,2.7,0.0,26.3,18.8
DEN,2024-05-31,0.0,0.0,15.0,15.8
DEN,2024-06-01,0.0,0.0,18.4,21.2
DEN,2024-06-02,0.0,0.0,34.2,20.4
DEN,2024-06-03,0.0,0.0,24.3,23.0
DEN,2024-06-04,0.0,0.0,27.2,21.9
DEN,2024-06-05,0.0,0.0,26.4,24.0
DEN,2024-06-06,0.0,0.0,29.3,22.7
DEN,2024-06-07,0.0,0.0,33.2,26.8
DEN,2024-06-08,0.1,0.0,31.8,21.7
DEN,2024-06-09,2.4,0.0,27.6,20.4
DEN,2024-06-10,0.5,0.0,28.4,22.4
DEN,2024-06-11,0.1,0.0,20.3,22.0
DEN,2024-06-12,0.0,0.0,25.7,26.4
DEN,2024-06-13,0.0,0.0,33.2,26.3
DEN,2024-06-14,5.6,0.0,18.8,22.4
DEN,2024-06-15,0.0,0.0,23.7,23.9
DEN,2024-06-16,0.0,0.0,25.0,24.1
DEN,2024-06-17,0.2,0.0,26.1,22.5
DEN,2024-06-18,0.0,0.0,30.2,19.0
DEN,2024-06-19,0.2,0.0,33.4,17.6
DEN,2024-06-20,0.1,0.0,37.3,23.4
DEN,2024-06-21,0.0,0.0,25.9,23.0
DEN,2024-06-22,0.0,0.0,15.7,23.5
DEN,2024-06-23,0.0,0.0,17.7,27.0
DEN,2024-06-24,0.0,0.0,17.5,27.7
DEN,2024-06-25,0.0,0.0,16.5,27.9
DEN,2024-06-26,1.6,0.0,27.6,25.0
DEN,2024-06-27,0.1,0.0,26.8,25.6
DEN,2024-06-28,0.6,0.0,23.3,26.5
DEN,2024-06-29,0.3,0.0,25.7,21.7
DEN,2024-06-30,0.0,0.0,30.3,25.5
DEN,2024-07-01,0.4,0.0,23.1,26.5
DEN,2024-07-02,0.7,0.0,27.4,22.5
DEN,2024-07-03,0.0,0.0,28.7,24.9
DEN,2024-07-04,0.0,0.0,27.0,20.3
DEN,2024-07-05,0.1,0.0,22.0,19.9
DEN,2024-07-06,0.0,0.0,32.3,23.8
DEN,2024-07-07,1.4,0.0,23.0,18.5
DEN,2024-07-08,0.0,0.0,14.9,19.7
DEN,2024-07-09,0.0,0.0,17.4,23.2
DEN,2024-07-10,0.0,0.0,12.0,24.4
DEN,2024-07-11,0.0,0.0,15.6,26.2
DEN,2024-07-12,0.0,0.0,24.7,29.3
DEN,2024-07-13,0.0,0.0,23.5,27.8
DEN,2024-07-14,0.0,0.0,21.5,29.3
DEN,2024-07-15,0.0,0.0,22.8,27.9
DEN,2024-07-16,2.0,0.0,15.0,24.4
DEN,2024-07-17,2.2,0.0,25.7,21.9
DEN,2024-07-18,0.0,0.0,21.3,23.0
DEN,2024-07-19,0.2,0.0,20.3,25.4
DEN,2024-07-20,7.6,0.0,23.5,21.6
DEN,2024-07-21,4.9,0.0,17.2,19.6
DEN,2024-07-22,0.7,0.0,15.5,21.1
DEN,2024-07-23,0.0,0.0,16.8,23.5
DEN,2024-07-24,0.0,0.0,24.1,25.9
DEN,2024-07-25,0.0,0.0,28.6,28.7
DEN,2024-07-26,0.0,0.0,29.9,26.4
DEN,2024-07-27,0.0,0.0,26.4,25.1
DEN,2024-07-28,0.0,0.0,21.1,25.9
DEN,2024-07-29,0.0,0.0,14.5,26.9
DEN,2024-07-30,0.0,0.0,20.5,27.4
DEN,2024-07-31,0.0,0.0,18.6,26.6
DEN,2024-08-01,0.0,0.0,17.3,27.5
DEN,2024-08-02,0.2,0.0,37.2,27.3
DEN,2024-08-03,0.0,0.0,18.9,26.9
DEN,2024-08-04,0.1,0.0,20.9,29.1
DEN,2024-08-05,13.1,0.0,29.7,26.0
DEN,2024-08-06,0.7,0.0,22.6,26.5
DEN,2024-08-07,0.5,0.0,31.5,25.8
DEN,2024-08-08,1.8,0.0,23.3,19.6
DEN,2024-08-09,0.1,0.0,14.0,18.3
DEN,2024-08-10,1.6,0.0,25.5,19.6
DEN,2024-08-11,0.0,0.0,28.2,22.6
DEN,2024-08-12,0.0,0.0,22.8,22.3
DEN,2024-08-13,3.3,0.0,20.8,21.9
DEN,2024-08-14,0.1,0.0,26.3,22.1
DEN,2024-08-15,0.1,0.0,19.6,21.6
DEN,2024-08-16,0.0,0.0,21.6,22.4
DEN,2024-08-17,0.0,0.0,25.3,26.9
DEN,2024-08-18,0.0,0.0,32.8,25.8
DEN,2024-08-19,0.2,0.0,19.2,24.0
DEN,2024-08-20,0.0,0.0,24.4,25.7
DEN,2024-08-21,0.1,0.0,31.1,25.9
DEN,2024-08-22,3.5,0.0,19.0,22.8
DEN,2024-08-23,0.0,0.0,17.3,23.4
DEN,2024-08-24,0.1,0.0,32.1,25.6
DEN,2024-08-25,1.8,0.0,22.9,25.5
DEN,2024-08-26,0.0,0.0,18.9,22.8
DEN,2024-08-27,0.0,0.0,19.8,21.9
DEN,2024-08-28,0.0,0.0,19.5,25.4
DEN,2024-08-29,0.0,0.0,19.2,22.8
DEN,2024-08-30,0.0,0.0,21.3,22.0
DEN,2024-08-31,0.0,0.0,23.1,23.3
DEN,2024-09-01,0.0,0.0,27.0,22.9
DEN,2024-09-02,0.0,0.0,28.1,23.7
DEN,2024-09-03,0.0,0.0,27.4,24.9
DEN,2024-09-04,6.0,0.0,25.3,21.0
DEN,2024-09-05,1.6,0.0,15.5,17.9
DEN,2024-09-06,0.0,0.0,17.2,19.9
DEN,2024-09-07,0.0,0.0,24.4,21.7
DEN,2024-09-08,0.0,0.0,25.3,22.8
DEN,2024-09-09,0.0,0.0,24.4,23.7
DEN,2024-09-10,0.0,0.0,18.7,23.4
DEN,2024-09-11,0.0,0.0,26.2,22.5
DEN,2024-09-12,0.0,0.0,29.1,24.4
DEN,2024-09-13,0.0,0.0,19.8,19.8
DEN,2024-09-14,0.0,0.0,27.8,21.6
DEN,2024-09-15,0.1,0.0,21.0,21.8
DEN,2024-09-16,0.0,0.0,26.3,21.6
DEN,2024-09-17,0.2,0.0,31.2,22.3
DEN,2024-09-18,0.0,0.0,20.5,19.7
DEN,2024-09-19,0.0,0.0,22.7,20.3
DEN,2024-09-20,0.0,0.0,17.1,21.3
DEN,2024-09-21,5.9,0.0,22.3,15.6
DEN,2024-09-22,11.6,0.0,11.2,11.2
DEN,2024-09-23,0.0,0.0,12.7,15.4
DEN,2024-09-24,0.0,0.0,12.2,15.9
DEN,2024-09-25,0.0,0.0,21.7,18.6
DEN,2024-09-26,0.0,0.0,20.5,21.9
DEN,2024-09-27,0.0,0.0,11.4,19.8
DEN,2024-09-28,0.0,0.0,25.3,22.1
DEN,2024-09-29,0.0,0.0,28.6,23.9
DEN,2024-09-30,0.0,0.0,31.9,20.3
DEN,2024-10-01,0.0,0.0,13.5,14.4
DEN,2024-10-02,0.0,0.0,15.4,20.2
DEN,2024-10-03,0.0,0.0,17.2,15.7
DEN,2024-10-04,0.0,0.0,21.5,16.7
DEN,2024-10-05,0.0,0.0,26.9,21.0
DEN,2024-10-06,0.0,0.0,13.4,15.9
DEN,2024-10-07,0.0,0.0,14.9,17.6
DEN,2024-10-08,0.0,0.0,16.4,18.0
DEN,2024-10-09,0.0,0.0,12.8,17.8
DEN,2024-10-10,0.0,0.0,17.7,19.6
DEN,2024-10-11,0.0,0.0,11.1,15.6
DEN,2024-10-12,0.0,0.0,20.1,18.3
DEN,2024-10-13,0.0,0.0,18.6,14.5
DEN,2024-10-14,0.0,0.0,10.7,15.5
DEN,2024-10-15,0.0,0.0,33.9,15.9
DEN,2024-10-16,0.0,0.0,36.2,15.7
DEN,2024-10-17,0.0,0.0,31.3,17.8
DEN,2024-10-18,0.4,0.0,23.3,10.7
DEN,2024-10-19,0.2,0.0,21.4,10.6
DEN,2024-10-20,0.3,0.0,30.1,15.0
DEN,2024-10-21,4.6,0.21,30.8,13.0
DEN,2024-10-22,0.0,0.0,18.8,15.0
DEN,2024-10-23,0.0,0.0,20.9,14.1
DEN,2024-10-24,0.0,0.0,38.8,14.0
DEN,2024-10-25,0.0,0.0,16.1,10.8
DEN,2024-10-26,0.0,0.0,11.2,11.9
DEN,2024-10-27,0.0,0.0,16.9,15.5
DEN,2024-10-28,0.0,0.0,36.0,18.3
DEN,2024-10-29,0.0,0.0,29.0,12.4
DEN,2024-10-30,0.7,0.0,15.2,3.9
DEN,2024-10-31,0.0,0.0,18.9,5.8
DEN,2024-11-01,0.0,0.0,23.6,7.0
DEN,2024-11-02,0.0,0.0,24.6,7.8
DEN,2024-11-03,2.6,0.14,18.3,7.0
DEN,2024-11-04,0.9,0.14,17.6,3.5
DEN,2024-11-05,2.4,1.68,24.9,4.0
DEN,2024-11-06,8.2,5.74,22.7,-1.4
DEN,2024-11-07,5.1,3.57,11.6,-1.9
DEN,2024-11-08,20.8,14.35,17.8,-0.6
DEN,2024-11-09,6.8,3.29,20.4,1.2
DEN,2024-11-10,0.0,0.0,23.8,2.3
DEN,2024-11-11,0.0,0.0,12.3,-0.9
DEN,2024-11-12,3.1,0.42,16.5,2.7
DEN,2024-11-13,0.0,0.0,16.0,3.3
DEN,2024-11-14,0.0,0.0,12.1,4.5
DEN,2024-11-15,0.0,0.0,27.0,5.3
DEN,2024-11-16,0.0,0.0,22.1,5.8
DEN,2024-11-17,0.0,0.0,18.3,3.0
DEN,2024-11-18,0.0,0.0,21.1,3.9
DEN,2024-11-19,0.0,0.0,30.4,0.2
DEN,2024-11-20,0.0,0.0,15.7,0.7
DEN,2024-11-21,0.0,0.0,12.9,3.2
DEN,2024-11-22,0.0,0.0,12.1,6.9
DEN,2024-11-23,0.0,0.0,22.5,9.7
DEN,2024-11-24,1.2,0.63,23.4,7.0
DEN,2024-11-25,0.3,0.21,19.5,2.3
DEN,2024-11-26,0.9,0.35,17.9,4.7
DEN,2024-11-27,9.7,6.02,16.8,-0.8
DEN,2024-11-28,0.0,0.0,13.7,-5.4
DEN,2024-11-29,0.0,0.0,12.8,-3.0
DEN,2024-11-30,0.0,0.0,13.4,-0.6
DEN,2024-12-01,0.0,0.0,12.1,0.6
DEN,2024-12-02,0.0,0.0,9.8,0.5
DEN,2024-12-03,0.0,0.0,15.9,5.0
DEN,2024-12-04,0.0,0.0,12.4,3.7
DEN,2024-12-05,0.0,0.0,7.4,0.5
DEN,2024-12-06,0.0,0.0,12.1,3.5
DEN,2024-12-07,0.0,0.0,14.2,4.3
DEN,2024-12-08,0.0,0.0,22.5,5.8
DEN,2024-12-09,0.3,0.21,19.9,-0.7
DEN,2024-12-10,0.0,0.0,21.0,-2.1
DEN,2024-12-11,0.0,0.0,21.5,2.5
DEN,2024-12-12,0.0,0.0,18.2,2.6
DEN,2024-12-13,0.0,0.0,17.4,1.6
DEN,2024-12-14,0.0,0.0,20.7,5.0
DEN,2024-12-15,0.0,0.0,21.2,4.8
DEN,2024-12-16,0.0,0.0,17.7,0.8
DEN,2024-12-17,0.0,0.0,28.2,2.0
DEN,2024-12-18,0.0,0.0,22.3,3.3
DEN,2024-12-19,0.0,0.0,17.8,5.8
DEN,2024-12-20,0.0,0.0,14.7,4.3
DEN,2024-12-21,0.0,0.0,14.7,6.2
DEN,2024-12-22,0.0,0.0,17.8,8.9
DEN,2024-12-23,0.1,0.0,11.1,5.9
DEN,2024-12-24,0.0,0.0,16.2,4.3
DEN,2024-12-25,3.0,0.0,17.8,3.6
DEN,2024-12-26,0.0,0.0,14.2,3.5
DEN,2024-12-27,0.0,0.0,16.4,3.3
DEN,2024-12-28,0.0,0.0,16.9,4.6
DEN,2024-12-29,0.0,0.0,16.9,6.6
DEN,2024-12-30,0.0,0.0,31.7,3.9
DEN,2024-12-31,0.1,0.07,13.0,-2.8
DEN,2025-01-01,0.0,0.0,12.7,-1.8
DEN,2025-01-02,0.0,0.0,13.6,1.4
DEN,2025-01-03,0.0,0.0,13.7,1.3
DEN,2025-01-04,1.6,1.12,15.3,-3.8
DEN,2025-01-05,0.6,0.42,11.8,-6.7
DEN,2025-01-06,0.5,0.35,12.0,-3.6
DEN,2025-01-07,4.1,2.87,14.3,-5.7
DEN,2025-01-08,0.0,0.0,16.0,-7.5
DEN,2025-01-09,3.2,2.24,25.1,-4.9
DEN,2025-01-10,0.0,0.0,20.2,-5.8
DEN,2025-01-11,0.0,0.0,22.7,-0.8
DEN,2025-01-12,0.0,0.0,13.5,-3.4
DEN,2025-01-13,0.0,0.0,24.9,-3.6
DEN,2025-01-14,0.0,0.0,17.6,-3.8
DEN,2025-01-15,0.0,0.0,19.3,-1.1
DEN,2025-01-16,0.0,0.0,19.5,2.3
DEN,2025-01-17,1.5,1.05,24.9,1.4
DEN,2025-01-18,2.9,2.03,16.7,-10.4
DEN,2025-01-19,0.4,0.28,11.4,-13.9
DEN,2025-01-20,1.1,0.77,18.4,-16.6
DEN,2025-01-21,0.0,0.0,21.0,-7.6
DEN,2025-01-22,0.1,0.07,27.4,-5.1
DEN,2025-01-23,0.0,0.0,22.0,-6.8
DEN,2025-01-24,0.0,0.0,24.1,-0.7
DEN,2025-01-25,2.3,1.61,13.2,-5.5
DEN,2025-01-26,0.0,0.0,11.7,-6.5
DEN,2025-01-27,0.0,0.0,16.1,-2.3
DEN,2025-01-28,0.0,0.0,15.0,-1.1
DEN,2025-01-29,0.0,0.0,10.0,0.5
DEN,2025-01-30,1.4,0.98,23.7,0.7
DEN,2025-01-31,0.0,0.0,23.6,4.7
DEN,2025-02-01,0.0,0.0,20.3,6.3
DEN,2025-02-02,0.0,0.0,16.7,7.5
DEN,2025-02-03,0.0,0.0,21.3,10.3
DEN,2025-02-04,0.0,0.0,11.9,-1.1
DEN,2025-02-05,0.0,0.0,29.9,4.8
DEN,2025-02-06,0.0,0.0,20.4,3.6
DEN,2025-02-07,0.0,0.0,14.0,5.8
DEN,2025-02-08,2.0,1.4,23.8,-0.7
DEN,2025-02-09,0.1,0.07,16.4,-2.9
DEN,2025-02-10,0.0,0.0,17.6,-4.0
DEN,2025-02-11,1.5,0.98,18.4,-9.3
DEN,2025-02-12,1.3,0.91,12.8,-16.2
DEN,2025-02-13,0.0,0.0,16.2,-11.8
DEN,2025-02-14,1.8,1.19,20.3,2.1
DEN,2025-02-15,4.3,3.01,17.6,-3.7
DEN,2025-02-16,0.0,0.0,14.2,-5.8
DEN,2025-02-17,0.7,0.49,11.9,-6.3
DEN,2025-02-18,0.0,0.0,11.7,-11.7
DEN,2025-02-19,0.0,0.0,10.3,-12.6
DEN,2025-02-20,1.8,1.26,10.4,-9.7
DEN,2025-02-21,3.3,2.31,13.7,-3.7
DEN,2025-02-22,0.0,0.0,13.7,-0.1
DEN,2025-02-23,0.0,0.0,20.1,7.2
DEN,2025-02-24,0.0,0.0,26.4,11.3
DEN,2025-02-25,0.0,0.0,33.2,10.5
DEN,2025-02-26,0.0,0.0,21.1,2.8
DEN,2025-02-27,0.0,0.0,17.0,5.9
DEN,2025-02-28,0.0,0.0,17.5,8.7
DEN,2025-03-01,0.0,0.0,17.3,8.0
DEN,2025-03-02,0.0,0.0,15.3,8.3
DEN,2025-03-03,4.3,1.26,31.2,7.9
DEN,2025-03-04,0.3,0.14,36.4,3.4
DEN,2025-03-05,0.0,0.0,18.8,3.0
DEN,2025-03-06,4.4,2.87,24.7,4.6
DEN,2025-03-07,0.3,0.21,14.1,-1.1
DEN,2025-03-08,0.0,0.0,11.6,1.4
DEN,2025-03-09,0.0,0.0,15.2,8.3
DEN,2025-03-10,0.0,0.0,18.8,11.0
DEN,2025-03-11,0.0,0.0,17.0,9.5
DEN,2025-03-12,0.0,0.0,19.7,10.0
DEN,2025-03-13,0.0,0.0,21.7,10.7
DEN,2025-03-14,2.2,0.91,31.5,5.4
DEN,2025-03-15,0.1,0.07,14.4,2.0
DEN,2025-03-16,0.0,0.0,21.6,6.8
DEN,2025-03-17,0.0,0.0,30.6,13.9
DEN,2025-03-18,2.9,0.98,34.0,10.1
DEN,2025-03-19,1.5,1.05,31.3,1.0
DEN,2025-03-20,0.0,0.0,28.9,5.2
DEN,2025-03-21,0.0,0.0,16.9,6.4
DEN,2025-03-22,0.1,0.0,28.8,9.9
DEN,2025-03-23,0.0,0.0,23.6,7.2
DEN,2025-03-24,0.0,0.0,25.5,13.6
DEN,2025-03-25,0.0,0.0,16.8,13.3
DEN,2025-03-26,0.0,0.0,11.6,13.8
DEN,2025-03-27,0.0,0.0,14.6,15.9
DEN,2025-03-28,0.2,0.0,27.8,17.3
DEN,2025-03-29,20.4,2.31,19.2,8.6
DEN,2025-03-30,5.1,1.19,13.2,5.4
DEN,2025-03-31,0.1,0.0,17.7,7.5
DEN,2025-04-01,4.2,0.91,23.2,5.6
DEN,2025-04-02,0.3,0.21,17.6,3.7
DEN,2025-04-03,1.9,0.98,15.3,1.2
DEN,2025-04-04,1.3,0.7,23.7,0.9
DEN,2025-04-05,0.0,0.0,11.2,-0.0
DEN,2025-04-06,0.0,0.0,21.9,5.0
DEN,2025-04-07,0.0,0.0,18.0,8.8
DEN,2025-04-08,0.0,0.0,20.0,13.2
DEN,2025-04-09,0.0,0.0,30.1,13.1
DEN,2025-04-10,0.0,0.0,14.1,11.0
DEN,2025-04-11,0.0,0.0,21.3,16.1
DEN,2025-04-12,0.0,0.0,35.1,20.7
DEN,2025-04-13,0.0,0.0,26.6,13.2
DEN,2025-04-14,1.0,0.63,16.5,7.2
DEN,2025-04-15,0.0,0.0,13.0,10.7
DEN,2025-04-16,0.4,0.0,19.0,15.9
DEN,2025-04-17,0.9,0.0,29.6,13.1
DEN,2025-04-18,2.6,1.82,15.5,0.7
DEN,2025-04-19,0.0,0.0,14.4,3.1
DEN,2025-04-20,0.0,0.0,14.7,7.9
DEN,2025-04-21,0.2,0.0,22.5,12.6
DEN,2025-04-22,0.0,0.0,15.3,13.1
DEN,2025-04-23,0.1,0.0,12.3,10.8
DEN,2025-04-24,2.7,0.0,19.0,11.6
DEN,2025-04-25,0.4,0.0,22.0,8.5
DEN,2025-04-26,0.1,0.0,23.8,13.5
DEN,2025-04-27,0.0,0.0,24.0,17.9
DEN,2025-04-28,1.6,0.0,24.9,11.5
DEN,2025-04-29,0.1,0.0,23.3,10.0
DEN,2025-04-30,4.1,0.0,24.0,11.9
DEN,2025-05-01,2.7,0.0,16.7,9.8
DEN,2025-05-02,0.0,0.0,15.1,9.7
DEN,2025-05-03,0.0,0.0,18.1,15.0
DEN,2025-05-04,0.0,0.0,30.2,16.8
DEN,2025-05-05,1.9,0.0,34.7,12.9
DEN,2025-05-06,14.5,0.0,29.6,7.6
DEN,2025-05-07,12.6,0.0,16.6,8.4
DEN,2025-05-08,0.0,0.0,14.7,11.7
DEN,2025-05-09,0.0,0.0,14.2,14.5
DEN,2025-05-10,0.0,0.0,24.4,16.9
DEN,2025-05-11,0.0,0.0,26.2,19.4
DEN,2025-05-12,0.0,0.0,23.4,21.8
DEN,2025-05-13,0.0,0.0,23.1,22.9
DEN,2025-05-14,4.8,0.0,26.3,14.4
DEN,2025-05-15,0.0,0.0,22.9,13.0
DEN,2025-05-16,0.0,0.0,25.5,14.5
DEN,2025-05-17,0.0,0.0,13.9,16.2
DEN,2025-05-18,2.2,0.0,19.5,13.7
DEN,2025-05-19,5.5,0.0,20.0,12.3
DEN,2025-05-20,0.0,0.0,27.6,12.9
DEN,2025-05-21,0.0,0.0,33.6,14.9
DEN,2025-05-22,0.5,0.0,29.7,15.7
DEN,2025-05-23,0.0,0.0,29.8,18.3
DEN,2025-05-24,16.3,0.0,19.3,15.1
DEN,2025-05-25,18.6,0.0,18.2,12.5
DEN,2025-05-26,6.4,0.0,12.6,12.0
DEN,2025-05-27,3.1,0.0,14.9,13.2
DEN,2025-05-28,6.8,0.0,20.7,13.5
DEN,2025-05-29,4.2,0.0,9.4,13.2
DEN,2025-05-30,0.3,0.0,14.9,17.2
DEN,2025-05-31,0.4,0.0,11.1,17.6
DEN,2025-06-01,0.0,0.0,14.8,20.5
DEN,2025-06-02,13.1,0.0,24.8,19.4
DEN,2025-06-03,13.1,0.0,24.3,11.7
DEN,2025-06-04,2.6,0.0,19.3,14.4
DEN,2025-06-05,18.7,0.0,17.4,14.4
DEN,2025-06-06,6.8,0.0,15.7,13.9
DEN,2025-06-07,0.0,0.0,17.8,18.3
DEN,2025-06-08,0.0,0.0,17.2,16.1
DEN,2025-06-09,0.0,0.0,13.1,17.7
DEN,2025-06-10,0.1,0.0,21.6,22.4
DEN,2025-06-11,0.0,0.0,18.6,22.8
DEN,2025-06-12,0.0,0.0,14.5,22.7
DEN,2025-06-13,0.0,0.0,17.5,22.5
DEN,2025-06-14,0.0,0.0,22.6,23.9
DEN,2025-06-15,0.1,0.0,23.0,24.4
DEN,2025-06-16,0.0,0.0,26.4,24.4
DEN,2025-06-17,3.9,0.0,16.9,17.5
DEN,2025-06-18,0.0,0.0,14.8,19.0
DEN,2025-06-19,0.0,0.0,22.3,25.2
DEN,2025-06-20,0.0,0.0,27.7,28.5
DEN,2025-06-21,0.0,0.0,30.8,29.1
DEN,2025-06-22,0.1,0.0,29.0,26.2
DEN,2025-06-23,0.7,0.0,21.9,19.3
DEN,2025-06-24,0.4,0.0,18.3,20.4
DEN,2025-06-25,1.6,0.0,22.5,19.6
DEN,2025-06-26,0.0,0.0,17.7,21.3
DEN,2025-06-27,0.0,0.0,21.9,24.6
DEN,2025-06-28,0.0,0.0,20.5,26.0
DEN,2025-06-29,0.8,0.0,16.9,22.8
DEN,2025-06-30,1.4,0.0,16.1,20.5
DEN,2025-07-01,0.0,0.0,18.9,24.3
DEN,2025-07-02,0.0,0.0,21.0,25.6
DEN,2025-07-03,0.0,0.0,24.9,26.1
DEN,2025-07-04,0.1,0.0,19.7,25.3
DEN,2025-07-05,0.6,0.0,16.3,24.8
DEN,2025-07-06,1.0,0.0,22.5,24.1
DEN,2025-07-07,0.0,0.0,26.3,25.1
DEN,2025-07-08,0.0,0.0,23.2,26.6
DEN,2025-07-09,0.0,0.0,26.7,29.1
DEN,2025-07-10,1.1,0.0,35.4,27.0
DEN,2025-07-11,0.5,0.0,21.1,22.6
DEN,2025-07-12,0.3,0.0,14.2,21.7
DEN,2025-07-13,0.0,0.0,14.2,24.8
DEN,2025-07-14,0.0,0.0,33.7,26.6
DEN,2025-07-15,0.0,0.0,21.0,27.2
DEN,2025-07-16,21.5,0.0,27.9,20.7
DEN,2025-07-17,0.7,0.0,25.4,22.2
DEN,2025-07-18,0.7,0.0,20.7,24.9
DEN,2025-07-19,1.4,0.0,19.3,25.0
DEN,2025-07-20,0.0,0.0,17.0,26.8
DEN,2025-07-21,0.0,0.0,21.5,27.7
DEN,2025-07-22,5.9,0.0,24.9,24.9
DEN,2025-07-23,2.4,0.0,18.4,22.5
DEN,2025-07-24,1.2,0.0,27.0,21.7
DEN,2025-07-25,0.0,0.0,19.5,24.9
DEN,2025-07-26,0.0,0.0,20.1,26.1
DEN,2025-07-27,0.0,0.0,25.4,26.8
DEN,2025-07-28,0.0,0.0,17.1,28.2
DEN,2025-07-29,1.2,0.0,18.2,23.2
DEN,2025-07-30,1.1,0.0,16.3,21.4
DEN,2025-07-31,1.5,0.0,29.4,22.0
DEN,2025-08-01,1.0,0.0,26.9,21.7
DEN,2025-08-02,0.2,0.0,16.4,21.9
DEN,2025-08-03,0.0,0.0,21.1,22.5
DEN,2025-08-04,0.0,0.0,32.3,26.0
DEN,2025-08-05,0.0,0.0,20.2,27.2
DEN,2025-08-06,0.0,0.0,28.3,27.1
DEN,2025-08-07,0.0,0.0,21.7,28.9
DEN,2025-08-08,0.0,0.0,25.7,28.0
DEN,2025-08-09,2.0,0.0,24.6,23.4
DEN,2025-08-10,0.7,0.0,16.4,19.9
DEN,2025-08-11,0.0,0.0,17.8,20.4
DEN,2025-08-12,0.0,0.0,23.6,22.8
DEN,2025-08-13,0.0,0.0,27.7,27.4
DEN,2025-08-14,0.0,0.0,25.4,27.4
DEN,2025-08-15,0.0,0.0,22.5,25.7
DEN,2025-08-16,1.0,0.0,15.4,24.2
DEN,2025-08-17,0.0,0.0,12.9,25.3
DEN,2025-08-18,0.8,0.0,20.1,24.3
DEN,2025-08-19,0.8,0.0,27.0,24.4
DEN,2025-08-20,0.0,0.0,22.4,26.4
DEN,2025-08-21,0.0,0.0,21.2,27.2
DEN,2025-08-22,2.9,0.0,19.3,22.7
DEN,2025-08-23,0.4,0.0,17.8,21.2
DEN,2025-08-24,0.8,0.0,14.8,19.8
DEN,2025-08-25,15.8,0.0,10.2,17.6
DEN,2025-08-26,5.8,0.0,13.7,17.7
DEN,2025-08-27,4.2,0.0,14.4,18.9
DEN,2025-08-28,3.0,0.0,7.1,18.8
DEN,2025-08-29,15.2,0.0,17.3,19.3
DEN,2025-08-30,0.7,0.0,15.2,18.1
DEN,2025-08-31,0.0,0.0,12.5,18.7
DEN,2025-09-01,0.0,0.0,15.2,19.6
DEN,2025-09-02,0.0,0.0,13.6,20.7
DEN,2025-09-03,0.0,0.0,21.8,22.2
DEN,2025-09-04,0.4,0.0,26.3,22.7
DEN,2025-09-05,0.0,0.0,15.9,16.0
DEN,2025-09-06,0.0,0.0,19.1,17.8
DEN,2025-09-07,0.1,0.0,15.3,21.3
DEN,2025-09-08,0.1,0.0,16.2,22.4
DEN,2025-09-09,0.0,0.0,13.8,22.5
DEN,2025-09-10,0.2,0.0,35.5,23.2
DEN,2025-09-11,0.5,0.0,23.5,24.3
DEN,2025-09-12,0.0,0.0,21.8,23.3
DEN,2025-09-13,5.7,0.0,16.3,18.9
DEN,2025-09-14,2.1,0.0,21.0,15.6
DEN,2025-09-15,0.0,0.0,20.0,20.5
DEN,2025-09-16,2.8,0.0,15.1,17.2
DEN,2025-09-17,0.7,0.0,13.8,14.6
DEN,2025-09-18,0.0,0.0,14.2,15.2
DEN,2025-09-19,0.0,0.0,14.2,18.0
DEN,2025-09-20,0.0,0.0,19.1,18.6
DEN,2025-09-21,0.0,0.0,13.6,19.2
DEN,2025-09-22,12.8,0.0,18.3,17.2
DEN,2025-09-23,23.8,0.0,22.1,10.6
DEN,2025-09-24,0.5,0.0,10.3,13.5
DEN,2025-09-25,0.0,0.0,15.1,15.8
DEN,2025-09-26,0.0,0.0,16.2,18.2
DEN,2025-09-27,0.0,0.0,21.8,17.5
DEN,2025-09-28,0.0,0.0,18.2,19.3
DEN,2025-09-29,4.3,0.0,23.7,16.6
DEN,2025-09-30,0.2,0.0,10.7,17.0
DEN,2025-10-01,0.0,0.0,16.3,18.2
DEN,2025-10-02,0.0,0.0,19.9,19.7
DEN,2025-10-03,0.0,0.0,16.9,21.3
DEN,2025-10-04,0.1,0.0,32.8,20.8
DEN,2025-10-05,3.2,0.0,20.3,11.9
DEN,2025-10-06,22.0,0.7,13.7,8.5
DEN,2025-10-07,0.0,0.0,10.7,10.3
DEN,2025-10-08,0.0,0.0,18.1,14.5
DEN,2025-10-09,0.0,0.0,15.0,18.3
DEN,2025-10-10,3.2,0.0,15.7,14.9
DEN,2025-10-11,1.9,0.0,11.4,13.8
DEN,2025-10-12,0.0,0.0,22.5,14.9
DEN,2025-10-13,3.1,0.0,23.2,10.0
DEN,2025-10-14,0.2,0.0,11.6,13.9
DEN,2025-10-15,0.0,0.0,27.1,16.8
DEN,2025-10-16,0.0,0.0,22.6,15.3
DEN,2025-10-17,0.0,0.0,14.4,11.0
DEN,2025-10-18,0.0,0.0,31.1,8.8
DEN,2025-10-19,0.0,0.0,20.7,12.4
DEN,2025-10-20,0.0,0.0,34.1,11.5
DEN,2025-10-21,0.0,0.0,16.7,10.8
DEN,2025-10-22,0.0,0.0,16.6,11.5
DEN,2025-10-23,0.0,0.0,15.4,12.8
DEN,2025-10-24,0.3,0.0,10.6,10.6
DEN,2025-10-25,0.0,0.0,18.4,12.5
DEN,2025-10-26,0.0,0.0,22.0,14.4
DEN,2025-10-27,4.2,0.0,17.1,9.9
DEN,2025-10-28,0.0,0.0,22.1,3.6
DEN,2025-10-29,0.0,0.0,16.0,4.7
DEN,2025-10-30,0.0,0.0,15.4,6.8
DEN,2025-10-31,0.0,0.0,10.1,2.8
DEN,2025-11-01,0.0,0.0,16.3,6.2
DEN,2025-11-02,0.0,0.0,21.3,16.6
DEN,2025-11-03,0.0,0.0,20.0,7.2
DEN,2025-11-04,0.0,0.0,20.6,12.4
DEN,2025-11-05,0.0,0.0,19.0,10.8
DEN,2025-11-06,0.0,0.0,32.9,13.3
DEN,2025-11-07,0.0,0.0,14.0,8.8
DEN,2025-11-08,0.0,0.0,28.5,6.2
DEN,2025-11-09,0.0,0.0,8.5,2.0
DEN,2025-11-10,0.0,0.0,19.5,10.1
DEN,2025-11-11,0.0,0.0,27.0,14.4
DEN,2025-11-12,0.0,0.0,12.0,11.1
DEN,2025-11-13,0.0,0.0,14.8,13.7
DEN,2025-11-14,0.0,0.0,19.3,14.5
DEN,2025-11-15,0.0,0.0,23.7,14.6
DEN,2025-11-16,0.0,0.0,20.1,12.7
DEN,2025-11-17,0.0,0.0,25.3,10.4
DEN,2025-11-18,0.0,0.0,20.7,10.4
DEN,2025-11-19,0.0,0.0,20.7,9.7
DEN,2025-11-20,0.9,0.0,15.5,7.1
DEN,2025-11-21,4.9,0.0,8.9,5.7
DEN,2025-11-22,0.0,0.0,18.8,7.0
DEN,2025-11-23,0.1,0.0,18.6,6.8
DEN,2025-11-24,0.0,0.0,18.6,7.3
DEN,2025-11-25,0.0,0.0,16.8,2.2
DEN,2025-11-26,0.0,0.0,12.8,-0.7
DEN,2025-11-27,0.0,0.0,13.4,2.9
DEN,2025-11-28,0.4,0.07,14.7,3.4
DEN,2025-11-29,0.9,0.56,22.8,-4.1
DEN,2025-11-30,0.2,0.14,15.6,-6.5
DEN,2025-12-01,0.0,0.0,14.4,-3.3
DEN,2025-12-02,0.3,0.21,14.1,2.3
DEN,2025-12-03,9.1,6.44,14.0,-2.2
DEN,2025-12-04,0.0,0.0,16.7,-5.0
DEN,2025-12-05,0.0,0.0,16.2,-2.5
DEN,2025-12-06,0.8,0.28,20.1,1.1
DEN,2025-12-07,0.0,0.0,18.7,0.2
DEN,2025-12-08,0.0,0.0,18.5,3.4
DEN,2025-12-09,0.0,0.0,23.0,7.7
DEN,2025-12-10,0.0,0.0,24.6,6.5
DEN,2025-12-11,0.0,0.0,27.0,12.9
DEN,2025-12-12,0.0,0.0,24.9,9.6
DEN,2025-12-13,0.0,0.0,24.2,7.0
DEN,2025-12-14,0.0,0.0,13.7,5.0
DEN,2025-12-15,0.0,0.0,16.1,8.1
DEN,2025-12-16,0.0,0.0,21.5,9.5
DEN,2025-12-17,2.0,0.42,30.4,11.0
DEN,2025-12-18,0.0,0.0,33.2,3.6
DEN,2025-12-19,0.0,0.0,16.3,10.1
DEN,2025-12-20,0.0,0.0,34.7,6.7
DEN,2025-12-21,0.0,0.0,14.4,6.5
DEN,2025-12-22,0.0,0.0,20.3,13.3
DEN,2025-12-23,0.0,0.0,20.1,11.2
DEN,2025-12-24,0.0,0.0,24.0,14.0
DEN,2025-12-25,0.0,0.0,21.1,13.8
DEN,2025-12-26,0.0,0.0,16.2,10.9
DEN,2025-12-27,0.0,0.0,13.6,8.1
DEN,2025-12-28,1.5,1.05,35.7,-3.2
DEN,2025-12-29,0.0,0.0,11.8,-2.6
DEN,2025-12-30,0.0,0.0,14.4,1.1
DEN,2025-12-31,0.0,0.0,15.1,5.5
ORD,2023-01-01,1.6,0.0,11.0,3.3
ORD,2023-01-02,0.2,0.0,12.8,1.8
ORD,2023-01-03,13.8,0.0,15.3,5.8
ORD,2023-01-04,0.0,0.0,17.8,2.0
ORD,2023-01-05,1.4,0.91,15.7,-0.1
ORD,2023-01-06,0.2,0.14,13.5,-0.8
ORD,2023-01-07,0.0,0.0,10.2,-2.4
ORD,2023-01-08,0.0,0.0,9.0,-1.3
ORD,2023-01-09,0.0,0.0,15.1,-0.3
ORD,2023-01-10,2.0,0.14,14.8,2.8
ORD,2023-01-11,0.1,0.0,12.6,5.3
ORD,2023-01-12,0.1,0.07,26.6,2.9
ORD,2023-01-13,0.3,0.07,20.2,-0.9
ORD,2023-01-14,0.0,0.0,11.6,-3.5
ORD,2023-01-15,0.0,0.0,21.0,0.3
ORD,2023-01-16,4.6,0.0,21.9,5.3
ORD,2023-01-17,0.0,0.0,28.1,4.7
ORD,2023-01-18,7.2,0.77,25.4,2.0
ORD,2023-01-19,7.0,0.28,26.6,2.9
ORD,2023-01-20,0.3,0.0,20.8,-0.2
ORD,2023-01-21,0.0,0.0,12.8,-1.2
ORD,2023-01-22,3.0,1.96,10.1,-1.0
ORD,2023-01-23,0.0,0.0,22.3,-3.5
ORD,2023-01-24,0.0,0.0,18.3,-0.7
ORD,2023-01-25,8.5,5.88,14.4,-0.2
ORD,2023-01-26,1.9,1.33,18.6,-3.1
ORD,2023-01-27,0.2,0.14,27.8,-4.8
ORD,2023-01-28,3.9,2.66,19.1,-5.4
ORD,2023-01-29,1.6,1.19,18.5,-4.3
ORD,2023-01-30,0.6,0.42,14.3,-12.7
ORD,2023-01-31,0.0,0.0,13.3,-17.7
ORD,2023-02-01,0.0,0.0,17.1,-10.0
ORD,2023-02-02,0.0,0.0,18.9,-5.5
ORD,2023-02-03,0.0,0.0,19.3,-15.0
ORD,2023-02-04,0.0,0.0,24.2,-3.4
ORD,2023-02-05,0.0,0.0,23.9,1.7
ORD,2023-02-06,0.0,0.0,27.0,0.3
ORD,2023-02-07,0.0,0.0,31.6,5.0
ORD,2023-02-08,0.0,0.0,9.5,0.6
ORD,2023-02-09,22.2,0.07,23.7,2.6
ORD,2023-02-10,0.2,0.0,18.1,0.1
ORD,2023-02-11,0.0,0.0,17.8,-0.1
ORD,2023-02-12,0.0,0.0,16.8,3.2
ORD,2023-02-13,0.0,0.0,17.1,4.3
ORD,2023-02-14,2.2,0.0,35.6,6.2
ORD,2023-02-15,5.3,0.0,37.4,6.1
ORD,2023-02-16,13.7,8.05,28.2,-0.4
ORD,2023-02-17,0.1,0.07,24.0,-6.9
ORD,2023-02-18,0.0,0.0,21.7,0.9
ORD,2023-02-19,0.0,0.0,25.6,5.6
ORD,2023-02-20,0.0,0.0,14.9,2.1
ORD,2023-02-21,0.0,0.0,26.9,-0.2
ORD,2023-02-22,23.7,0.42,26.6,0.2
ORD,2023-02-23,0.4,0.0,29.8,1.3
ORD,2023-02-24,1.4,0.98,16.2,-4.7
ORD,2023-02-25,0.6,0.42,19.9,-0.5
ORD,2023-02-26,0.0,0.0,20.6,1.5
ORD,2023-02-27,25.4,0.0,26.1,7.2
ORD,2023-02-28,1.4,0.49,18.8,4.3
ORD,2023-03-01,4.5,0.0,22.3,6.6
ORD,2023-03-02,0.2,0.0,17.0,1.7
ORD,2023-03-03,3.2,1.75,25.0,0.8
ORD,2023-03-04,1.3,0.0,20.0,2.7
ORD,2023-03-05,2.3,0.56,20.5,3.2
ORD,2023-03-06,3.6,0.63,21.8,6.7
ORD,2023-03-07,0.1,0.0,19.2,2.8
ORD,2023-03-08,0.5,0.35,15.2,2.6
ORD,2023-03-09,10.5,6.79,20.9,2.1
ORD,2023-03-10,7.0,4.34,18.9,0.8
ORD,2023-03-11,1.9,1.33,14.5,1.1
ORD,2023-03-12,3.8,2.24,15.5,0.7
ORD,2023-03-13,1.5,1.05,27.9,-1.9
ORD,2023-03-14,0.0,0.0,14.3,-3.4
ORD,2023-03-15,0.0,0.0,21.7,2.1
ORD,2023-03-16,1.9,0.0,26.9,6.8
ORD,2023-03-17,3.9,0.0,28.1,1.2
ORD,2023-03-18,0.0,0.0,28.2,-6.9
ORD,2023-03-19,0.0,0.0,21.9,-1.9
ORD,2023-03-20,0.1,0.0,29.0,3.4
ORD,2023-03-21,0.0,0.0,20.8,5.7
ORD,2023-03-22,1.7,0.0,19.9,7.5
ORD,2023-03-23,1.9,0.0,16.9,4.6
ORD,2023-03-24,1.0,0.14,19.1,3.2
ORD,2023-03-25,18.3,1.54,31.6,2.3
ORD,2023-03-26,2.0,0.35,15.8,2.9
ORD,2023-03-27,0.0,0.0,17.6,1.8
ORD,2023-03-28,0.5,0.0,17.0,2.9
ORD,2023-03-29,0.2,0.14,18.7,1.2
ORD,2023-03-30,0.0,0.0,27.4,3.0
ORD,2023-03-31,16.5,0.0,33.5,14.6
ORD,2023-04-01,0.7,0.0,30.6,4.6
ORD,2023-04-02,0.0,0.0,21.6,4.9
ORD,2023-04-03,4.8,0.0,20.7,9.1
ORD,2023-04-04,9.6,0.0,28.6,11.7
ORD,2023-04-05,14.3,0.0,39.5,15.0
ORD,2023-04-06,0.0,0.0,20.1,4.8
ORD,2023-04-07,0.0,0.0,13.4,3.9
ORD,2023-04-08,0.0,0.0,12.3,8.2
ORD,2023-04-09,0.0,0.0,15.8,10.4
ORD,2023-04-10,0.0,0.0,15.5,12.5
ORD,2023-04-11,0.0,0.0,23.3,16.0
ORD,2023-04-12,0.0,0.0,28.1,18.9
ORD,2023-04-13,0.0,0.0,17.4,18.6
ORD,2023-04-14,0.0,0.0,13.6,18.5
ORD,2023-04-15,6.5,0.0,21.6,20.0
ORD,2023-04-16,7.0,0.42,33.0,8.6
ORD,2023-04-17,2.8,1.96,34.5,2.1
ORD,2023-04-18,0.0,0.0,15.3,5.7
ORD,2023-04-19,2.0,0.0,19.3,8.8
ORD,2023-04-20,3.8,0.0,34.0,17.7
ORD,2023-04-21,0.5,0.0,25.5,9.8
ORD,2023-04-22,1.8,0.42,22.8,4.6
ORD,2023-04-23,1.2,0.07,16.2,3.8
ORD,2023-04-24,0.6,0.0,17.9,5.5
ORD,2023-04-25,5.9,0.91,16.8,4.2
ORD,2023-04-26,0.0,0.0,12.6,4.1
ORD,2023-04-27,0.0,0.0,15.1,8.5
ORD,2023-04-28,0.0,0.0,13.8,9.0
ORD,2023-04-29,4.5,0.0,21.1,8.4
ORD,2023-04-30,3.0,0.0,27.5,5.4
ORD,2023-05-01,5.0,0.0,27.9,5.2
ORD,2023-05-02,0.0,0.0,29.3,7.8
ORD,2023-05-03,0.0,0.0,18.3,7.0
ORD,2023-05-04,0.0,0.0,18.0,12.2
ORD,2023-05-05,0.0,0.0,22.5,17.5
ORD,2023-05-06,1.7,0.0,23.8,18.7
ORD,2023-05-07,3.3,0.0,19.1,19.0
ORD,2023-05-08,13.9,0.0,18.0,10.4
ORD,2023-05-09,0.0,0.0,14.0,12.7
ORD,2023-05-10,0.0,0.0,11.7,14.8
ORD,2023-05-11,0.0,0.0,13.2,18.1
ORD,2023-05-12,17.9,0.0,13.9,17.5
ORD,2023-05-13,1.2,0.0,15.8,14.6
ORD,2023-05-14,0.0,0.0,17.7,12.5
ORD,2023-05-15,0.0,0.0,15.2,12.2
ORD,2023-05-16,0.0,0.0,18.9,15.3
ORD,2023-05-17,0.0,0.0,19.1,10.2
ORD,2023-05-18,0.0,0.0,15.8,14.2
ORD,2023-05-19,8.1,0.0,20.8,18.0
ORD,2023-05-20,0.0,0.0,17.8,13.9
ORD,2023-05-21,0.0,0.0,14.8,17.5
ORD,2023-05-22,0.0,0.0,20.7,18.5
ORD,2023-05-23,0.0,0.0,20.9,20.2
ORD,2023-05-24,0.0,0.0,21.5,14.5
ORD,2023-05-25,0.0,0.0,18.1,11.0
ORD,2023-05-26,0.0,0.0,15.5,13.2
ORD,2023-05-27,0.0,0.0,14.9,15.4
ORD,2023-05-28,0.0,0.0,15.2,18.0
ORD,2023-05-29,0.0,0.0,13.3,19.1
ORD,2023-05-30,0.9,0.0,14.4,21.7
ORD,2023-05-31,6.8,0.0,15.2,22.9
ORD,2023-06-01,0.4,0.0,16.4,23.7
ORD,2023-06-02,0.0,0.0,13.6,23.1
ORD,2023-06-03,0.0,0.0,19.0,21.6
ORD,2023-06-04,0.0,0.0,18.1,19.9
ORD,2023-06-05,0.0,0.0,12.7,19.4
ORD,2023-06-06,0.0,0.0,19.2,18.1
ORD,2023-06-07,0.0,0.0,20.2,16.7
ORD,2023-06-08,0.0,0.0,16.3,16.0
ORD,2023-06-09,0.0,0.0,17.2,18.4
ORD,2023-06-10,0.0,0.0,13.2,22.3
ORD,2023-06-11,4.5,0.0,26.6,13.5
ORD,2023-06-12,0.6,0.0,19.5,14.0
ORD,2023-06-13,8.1,0.0,24.5,15.6
ORD,2023-06-14,0.2,0.0,11.7,17.2
ORD,2023-06-15,0.2,0.0,20.4,17.1
ORD,2023-06-16,0.0,0.0,16.7,14.3
ORD,2023-06-17,0.0,0.0,12.6,17.7
ORD,2023-06-18,0.0,0.0,18.1,20.9
ORD,2023-06-19,0.0,0.0,16.4,21.7
ORD,2023-06-20,0.0,0.0,18.9,20.6
ORD,2023-06-21,0.0,0.0,17.7,21.8
ORD,2023-06-22,0.0,0.0,17.6,22.1
ORD,2023-06-23,0.0,0.0,15.8,22.0
ORD,2023-06-24,0.0,0.0,14.6,24.3
ORD,2023-06-25,2.4,0.0,31.6,24.1
ORD,2023-06-26,2.3,0.0,23.7,21.5
ORD,2023-06-27,0.0,0.0,16.1,19.8
ORD,2023-06-28,0.1,0.0,16.3,20.7
ORD,2023-06-29,22.9,0.0,19.7,24.3
ORD,2023-06-30,1.3,0.0,11.5,26.2
ORD,2023-07-01,12.4,0.0,10.3,22.2
ORD,2023-07-02,83.5,0.0,24.4,19.2
ORD,2023-07-03,0.0,0.0,14.1,22.0
ORD,2023-07-04,0.6,0.0,15.8,24.8
ORD,2023-07-05,27.2,0.0,21.2,24.6
ORD,2023-07-06,1.0,0.0,11.9,21.5
ORD,2023-07-07,1.4,0.0,11.7,20.7
ORD,2023-07-08,10.6,0.0,12.3,19.3
ORD,2023-07-09,0.0,0.0,14.8,21.8
ORD,2023-07-10,0.0,0.0,18.8,23.1
ORD,2023-07-11,7.2,0.0,18.8,21.7
ORD,2023-07-12,55.5,0.0,37.4,19.7
ORD,2023-07-13,0.3,0.0,11.5,19.5
ORD,2023-07-14,2.0,0.0,22.1,23.9
ORD,2023-07-15,4.8,0.0,16.7,23.9
ORD,2023-07-16,0.1,0.0,19.5,22.7
ORD,2023-07-17,0.0,0.0,15.0,21.7
ORD,2023-07-18,0.0,0.0,13.8,20.3
ORD,2023-07-19,0.0,0.0,7.2,21.6
ORD,2023-07-20,1.3,0.0,22.7,23.5
ORD,2023-07-21,0.2,0.0,10.6,21.1
ORD,2023-07-22,0.4,0.0,12.4,22.0
ORD,2023-07-23,0.1,0.0,10.7,22.9
ORD,2023-07-24,0.0,0.0,12.1,23.6
ORD,2023-07-25,0.0,0.0,12.4,25.0
ORD,2023-07-26,14.3,0.0,22.0,25.7
ORD,2023-07-27,0.0,0.0,12.6,26.2
ORD,2023-07-28,32.7,0.0,25.3,25.7
ORD,2023-07-29,0.4,0.0,16.9,22.8
ORD,2023-07-30,0.3,0.0,14.1,20.8
ORD,2023-07-31,0.0,0.0,17.4,21.0
ORD,2023-08-01,0.7,0.0,9.0,22.7
ORD,2023-08-02,0.0,0.0,13.0,23.6
ORD,2023-08-03,0.0,0.0,9.9,24.1
ORD,2023-08-04,0.0,0.0,16.3,23.2
ORD,2023-08-05,19.7,0.0,17.2,20.8
ORD,2023-08-06,4.3,0.0,17.2,20.2
ORD,2023-08-07,0.4,0.0,15.0,20.9
ORD,2023-08-08,0.1,0.0,11.3,22.2
ORD,2023-08-09,0.0,0.0,11.8,21.8
ORD,2023-08-10,1.3,0.0,19.3,22.5
ORD,2023-08-11,4.9,0.0,23.1,22.7
ORD,2023-08-12,0.4,0.0,21.4,24.1
ORD,2023-08-13,1.8,0.0,16.6,21.0
ORD,2023-08-14,23.8,0.0,17.3,19.8
ORD,2023-08-15,3.0,0.0,21.1,19.0
ORD,2023-08-16,0.0,0.0,20.0,20.4
ORD,2023-08-17,12.6,0.0,26.1,21.2
ORD,2023-08-18,0.0,0.0,10.9,19.0
ORD,2023-08-19,0.0,0.0,20.2,21.4
ORD,2023-08-20,0.0,0.0,12.8,24.9
ORD,2023-08-21,0.0,0.0,15.8,22.1
ORD,2023-08-22,0.0,0.0,12.1,24.5
ORD,2023-08-23,0.0,0.0,25.1,30.3
ORD,2023-08-24,17.4,0.0,25.5,30.5
ORD,2023-08-25,0.0,0.0,16.0,22.8
ORD,2023-08-26,2.1,0.0,25.0,20.4
ORD,2023-08-27,0.0,0.0,14.5,18.6
ORD,2023-08-28,0.0,0.0,15.1,19.9
ORD,2023-08-29,0.3,0.0,22.5,21.4
ORD,2023-08-30,0.0,0.0,21.7,16.5
ORD,2023-08-31,0.0,0.0,12.3,17.7
ORD,2023-09-01,0.0,0.0,14.3,20.3
ORD,2023-09-02,0.0,0.0,20.0,23.9
ORD,2023-09-03,0.0,0.0,21.8,26.8
ORD,2023-09-04,0.0,0.0,17.2,27.5
ORD,2023-09-05,0.0,0.0,23.8,27.4
ORD,2023-09-06,7.6,0.0,24.9,24.2
ORD,2023-09-07,0.3,0.0,16.9,19.5
ORD,2023-09-08,1.7,0.0,14.5,17.1
ORD,2023-09-09,0.0,0.0,13.2,17.1
ORD,2023-09-10,1.1,0.0,12.6,18.8
ORD,2023-09-11,20.9,0.0,12.4,17.5
ORD,2023-09-12,0.1,0.0,15.3,16.0
ORD,2023-09-13,0.7,0.0,15.6,14.6
ORD,2023-09-14,0.0,0.0,10.7,15.2
ORD,2023-09-15,0.0,0.0,10.0,17.0
ORD,2023-09-16,10.7,0.0,11.5,16.0
ORD,2023-09-17,27.7,0.0,21.3,15.3
ORD,2023-09-18,0.4,0.0,11.4,15.2
ORD,2023-09-19,10.3,0.0,17.0,16.0
ORD,2023-09-20,0.3,0.0,16.1,20.0
ORD,2023-09-21,1.6,0.0,12.5,19.3
ORD,2023-09-22,2.4,0.0,9.3,20.1
ORD,2023-09-23,0.0,0.0,18.0,20.1
ORD,2023-09-24,0.0,0.0,17.7,18.1
ORD,2023-09-25,5.6,0.0,15.7,18.9
ORD,2023-09-26,13.0,0.0,18.8,18.2
ORD,2023-09-27,6.2,0.0,19.0,17.7
ORD,2023-09-28,0.6,0.0,14.3,17.3
ORD,2023-09-29,0.2,0.0,12.1,17.6
ORD,2023-09-30,0.0,0.0,12.6,19.9
ORD,2023-10-01,0.0,0.0,8.5,20.5
ORD,2023-10-02,0.0,0.0,10.3,21.1
ORD,2023-10-03,0.0,0.0,17.0,21.9
ORD,2023-10-04,0.0,0.0,28.5,23.6
ORD,2023-10-05,3.9,0.0,19.2,18.9
ORD,2023-10-06,0.4,0.0,27.0,11.3
ORD,2023-10-07,0.0,0.0,22.3,9.6
ORD,2023-10-08,0.0,0.0,13.4,9.2
ORD,2023-10-09,0.0,0.0,20.9,8.3
ORD,2023-10-10,0.0,0.0,17.3,9.5
ORD,2023-10-11,4.1,0.0,9.9,10.9
ORD,2023-10-12,5.8,0.0,19.2,13.1
ORD,2023-10-13,15.5,0.0,21.3,12.8
ORD,2023-10-14,26.3,0.0,29.4,11.3
ORD,2023-10-15,0.7,0.0,20.1,10.6
ORD,2023-10-16,0.2,0.0,20.3,10.1
ORD,2023-10-17,0.0,0.0,12.2,8.7
ORD,2023-10-18,1.5,0.0,24.5,12.6
ORD,2023-10-19,5.6,0.0,16.9,13.2
ORD,2023-10-20,0.3,0.0,23.2,11.2
ORD,2023-10-21,2.8,0.0,27.2,10.6
ORD,2023-10-22,0.0,0.0,15.5,7.7
ORD,2023-10-23,0.0,0.0,22.0,11.1
ORD,2023-10-24,0.0,0.0,24.5,19.3
ORD,2023-10-25,10.0,0.0,19.4,17.0
ORD,2023-10-26,17.9,0.0,25.0,18.1
ORD,2023-10-27,2.7,0.0,24.7,16.5
ORD,2023-10-28,0.2,0.0,16.4,6.4
ORD,2023-10-29,4.3,0.0,18.4,6.6
ORD,2023-10-30,0.0,0.0,16.8,1.4
ORD,2023-10-31,2.7,1.89,25.1,-0.2
ORD,2023-11-01,0.0,0.0,16.8,0.8
ORD,2023-11-02,0.0,0.0,20.0,5.0
ORD,2023-11-03,0.4,0.0,21.3,8.8
ORD,2023-11-04,0.1,0.0,11.2,8.2
ORD,2023-11-05,0.0,0.0,17.7,7.7
ORD,2023-11-06,1.8,0.0,34.5,14.4
ORD,2023-11-07,0.0,0.0,18.4,8.5
ORD,2023-11-08,9.3,0.0,22.2,9.8
ORD,2023-11-09,0.0,0.0,22.7,7.7
ORD,2023-11-10,0.0,0.0,19.1,5.4
ORD,2023-11-11,0.0,0.0,11.3,3.6
ORD,2023-11-12,0.0,0.0,20.2,7.8
ORD,2023-11-13,0.0,0.0,19.2,8.8
ORD,2023-11-14,0.0,0.0,17.3,6.4
ORD,2023-11-15,0.0,0.0,16.6,9.3
ORD,2023-11-16,0.0,0.0,26.1,11.8
ORD,2023-11-17,0.8,0.0,23.4,8.8
ORD,2023-11-18,0.0,0.0,17.6,3.5
ORD,2023-11-19,0.0,0.0,11.0,5.5
ORD,2023-11-20,2.9,0.0,20.8,6.6
ORD,2023-11-21,14.7,0.0,18.8,4.9
ORD,2023-11-22,0.0,0.0,17.8,3.3
ORD,2023-11-23,0.0,0.0,18.4,3.3
ORD,2023-11-24,0.0,0.0,16.9,-2.0
ORD,2023-11-25,0.0,0.0,11.8,-1.4
ORD,2023-11-26,5.4,3.78,21.2,-0.9
ORD,2023-11-27,0.0,0.0,23.8,-4.8
ORD,2023-11-28,0.0,0.0,18.1,-8.0
ORD,2023-11-29,0.0,0.0,18.3,-1.6
ORD,2023-11-30,0.0,0.0,21.7,4.1
ORD,2023-12-01,16.7,0.0,15.7,4.2
ORD,2023-12-02,0.4,0.0,11.5,3.9
ORD,2023-12-03,8.3,0.07,18.7,2.9
ORD,2023-12-04,0.0,0.0,11.3,1.0
ORD,2023-12-05,2.5,1.4,17.4,1.4
ORD,2023-12-06,0.0,0.0,25.2,0.7
ORD,2023-12-07,0.0,0.0,26.7,5.5
ORD,2023-12-08,0.1,0.0,23.2,9.8
ORD,2023-12-09,2.2,0.0,25.7,8.2
ORD,2023-12-10,0.0,0.0,23.5,0.8
ORD,2023-12-11,0.0,0.0,17.6,-1.4
ORD,2023-12-12,0.0,0.0,19.2,-0.4
ORD,2023-12-13,0.0,0.0,13.5,-1.5
ORD,2023-12-14,0.0,0.0,14.0,2.6
ORD,2023-12-15,0.0,0.0,13.0,4.7
ORD,2023-12-16,8.8,0.0,15.0,5.2
ORD,2023-12-17,0.0,0.0,18.2,5.3
ORD,2023-12-18,0.0,0.0,29.3,-1.8
ORD,2023-12-19,0.0,0.0,18.6,-3.9
ORD,2023-12-20,0.0,0.0,16.4,-0.1
ORD,2023-12-21,0.9,0.0,10.8,2.3
ORD,2023-12-22,13.3,0.0,10.0,5.5
ORD,2023-12-23,1.3,0.0,6.9,7.0
ORD,2023-12-24,0.0,0.0,18.0,9.8
ORD,2023-12-25,10.5,0.0,22.3,10.6
ORD,2023-12-26,0.7,0.0,18.0,4.5
ORD,2023-12-27,0.0,0.0,17.4,1.3
ORD,2023-12-28,3.1,0.0,18.1,2.7
ORD,2023-12-29,3.4,0.0,18.1,2.9
ORD,2023-12-30,0.0,0.0,14.8,0.1
ORD,2023-12-31,2.2,1.54,18.8,-0.3
ORD,2024-01-01,0.0,0.0,19.1,-1.5
ORD,2024-01-02,0.0,0.0,22.6,-1.9
ORD,2024-01-03,0.0,0.0,13.9,-0.1
ORD,2024-01-04,0.0,0.0,11.2,-2.8
ORD,2024-01-05,0.0,0.0,11.5,-2.0
ORD,2024-01-06,6.5,4.55,11.1,-0.8
ORD,2024-01-07,0.6,0.49,15.7,-0.7
ORD,2024-01-08,0.2,0.14,18.9,-0.9
ORD,2024-01-09,30.5,18.97,22.1,0.6
ORD,2024-01-10,0.8,0.56,25.6,-1.2
ORD,2024-01-11,0.7,0.49,18.5,-2.6
ORD,2024-01-12,25.9,11.9,35.0,0.3
ORD,2024-01-13,2.9,2.17,28.9,-6.4
ORD,2024-01-14,0.7,0.49,26.1,-22.7
ORD,2024-01-15,0.0,0.0,18.3,-22.8
ORD,2024-01-16,0.0,0.0,27.2,-20.2
ORD,2024-01-17,0.1,0.07,23.5,-13.6
ORD,2024-01-18,1.0,0.7,14.8,-7.9
ORD,2024-01-19,2.9,2.03,20.5,-12.6
ORD,2024-01-20,0.0,0.0,17.9,-13.6
ORD,2024-01-21,0.0,0.0,19.9,-13.0
ORD,2024-01-22,0.9,0.07,20.9,-2.5
ORD,2024-01-23,10.4,0.14,9.4,0.3
ORD,2024-01-24,4.4,0.0,11.6,1.2
ORD,2024-01-25,6.2,0.0,16.6,2.0
ORD,2024-01-26,11.5,0.0,17.0,2.6
ORD,2024-01-27,1.1,0.0,15.7,1.9
ORD,2024-01-28,2.0,0.0,20.6,2.2
ORD,2024-01-29,0.0,0.0,19.7,1.0
ORD,2024-01-30,1.8,0.0,18.7,2.1
ORD,2024-01-31,0.0,0.0,19.5,2.1
ORD,2024-02-01,0.0,0.0,19.2,3.8
ORD,2024-02-02,0.0,0.0,16.7,1.0
ORD,2024-02-03,0.0,0.0,12.6,0.1
ORD,2024-02-04,0.0,0.0,14.6,0.7
ORD,2024-02-05,0.0,0.0,16.0,0.2
ORD,2024-02-06,0.0,0.0,10.4,1.6
ORD,2024-02-07,0.0,0.0,16.7,2.9
ORD,2024-02-08,1.2,0.0,28.7,9.7
ORD,2024-02-09,0.0,0.0,27.1,7.9
ORD,2024-02-10,0.0,0.0,16.5,0.8
ORD,2024-02-11,0.0,0.0,12.4,-0.7
ORD,2024-02-12,0.0,0.0,11.0,-0.1
ORD,2024-02-13,0.0,0.0,16.6,-0.0
ORD,2024-02-14,0.0,0.0,15.8,1.0
ORD,2024-02-15,10.1,4.55,28.8,2.4
ORD,2024-02-16,0.6,0.42,18.7,-2.3
ORD,2024-02-17,0.0,0.0,29.8,-6.5
ORD,2024-02-18,0.0,0.0,28.7,-0.4
ORD,2024-02-19,0.0,0.0,10.1,0.3
ORD,2024-02-20,0.0,0.0,19.8,4.0
ORD,2024-02-21,0.2,0.0,21.6,8.4
ORD,2024-02-22,0.0,0.0,12.7,8.1
ORD,2024-02-23,2.5,1.75,25.6,3.4
ORD,2024-02-24,0.2,0.14,24.4,-2.4
ORD,2024-02-25,0.0,0.0,19.8,4.8
ORD,2024-02-26,0.0,0.0,20.6,10.0
ORD,2024-02-27,0.0,0.0,21.9,14.9
ORD,2024-02-28,0.6,0.07,30.8,-1.5
ORD,2024-02-29,0.0,0.0,20.9,-1.1
ORD,2024-03-01,0.3,0.21,19.9,2.4
ORD,2024-03-02,0.0,0.0,17.0,6.1
ORD,2024-03-03,0.0,0.0,29.2,12.3
ORD,2024-03-04,3.1,0.0,28.1,15.9
ORD,2024-03-05,4.2,0.0,22.9,5.2
ORD,2024-03-06,0.0,0.0,18.6,4.8
ORD,2024-03-07,0.0,0.0,15.5,4.8
ORD,2024-03-08,24.7,0.0,19.4,5.5
ORD,2024-03-09,0.2,0.0,20.7,3.8
ORD,2024-03-10,0.0,0.0,21.0,1.7
ORD,2024-03-11,0.0,0.0,27.2,7.8
ORD,2024-03-12,0.0,0.0,24.8,13.5
ORD,2024-03-13,11.1,0.0,16.6,11.4
ORD,2024-03-14,16.0,0.0,23.3,8.6
ORD,2024-03-15,0.0,0.0,19.2,4.6
ORD,2024-03-16,0.0,0.0,36.0,7.6
ORD,2024-03-17,0.0,0.0,22.1,1.4
ORD,2024-03-18,0.0,0.0,17.1,-1.5
ORD,2024-03-19,0.0,0.0,29.6,4.1
ORD,2024-03-20,0.0,0.0,22.4,1.2
ORD,2024-03-21,1.1,0.77,14.1,-0.9
ORD,2024-03-22,9.3,6.51,17.1,0.5
ORD,2024-03-23,0.3,0.21,16.1,-1.4
ORD,2024-03-24,0.0,0.0,22.7,2.7
ORD,2024-03-25,18.7,0.0,29.8,10.0
ORD,2024-03-26,8.6,0.0,35.9,8.6
ORD,2024-03-27,0.0,0.0,24.1,1.5
ORD,2024-03-28,0.0,0.0,23.0,3.0
ORD,2024-03-29,9.3,0.0,15.5,3.4
ORD,2024-03-30,3.9,0.0,18.2,9.3
ORD,2024-03-31,11.5,0.0,17.7,5.0
ORD,2024-04-01,27.3,0.0,20.3,6.1
ORD,2024-04-02,15.0,0.0,28.9,5.3
ORD,2024-04-03,10.1,4.2,31.6,1.9
ORD,2024-04-04,4.0,0.91,20.6,2.5
ORD,2024-04-05,0.0,0.0,20.3,3.6
ORD,2024-04-06,0.0,0.0,13.9,3.7
ORD,2024-04-07,11.7,0.0,24.0,6.5
ORD,2024-04-08,0.0,0.0,23.7,13.6
ORD,2024-04-09,0.0,0.0,18.5,12.5
ORD,2024-04-10,0.0,0.0,14.0,11.2
ORD,2024-04-11,4.5,0.0,12.6,10.3
ORD,2024-04-12,5.5,0.0,31.6,11.2
ORD,2024-04-13,0.0,0.0,25.0,12.6
ORD,2024-04-14,0.0,0.0,25.6,18.2
ORD,2024-04-15,0.0,0.0,16.2,13.7
ORD,2024-04-16,5.9,0.0,27.6,15.3
ORD,2024-04-17,0.9,0.0,35.1,16.6
ORD,2024-04-18,4.4,0.0,14.7,10.2
ORD,2024-04-19,0.0,0.0,30.3,8.6
ORD,2024-04-20,0.0,0.0,20.0,4.3
ORD,2024-04-21,0.0,0.0,20.6,6.2
ORD,2024-04-22,0.0,0.0,24.3,10.8
ORD,2024-04-23,2.1,0.0,26.8,13.6
ORD,2024-04-24,0.0,0.0,20.8,3.9
ORD,2024-04-25,0.0,0.0,11.5,5.8
ORD,2024-04-26,2.0,0.0,24.7,10.2
ORD,2024-04-27,3.4,0.0,36.9,19.9
ORD,2024-04-28,3.7,0.0,33.7,19.8
ORD,2024-04-29,5.2,0.0,27.6,18.2
ORD,2024-04-30,0.0,0.0,15.1,15.3
ORD,2024-05-01,1.6,0.0,23.1,18.4
ORD,2024-05-02,13.0,0.0,24.5,17.0
ORD,2024-05-03,6.1,0.0,16.1,15.5
ORD,2024-05-04,1.4,0.0,17.3,16.7
ORD,2024-05-05,0.0,0.0,15.2,12.5
ORD,2024-05-06,0.0,0.0,14.7,13.5
ORD,2024-05-07,18.2,0.0,22.3,16.4
ORD,2024-05-08,0.0,0.0,17.3,17.5
ORD,2024-05-09,13.5,0.0,19.9,11.8
ORD,2024-05-10,0.3,0.0,18.1,12.9
ORD,2024-05-11,1.9,0.0,26.3,13.3
ORD,2024-05-12,2.3,0.0,20.9,16.8
ORD,2024-05-13,9.0,0.0,20.4,19.2
ORD,2024-05-14,7.1,0.0,20.9,12.4
ORD,2024-05-15,0.0,0.0,17.7,12.9
ORD,2024-05-16,4.0,0.0,21.1,15.7
ORD,2024-05-17,0.0,0.0,11.6,17.7
ORD,2024-05-18,0.7,0.0,16.2,20.1
ORD,2024-05-19,0.0,0.0,16.6,19.2
ORD,2024-05-20,3.2,0.0,31.3,20.6
ORD,2024-05-21,0.3,0.0,33.9,23.2
ORD,2024-05-22,0.0,0.0,33.0,19.9
ORD,2024-05-23,0.0,0.0,12.1,19.2
ORD,2024-05-24,3.7,0.0,23.4,20.2
ORD,2024-05-25,0.0,0.0,15.5,17.5
ORD,2024-05-26,20.2,0.0,17.4,16.7
ORD,2024-05-27,0.4,0.0,26.2,17.0
ORD,2024-05-28,13.1,0.0,17.4,15.5
ORD,2024-05-29,6.4,0.0,18.9,14.2
ORD,2024-05-30,0.0,0.0,12.2,13.0
ORD,2024-05-31,0.0,0.0,14.3,17.3
ORD,2024-06-01,18.5,0.0,18.4,17.2
ORD,2024-06-02,0.0,0.0,11.0,17.7
ORD,2024-06-03,1.1,0.0,18.8,21.0
ORD,2024-06-04,1.2,0.0,19.0,23.8
ORD,2024-06-05,11.7,0.0,23.2,21.9
ORD,2024-06-06,0.1,0.0,32.4,20.9
ORD,2024-06-07,0.0,0.0,26.7,19.5
ORD,2024-06-08,0.8,0.0,24.0,17.3
ORD,2024-06-09,0.0,0.0,26.0,18.3
ORD,2024-06-10,0.0,0.0,20.0,14.2
ORD,2024-06-11,0.1,0.0,14.9,17.1
ORD,2024-06-12,0.0,0.0,16.6,24.3
ORD,2024-06-13,6.2,0.0,24.2,25.1
ORD,2024-06-14,0.0,0.0,18.1,21.4
ORD,2024-06-15,0.0,0.0,18.5,22.5
ORD,2024-06-16,1.6,0.0,26.1,25.7
ORD,2024-06-17,0.1,0.0,22.8,29.0
ORD,2024-06-18,2.3,0.0,29.7,27.7
ORD,2024-06-19,0.0,0.0,22.1,28.5
ORD,2024-06-20,0.3,0.0,13.3,22.7
ORD,2024-06-21,0.0,0.0,14.0,26.0
ORD,2024-06-22,0.3,0.0,31.2,28.6
ORD,2024-06-23,0.3,0.0,26.4,24.6
ORD,2024-06-24,0.0,0.0,21.3,24.4
ORD,2024-06-25,5.7,0.0,29.0,27.0
ORD,2024-06-26,0.0,0.0,23.7,25.0
ORD,2024-06-27,0.0,0.0,16.5,18.3
ORD,2024-06-28,17.4,0.0,19.5,19.7
ORD,2024-06-29,2.1,0.0,19.1,25.7
ORD,2024-06-30,0.0,0.0,18.3,17.0
ORD,2024-07-01,0.0,0.0,12.2,17.2
ORD,2024-07-02,0.9,0.0,25.4,22.4
ORD,2024-07-03,14.5,0.0,21.3,25.9
ORD,2024-07-04,2.0,0.0,9.3,23.0
ORD,2024-07-05,0.3,0.0,24.9,22.8
ORD,2024-07-06,1.6,0.0,8.9,21.4
ORD,2024-07-07,4.9,0.0,19.2,21.8
ORD,2024-07-08,0.2,0.0,16.8,24.4
ORD,2024-07-09,9.4,0.0,9.5,22.5
ORD,2024-07-10,16.5,0.0,14.4,22.0
ORD,2024-07-11,0.2,0.0,11.8,20.6
ORD,2024-07-12,0.0,0.0,8.9,22.2
ORD,2024-07-13,3.0,0.0,15.8,24.4
ORD,2024-07-14,34.4,0.0,20.9,25.3
ORD,2024-07-15,22.4,0.0,20.0,25.7
ORD,2024-07-16,6.6,0.0,22.0,24.7
ORD,2024-07-17,0.0,0.0,22.0,22.4
ORD,2024-07-18,0.0,0.0,15.9,18.5
ORD,2024-07-19,0.0,0.0,17.6,19.5
ORD,2024-07-20,0.0,0.0,10.7,20.8
ORD,2024-07-21,0.0,0.0,10.9,22.0
ORD,2024-07-22,0.2,0.0,11.4,21.7
ORD,2024-07-23,0.7,0.0,19.5,22.9
ORD,2024-07-24,2.6,0.0,13.0,20.7
ORD,2024-07-25,0.0,0.0,11.9,19.7
ORD,2024-07-26,0.0,0.0,10.2,20.7
ORD,2024-07-27,0.0,0.0,13.0,22.3
ORD,2024-07-28,6.2,0.0,18.7,23.1
ORD,2024-07-29,20.7,0.0,26.6,23.0
ORD,2024-07-30,0.0,0.0,8.7,25.8
ORD,2024-07-31,3.2,0.0,18.9,25.8
ORD,2024-08-01,6.6,0.0,14.9,24.9
ORD,2024-08-02,0.8,0.0,17.6,24.1
ORD,2024-08-03,0.5,0.0,13.6,25.1
ORD,2024-08-04,0.0,0.0,11.2,25.9
ORD,2024-08-05,1.8,0.0,22.0,24.9
ORD,2024-08-06,1.7,0.0,29.2,20.4
ORD,2024-08-07,0.0,0.0,18.4,20.2
ORD,2024-08-08,0.0,0.0,16.1,22.4
ORD,2024-08-09,0.0,0.0,21.5,19.0
ORD,2024-08-10,0.0,0.0,22.1,18.8
ORD,2024-08-11,0.0,0.0,16.9,20.1
ORD,2024-08-12,0.0,0.0,13.5,20.7
ORD,2024-08-13,0.6,0.0,9.0,22.0
ORD,2024-08-14,0.0,0.0,14.1,23.1
ORD,2024-08-15,13.4,0.0,19.8,21.7
ORD,2024-08-16,5.6,0.0,22.9,23.8
ORD,2024-08-17,6.0,0.0,17.8,22.1
ORD,2024-08-18,1.5,0.0,21.3,20.8
ORD,2024-08-19,0.0,0.0,21.7,19.4
ORD,2024-08-20,0.0,0.0,14.3,17.6
ORD,2024-08-21,0.0,0.0,12.5,17.5
ORD,2024-08-22,0.0,0.0,9.2,18.1
ORD,2024-08-23,0.0,0.0,13.0,20.1
ORD,2024-08-24,0.6,0.0,11.0,23.1
ORD,2024-08-25,0.0,0.0,18.4,27.4
ORD,2024-08-26,0.0,0.0,17.0,29.6
ORD,2024-08-27,0.2,0.0,19.5,29.6
ORD,2024-08-28,1.5,0.0,15.9,24.7
ORD,2024-08-29,0.0,0.0,13.4,23.5
ORD,2024-08-30,13.0,0.0,16.3,24.9
ORD,2024-08-31,0.0,0.0,15.9,22.7
ORD,2024-09-01,0.0,0.0,22.5,20.1
ORD,2024-09-02,0.0,0.0,11.7,17.7
ORD,2024-09-03,0.0,0.0,9.5,17.8
ORD,2024-09-04,0.0,0.0,11.8,19.7
ORD,2024-09-05,1.3,0.0,25.2,23.3
ORD,2024-09-06,0.7,0.0,18.3,17.7
ORD,2024-09-07,0.0,0.0,17.9,13.0
ORD,2024-09-08,0.0,0.0,15.6,15.6
ORD,2024-09-09,0.0,0.0,18.2,19.6
ORD,2024-09-10,0.0,0.0,14.7,20.1
ORD,2024-09-11,0.0,0.0,11.7,22.0
ORD,2024-09-12,0.0,0.0,14.8,22.2
ORD,2024-09-13,0.0,0.0,17.9,22.9
ORD,2024-09-14,0.0,0.0,15.0,23.9
ORD,2024-09-15,0.0,0.0,13.4,24.2
ORD,2024-09-16,0.0,0.0,13.9,23.0
ORD,2024-09-17,0.0,0.0,12.5,20.8
ORD,2024-09-18,0.0,0.0,14.4,21.2
ORD,2024-09-19,0.0,0.0,13.7,23.0
ORD,2024-09-20,0.3,0.0,16.9,25.0
ORD,2024-09-21,0.1,0.0,13.7,24.0
ORD,2024-09-22,26.7,0.0,18.4,20.6
ORD,2024-09-23,3.1,0.0,16.8,16.9
ORD,2024-09-24,45.8,0.0,14.4,17.1
ORD,2024-09-25,0.0,0.0,9.2,17.6
ORD,2024-09-26,0.0,0.0,13.5,17.6
ORD,2024-09-27,0.0,0.0,31.5,19.2
ORD,2024-09-28,0.7,0.0,24.9,18.8
ORD,2024-09-29,0.0,0.0,21.0,19.1
ORD,2024-09-30,0.0,0.0,13.1,19.8
ORD,2024-10-01,0.0,0.0,21.3,17.0
ORD,2024-10-02,0.0,0.0,15.0,14.2
ORD,2024-10-03,0.0,0.0,14.9,16.6
ORD,2024-10-04,0.5,0.0,22.3,16.8
ORD,2024-10-05,0.0,0.0,28.8,20.4
ORD,2024-10-06,0.0,0.0,27.9,19.3
ORD,2024-10-07,0.0,0.0,13.5,13.0
ORD,2024-10-08,0.0,0.0,15.8,14.5
ORD,2024-10-09,0.0,0.0,14.0,14.0
ORD,2024-10-10,0.0,0.0,11.2,14.9
ORD,2024-10-11,0.0,0.0,22.8,18.9
ORD,2024-10-12,25.5,0.0,19.3,15.7
ORD,2024-10-13,0.2,0.0,31.6,13.9
ORD,2024-10-14,2.2,0.0,29.7,9.2
ORD,2024-10-15,2.3,0.0,27.9,6.8
ORD,2024-10-16,0.0,0.0,14.9,6.7
ORD,2024-10-17,0.0,0.0,15.0,8.8
ORD,2024-10-18,0.0,0.0,16.1,11.7
ORD,2024-10-19,0.0,0.0,11.9,13.0
ORD,2024-10-20,0.0,0.0,17.5,16.8
ORD,2024-10-21,0.0,0.0,15.8,18.2
ORD,2024-10-22,0.4,0.0,22.4,17.6
ORD,2024-10-23,0.0,0.0,20.8,13.9
ORD,2024-10-24,0.0,0.0,17.0,10.3
ORD,2024-10-25,8.8,0.0,15.7,12.5
ORD,2024-10-26,0.0,0.0,12.9,8.5
ORD,2024-10-27,0.0,0.0,8.9,7.1
ORD,2024-10-28,0.0,0.0,21.5,12.0
ORD,2024-10-29,0.0,0.0,29.6,22.2
ORD,2024-10-30,0.0,0.0,28.9,21.9
ORD,2024-10-31,14.0,0.0,33.9,15.7
ORD,2024-11-01,0.0,0.0,20.7,6.7
ORD,2024-11-02,0.0,0.0,12.5,6.9
ORD,2024-11-03,1.1,0.0,22.5,12.3
ORD,2024-11-04,8.6,0.0,28.0,18.0
ORD,2024-11-05,37.1,0.0,29.4,17.6
ORD,2024-11-06,0.0,0.0,13.9,11.6
ORD,2024-11-07,0.0,0.0,11.3,8.2
ORD,2024-11-08,0.0,0.0,13.3,9.3
ORD,2024-11-09,0.4,0.0,15.9,9.5
ORD,2024-11-10,1.4,0.0,33.2,11.8
ORD,2024-11-11,0.0,0.0,24.6,9.1
ORD,2024-11-12,0.0,0.0,16.0,6.8
ORD,2024-11-13,9.7,0.0,14.4,6.6
ORD,2024-11-14,3.3,0.0,14.7,10.3
ORD,2024-11-15,0.2,0.0,8.2,9.0
ORD,2024-11-16,0.0,0.0,15.9,7.7
ORD,2024-11-17,1.8,0.0,14.8,10.4
ORD,2024-11-18,10.6,0.0,21.4,11.2
ORD,2024-11-19,3.6,0.0,30.2,14.3
ORD,2024-11-20,1.6,0.07,24.9,5.2
ORD,2024-11-21,6.4,3.85,30.4,1.0
ORD,2024-11-22,0.0,0.0,20.1,5.4
ORD,2024-11-23,0.0,0.0,13.4,4.3
ORD,2024-11-24,0.0,0.0,9.7,5.0
ORD,2024-11-25,0.8,0.0,19.3,7.8
ORD,2024-11-26,0.0,0.0,19.3,-0.2
ORD,2024-11-27,0.0,0.0,16.3,2.2
ORD,2024-11-28,0.0,0.0,17.7,-1.9
ORD,2024-11-29,0.0,0.0,21.1,-4.7
ORD,2024-11-30,0.0,0.0,15.9,-6.9
ORD,2024-12-01,0.0,0.0,13.8,-7.2
ORD,2024-12-02,0.0,0.0,11.3,-6.5
ORD,2024-12-03,0.0,0.0,18.9,-4.6
ORD,2024-12-04,0.6,0.28,32.1,-1.6
ORD,2024-12-05,0.0,0.0,27.1,-6.9
ORD,2024-12-06,0.0,0.0,16.7,-5.2
ORD,2024-12-07,0.0,0.0,22.3,1.4
ORD,2024-12-08,0.0,0.0,18.8,6.6
ORD,2024-12-09,0.1,0.0,17.2,7.3
ORD,2024-12-10,0.0,0.0,12.0,0.4
ORD,2024-12-11,0.6,0.42,24.8,-3.3
ORD,2024-12-12,0.0,0.0,24.2,-12.1
ORD,2024-12-13,0.0,0.0,11.7,-9.8
ORD,2024-12-14,9.7,0.77,19.4,-1.0
ORD,2024-12-15,2.6,0.0,19.5,4.9
ORD,2024-12-16,3.0,0.0,19.7,5.9
ORD,2024-12-17,0.0,0.0,18.6,1.8
ORD,2024-12-18,0.7,0.49,14.7,-0.9
ORD,2024-12-19,1.9,1.33,13.1,-2.1
ORD,2024-12-20,1.7,1.12,21.1,-1.9
ORD,2024-12-21,0.0,0.0,11.3,-9.8
ORD,2024-12-22,0.0,0.0,19.8,-5.2
ORD,2024-12-23,0.1,0.0,20.0,1.2
ORD,2024-12-24,0.0,0.0,10.3,0.3
ORD,2024-12-25,0.0,0.0,8.3,0.4
ORD,2024-12-26,1.2,0.0,12.6,4.8
ORD,2024-12-27,6.5,0.0,18.1,6.8
ORD,2024-12-28,1.9,0.0,23.3,8.3
ORD,2024-12-29,7.9,0.0,15.7,4.7
ORD,2024-12-30,0.0,0.0,11.5,2.2
ORD,2024-12-31,8.0,0.0,24.2,2.6
ORD,2025-01-01,0.1,0.07,22.6,-1.6
ORD,2025-01-02,0.2,0.14,16.9,-2.8
ORD,2025-01-03,0.0,0.0,21.2,-5.5
ORD,2025-01-04,0.0,0.0,13.9,-8.2
ORD,2025-01-05,0.7,0.42,16.9,-7.2
ORD,2025-01-06,3.7,2.38,19.5,-3.5
ORD,2025-01-07,0.0,0.0,8.8,-8.1
ORD,2025-01-08,0.0,0.0,8.1,-9.2
ORD,2025-01-09,0.0,0.0,15.1,-9.1
ORD,2025-01-10,3.2,2.17,15.4,-3.8
ORD,2025-01-11,0.2,0.14,13.1,-3.6
ORD,2025-01-12,1.7,1.12,21.4,-1.7
ORD,2025-01-13,0.0,0.0,17.1,-10.1
ORD,2025-01-14,1.2,0.84,19.2,-12.3
ORD,2025-01-15,0.1,0.07,19.3,-12.6
ORD,2025-01-16,0.3,0.21,22.2,-2.2
ORD,2025-01-17,0.0,0.0,26.8,0.2
ORD,2025-01-18,0.0,0.0,19.0,-2.6
ORD,2025-01-19,0.0,0.0,17.0,-13.6
ORD,2025-01-20,0.0,0.0,22.0,-15.6
ORD,2025-01-21,0.0,0.0,17.6,-18.9
ORD,2025-01-22,1.1,0.77,29.8,-11.1
ORD,2025-01-23,0.9,0.63,18.2,-9.3
ORD,2025-01-24,0.0,0.0,17.1,-13.2
ORD,2025-01-25,0.0,0.0,20.6,-3.2
ORD,2025-01-26,0.0,0.0,17.2,-5.3
ORD,2025-01-27,0.0,0.0,24.2,-1.9
ORD,2025-01-28,0.0,0.0,25.7,2.3
ORD,2025-01-29,0.0,0.0,21.0,3.4
ORD,2025-01-30,7.8,0.0,16.4,2.9
ORD,2025-01-31,38.7,0.0,24.3,2.5
ORD,2025-02-01,0.0,0.0,15.4,-1.4
ORD,2025-02-02,0.7,0.49,15.4,3.0
ORD,2025-02-03,0.0,0.0,18.8,2.9
ORD,2025-02-04,0.0,0.0,16.7,-3.7
ORD,2025-02-05,1.2,0.28,15.0,-2.4
ORD,2025-02-06,0.5,0.0,25.9,0.2
ORD,2025-02-07,0.0,0.0,16.7,-4.2
ORD,2025-02-08,0.5,0.35,11.4,-1.3
ORD,2025-02-09,0.0,0.0,16.2,-3.0
ORD,2025-02-10,0.0,0.0,9.8,-3.8
ORD,2025-02-11,0.4,0.28,16.1,-4.6
ORD,2025-02-12,8.7,6.09,20.2,-3.8
ORD,2025-02-13,0.7,0.56,17.9,-10.2
ORD,2025-02-14,5.8,4.06,15.1,-11.9
ORD,2025-02-15,0.0,0.0,16.1,-2.0
ORD,2025-02-16,0.6,0.42,22.1,-5.8
ORD,2025-02-17,0.0,0.0,19.4,-16.4
ORD,2025-02-18,0.0,0.0,14.0,-18.9
ORD,2025-02-19,0.1,0.07,12.5,-15.0
ORD,2025-02-20,0.0,0.0,13.5,-12.4
ORD,2025-02-21,0.0,0.0,13.6,-9.4
ORD,2025-02-22,0.0,0.0,16.6,-6.3
ORD,2025-02-23,0.0,0.0,14.9,-1.0
ORD,2025-02-24,1.5,0.0,21.9,6.4
ORD,2025-02-25,1.0,0.0,11.9,5.4
ORD,2025-02-26,11.4,1.47,12.8,3.5
ORD,2025-02-27,1.3,0.0,25.3,4.2
ORD,2025-02-28,0.0,0.0,30.7,6.1
ORD,2025-03-01,0.0,0.0,18.7,-3.3
ORD,2025-03-02,0.0,0.0,8.0,-3.0
ORD,2025-03-03,1.0,0.7,18.9,3.2
ORD,2025-03-04,9.7,0.0,20.4,7.9
ORD,2025-03-05,12.8,0.98,25.5,5.3
ORD,2025-03-06,0.0,0.0,18.6,-0.0
ORD,2025-03-07,4.6,1.75,9.1,0.8
ORD,2025-03-08,0.0,0.0,17.9,2.4
ORD,2025-03-09,0.0,0.0,18.2,6.5
ORD,2025-03-10,0.0,0.0,20.4,10.4
ORD,2025-03-11,0.0,0.0,21.2,5.9
ORD,2025-03-12,0.0,0.0,12.1,4.1
ORD,2025-03-13,0.0,0.0,10.5,6.0
ORD,2025-03-14,0.0,0.0,25.7,15.8
ORD,2025-03-15,6.9,0.0,30.4,14.3
ORD,2025-03-16,13.4,5.6,15.2,-0.0
ORD,2025-03-17,0.0,0.0,22.7,1.7
ORD,2025-03-18,0.0,0.0,20.6,11.8
ORD,2025-03-19,16.3,0.07,18.0,5.0
ORD,2025-03-20,5.2,3.36,22.5,1.4
ORD,2025-03-21,1.6,0.0,27.3,5.5
ORD,2025-03-22,0.0,0.0,19.5,3.0
ORD,2025-03-23,6.4,0.0,27.6,4.7
ORD,2025-03-24,0.0,0.0,27.4,3.7
ORD,2025-03-25,0.3,0.0,16.8,3.3
ORD,2025-03-26,0.7,0.35,10.8,3.5
ORD,2025-03-27,0.0,0.0,10.8,7.9
ORD,2025-03-28,3.1,0.0,26.5,15.8
ORD,2025-03-29,1.1,0.0,26.3,16.7
ORD,2025-03-30,12.5,0.0,27.5,14.7
ORD,2025-03-31,0.3,0.0,15.6,4.1
ORD,2025-04-01,0.0,0.0,20.2,2.5
ORD,2025-04-02,16.0,0.0,29.3,11.5
ORD,2025-04-03,0.0,0.0,22.8,9.1
ORD,2025-04-04,1.7,0.0,13.4,5.9
ORD,2025-04-05,7.5,0.0,17.2,7.5
ORD,2025-04-06,0.0,0.0,14.2,4.4
ORD,2025-04-07,0.5,0.21,23.2,2.3
ORD,2025-04-08,0.0,0.0,9.7,0.2
ORD,2025-04-09,2.0,0.0,15.2,3.1
ORD,2025-04-10,0.5,0.0,15.3,3.3
ORD,2025-04-11,0.0,0.0,13.6,5.0
ORD,2025-04-12,0.0,0.0,9.9,7.7
ORD,2025-04-13,2.3,0.0,20.9,12.0
ORD,2025-04-14,0.0,0.0,26.7,12.9
ORD,2025-04-15,0.8,0.0,27.9,7.3
ORD,2025-04-16,0.0,0.0,10.1,4.8
ORD,2025-04-17,0.0,0.0,24.2,11.2
ORD,2025-04-18,1.1,0.0,26.0,19.8
ORD,2025-04-19,0.5,0.0,22.2,12.4
ORD,2025-04-20,10.2,0.0,21.3,10.7
ORD,2025-04-21,11.7,0.0,31.4,12.6
ORD,2025-04-22,5.2,0.0,15.4,12.8
ORD,2025-04-23,2.6,0.0,9.9,16.4
ORD,2025-04-24,0.0,0.0,12.2,14.7
ORD,2025-04-25,0.1,0.0,16.9,10.8
ORD,2025-04-26,0.0,0.0,17.7,8.1
ORD,2025-04-27,0.0,0.0,11.0,11.3
ORD,2025-04-28,0.0,0.0,28.7,19.4
ORD,2025-04-29,0.0,0.0,27.1,19.2
ORD,2025-04-30,0.2,0.0,11.4,11.8
ORD,2025-05-01,21.5,0.0,23.8,15.1
ORD,2025-05-02,2.7,0.0,11.7,10.1
ORD,2025-05-03,0.0,0.0,18.1,8.0
ORD,2025-05-04,5.9,0.0,18.6,8.2
ORD,2025-05-05,1.1,0.0,15.7,10.6
ORD,2025-05-06,0.0,0.0,16.2,15.1
ORD,2025-05-07,0.0,0.0,17.5,13.1
ORD,2025-05-08,0.0,0.0,20.6,9.4
ORD,2025-05-09,0.0,0.0,10.0,10.7
ORD,2025-05-10,0.0,0.0,17.4,13.1
ORD,2025-05-11,0.0,0.0,12.5,14.2
ORD,2025-05-12,6.4,0.0,13.3,19.0
ORD,2025-05-13,0.9,0.0,12.2,19.7
ORD,2025-05-14,1.1,0.0,11.6,18.6
ORD,2025-05-15,9.5,0.0,28.1,23.5
ORD,2025-05-16,1.2,0.0,26.9,21.3
ORD,2025-05-17,0.3,0.0,25.2,14.9
ORD,2025-05-18,0.2,0.0,13.8,11.9
ORD,2025-05-19,0.0,0.0,18.9,8.1
ORD,2025-05-20,15.6,0.0,24.5,11.0
ORD,2025-05-21,3.9,0.0,13.6,10.0
ORD,2025-05-22,1.7,0.0,14.6,10.0
ORD,2025-05-23,0.0,0.0,15.2,10.1
ORD,2025-05-24,0.0,0.0,12.3,11.1
ORD,2025-05-25,0.5,0.0,10.3,12.5
ORD,2025-05-26,0.0,0.0,12.5,12.2
ORD,2025-05-27,0.0,0.0,13.5,14.1
ORD,2025-05-28,8.5,0.0,12.1,13.4
ORD,2025-05-29,0.5,0.0,9.3,15.6
ORD,2025-05-30,3.0,0.0,21.5,18.2
ORD,2025-05-31,0.0,0.0,13.9,13.7
ORD,2025-06-01,0.0,0.0,12.0,14.5
ORD,2025-06-02,0.0,0.0,14.9,21.2
ORD,2025-06-03,2.1,0.0,30.1,25.5
ORD,2025-06-04,23.2,0.0,19.5,17.2
ORD,2025-06-05,0.0,0.0,12.9,15.9
ORD,2025-06-06,0.0,0.0,11.3,17.2
ORD,2025-06-07,0.6,0.0,11.5,17.6
ORD,2025-06-08,6.1,0.0,25.8,19.4
ORD,2025-06-09,8.1,0.0,19.6,16.9
ORD,2025-06-10,0.0,0.0,21.8,19.2
ORD,2025-06-11,0.0,0.0,21.3,25.4
ORD,2025-06-12,0.5,0.0,14.0,22.2
ORD,2025-06-13,19.0,0.0,11.1,18.5
ORD,2025-06-14,0.0,0.0,12.3,18.1
ORD,2025-06-15,0.0,0.0,9.9,19.6
ORD,2025-06-16,0.1,0.0,10.8,22.8
ORD,2025-06-17,4.7,0.0,15.6,25.7
ORD,2025-06-18,31.2,0.0,14.5,22.3
ORD,2025-06-19,18.0,0.0,13.8,21.2
ORD,2025-06-20,0.0,0.0,19.7,23.1
ORD,2025-06-21,0.0,0.0,27.4,28.5
ORD,2025-06-22,0.0,0.0,23.5,30.2
ORD,2025-06-23,0.0,0.0,23.1,30.8
ORD,2025-06-24,18.1,0.0,14.5,27.9
ORD,2025-06-25,8.1,0.0,12.8,24.1
ORD,2025-06-26,11.6,0.0,16.1,27.0
ORD,2025-06-27,2.5,0.0,19.5,25.5
ORD,2025-06-28,0.0,0.0,9.4,23.5
ORD,2025-06-29,1.4,0.0,12.4,25.9
ORD,2025-06-30,1.5,0.0,13.9,25.7
ORD,2025-07-01,0.0,0.0,14.9,25.4
ORD,2025-07-02,0.1,0.0,18.8,26.5
ORD,2025-07-03,0.0,0.0,12.4,28.2
ORD,2025-07-04,7.6,0.0,11.9,26.7
ORD,2025-07-05,0.0,0.0,22.1,29.0
ORD,2025-07-06,11.1,0.0,18.4,24.0
ORD,2025-07-07,0.0,0.0,10.5,20.8
ORD,2025-07-08,3.7,0.0,11.5,23.3
ORD,2025-07-09,1.2,0.0,10.4,22.4
ORD,2025-07-10,3.3,0.0,11.3,22.5
ORD,2025-07-11,23.3,0.0,15.5,24.5
ORD,2025-07-12,0.9,0.0,15.7,24.7
ORD,2025-07-13,0.0,0.0,12.2,23.2
ORD,2025-07-14,0.0,0.0,9.0,23.8
ORD,2025-07-15,0.7,0.0,14.2,26.6
ORD,2025-07-16,5.9,0.0,21.6,27.0
ORD,2025-07-17,0.6,0.0,14.8,19.6
ORD,2025-07-18,0.0,0.0,6.3,21.2
ORD,2025-07-19,2.7,0.0,17.9,24.3
ORD,2025-07-20,9.0,0.0,14.9,21.7
ORD,2025-07-21,0.0,0.0,11.2,22.4
ORD,2025-07-22,0.0,0.0,12.7,25.8
ORD,2025-07-23,0.1,0.0,19.8,28.1
ORD,2025-07-24,5.8,0.0,19.0,28.8
ORD,2025-07-25,2.7,0.0,10.9,24.6
ORD,2025-07-26,2.4,0.0,12.7,24.8
ORD,2025-07-27,1.0,0.0,9.0,26.1
ORD,2025-07-28,3.4,0.0,9.7,26.9
ORD,2025-07-29,0.2,0.0,11.6,27.0
ORD,2025-07-30,32.5,0.0,16.8,22.5
ORD,2025-07-31,1.9,0.0,19.1,20.1
ORD,2025-08-01,0.1,0.0,14.6,19.9
ORD,2025-08-02,0.0,0.0,10.6,20.5
ORD,2025-08-03,0.0,0.0,13.3,21.6
ORD,2025-08-04,0.0,0.0,12.8,23.1
ORD,2025-08-05,0.0,0.0,12.5,24.0
ORD,2025-08-06,0.0,0.0,9.4,25.9
ORD,2025-08-07,0.9,0.0,17.1,26.7
ORD,2025-08-08,0.3,0.0,18.1,28.6
ORD,2025-08-09,0.1,0.0,21.5,28.6
ORD,2025-08-10,2.0,0.0,18.2,27.6
ORD,2025-08-11,8.5,0.0,14.2,27.1
ORD,2025-08-12,10.2,0.0,16.7,24.0
ORD,2025-08-13,0.0,0.0,11.6,24.1
ORD,2025-08-14,0.0,0.0,10.5,23.6
ORD,2025-08-15,0.0,0.0,12.7,27.4
ORD,2025-08-16,1.8,0.0,16.4,28.9
ORD,2025-08-17,0.1,0.0,12.7,24.2
ORD,2025-08-18,9.7,0.0,17.5,24.6
ORD,2025-08-19,1.4,0.0,13.2,23.3
ORD,2025-08-20,0.2,0.0,16.0,21.0
ORD,2025-08-21,0.0,0.0,15.0,20.8
ORD,2025-08-22,0.0,0.0,8.7,22.0
ORD,2025-08-23,0.6,0.0,20.3,22.8
ORD,2025-08-24,0.0,0.0,19.7,18.9
ORD,2025-08-25,0.0,0.0,15.5,16.9
ORD,2025-08-26,0.4,0.0,13.8,17.2
ORD,2025-08-27,0.0,0.0,17.3,18.8
ORD,2025-08-28,4.5,0.0,12.8,19.0
ORD,2025-08-29,0.3,0.0,11.4,17.1
ORD,2025-08-30,4.4,0.0,7.6,17.9
ORD,2025-08-31,0.0,0.0,10.4,17.9
ORD,2025-09-01,0.0,0.0,8.9,19.0
ORD,2025-09-02,0.0,0.0,6.5,20.1
ORD,2025-09-03,9.9,0.0,18.3,17.8
ORD,2025-09-04,0.0,0.0,15.2,13.9
ORD,2025-09-05,0.1,0.0,22.6,15.5
ORD,2025-09-06,0.0,0.0,19.8,13.5
ORD,2025-09-07,0.0,0.0,13.9,13.5
ORD,2025-09-08,0.0,0.0,8.5,15.1
ORD,2025-09-09,0.0,0.0,10.4,17.2
ORD,2025-09-10,0.0,0.0,8.9,20.4
ORD,2025-09-11,0.0,0.0,11.8,20.2
ORD,2025-09-12,0.0,0.0,9.8,21.9
ORD,2025-09-13,20.0,0.0,12.9,21.8
ORD,2025-09-14,0.0,0.0,11.3,21.8
ORD,2025-09-15,0.0,0.0,11.3,21.7
ORD,2025-09-16,0.0,0.0,11.5,21.9
ORD,2025-09-17,0.0,0.0,8.6,21.5
ORD,2025-09-18,0.0,0.0,10.0,22.2
ORD,2025-09-19,2.8,0.0,8.0,23.6
ORD,2025-09-20,14.4,0.0,10.3,21.1
ORD,2025-09-21,6.1,0.0,14.2,20.6
ORD,2025-09-22,0.0,0.0,13.0,20.9
ORD,2025-09-23,2.9,0.0,12.5,19.5
ORD,2025-09-24,0.0,0.0,16.2,17.8
ORD,2025-09-25,0.0,0.0,11.0,17.4
ORD,2025-09-26,0.0,0.0,10.8,19.2
ORD,2025-09-27,0.0,0.0,13.7,21.7
ORD,2025-09-28,0.0,0.0,9.4,20.1
ORD,2025-09-29,0.0,0.0,9.7,21.4
ORD,2025-09-30,0.0,0.0,11.2,21.3
ORD,2025-10-01,0.0,0.0,11.5,19.4
ORD,2025-10-02,0.0,0.0,10.0,20.0
ORD,2025-10-03,0.0,0.0,11.2,23.3
ORD,2025-10-04,0.0,0.0,17.4,23.9
ORD,2025-10-05,0.0,0.0,20.2,23.1
ORD,2025-10-06,12.2,0.0,16.1,21.6
ORD,2025-10-07,19.3,0.0,16.8,15.6
ORD,2025-10-08,0.2,0.0,10.4,13.1
ORD,2025-10-09,0.0,0.0,7.7,11.5
ORD,2025-10-10,0.2,0.0,13.9,13.2
ORD,2025-10-11,0.1,0.0,14.2,14.4
ORD,2025-10-12,0.0,0.0,10.7,13.8
ORD,2025-10-13,0.2,0.0,9.0,15.5
ORD,2025-10-14,0.0,0.0,12.1,15.8
ORD,2025-10-15,3.6,0.0,12.1,14.0
ORD,2025-10-16,0.0,0.0,10.6,15.2
ORD,2025-10-17,0.0,0.0,16.9,17.3
ORD,2025-10-18,11.4,0.0,18.9,18.8
ORD,2025-10-19,15.1,0.0,25.3,11.7
ORD,2025-10-20,0.9,0.0,20.4,10.7
ORD,2025-10-21,3.1,0.0,26.6,9.2
ORD,2025-10-22,0.0,0.0,26.0,8.2
ORD,2025-10-23,0.0,0.0,16.8,6.4
ORD,2025-10-24,0.0,0.0,8.2,5.2
ORD,2025-10-25,0.1,0.0,8.9,6.6
ORD,2025-10-26,0.0,0.0,14.5,9.4
ORD,2025-10-27,0.0,0.0,15.9,9.7
ORD,2025-10-28,0.0,0.0,17.1,10.2
ORD,2025-10-29,0.0,0.0,22.9,10.0
ORD,2025-10-30,0.0,0.0,13.7,8.4
ORD,2025-10-31,0.5,0.0,15.3,7.2
ORD,2025-11-01,0.8,0.0,8.8,6.4
ORD,2025-11-02,0.5,0.0,18.5,7.4
ORD,2025-11-03,0.8,0.0,17.9,9.2
ORD,2025-11-04,0.0,0.0,16.2,9.7
ORD,2025-11-05,0.0,0.0,18.5,11.7
ORD,2025-11-06,0.0,0.0,20.7,7.7
ORD,2025-11-07,2.6,0.0,22.0,12.3
ORD,2025-11-08,9.8,0.0,14.3,6.9
ORD,2025-11-09,9.1,2.94,20.8,-0.2
ORD,2025-11-10,2.3,1.61,23.2,-2.7
ORD,2025-11-11,0.0,0.0,16.6,-0.4
ORD,2025-11-12,0.0,0.0,20.7,6.4
ORD,2025-11-13,0.0,0.0,13.1,6.2
ORD,2025-11-14,0.0,0.0,14.8,10.9
ORD,2025-11-15,0.0,0.0,20.9,15.9
ORD,2025-11-16,0.0,0.0,19.3,5.7
ORD,2025-11-17,0.0,0.0,9.7,3.5
ORD,2025-11-18,6.2,0.84,16.8,5.1
ORD,2025-11-19,0.1,0.0,11.3,6.2
ORD,2025-11-20,0.0,0.0,13.4,7.1
ORD,2025-11-21,0.4,0.0,7.7,6.7
ORD,2025-11-22,0.0,0.0,17.4,4.6
ORD,2025-11-23,0.0,0.0,13.4,6.5
ORD,2025-11-24,1.4,0.0,13.3,5.9
ORD,2025-11-25,12.0,0.0,20.6,9.3
ORD,2025-11-26,0.2,0.0,35.8,1.5
ORD,2025-11-27,0.1,0.07,22.2,-1.5
ORD,2025-11-28,0.0,0.0,16.1,-3.1
ORD,2025-11-29,16.7,11.69,19.9,-2.7
ORD,2025-11-30,3.6,2.45,21.6,-3.0
ORD,2025-12-01,3.2,2.24,9.4,-7.5
ORD,2025-12-02,0.7,0.49,14.6,-7.3
ORD,2025-12-03,1.1,0.77,19.7,-4.0
ORD,2025-12-04,0.0,0.0,13.8,-12.9
ORD,2025-12-05,0.0,0.0,20.7,-9.1
ORD,2025-12-06,0.0,0.0,16.8,-2.3
ORD,2025-12-07,8.6,6.02,17.1,-5.0
ORD,2025-12-08,0.2,0.07,14.9,-8.6
ORD,2025-12-09,3.4,0.63,23.2,-2.2
ORD,2025-12-10,3.1,0.35,24.9,-0.1
ORD,2025-12-11,0.0,0.0,9.3,-4.8
ORD,2025-12-12,0.1,0.07,15.7,-4.1
ORD,2025-12-13,0.7,0.49,20.4,-11.5
ORD,2025-12-14,0.0,0.0,17.6,-16.4
ORD,2025-12-15,0.0,0.0,19.1,-11.7
ORD,2025-12-16,0.2,0.0,21.3,-3.9
ORD,2025-12-17,0.3,0.0,20.2,2.2
ORD,2025-12-18,6.8,0.0,29.1,4.8
ORD,2025-12-19,0.1,0.07,27.6,-8.3
ORD,2025-12-20,0.0,0.0,24.3,0.8
ORD,2025-12-21,0.0,0.0,23.1,-3.9
ORD,2025-12-22,0.1,0.07,15.6,2.4
ORD,2025-12-23,0.0,0.0,11.3,4.5
ORD,2025-12-24,1.5,0.0,9.6,3.4
ORD,2025-12-25,0.0,0.0,15.3,4.0
ORD,2025-12-26,3.9,0.0,14.9,5.7
ORD,2025-12-27,0.1,0.0,12.8,4.1
ORD,2025-12-28,33.6,0.07,28.0,8.2
ORD,2025-12-29,2.1,1.47,31.4,-6.8
ORD,2025-12-30,2.3,1.61,14.9,-8.7
ORD,2025-12-31,2.3,1.19,20.3,-1.5
LAX,2023-01-01,6.3,0.0,49.1,12.9
LAX,2023-01-02,2.1,0.0,16.8,10.7
LAX,2023-01-03,12.0,0.0,28.2,12.1
LAX,2023-01-04,9.4,0.0,27.6,14.5
LAX,2023-01-05,28.7,0.0,32.6,13.3
LAX,2023-01-06,0.0,0.0,14.3,10.6
LAX,2023-01-07,0.0,0.0,14.6,11.5
LAX,2023-01-08,2.9,0.0,17.6,11.8
LAX,2023-01-09,22.9,0.0,35.1,13.6
LAX,2023-01-10,50.5,0.0,42.6,14.2
LAX,2023-01-11,0.0,0.0,10.4,11.0
LAX,2023-01-12,0.0,0.0,15.8,12.8
LAX,2023-01-13,0.0,0.0,16.4,12.2
LAX,2023-01-14,31.5,0.0,27.9,12.1
LAX,2023-01-15,6.8,0.0,23.4,12.8
LAX,2023-01-16,15.2,0.0,44.6,12.2
LAX,2023-01-17,0.0,0.0,29.5,10.3
LAX,2023-01-18,0.0,0.0,22.4,9.3
LAX,2023-01-19,0.5,0.0,26.6,9.4
LAX,2023-01-20,0.0,0.0,26.4,9.5
LAX,2023-01-21,0.0,0.0,13.8,8.8
LAX,2023-01-22,0.0,0.0,37.8,9.4
LAX,2023-01-23,0.0,0.0,30.2,10.3
LAX,2023-01-24,0.0,0.0,15.8,10.0
LAX,2023-01-25,0.0,0.0,15.8,10.6
LAX,2023-01-26,0.0,0.0,14.5,11.6
LAX,2023-01-27,0.0,0.0,15.1,10.2
LAX,2023-01-28,0.0,0.0,15.7,10.7
LAX,2023-01-29,3.0,0.0,26.8,10.8
LAX,2023-01-30,6.9,0.0,18.6,10.1
LAX,2023-01-31,0.0,0.0,21.1,10.6
LAX,2023-02-01,0.0,0.0,15.2,9.7
LAX,2023-02-02,0.0,0.0,15.3,10.6
LAX,2023-02-03,0.0,0.0,15.7,11.8
LAX,2023-02-04,0.0,0.0,15.5,11.8
LAX,2023-02-05,0.4,0.0,36.3,12.9
LAX,2023-02-06,0.0,0.0,30.7,13.5
LAX,2023-02-07,0.0,0.0,17.9,11.7
LAX,2023-02-08,0.0,0.0,17.0,11.8
LAX,2023-02-09,0.0,0.0,15.8,14.2
LAX,2023-02-10,0.0,0.0,17.2,14.0
LAX,2023-02-11,0.0,0.0,40.6,11.3
LAX,2023-02-12,0.6,0.0,29.2,10.0
LAX,2023-02-13,0.0,0.0,17.7,11.1
LAX,2023-02-14,1.1,0.0,38.2,12.2
LAX,2023-02-15,0.0,0.0,31.9,10.5
LAX,2023-02-16,0.0,0.0,20.5,9.4
LAX,2023-02-17,0.0,0.0,15.5,11.1
LAX,2023-02-18,0.1,0.0,17.8,11.5
LAX,2023-02-19,0.0,0.0,16.7,11.3
LAX,2023-02-20,0.0,0.0,22.5,13.0
LAX,2023-02-21,1.0,0.0,51.5,12.5
LAX,2023-02-22,0.1,0.0,54.3,10.0
LAX,2023-02-23,10.9,0.56,27.7,8.0
LAX,2023-02-24,22.3,0.0,44.8,10.0
LAX,2023-02-25,43.2,0.35,48.3,8.4
LAX,2023-02-26,0.2,0.0,18.9,7.6
LAX,2023-02-27,8.2,0.0,23.4,9.2
LAX,2023-02-28,9.8,0.0,27.6,10.4
LAX,2023-03-01,13.0,0.0,45.4,9.6
LAX,2023-03-02,0.0,0.0,21.6,9.3
LAX,2023-03-03,0.0,0.0,15.3,9.5
LAX,2023-03-04,0.5,0.0,24.2,9.8
LAX,2023-03-05,1.3,0.0,18.4,11.1
LAX,2023-03-06,0.8,0.0,25.1,11.2
LAX,2023-03-07,0.0,0.0,25.0,10.4
LAX,2023-03-08,0.0,0.0,20.5,9.8
LAX,2023-03-09,0.0,0.0,20.3,11.2
LAX,2023-03-10,23.4,0.0,22.3,12.3
LAX,2023-03-11,4.8,0.0,16.8,13.9
LAX,2023-03-12,0.0,0.0,25.4,13.8
LAX,2023-03-13,0.0,0.0,22.5,13.6
LAX,2023-03-14,32.2,0.0,21.9,13.6
LAX,2023-03-15,44.0,0.0,30.9,13.7
LAX,2023-03-16,0.1,0.0,15.3,12.4
LAX,2023-03-17,0.0,0.0,19.0,11.7
LAX,2023-03-18,0.0,0.0,15.2,14.2
LAX,2023-03-19,4.3,0.0,19.1,13.6
LAX,2023-03-20,0.6,0.0,23.9,13.1
LAX,2023-03-21,46.5,0.0,38.8,11.9
LAX,2023-03-22,13.0,0.0,24.1,10.4
LAX,2023-03-23,1.3,0.0,30.9,11.0
LAX,2023-03-24,0.0,0.0,32.0,12.0
LAX,2023-03-25,0.0,0.0,32.4,11.2
LAX,2023-03-26,0.0,0.0,31.9,11.8
LAX,2023-03-27,0.0,0.0,20.3,12.1
LAX,2023-03-28,0.0,0.0,22.8,12.2
LAX,2023-03-29,19.5,0.0,28.9,11.7
LAX,2023-03-30,7.7,0.0,20.0,10.1
LAX,2023-03-31,0.0,0.0,22.6,11.0
LAX,2023-04-01,0.0,0.0,21.7,12.1
LAX,2023-04-02,0.0,0.0,19.9,12.0
LAX,2023-04-03,0.1,0.0,50.3,11.8
LAX,2023-04-04,0.0,0.0,34.2,10.4
LAX,2023-04-05,0.0,0.0,26.6,11.4
LAX,2023-04-06,0.0,0.0,20.1,12.9
LAX,2023-04-07,0.0,0.0,18.6,12.9
LAX,2023-04-08,0.0,0.0,22.6,12.8
LAX,2023-04-09,0.0,0.0,18.9,13.3
LAX,2023-04-10,0.0,0.0,17.7,13.5
LAX,2023-04-11,0.0,0.0,19.0,12.9
LAX,2023-04-12,0.0,0.0,15.4,13.6
LAX,2023-04-13,1.7,0.0,13.4,12.9
LAX,2023-04-14,0.5,0.0,19.2,12.9
LAX,2023-04-15,0.0,0.0,22.2,12.8
LAX,2023-04-16,0.0,0.0,18.4,13.1
LAX,2023-04-17,0.0,0.0,23.2,13.1
LAX,2023-04-18,0.0,0.0,26.6,13.4
LAX,2023-04-19,0.0,0.0,36.5,13.6
LAX,2023-04-20,0.0,0.0,21.8,15.0
LAX,2023-04-21,0.0,0.0,23.6,18.6
LAX,2023-04-22,0.0,0.0,19.0,17.7
LAX,2023-04-23,0.0,0.0,19.9,16.1
LAX,2023-04-24,0.0,0.0,25.9,15.6
LAX,2023-04-25,0.0,0.0,25.0,15.5
LAX,2023-04-26,0.0,0.0,27.9,15.3
LAX,2023-04-27,0.0,0.0,23.7,14.1
LAX,2023-04-28,0.0,0.0,24.6,14.3
LAX,2023-04-29,0.0,0.0,29.3,14.5
LAX,2023-04-30,0.0,0.0,16.6,14.8
LAX,2023-05-01,0.4,0.0,23.8,14.2
LAX,2023-05-02,0.1,0.0,22.8,13.4
LAX,2023-05-03,0.2,0.0,21.6,13.6
LAX,2023-05-04,8.6,0.0,21.4,13.5
LAX,2023-05-05,0.8,0.0,21.3,13.9
LAX,2023-05-06,0.0,0.0,25.1,14.0
LAX,2023-05-07,0.0,0.0,25.3,14.6
LAX,2023-05-08,0.0,0.0,28.8,15.2
LAX,2023-05-09,0.2,0.0,34.9,15.1
LAX,2023-05-10,0.0,0.0,26.3,15.1
LAX,2023-05-11,0.0,0.0,25.6,14.6
LAX,2023-05-12,0.0,0.0,28.9,15.1
LAX,2023-05-13,0.0,0.0,20.0,16.5
LAX,2023-05-14,0.0,0.0,22.7,17.0
LAX,2023-05-15,0.0,0.0,24.5,16.2
LAX,2023-05-16,0.0,0.0,23.7,15.9
LAX,2023-05-17,0.0,0.0,24.0,16.0
LAX,2023-05-18,0.0,0.0,17.1,16.9
LAX,2023-05-19,0.0,0.0,20.7,16.6
LAX,2023-05-20,0.0,0.0,27.1,17.1
LAX,2023-05-21,0.0,0.0,23.5,17.1
LAX,2023-05-22,0.0,0.0,23.5,16.9
LAX,2023-05-23,0.0,0.0,19.2,16.5
LAX,2023-05-24,0.1,0.0,14.6,16.2
LAX,2023-05-25,0.0,0.0,23.7,16.5
LAX,2023-05-26,1.8,0.0,28.9,16.1
LAX,2023-05-27,0.0,0.0,26.7,15.7
LAX,2023-05-28,0.0,0.0,21.3,16.0
LAX,2023-05-29,0.0,0.0,25.4,16.7
LAX,2023-05-30,0.5,0.0,27.1,16.4
LAX,2023-05-31,0.2,0.0,20.3,16.2
LAX,2023-06-01,0.1,0.0,23.6,16.4
LAX,2023-06-02,0.0,0.0,28.2,16.5
LAX,2023-06-03,0.0,0.0,21.7,16.3
LAX,2023-06-04,0.0,0.0,22.6,16.4
LAX,2023-06-05,0.1,0.0,19.1,16.1
LAX,2023-06-06,0.1,0.0,19.6,16.4
LAX,2023-06-07,1.9,0.0,23.1,16.6
LAX,2023-06-08,0.0,0.0,31.3,17.0
LAX,2023-06-09,0.0,0.0,23.5,16.8
LAX,2023-06-10,0.0,0.0,18.1,17.0
LAX,2023-06-11,0.0,0.0,17.4,17.3
LAX,2023-06-12,0.8,0.0,25.3,17.3
LAX,2023-06-13,0.0,0.0,28.2,17.1
LAX,2023-06-14,0.0,0.0,20.7,16.9
LAX,2023-06-15,0.0,0.0,18.7,17.5
LAX,2023-06-16,0.0,0.0,30.5,17.8
LAX,2023-06-17,0.0,0.0,27.3,18.1
LAX,2023-06-18,0.0,0.0,22.7,17.9
LAX,2023-06-19,0.0,0.0,17.6,17.9
LAX,2023-06-20,0.0,0.0,27.8,17.9
LAX,2023-06-21,0.0,0.0,27.2,17.8
LAX,2023-06-22,0.0,0.0,30.1,16.6
LAX,2023-06-23,0.1,0.0,30.9,17.0
LAX,2023-06-24,0.0,0.0,22.3,17.0
LAX,2023-06-25,0.0,0.0,23.6,17.1
LAX,2023-06-26,0.0,0.0,25.1,17.0
LAX,2023-06-27,0.0,0.0,25.4,17.1
LAX,2023-06-28,0.0,0.0,23.1,16.7
LAX,2023-06-29,0.0,0.0,29.7,17.2
LAX,2023-06-30,0.0,0.0,26.5,17.8
LAX,2023-07-01,0.0,0.0,23.6,18.8
LAX,2023-07-02,0.0,0.0,27.2,18.0
LAX,2023-07-03,0.0,0.0,24.1,18.0
LAX,2023-07-04,0.0,0.0,25.5,17.4
LAX,2023-07-05,0.0,0.0,27.1,17.2
LAX,2023-07-06,0.0,0.0,24.1,17.3
LAX,2023-07-07,0.0,0.0,29.7,17.3
LAX,2023-07-08,0.0,0.0,26.5,17.2
LAX,2023-07-09,0.0,0.0,29.1,17.8
LAX,2023-07-10,0.0,0.0,25.5,18.4
LAX,2023-07-11,0.0,0.0,24.2,19.1
LAX,2023-07-12,0.0,0.0,23.7,19.8
LAX,2023-07-13,0.0,0.0,24.5,19.9
LAX,2023-07-14,0.0,0.0,23.1,20.3
LAX,2023-07-15,0.0,0.0,20.8,20.6
LAX,2023-07-16,0.0,0.0,22.5,20.8
LAX,2023-07-17,0.0,0.0,22.9,20.9
LAX,2023-07-18,0.0,0.0,25.5,20.5
LAX,2023-07-19,0.0,0.0,25.3,21.2
LAX,2023-07-20,0.0,0.0,22.7,21.1
LAX,2023-07-21,0.0,0.0,21.4,21.1
LAX,2023-07-22,0.0,0.0,20.6,20.8
LAX,2023-07-23,0.0,0.0,20.8,20.8
LAX,2023-07-24,0.0,0.0,29.0,21.6
LAX,2023-07-25,0.0,0.0,22.0,22.2
LAX,2023-07-26,0.0,0.0,24.5,22.9
LAX,2023-07-27,0.0,0.0,23.1,22.8
LAX,2023-07-28,0.0,0.0,21.5,22.1
LAX,2023-07-29,0.0,0.0,27.3,22.4
LAX,2023-07-30,0.0,0.0,19.8,23.1
LAX,2023-07-31,0.0,0.0,22.6,23.9
LAX,2023-08-01,0.0,0.0,26.3,22.9
LAX,2023-08-02,0.0,0.0,29.7,21.4
LAX,2023-08-03,0.0,0.0,29.0,20.3
LAX,2023-08-04,0.0,0.0,31.7,20.6
LAX,2023-08-05,0.0,0.0,26.8,20.9
LAX,2023-08-06,0.0,0.0,23.1,21.1
LAX,2023-08-07,0.0,0.0,19.1,21.3
LAX,2023-08-08,0.4,0.0,19.9,21.2
LAX,2023-08-09,0.7,0.0,22.0,21.2
LAX,2023-08-10,1.8,0.0,21.4,20.9
LAX,2023-08-11,0.0,0.0,24.2,20.2
LAX,2023-08-12,0.0,0.0,21.9,20.8
LAX,2023-08-13,0.0,0.0,26.1,20.4
LAX,2023-08-14,0.0,0.0,30.0,21.0
LAX,2023-08-15,0.0,0.0,30.3,21.4
LAX,2023-08-16,0.2,0.0,29.1,21.9
LAX,2023-08-17,0.0,0.0,30.1,21.0
LAX,2023-08-18,0.0,0.0,27.9,19.8
LAX,2023-08-19,0.3,0.0,20.3,20.5
LAX,2023-08-20,49.7,0.0,32.1,22.7
LAX,2023-08-21,5.2,0.0,26.9,20.3
LAX,2023-08-22,0.0,0.0,24.4,20.0
LAX,2023-08-23,0.0,0.0,24.3,19.6
LAX,2023-08-24,0.0,0.0,23.9,19.5
LAX,2023-08-25,0.0,0.0,25.6,18.9
LAX,2023-08-26,0.0,0.0,22.5,19.0
LAX,2023-08-27,0.0,0.0,18.8,19.5
LAX,2023-08-28,0.0,0.0,17.2,20.8
LAX,2023-08-29,0.0,0.0,18.9,21.0
LAX,2023-08-30,0.0,0.0,17.3,21.8
LAX,2023-08-31,0.0,0.0,15.4,21.5
LAX,2023-09-01,21.6,0.0,19.8,21.7
LAX,2023-09-02,6.0,0.0,17.2,21.5
LAX,2023-09-03,0.5,0.0,26.3,21.0
LAX,2023-09-04,0.1,0.0,22.2,19.4
LAX,2023-09-05,0.0,0.0,16.6,19.6
LAX,2023-09-06,0.0,0.0,25.1,19.8
LAX,2023-09-07,0.0,0.0,22.0,19.8
LAX,2023-09-08,0.0,0.0,24.7,21.4
LAX,2023-09-09,0.0,0.0,28.3,22.8
LAX,2023-09-10,1.8,0.0,24.9,23.4
LAX,2023-09-11,0.0,0.0,23.2,22.8
LAX,2023-09-12,0.0,0.0,21.4,21.0
LAX,2023-09-13,0.0,0.0,21.8,20.3
LAX,2023-09-14,0.0,0.0,25.0,19.9
LAX,2023-09-15,0.0,0.0,28.5,19.3
LAX,2023-09-16,0.0,0.0,24.7,19.4
LAX,2023-09-17,0.0,0.0,21.7,19.6
LAX,2023-09-18,0.0,0.0,20.0,19.5
LAX,2023-09-19,0.0,0.0,23.7,18.8
LAX,2023-09-20,0.0,0.0,23.6,19.3
LAX,2023-09-21,1.5,0.0,18.2,18.5
LAX,2023-09-22,0.0,0.0,23.5,18.4
LAX,2023-09-23,0.0,0.0,23.9,18.8
LAX,2023-09-24,0.0,0.0,27.4,18.7
LAX,2023-09-25,0.0,0.0,26.9,18.3
LAX,2023-09-26,0.0,0.0,22.6,18.1
LAX,2023-09-27,0.0,0.0,21.4,18.7
LAX,2023-09-28,0.0,0.0,20.4,19.1
LAX,2023-09-29,0.0,0.0,18.1,19.3
LAX,2023-09-30,5.6,0.0,33.0,17.9
LAX,2023-10-01,1.3,0.0,18.0,16.7
LAX,2023-10-02,0.0,0.0,23.0,16.3
LAX,2023-10-03,0.0,0.0,24.9,17.9
LAX,2023-10-04,0.0,0.0,19.9,20.5
LAX,2023-10-05,0.0,0.0,20.1,22.7
LAX,2023-10-06,0.0,0.0,21.3,22.1
LAX,2023-10-07,0.0,0.0,16.3,20.7
LAX,2023-10-08,0.0,0.0,21.5,20.2
LAX,2023-10-09,0.0,0.0,25.4,18.7
LAX,2023-10-10,0.0,0.0,21.8,18.5
LAX,2023-10-11,0.1,0.0,34.6,19.6
LAX,2023-10-12,0.0,0.0,25.7,18.3
LAX,2023-10-13,0.0,0.0,21.1,18.7
LAX,2023-10-14,0.0,0.0,24.8,18.1
LAX,2023-10-15,0.0,0.0,19.4,19.5
LAX,2023-10-16,0.0,0.0,16.2,18.4
LAX,2023-10-17,0.0,0.0,16.9,19.0
LAX,2023-10-18,0.0,0.0,14.8,18.6
LAX,2023-10-19,0.0,0.0,21.8,19.0
LAX,2023-10-20,0.0,0.0,27.5,20.1
LAX,2023-10-21,0.0,0.0,33.0,19.1
LAX,2023-10-22,0.0,0.0,28.0,17.7
LAX,2023-10-23,1.0,0.0,20.6,18.7
LAX,2023-10-24,0.0,0.0,17.4,17.3
LAX,2023-10-25,0.8,0.0,16.4,18.5
LAX,2023-10-26,0.1,0.0,22.2,17.8
LAX,2023-10-27,0.0,0.0,26.0,16.9
LAX,2023-10-28,0.0,0.0,26.6,16.1
LAX,2023-10-29,0.0,0.0,19.5,17.6
LAX,2023-10-30,0.0,0.0,14.2,16.4
LAX,2023-10-31,0.0,0.0,15.4,17.8
LAX,2023-11-01,0.0,0.0,19.9,18.7
LAX,2023-11-02,0.0,0.0,16.8,19.0
LAX,2023-11-03,0.0,0.0,17.0,17.1
LAX,2023-11-04,0.0,0.0,16.5,16.4
LAX,2023-11-05,0.0,0.0,18.1,16.0
LAX,2023-11-06,0.0,0.0,19.7,16.4
LAX,2023-11-07,0.3,0.0,34.4,17.9
LAX,2023-11-08,0.0,0.0,38.5,18.3
LAX,2023-11-09,0.0,0.0,23.8,17.4
LAX,2023-11-10,0.0,0.0,17.5,15.4
LAX,2023-11-11,0.0,0.0,18.4,15.6
LAX,2023-11-12,0.0,0.0,14.7,17.7
LAX,2023-11-13,0.0,0.0,14.5,16.4
LAX,2023-11-14,0.0,0.0,16.6,16.1
LAX,2023-11-15,19.5,0.0,26.5,15.7
LAX,2023-11-16,0.0,0.0,17.3,16.7
LAX,2023-11-17,0.2,0.0,14.2,16.7
LAX,2023-11-18,11.5,0.0,15.5,16.8
LAX,2023-11-19,0.2,0.0,45.6,16.3
LAX,2023-11-20,0.0,0.0,15.7,14.0
LAX,2023-11-21,0.0,0.0,15.5,15.0
LAX,2023-11-22,0.0,0.0,16.7,14.8
LAX,2023-11-23,0.0,0.0,17.6,15.1
LAX,2023-11-24,0.1,0.0,20.1,15.2
LAX,2023-11-25,0.2,0.0,16.9,13.7
LAX,2023-11-26,0.0,0.0,14.9,13.1
LAX,2023-11-27,0.0,0.0,17.2,13.9
LAX,2023-11-28,0.0,0.0,18.0,14.3
LAX,2023-11-29,0.1,0.0,19.6,13.0
LAX,2023-11-30,0.2,0.0,22.1,13.4
LAX,2023-12-01,0.0,0.0,35.4,14.8
LAX,2023-12-02,0.0,0.0,21.6,13.5
LAX,2023-12-03,0.0,0.0,17.0,12.8
LAX,2023-12-04,0.0,0.0,13.0,15.1
LAX,2023-12-05,0.0,0.0,14.5,17.1
LAX,2023-12-06,0.0,0.0,19.3,15.7
LAX,2023-12-07,0.0,0.0,28.6,14.7
LAX,2023-12-08,0.0,0.0,24.5,13.5
LAX,2023-12-09,0.0,0.0,17.4,13.8
LAX,2023-12-10,0.0,0.0,15.5,14.4
LAX,2023-12-11,0.0,0.0,12.9,14.0
LAX,2023-12-12,0.0,0.0,15.1,13.6
LAX,2023-12-13,0.0,0.0,19.6,13.4
LAX,2023-12-14,0.0,0.0,12.9,13.7
LAX,2023-12-15,0.0,0.0,15.1,14.6
LAX,2023-12-16,0.0,0.0,14.8,15.1
LAX,2023-12-17,0.0,0.0,14.7,15.6
LAX,2023-12-18,1.1,0.0,16.6,16.6
LAX,2023-12-19,3.0,0.0,18.1,15.9
LAX,2023-12-20,20.6,0.0,22.6,15.2
LAX,2023-12-21,63.9,0.0,23.1,14.8
LAX,2023-12-22,16.0,0.0,25.3,14.7
LAX,2023-12-23,0.6,0.0,17.1,13.8
LAX,2023-12-24,0.1,0.0,14.5,13.3
LAX,2023-12-25,0.0,0.0,14.9,12.5
LAX,2023-12-26,0.0,0.0,12.9,13.0
LAX,2023-12-27,0.0,0.0,16.7,13.3
LAX,2023-12-28,0.0,0.0,13.5,12.8
LAX,2023-12-29,0.0,0.0,10.8,12.9
LAX,2023-12-30,8.8,0.0,22.6,13.6
LAX,2023-12-31,0.1,0.0,19.7,12.2
LAX,2024-01-01,0.0,0.0,18.0,12.2
LAX,2024-01-02,0.0,0.0,14.2,11.8
LAX,2024-01-03,5.5,0.0,31.2,12.1
LAX,2024-01-04,0.0,0.0,42.4,12.0
LAX,2024-01-05,0.0,0.0,15.1,10.6
LAX,2024-01-06,0.0,0.0,25.6,10.5
LAX,2024-01-07,0.2,0.0,42.2,10.7
LAX,2024-01-08,0.0,0.0,40.1,8.9
LAX,2024-01-09,0.0,0.0,14.0,8.8
LAX,2024-01-10,0.0,0.0,21.5,9.0
LAX,2024-01-11,0.0,0.0,40.4,11.6
LAX,2024-01-12,0.0,0.0,15.3,9.3
LAX,2024-01-13,0.0,0.0,15.7,9.7
LAX,2024-01-14,0.0,0.0,19.9,9.9
LAX,2024-01-15,0.0,0.0,17.1,10.5
LAX,2024-01-16,0.0,0.0,18.2,11.5
LAX,2024-01-17,0.0,0.0,12.9,12.4
LAX,2024-01-18,0.0,0.0,14.7,13.2
LAX,2024-01-19,0.0,0.0,15.7,13.2
LAX,2024-01-20,16.0,0.0,20.8,13.9
LAX,2024-01-21,8.9,0.0,17.7,13.7
LAX,2024-01-22,38.4,0.0,29.3,13.9
LAX,2024-01-23,0.0,0.0,24.9,13.5
LAX,2024-01-24,0.2,0.0,16.4,13.2
LAX,2024-01-25,0.2,0.0,24.3,13.3
LAX,2024-01-26,0.0,0.0,13.0,12.4
LAX,2024-01-27,0.0,0.0,15.0,13.9
LAX,2024-01-28,0.0,0.0,14.8,15.8
LAX,2024-01-29,0.0,0.0,16.7,15.4
LAX,2024-01-30,0.0,0.0,15.3,14.2
LAX,2024-01-31,0.0,0.0,17.9,13.3
LAX,2024-02-01,55.0,0.0,40.9,12.5
LAX,2024-02-02,1.2,0.0,36.9,11.9
LAX,2024-02-03,0.2,0.0,21.2,10.8
LAX,2024-02-04,36.7,0.0,39.9,12.4
LAX,2024-02-05,38.0,0.0,35.1,13.9
LAX,2024-02-06,21.6,0.0,15.9,11.5
LAX,2024-02-07,8.2,0.0,36.8,10.7
LAX,2024-02-08,0.3,0.0,40.4,10.6
LAX,2024-02-09,0.6,0.0,23.1,10.3
LAX,2024-02-10,0.0,0.0,33.5,11.5
LAX,2024-02-11,0.0,0.0,15.2,9.8
LAX,2024-02-12,0.0,0.0,16.2,10.5
LAX,2024-02-13,0.0,0.0,16.9,11.0
LAX,2024-02-14,0.0,0.0,13.7,11.2
LAX,2024-02-15,0.0,0.0,25.6,11.7
LAX,2024-02-16,0.0,0.0,18.1,13.4
LAX,2024-02-17,0.0,0.0,16.6,12.4
LAX,2024-02-18,7.8,0.0,12.6,13.4
LAX,2024-02-19,16.2,0.0,25.2,14.1
LAX,2024-02-20,23.1,0.0,24.8,13.8
LAX,2024-02-21,6.2,0.0,22.5,13.4
LAX,2024-02-22,0.0,0.0,21.0,12.7
LAX,2024-02-23,0.0,0.0,14.0,14.6
LAX,2024-02-24,0.0,0.0,15.4,14.8
LAX,2024-02-25,0.0,0.0,14.3,13.6
LAX,2024-02-26,8.1,0.0,13.7,12.8
LAX,2024-02-27,0.0,0.0,15.0,13.0
LAX,2024-02-28,0.0,0.0,21.2,12.7
LAX,2024-02-29,0.4,0.0,21.7,13.6
LAX,2024-03-01,1.9,0.0,22.3,13.8
LAX,2024-03-02,14.6,0.0,35.7,13.7
LAX,2024-03-03,1.8,0.0,38.9,12.9
LAX,2024-03-04,0.0,0.0,27.7,11.8
LAX,2024-03-05,0.0,0.0,16.6,12.0
LAX,2024-03-06,17.0,0.0,24.6,11.6
LAX,2024-03-07,0.0,0.0,26.4,12.1
LAX,2024-03-08,0.0,0.0,23.9,12.2
LAX,2024-03-09,0.0,0.0,17.6,12.9
LAX,2024-03-10,0.0,0.0,17.7,12.6
LAX,2024-03-11,0.1,0.0,26.1,12.8
LAX,2024-03-12,0.0,0.0,26.0,13.0
LAX,2024-03-13,0.0,0.0,28.2,13.8
LAX,2024-03-14,0.0,0.0,29.5,14.5
LAX,2024-03-15,2.9,0.0,20.1,13.5
LAX,2024-03-16,0.0,0.0,24.8,13.4
LAX,2024-03-17,0.0,0.0,20.7,12.8
LAX,2024-03-18,0.3,0.0,17.0,14.4
LAX,2024-03-19,0.0,0.0,18.0,14.3
LAX,2024-03-20,0.0,0.0,18.1,13.9
LAX,2024-03-21,0.0,0.0,18.7,13.9
LAX,2024-03-22,0.0,0.0,23.1,14.1
LAX,2024-03-23,4.6,0.0,43.8,14.0
LAX,2024-03-24,1.6,0.0,42.2,12.1
LAX,2024-03-25,0.0,0.0,24.1,12.4
LAX,2024-03-26,0.0,0.0,26.7,12.7
LAX,2024-03-27,0.0,0.0,19.0,12.8
LAX,2024-03-28,0.0,0.0,27.6,12.8
LAX,2024-03-29,0.5,0.0,24.4,12.6
LAX,2024-03-30,26.6,0.0,33.4,12.7
LAX,2024-03-31,3.3,0.0,27.4,12.0
LAX,2024-04-01,0.0,0.0,30.7,12.2
LAX,2024-04-02,0.0,0.0,19.5,13.7
LAX,2024-04-03,0.0,0.0,21.4,13.8
LAX,2024-04-04,0.9,0.0,39.1,12.5
LAX,2024-04-05,5.6,0.0,44.6,10.2
LAX,2024-04-06,0.0,0.0,25.4,10.2
LAX,2024-04-07,0.0,0.0,21.8,11.5
LAX,2024-04-08,0.0,0.0,32.4,13.6
LAX,2024-04-09,0.0,0.0,24.4,16.2
LAX,2024-04-10,0.0,0.0,16.5,16.2
LAX,2024-04-11,0.0,0.0,22.7,14.6
LAX,2024-04-12,0.0,0.0,21.7,14.9
LAX,2024-04-13,6.8,0.0,37.1,13.7
LAX,2024-04-14,6.1,0.0,25.5,11.2
LAX,2024-04-15,0.0,0.0,25.6,12.2
LAX,2024-04-16,0.0,0.0,26.8,14.3
LAX,2024-04-17,0.0,0.0,18.1,14.4
LAX,2024-04-18,0.0,0.0,20.2,14.5
LAX,2024-04-19,0.0,0.0,25.2,14.4
LAX,2024-04-20,0.0,0.0,26.4,14.4
LAX,2024-04-21,0.0,0.0,24.8,14.9
LAX,2024-04-22,0.0,0.0,20.9,16.1
LAX,2024-04-23,0.0,0.0,27.3,15.0
LAX,2024-04-24,0.0,0.0,34.2,14.4
LAX,2024-04-25,0.6,0.0,21.7,14.7
LAX,2024-04-26,0.0,0.0,42.9,15.3
LAX,2024-04-27,0.0,0.0,25.3,15.0
LAX,2024-04-28,0.0,0.0,23.9,14.9
LAX,2024-04-29,0.0,0.0,25.9,15.5
LAX,2024-04-30,0.0,0.0,24.7,16.0
LAX,2024-05-01,0.0,0.0,29.7,16.2
LAX,2024-05-02,0.0,0.0,29.0,15.8
LAX,2024-05-03,0.0,0.0,26.5,16.1
LAX,2024-05-04,0.1,0.0,28.5,15.4
LAX,2024-05-05,2.3,0.0,41.0,15.1
LAX,2024-05-06,0.0,0.0,32.4,14.4
LAX,2024-05-07,0.0,0.0,21.7,15.1
LAX,2024-05-08,0.0,0.0,24.4,16.0
LAX,2024-05-09,0.0,0.0,24.9,16.2
LAX,2024-05-10,0.0,0.0,31.7,14.8
LAX,2024-05-11,0.0,0.0,24.0,15.3
LAX,2024-05-12,0.0,0.0,26.5,16.1
LAX,2024-05-13,0.0,0.0,21.5,15.5
LAX,2024-05-14,0.0,0.0,25.6,15.8
LAX,2024-05-15,0.0,0.0,24.6,15.0
LAX,2024-05-16,0.0,0.0,27.3,14.5
LAX,2024-05-17,0.0,0.0,23.2,15.4
LAX,2024-05-18,0.0,0.0,29.1,15.7
LAX,2024-05-19,0.0,0.0,26.8,15.0
LAX,2024-05-20,0.4,0.0,30.1,14.8
LAX,2024-05-21,0.0,0.0,27.6,14.7
LAX,2024-05-22,0.0,0.0,24.4,15.2
LAX,2024-05-23,0.0,0.0,25.3,15.9
LAX,2024-05-24,0.3,0.0,26.1,15.6
LAX,2024-05-25,0.0,0.0,22.2,15.1
LAX,2024-05-26,0.1,0.0,27.7,15.6
LAX,2024-05-27,0.0,0.0,21.7,15.4
LAX,2024-05-28,0.0,0.0,24.0,15.4
LAX,2024-05-29,0.0,0.0,21.3,15.8
LAX,2024-05-30,0.0,0.0,26.0,16.0
LAX,2024-05-31,0.0,0.0,24.0,16.2
LAX,2024-06-01,0.0,0.0,31.1,16.0
LAX,2024-06-02,0.0,0.0,18.5,16.3
LAX,2024-06-03,0.0,0.0,25.2,16.8
LAX,2024-06-04,0.0,0.0,20.1,17.7
LAX,2024-06-05,0.0,0.0,21.4,18.2
LAX,2024-06-06,0.0,0.0,24.5,17.8
LAX,2024-06-07,0.0,0.0,21.1,18.0
LAX,2024-06-08,0.0,0.0,22.5,17.5
LAX,2024-06-09,0.0,0.0,26.0,17.2
LAX,2024-06-10,0.0,0.0,28.7,16.6
LAX,2024-06-11,0.0,0.0,20.9,17.0
LAX,2024-06-12,0.0,0.0,22.1,17.9
LAX,2024-06-13,0.0,0.0,29.6,17.0
LAX,2024-06-14,0.0,0.0,23.4,17.7
LAX,2024-06-15,0.0,0.0,23.1,18.5
LAX,2024-06-16,0.0,0.0,21.8,19.1
LAX,2024-06-17,0.0,0.0,24.8,19.1
LAX,2024-06-18,0.0,0.0,26.6,18.6
LAX,2024-06-19,0.0,0.0,27.0,19.0
LAX,2024-06-20,0.0,0.0,29.5,18.2
LAX,2024-06-21,0.0,0.0,25.9,18.4
LAX,2024-06-22,0.0,0.0,21.9,19.6
LAX,2024-06-23,0.0,0.0,25.6,20.6
LAX,2024-06-24,0.0,0.0,25.4,21.2
LAX,2024-06-25,0.0,0.0,21.3,20.3
LAX,2024-06-26,0.0,0.0,21.7,19.8
LAX,2024-06-27,0.0,0.0,23.6,20.2
LAX,2024-06-28,0.0,0.0,22.9,20.1
LAX,2024-06-29,0.0,0.0,27.6,19.0
LAX,2024-06-30,0.0,0.0,23.7,19.1
LAX,2024-07-01,0.0,0.0,21.7,19.8
LAX,2024-07-02,0.0,0.0,23.6,19.7
LAX,2024-07-03,0.0,0.0,28.7,18.9
LAX,2024-07-04,0.0,0.0,25.0,19.2
LAX,2024-07-05,0.0,0.0,20.1,21.2
LAX,2024-07-06,0.0,0.0,17.7,22.0
LAX,2024-07-07,0.0,0.0,20.8,20.8
LAX,2024-07-08,0.0,0.0,22.3,19.6
LAX,2024-07-09,0.0,0.0,24.4,19.8
LAX,2024-07-10,0.0,0.0,21.1,21.5
LAX,2024-07-11,0.0,0.0,26.8,20.6
LAX,2024-07-12,0.0,0.0,29.7,19.7
LAX,2024-07-13,0.1,0.0,24.3,20.5
LAX,2024-07-14,0.0,0.0,26.3,20.2
LAX,2024-07-15,0.0,0.0,32.4,19.9
LAX,2024-07-16,0.0,0.0,23.0,20.0
LAX,2024-07-17,0.0,0.0,25.7,20.2
LAX,2024-07-18,0.0,0.0,23.5,20.9
LAX,2024-07-19,0.0,0.0,25.8,21.0
LAX,2024-07-20,0.0,0.0,23.1,21.1
LAX,2024-07-21,0.0,0.0,21.6,21.9
LAX,2024-07-22,0.0,0.0,24.1,21.5
LAX,2024-07-23,0.0,0.0,22.4,21.9
LAX,2024-07-24,0.0,0.0,27.1,21.7
LAX,2024-07-25,0.0,0.0,27.6,22.3
LAX,2024-07-26,0.0,0.0,20.8,21.5
LAX,2024-07-27,0.0,0.0,25.0,20.2
LAX,2024-07-28,0.0,0.0,23.6,18.9
LAX,2024-07-29,0.0,0.0,25.3,18.6
LAX,2024-07-30,0.0,0.0,23.4,18.3
LAX,2024-07-31,0.0,0.0,21.7,18.5
LAX,2024-08-01,0.0,0.0,24.8,18.8
LAX,2024-08-02,0.0,0.0,22.2,20.5
LAX,2024-08-03,0.0,0.0,26.3,20.3
LAX,2024-08-04,0.0,0.0,23.6,20.2
LAX,2024-08-05,0.0,0.0,27.1,20.8
LAX,2024-08-06,0.0,0.0,23.5,22.2
LAX,2024-08-07,0.0,0.0,20.1,22.2
LAX,2024-08-08,0.0,0.0,26.9,20.3
LAX,2024-08-09,0.0,0.0,27.5,20.2
LAX,2024-08-10,0.0,0.0,22.8,21.3
LAX,2024-08-11,0.0,0.0,19.0,22.3
LAX,2024-08-12,0.0,0.0,23.6,21.6
LAX,2024-08-13,0.0,0.0,24.1,21.6
LAX,2024-08-14,0.0,0.0,26.6,21.2
LAX,2024-08-15,0.0,0.0,22.7,21.9
LAX,2024-08-16,0.0,0.0,24.6,22.2
LAX,2024-08-17,0.0,0.0,23.3,21.6
LAX,2024-08-18,0.0,0.0,30.1,20.6
LAX,2024-08-19,0.0,0.0,26.3,20.9
LAX,2024-08-20,0.0,0.0,24.6,21.8
LAX,2024-08-21,0.0,0.0,23.6,22.0
LAX,2024-08-22,0.0,0.0,28.6,20.8
LAX,2024-08-23,0.0,0.0,26.4,20.2
LAX,2024-08-24,0.0,0.0,28.1,19.8
LAX,2024-08-25,0.0,0.0,30.6,20.5
LAX,2024-08-26,0.0,0.0,24.2,20.7
LAX,2024-08-27,0.0,0.0,21.5,21.0
LAX,2024-08-28,0.0,0.0,24.4,19.4
LAX,2024-08-29,0.0,0.0,26.2,19.3
LAX,2024-08-30,0.0,0.0,21.9,19.1
LAX,2024-08-31,0.0,0.0,23.1,20.3
LAX,2024-09-01,0.0,0.0,20.9,21.3
LAX,2024-09-02,0.0,0.0,24.6,21.8
LAX,2024-09-03,0.0,0.0,28.3,22.1
LAX,2024-09-04,0.0,0.0,33.7,23.7
LAX,2024-09-05,0.0,0.0,23.3,26.3
LAX,2024-09-06,0.0,0.0,22.1,27.2
LAX,2024-09-07,0.0,0.0,16.6,25.7
LAX,2024-09-08,0.0,0.0,22.0,26.3
LAX,2024-09-09,0.0,0.0,35.5,26.7
LAX,2024-09-10,0.0,0.0,31.4,22.1
LAX,2024-09-11,0.0,0.0,17.6,19.5
LAX,2024-09-12,0.0,0.0,19.7,19.5
LAX,2024-09-13,0.0,0.0,20.4,20.2
LAX,2024-09-14,0.0,0.0,26.6,19.9
LAX,2024-09-15,0.0,0.0,24.7,19.2
LAX,2024-09-16,0.0,0.0,40.3,18.6
LAX,2024-09-17,0.0,0.0,29.5,18.1
LAX,2024-09-18,0.0,0.0,23.2,18.3
LAX,2024-09-19,0.0,0.0,25.2,18.8
LAX,2024-09-20,0.1,0.0,26.4,18.1
LAX,2024-09-21,0.0,0.0,21.8,18.1
LAX,2024-09-22,0.0,0.0,27.3,18.4
LAX,2024-09-23,0.0,0.0,26.9,18.6
LAX,2024-09-24,0.0,0.0,27.3,18.5
LAX,2024-09-25,0.0,0.0,29.0,17.9
LAX,2024-09-26,0.0,0.0,26.4,17.3
LAX,2024-09-27,0.0,0.0,21.0,17.0
LAX,2024-09-28,0.0,0.0,23.2,17.1
LAX,2024-09-29,0.0,0.0,23.9,17.0
LAX,2024-09-30,0.0,0.0,18.5,18.3
LAX,2024-10-01,0.0,0.0,25.1,18.7
LAX,2024-10-02,0.0,0.0,18.9,19.3
LAX,2024-10-03,0.0,0.0,14.8,20.9
LAX,2024-10-04,0.0,0.0,18.1,19.9
LAX,2024-10-05,0.0,0.0,20.9,19.6
LAX,2024-10-06,0.0,0.0,22.9,19.3
LAX,2024-10-07,0.0,0.0,17.1,18.8
LAX,2024-10-08,0.0,0.0,19.2,18.0
LAX,2024-10-09,0.0,0.0,23.0,17.8
LAX,2024-10-10,0.0,0.0,18.7,18.1
LAX,2024-10-11,0.0,0.0,19.2,18.2
LAX,2024-10-12,0.0,0.0,18.5,17.5
LAX,2024-10-13,0.0,0.0,20.7,17.2
LAX,2024-10-14,0.0,0.0,16.0,18.1
LAX,2024-10-15,0.0,0.0,19.4,17.5
LAX,2024-10-16,0.0,0.0,23.6,17.6
LAX,2024-10-17,0.1,0.0,20.6,17.9
LAX,2024-10-18,0.0,0.0,26.5,19.4
LAX,2024-10-19,0.0,0.0,17.8,17.5
LAX,2024-10-20,0.0,0.0,21.2,18.6
LAX,2024-10-21,0.0,0.0,23.1,18.7
LAX,2024-10-22,0.0,0.0,18.0,18.5
LAX,2024-10-23,0.0,0.0,14.8,18.4
LAX,2024-10-24,0.0,0.0,15.8,16.8
LAX,2024-10-25,0.0,0.0,16.1,15.9
LAX,2024-10-26,0.0,0.0,14.1,16.4
LAX,2024-10-27,0.0,0.0,18.3,16.9
LAX,2024-10-28,0.0,0.0,40.1,17.5
LAX,2024-10-29,0.0,0.0,36.6,15.7
LAX,2024-10-30,0.0,0.0,17.3,15.6
LAX,2024-10-31,0.0,0.0,18.8,14.4
LAX,2024-11-01,0.0,0.0,23.1,14.1
LAX,2024-11-02,0.4,0.0,19.9,14.9
LAX,2024-11-03,0.0,0.0,44.2,17.3
LAX,2024-11-04,0.0,0.0,29.1,16.2
LAX,2024-11-05,0.0,0.0,16.1,15.4
LAX,2024-11-06,0.0,0.0,14.8,16.7
LAX,2024-11-07,0.0,0.0,18.7,14.5
LAX,2024-11-08,0.0,0.0,16.8,14.7
LAX,2024-11-09,0.0,0.0,14.3,14.8
LAX,2024-11-10,0.0,0.0,17.5,14.0
LAX,2024-11-11,0.0,0.0,24.1,13.1
LAX,2024-11-12,0.0,0.0,37.4,15.4
LAX,2024-11-13,0.0,0.0,10.8,15.8
LAX,2024-11-14,0.0,0.0,10.0,14.7
LAX,2024-11-15,0.0,0.0,26.1,13.7
LAX,2024-11-16,0.0,0.0,17.5,13.2
LAX,2024-11-17,0.0,0.0,18.1,12.9
LAX,2024-11-18,0.0,0.0,19.1,13.1
LAX,2024-11-19,0.0,0.0,18.9,13.4
LAX,2024-11-20,0.0,0.0,8.0,13.4
LAX,2024-11-21,0.0,0.0,10.8,13.5
LAX,2024-11-22,0.0,0.0,9.1,12.9
LAX,2024-11-23,1.8,0.0,8.2,12.1
LAX,2024-11-24,0.1,0.0,10.5,13.8
LAX,2024-11-25,0.0,0.0,7.7,14.0
LAX,2024-11-26,0.4,0.0,6.1,15.3
LAX,2024-11-27,0.0,0.0,10.9,15.6
LAX,2024-11-28,0.0,0.0,11.2,15.8
LAX,2024-11-29,0.0,0.0,12.1,15.7
LAX,2024-11-30,0.0,0.0,11.7,15.8
LAX,2024-12-01,0.0,0.0,8.9,14.8
LAX,2024-12-02,0.0,0.0,8.8,12.9
LAX,2024-12-03,0.0,0.0,7.6,12.9
LAX,2024-12-04,0.0,0.0,8.3,12.6
LAX,2024-12-05,0.0,0.0,10.0,12.0
LAX,2024-12-06,0.0,0.0,7.9,12.5
LAX,2024-12-07,0.0,0.0,9.7,14.5
LAX,2024-12-08,0.0,0.0,9.5,12.7
LAX,2024-12-09,0.0,0.0,7.9,12.5
LAX,2024-12-10,0.0,0.0,9.1,12.4
LAX,2024-12-11,0.0,0.0,11.0,12.5
LAX,2024-12-12,0.6,0.0,7.8,10.1
LAX,2024-12-13,0.0,0.0,8.0,11.4
LAX,2024-12-14,0.0,0.0,7.8,12.1
LAX,2024-12-15,0.0,0.0,12.1,11.7
LAX,2024-12-16,0.0,0.0,8.6,11.7
LAX,2024-12-17,0.0,0.0,10.4,13.5
LAX,2024-12-18,0.0,0.0,8.8,17.7
LAX,2024-12-19,0.0,0.0,10.3,16.0
LAX,2024-12-20,0.0,0.0,7.9,12.1
LAX,2024-12-21,0.0,0.0,11.4,12.0
LAX,2024-12-22,0.0,0.0,9.5,12.9
LAX,2024-12-23,0.0,0.0,9.1,13.3
LAX,2024-12-24,0.0,0.0,19.8,13.5
LAX,2024-12-25,0.0,0.0,21.8,13.2
LAX,2024-12-26,0.0,0.0,9.4,12.7
LAX,2024-12-27,0.3,0.0,11.3,12.3
LAX,2024-12-28,0.0,0.0,10.5,12.2
LAX,2024-12-29,0.0,0.0,10.3,11.2
LAX,2024-12-30,0.0,0.0,10.5,11.9
LAX,2024-12-31,0.0,0.0,7.8,11.4
LAX,2025-01-01,0.0,0.0,9.7,10.9
LAX,2025-01-02,0.0,0.0,8.4,12.6
LAX,2025-01-03,0.0,0.0,13.9,12.2
LAX,2025-01-04,0.0,0.0,13.5,12.4
LAX,2025-01-05,0.0,0.0,9.6,13.8
LAX,2025-01-06,0.0,0.0,9.7,14.4
LAX,2025-01-07,0.0,0.0,21.7,16.1
LAX,2025-01-08,0.0,0.0,28.1,17.5
LAX,2025-01-09,0.0,0.0,9.2,14.0
LAX,2025-01-10,0.0,0.0,9.9,13.4
LAX,2025-01-11,0.0,0.0,11.0,13.0
LAX,2025-01-12,0.0,0.0,9.0,13.0
LAX,2025-01-13,0.0,0.0,10.1,11.9
LAX,2025-01-14,0.0,0.0,9.4,11.5
LAX,2025-01-15,0.0,0.0,9.7,12.9
LAX,2025-01-16,0.0,0.0,11.7,12.0
LAX,2025-01-17,0.0,0.0,10.5,11.0
LAX,2025-01-18,0.0,0.0,10.7,11.3
LAX,2025-01-19,0.0,0.0,10.7,10.4
LAX,2025-01-20,0.0,0.0,11.7,12.8
LAX,2025-01-21,0.0,0.0,11.6,12.8
LAX,2025-01-22,0.0,0.0,10.8,14.5
LAX,2025-01-23,0.0,0.0,10.1,15.8
LAX,2025-01-24,0.0,0.0,12.2,14.0
LAX,2025-01-25,3.4,0.0,15.4,11.8
LAX,2025-01-26,10.8,0.0,12.8,10.0
LAX,2025-01-27,0.3,0.0,12.5,9.6
LAX,2025-01-28,0.0,0.0,9.3,9.8
LAX,2025-01-29,0.0,0.0,10.4,10.1
LAX,2025-01-30,0.0,0.0,8.1,10.4
LAX,2025-01-31,0.0,0.0,10.1,9.7
LAX,2025-02-01,0.0,0.0,9.0,11.6
LAX,2025-02-02,0.0,0.0,9.3,13.1
LAX,2025-02-03,0.0,0.0,13.1,12.1
LAX,2025-02-04,0.7,0.0,13.1,12.9
LAX,2025-02-05,7.3,0.0,13.8,13.8
LAX,2025-02-06,7.6,0.0,15.6,14.7
LAX,2025-02-07,13.3,0.0,15.0,13.8
LAX,2025-02-08,0.0,0.0,10.8,11.2
LAX,2025-02-09,0.0,0.0,8.7,11.4
LAX,2025-02-10,0.1,0.0,10.0,11.3
LAX,2025-02-11,0.0,0.0,14.7,11.0
LAX,2025-02-12,4.5,0.0,14.2,11.1
LAX,2025-02-13,32.8,0.0,26.3,13.6
LAX,2025-02-14,4.7,0.0,23.3,13.1
LAX,2025-02-15,0.0,0.0,24.8,12.1
LAX,2025-02-16,0.0,0.0,8.0,12.6
LAX,2025-02-17,0.0,0.0,9.6,12.2
LAX,2025-02-18,0.0,0.0,10.9,12.3
LAX,2025-02-19,0.0,0.0,9.0,12.5
LAX,2025-02-20,0.0,0.0,9.4,13.4
LAX,2025-02-21,0.0,0.0,11.2,14.2
LAX,2025-02-22,0.0,0.0,9.4,14.7
LAX,2025-02-23,0.0,0.0,10.5,15.3
LAX,2025-02-24,0.0,0.0,12.0,14.9
LAX,2025-02-25,0.0,0.0,9.2,14.1
LAX,2025-02-26,0.0,0.0,8.7,14.9
LAX,2025-02-27,0.0,0.0,14.1,17.9
LAX,2025-02-28,0.0,0.0,12.8,15.3
LAX,2025-03-01,1.1,0.0,16.4,13.5
LAX,2025-03-02,0.8,0.0,29.2,12.8
LAX,2025-03-03,0.0,0.0,23.2,12.7
LAX,2025-03-04,0.0,0.0,16.6,13.2
LAX,2025-03-05,14.4,0.0,18.5,11.6
LAX,2025-03-06,6.6,0.0,25.2,10.1
LAX,2025-03-07,0.0,0.0,14.6,10.6
LAX,2025-03-08,0.0,0.0,10.4,11.2
LAX,2025-03-09,0.0,0.0,9.9,12.3
LAX,2025-03-10,0.0,0.0,10.6,12.4
LAX,2025-03-11,10.3,0.0,18.6,12.6
LAX,2025-03-12,5.4,0.0,17.3,13.2
LAX,2025-03-13,20.2,0.0,33.2,11.0
LAX,2025-03-14,3.6,0.0,17.3,9.3
LAX,2025-03-15,0.2,0.0,13.3,11.0
LAX,2025-03-16,0.0,0.0,11.2,11.7
LAX,2025-03-17,0.5,0.0,28.4,11.9
LAX,2025-03-18,0.0,0.0,20.3,12.6
LAX,2025-03-19,0.0,0.0,11.4,14.9
LAX,2025-03-20,0.0,0.0,12.4,14.7
LAX,2025-03-21,0.0,0.0,15.0,14.4
LAX,2025-03-22,0.0,0.0,13.0,14.8
LAX,2025-03-23,0.0,0.0,11.4,14.7
LAX,2025-03-24,0.0,0.0,12.5,15.5
LAX,2025-03-25,0.0,0.0,14.2,14.5
LAX,2025-03-26,0.1,0.0,11.2,14.0
LAX,2025-03-27,0.0,0.0,16.9,13.7
LAX,2025-03-28,0.3,0.0,20.5,14.6
LAX,2025-03-29,0.0,0.0,14.4,14.1
LAX,2025-03-30,1.4,0.0,8.5,13.4
LAX,2025-03-31,3.7,0.0,16.5,14.7
LAX,2025-04-01,0.2,0.0,32.4,13.3
LAX,2025-04-02,0.0,0.0,28.4,12.4
LAX,2025-04-03,0.6,0.0,18.7,12.7
LAX,2025-04-04,0.0,0.0,18.0,13.5
LAX,2025-04-05,0.0,0.0,20.3,16.6
LAX,2025-04-06,0.0,0.0,12.4,16.7
LAX,2025-04-07,0.0,0.0,11.4,14.8
LAX,2025-04-08,0.0,0.0,11.6,15.2
LAX,2025-04-09,0.0,0.0,10.9,15.3
LAX,2025-04-10,0.0,0.0,10.9,15.1
LAX,2025-04-11,0.0,0.0,11.5,15.8
LAX,2025-04-12,0.0,0.0,12.7,15.6
LAX,2025-04-13,0.0,0.0,12.3,15.3
LAX,2025-04-14,0.0,0.0,13.4,13.9
LAX,2025-04-15,0.0,0.0,13.2,13.6
LAX,2025-04-16,0.0,0.0,12.3,14.5
LAX,2025-04-17,2.0,0.0,14.2,14.3
LAX,2025-04-18,0.1,0.0,14.2,13.5
LAX,2025-04-19,0.0,0.0,18.3,14.1
LAX,2025-04-20,0.0,0.0,13.0,14.4
LAX,2025-04-21,0.0,0.0,14.6,14.4
LAX,2025-04-22,0.0,0.0,15.4,14.4
LAX,2025-04-23,0.0,0.0,14.5,14.4
LAX,2025-04-24,0.0,0.0,17.5,14.4
LAX,2025-04-25,1.1,0.0,14.9,13.8
LAX,2025-04-26,12.2,0.0,18.2,12.7
LAX,2025-04-27,0.6,0.0,15.1,12.7
LAX,2025-04-28,0.0,0.0,14.3,14.1
LAX,2025-04-29,0.0,0.0,12.9,14.8
LAX,2025-04-30,0.0,0.0,14.2,14.9
LAX,2025-05-01,0.0,0.0,16.0,15.1
LAX,2025-05-02,0.0,0.0,13.8,15.0
LAX,2025-05-03,0.7,0.0,15.6,15.4
LAX,2025-05-04,0.5,0.0,13.4,14.5
LAX,2025-05-05,0.0,0.0,14.3,15.9
LAX,2025-05-06,0.3,0.0,13.5,15.6
LAX,2025-05-07,0.0,0.0,18.9,15.6
LAX,2025-05-08,0.0,0.0,11.6,16.6
LAX,2025-05-09,0.0,0.0,10.4,18.8
LAX,2025-05-10,0.0,0.0,11.3,21.0
LAX,2025-05-11,0.0,0.0,11.7,20.0
LAX,2025-05-12,0.0,0.0,22.8,17.0
LAX,2025-05-13,0.0,0.0,22.3,15.9
LAX,2025-05-14,0.0,0.0,15.1,16.1
LAX,2025-05-15,0.0,0.0,14.9,16.3
LAX,2025-05-16,0.0,0.0,14.9,16.1
LAX,2025-05-17,1.9,0.0,17.5,15.7
LAX,2025-05-18,0.1,0.0,15.3,16.1
LAX,2025-05-19,0.0,0.0,13.2,17.2
LAX,2025-05-20,0.0,0.0,12.8,18.9
LAX,2025-05-21,0.0,0.0,12.3,19.4
LAX,2025-05-22,0.0,0.0,12.3,19.1
LAX,2025-05-23,0.0,0.0,14.2,18.0
LAX,2025-05-24,0.0,0.0,15.0,17.4
LAX,2025-05-25,0.0,0.0,15.5,17.3
LAX,2025-05-26,0.0,0.0,15.1,17.0
LAX,2025-05-27,0.0,0.0,15.3,17.7
LAX,2025-05-28,0.0,0.0,17.6,16.8
LAX,2025-05-29,0.0,0.0,13.4,17.4
LAX,2025-05-30,0.0,0.0,13.9,19.3
LAX,2025-05-31,0.0,0.0,12.4,18.9
LAX,2025-06-01,0.0,0.0,15.5,18.4
LAX,2025-06-02,0.0,0.0,14.9,17.7
LAX,2025-06-03,13.1,0.0,18.7,17.3
LAX,2025-06-04,0.0,0.0,15.7,16.6
LAX,2025-06-05,0.0,0.0,17.6,16.7
LAX,2025-06-06,0.0,0.0,18.8,16.8
LAX,2025-06-07,0.0,0.0,17.0,16.7
LAX,2025-06-08,0.0,0.0,14.1,16.5
LAX,2025-06-09,0.0,0.0,11.4,16.9
LAX,2025-06-10,0.0,0.0,16.2,17.6
LAX,2025-06-11,0.0,0.0,13.3,17.5
LAX,2025-06-12,0.0,0.0,13.4,18.3
LAX,2025-06-13,0.0,0.0,13.1,18.4
LAX,2025-06-14,0.0,0.0,14.7,18.6
LAX,2025-06-15,0.0,0.0,14.0,19.2
LAX,2025-06-16,0.0,0.0,12.2,19.9
LAX,2025-06-17,0.0,0.0,10.9,20.8
LAX,2025-06-18,0.0,0.0,12.7,20.2
LAX,2025-06-19,0.0,0.0,16.1,19.3
LAX,2025-06-20,0.0,0.0,14.0,18.6
LAX,2025-06-21,0.0,0.0,15.3,18.8
LAX,2025-06-22,0.0,0.0,17.3,18.9
LAX,2025-06-23,0.0,0.0,14.1,18.7
LAX,2025-06-24,0.0,0.0,15.1,17.9
LAX,2025-06-25,0.0,0.0,17.2,18.4
LAX,2025-06-26,0.0,0.0,14.4,18.6
LAX,2025-06-27,0.0,0.0,12.9,18.9
LAX,2025-06-28,0.0,0.0,13.9,18.7
LAX,2025-06-29,0.0,0.0,16.6,18.3
LAX,2025-06-30,0.0,0.0,16.4,18.4
LAX,2025-07-01,0.0,0.0,16.0,18.2
LAX,2025-07-02,0.0,0.0,13.6,18.1
LAX,2025-07-03,0.0,0.0,13.4,19.2
LAX,2025-07-04,0.0,0.0,16.1,19.4
LAX,2025-07-05,0.0,0.0,13.0,19.6
LAX,2025-07-06,0.0,0.0,12.3,18.9
LAX,2025-07-07,0.0,0.0,14.9,18.5
LAX,2025-07-08,0.0,0.0,16.5,19.1
LAX,2025-07-09,0.0,0.0,12.2,20.0
LAX,2025-07-10,0.0,0.0,11.6,20.2
LAX,2025-07-11,0.0,0.0,12.4,19.8
LAX,2025-07-12,0.0,0.0,14.3,19.7
LAX,2025-07-13,0.0,0.0,16.1,19.0
LAX,2025-07-14,0.0,0.0,14.4,18.5
LAX,2025-07-15,0.0,0.0,12.7,18.7
LAX,2025-07-16,0.0,0.0,14.0,18.8
LAX,2025-07-17,0.0,0.0,15.2,19.0
LAX,2025-07-18,0.2,0.0,14.5,19.3
LAX,2025-07-19,0.0,0.0,13.0,19.6
LAX,2025-07-20,0.0,0.0,14.3,19.8
LAX,2025-07-21,0.0,0.0,14.1,20.0
LAX,2025-07-22,0.0,0.0,15.6,19.6
LAX,2025-07-23,0.0,0.0,15.2,19.1
LAX,2025-07-24,0.0,0.0,15.8,18.9
LAX,2025-07-25,0.0,0.0,17.1,18.7
LAX,2025-07-26,0.0,0.0,14.3,18.5
LAX,2025-07-27,0.0,0.0,13.9,18.7
LAX,2025-07-28,0.0,0.0,14.6,18.7
LAX,2025-07-29,0.0,0.0,15.0,18.7
LAX,2025-07-30,0.0,0.0,14.0,19.1
LAX,2025-07-31,0.0,0.0,12.8,19.3
LAX,2025-08-01,0.0,0.0,13.8,19.4
LAX,2025-08-02,0.0,0.0,13.2,18.9
LAX,2025-08-03,0.0,0.0,13.3,19.4
LAX,2025-08-04,0.0,0.0,12.3,19.9
LAX,2025-08-05,0.0,0.0,13.3,20.3
LAX,2025-08-06,0.0,0.0,11.9,20.8
LAX,2025-08-07,0.0,0.0,12.7,21.3
LAX,2025-08-08,0.0,0.0,12.2,20.6
LAX,2025-08-09,0.0,0.0,14.5,19.8
LAX,2025-08-10,0.0,0.0,13.9,20.0
LAX,2025-08-11,0.0,0.0,12.3,20.6
LAX,2025-08-12,0.0,0.0,12.3,20.7
LAX,2025-08-13,0.0,0.0,12.6,20.1
LAX,2025-08-14,0.0,0.0,14.5,19.9
LAX,2025-08-15,0.0,0.0,12.3,20.6
LAX,2025-08-16,0.0,0.0,16.0,20.4
LAX,2025-08-17,0.0,0.0,16.8,20.3
LAX,2025-08-18,0.0,0.0,12.5,20.7
LAX,2025-08-19,0.0,0.0,12.4,21.0
LAX,2025-08-20,0.0,0.0,11.5,21.7
LAX,2025-08-21,0.0,0.0,10.1,23.3
LAX,2025-08-22,0.0,0.0,11.6,24.1
LAX,2025-08-23,0.0,0.0,13.3,23.1
LAX,2025-08-24,0.0,0.0,12.0,22.9
LAX,2025-08-25,0.0,0.0,13.2,22.0
LAX,2025-08-26,0.0,0.0,13.4,21.0
LAX,2025-08-27,0.0,0.0,14.9,21.5
LAX,2025-08-28,0.0,0.0,12.1,22.5
LAX,2025-08-29,0.0,0.0,12.4,22.5
LAX,2025-08-30,0.0,0.0,11.4,22.5
LAX,2025-08-31,0.0,0.0,13.4,22.5
LAX,2025-09-01,0.0,0.0,12.8,22.4
LAX,2025-09-02,0.0,0.0,16.0,23.0
LAX,2025-09-03,0.0,0.0,11.9,23.3
LAX,2025-09-04,0.0,0.0,13.5,22.1
LAX,2025-09-05,0.0,0.0,13.1,21.0
LAX,2025-09-06,0.0,0.0,11.5,20.8
LAX,2025-09-07,0.0,0.0,12.1,21.7
LAX,2025-09-08,0.0,0.0,14.7,21.0
LAX,2025-09-09,0.0,0.0,16.3,21.0
LAX,2025-09-10,0.0,0.0,14.8,21.0
LAX,2025-09-11,0.1,0.0,13.6,20.3
LAX,2025-09-12,0.0,0.0,15.0,20.6
LAX,2025-09-13,0.0,0.0,17.1,20.6
LAX,2025-09-14,0.0,0.0,13.2,20.5
LAX,2025-09-15,0.0,0.0,11.5,20.8
LAX,2025-09-16,0.0,0.0,11.5,21.3
LAX,2025-09-17,1.1,0.0,12.7,22.0
LAX,2025-09-18,25.8,0.0,10.4,21.7
LAX,2025-09-19,0.0,0.0,12.0,21.2
LAX,2025-09-20,0.0,0.0,10.5,20.6
LAX,2025-09-21,0.0,0.0,11.7,20.3
LAX,2025-09-22,0.0,0.0,11.7,20.7
LAX,2025-09-23,0.0,0.0,13.8,21.7
LAX,2025-09-24,0.2,0.0,15.9,21.9
LAX,2025-09-25,0.0,0.0,13.9,20.4
LAX,2025-09-26,0.0,0.0,10.4,20.3
LAX,2025-09-27,0.0,0.0,11.7,20.6
LAX,2025-09-28,0.0,0.0,12.2,20.6
LAX,2025-09-29,0.0,0.0,16.6,20.0
LAX,2025-09-30,0.0,0.0,17.1,19.5
LAX,2025-10-01,0.0,0.0,13.6,19.9
LAX,2025-10-02,0.0,0.0,12.2,19.5
LAX,2025-10-03,0.9,0.0,21.3,20.0
LAX,2025-10-04,0.0,0.0,13.5,19.0
LAX,2025-10-05,0.0,0.0,11.9,18.9
LAX,2025-10-06,0.0,0.0,13.5,18.5
LAX,2025-10-07,0.0,0.0,12.8,18.3
LAX,2025-10-08,0.0,0.0,13.0,18.0
LAX,2025-10-09,0.0,0.0,13.9,18.6
LAX,2025-10-10,0.0,0.0,10.8,20.9
LAX,2025-10-11,0.0,0.0,11.5,20.2
LAX,2025-10-12,0.0,0.0,11.2,18.3
LAX,2025-10-13,1.0,0.0,18.0,17.8
LAX,2025-10-14,26.2,0.0,26.6,15.9
LAX,2025-10-15,0.4,0.0,14.4,15.1
LAX,2025-10-16,0.0,0.0,8.6,15.9
LAX,2025-10-17,0.0,0.0,13.2,17.2
LAX,2025-10-18,0.0,0.0,9.5,18.6
LAX,2025-10-19,0.0,0.0,9.7,18.5
LAX,2025-10-20,0.0,0.0,9.3,17.8
LAX,2025-10-21,0.6,0.0,13.8,16.9
LAX,2025-10-22,0.0,0.0,16.2,17.0
LAX,2025-10-23,0.0,0.0,11.1,16.9
LAX,2025-10-24,0.0,0.0,11.9,17.1
LAX,2025-10-25,0.0,0.0,9.8,16.7
LAX,2025-10-26,0.0,0.0,10.2,16.3
LAX,2025-10-27,0.0,0.0,10.9,16.5
LAX,2025-10-28,0.0,0.0,8.3,18.6
LAX,2025-10-29,0.0,0.0,11.1,20.9
LAX,2025-10-30,0.0,0.0,8.6,20.2
LAX,2025-10-31,0.0,0.0,8.1,17.9
LAX,2025-11-01,0.0,0.0,10.0,16.6
LAX,2025-11-02,0.0,0.0,9.7,16.9
LAX,2025-11-03,0.0,0.0,10.6,16.6
LAX,2025-11-04,0.0,0.0,10.0,16.0
LAX,2025-11-05,0.0,0.0,10.9,16.4
LAX,2025-11-06,0.0,0.0,9.7,16.5
LAX,2025-11-07,0.0,0.0,9.7,17.2
LAX,2025-11-08,0.0,0.0,8.0,18.4
LAX,2025-11-09,0.0,0.0,10.3,17.5
LAX,2025-11-10,0.0,0.0,9.7,17.6
LAX,2025-11-11,0.0,0.0,9.6,16.9
LAX,2025-11-12,0.0,0.0,8.5,16.6
LAX,2025-11-13,3.2,0.0,10.2,17.8
LAX,2025-11-14,42.2,0.0,13.5,16.7
LAX,2025-11-15,62.7,0.0,18.6,15.3
LAX,2025-11-16,11.0,0.0,13.1,13.9
LAX,2025-11-17,17.7,0.0,15.3,14.7
LAX,2025-11-18,1.3,0.0,9.3,12.1
LAX,2025-11-19,0.0,0.0,10.6,12.2
LAX,2025-11-20,16.5,0.0,20.2,12.3
LAX,2025-11-21,14.6,0.0,19.2,13.7
LAX,2025-11-22,0.0,0.0,9.5,15.1
LAX,2025-11-23,0.0,0.0,9.6,15.0
LAX,2025-11-24,0.0,0.0,7.4,15.2
LAX,2025-11-25,0.0,0.0,9.4,14.7
LAX,2025-11-26,0.0,0.0,10.9,16.1
LAX,2025-11-27,0.0,0.0,11.1,15.9
LAX,2025-11-28,0.0,0.0,8.8,15.0
LAX,2025-11-29,0.0,0.0,8.6,13.9
LAX,2025-11-30,0.2,0.0,8.3,13.2
LAX,2025-12-01,0.0,0.0,8.8,13.4
LAX,2025-12-02,0.0,0.0,9.4,12.5
LAX,2025-12-03,0.1,0.0,11.4,13.7
LAX,2025-12-04,0.0,0.0,9.9,13.2
LAX,2025-12-05,0.0,0.0,8.5,12.5
LAX,2025-12-06,0.0,0.0,10.0,13.3
LAX,2025-12-07,0.0,0.0,7.5,13.7
LAX,2025-12-08,0.0,0.0,9.1,14.8
LAX,2025-12-09,0.0,0.0,11.3,16.4
LAX,2025-12-10,0.0,0.0,10.3,16.0
LAX,2025-12-11,0.0,0.0,9.6,16.3
LAX,2025-12-12,0.0,0.0,7.8,15.0
LAX,2025-12-13,0.0,0.0,8.9,13.8
LAX,2025-12-14,0.0,0.0,7.6,13.8
LAX,2025-12-15,0.0,0.0,10.1,13.1
LAX,2025-12-16,0.0,0.0,9.7,13.3
LAX,2025-12-17,0.0,0.0,20.5,14.9
LAX,2025-12-18,0.0,0.0,9.5,14.5
LAX,2025-12-19,0.0,0.0,9.2,14.2
LAX,2025-12-20,0.0,0.0,11.7,14.4
LAX,2025-12-21,0.0,0.0,10.1,13.5
LAX,2025-12-22,0.0,0.0,7.6,13.7
LAX,2025-12-23,1.9,0.0,19.1,15.2
LAX,2025-12-24,57.3,0.0,30.1,15.3
LAX,2025-12-25,13.7,0.0,16.6,14.9
LAX,2025-12-26,41.5,0.0,11.2,14.6
LAX,2025-12-27,0.0,0.0,9.0,11.8
LAX,2025-12-28,0.0,0.0,8.9,11.3
LAX,2025-12-29,0.0,0.0,9.2,12.6
LAX,2025-12-30,3.3,0.0,16.5,14.0
LAX,2025-12-31,23.4,0.0,14.6,15.3
JFK,2023-01-01,2.4,0.0,19.3,9.3
JFK,2023-01-02,0.4,0.0,9.9,7.6
JFK,2023-01-03,7.8,0.0,19.6,9.9
JFK,2023-01-04,2.6,0.0,21.6,12.5
JFK,2023-01-05,0.3,0.0,14.3,10.3
JFK,2023-01-06,6.0,0.0,19.9,6.3
JFK,2023-01-07,0.0,0.0,21.1,3.9
JFK,2023-01-08,0.0,0.0,13.8,1.5
JFK,2023-01-09,1.5,0.0,19.9,3.6
JFK,2023-01-10,0.0,0.0,15.5,2.7
JFK,2023-01-11,0.0,0.0,15.3,1.3
JFK,2023-01-12,34.8,0.0,30.3,6.5
JFK,2023-01-13,5.5,0.0,39.5,9.4
JFK,2023-01-14,0.0,0.0,31.7,0.8
JFK,2023-01-15,0.0,0.0,36.9,0.2
JFK,2023-01-16,0.0,0.0,27.8,1.0
JFK,2023-01-17,0.4,0.0,12.3,2.5
JFK,2023-01-18,0.6,0.0,28.3,6.8
JFK,2023-01-19,18.5,0.0,22.9,4.5
JFK,2023-01-20,2.0,0.0,33.0,5.8
JFK,2023-01-21,0.3,0.0,22.7,2.8
JFK,2023-01-22,6.2,0.0,22.1,2.0
JFK,2023-01-23,15.9,0.21,26.8,2.9
JFK,2023-01-24,0.0,0.0,30.2,2.6
JFK,2023-01-25,12.9,0.0,45.6,2.9
JFK,2023-01-26,12.6,0.0,45.4,7.7
JFK,2023-01-27,0.0,0.0,19.8,2.6
JFK,2023-01-28,0.0,0.0,25.1,5.1
JFK,2023-01-29,0.0,0.0,22.8,6.1
JFK,2023-01-30,0.0,0.0,15.0,6.1
JFK,2023-01-31,1.9,0.49,19.2,3.4
JFK,2023-02-01,1.1,0.77,15.3,-0.5
JFK,2023-02-02,0.0,0.0,21.1,-0.2
JFK,2023-02-03,0.0,0.0,42.8,-4.2
JFK,2023-02-04,0.0,0.0,43.5,-9.6
JFK,2023-02-05,0.0,0.0,22.7,1.9
JFK,2023-02-06,0.0,0.0,31.2,4.4
JFK,2023-02-07,3.5,1.05,24.2,0.8
JFK,2023-02-08,1.6,0.28,23.9,5.1
JFK,2023-02-09,0.0,0.0,28.1,5.4
JFK,2023-02-10,0.0,0.0,30.8,11.4
JFK,2023-02-11,0.0,0.0,27.5,3.8
JFK,2023-02-12,0.6,0.28,17.1,3.3
JFK,2023-02-13,0.8,0.0,26.1,6.6
JFK,2023-02-14,0.0,0.0,25.6,6.4
JFK,2023-02-15,0.0,0.0,30.3,9.7
JFK,2023-02-16,2.6,0.0,20.0,12.0
JFK,2023-02-17,15.1,0.0,42.0,9.9
JFK,2023-02-18,0.0,0.0,30.2,0.8
JFK,2023-02-19,0.5,0.0,32.8,4.6
JFK,2023-02-20,0.4,0.0,20.0,9.1
JFK,2023-02-21,4.2,0.0,18.4,4.9
JFK,2023-02-22,3.9,0.14,14.7,3.1
JFK,2023-02-23,0.6,0.0,19.6,5.1
JFK,2023-02-24,0.0,0.0,35.5,4.1
JFK,2023-02-25,0.4,0.28,21.1,-2.9
JFK,2023-02-26,0.0,0.0,30.8,2.2
JFK,2023-02-27,3.3,2.24,26.5,1.5
JFK,2023-02-28,14.1,5.81,32.5,1.7
JFK,2023-03-01,2.0,0.77,21.6,2.2
JFK,2023-03-02,1.0,0.0,28.1,7.2
JFK,2023-03-03,2.2,0.0,34.7,3.6
JFK,2023-03-04,48.7,0.0,44.2,5.8
JFK,2023-03-05,0.0,0.0,28.9,5.7
JFK,2023-03-06,0.0,0.0,24.9,5.9
JFK,2023-03-07,2.3,1.54,38.0,3.8
JFK,2023-03-08,0.0,0.0,31.7,2.5
JFK,2023-03-09,0.0,0.0,24.3,4.1
JFK,2023-03-10,6.2,0.0,15.4,3.4
JFK,2023-03-11,16.6,0.84,26.7,4.5
JFK,2023-03-12,0.0,0.0,17.4,3.3
JFK,2023-03-13,16.0,0.0,27.5,5.0
JFK,2023-03-14,23.1,3.01,48.6,2.1
JFK,2023-03-15,0.0,0.0,39.0,3.3
JFK,2023-03-16,0.0,0.0,21.0,5.3
JFK,2023-03-17,0.0,0.0,22.5,8.5
JFK,2023-03-18,1.2,0.0,27.4,7.9
JFK,2023-03-19,0.0,0.0,28.6,1.3
JFK,2023-03-20,0.0,0.0,24.5,2.4
JFK,2023-03-21,0.0,0.0,20.9,6.6
JFK,2023-03-22,0.0,0.0,27.4,7.2
JFK,2023-03-23,2.0,0.0,20.9,10.5
JFK,2023-03-24,0.7,0.0,21.1,8.5
JFK,2023-03-25,11.1,0.0,35.6,6.0
JFK,2023-03-26,0.0,0.0,25.7,9.5
JFK,2023-03-27,3.9,0.07,24.2,7.3
JFK,2023-03-28,1.2,0.0,19.9,6.2
JFK,2023-03-29,0.0,0.0,25.0,5.1
JFK,2023-03-30,0.0,0.0,30.6,3.2
JFK,2023-03-31,0.0,0.0,27.2,6.1
JFK,2023-04-01,13.8,0.0,28.0,13.8
JFK,2023-04-02,0.2,0.0,38.6,7.0
JFK,2023-04-03,0.0,0.0,38.5,6.2
JFK,2023-04-04,0.0,0.0,25.6,11.6
JFK,2023-04-05,0.2,0.0,25.4,11.4
JFK,2023-04-06,5.9,0.0,19.8,14.9
JFK,2023-04-07,1.4,0.0,23.2,11.1
JFK,2023-04-08,0.0,0.0,19.4,5.8
JFK,2023-04-09,0.0,0.0,23.7,6.2
JFK,2023-04-10,0.0,0.0,20.0,8.0
JFK,2023-04-11,0.0,0.0,28.4,14.2
JFK,2023-04-12,0.0,0.0,26.7,19.9
JFK,2023-04-13,0.0,0.0,20.6,20.2
JFK,2023-04-14,0.0,0.0,26.8,19.6
JFK,2023-04-15,24.5,0.0,17.5,15.7
JFK,2023-04-16,0.0,0.0,18.4,14.5
JFK,2023-04-17,9.0,0.0,24.8,14.2
JFK,2023-04-18,0.0,0.0,39.6,11.5
JFK,2023-04-19,0.0,0.0,26.6,10.1
JFK,2023-04-20,0.0,0.0,15.3,9.7
JFK,2023-04-21,0.0,0.0,24.6,12.0
JFK,2023-04-22,4.3,0.0,30.0,13.7
JFK,2023-04-23,24.7,0.0,20.8,14.3
JFK,2023-04-24,0.0,0.0,24.9,10.1
JFK,2023-04-25,0.2,0.0,16.7,10.1
JFK,2023-04-26,1.0,0.0,20.1,9.8
JFK,2023-04-27,1.0,0.0,16.7,10.5
JFK,2023-04-28,4.0,0.0,25.8,9.8
JFK,2023-04-29,44.0,0.0,34.6,10.9
JFK,2023-04-30,15.7,0.0,31.8,13.0
JFK,2023-05-01,1.2,0.0,39.1,12.6
JFK,2023-05-02,2.8,0.0,28.7,10.5
JFK,2023-05-03,1.4,0.0,16.2,9.5
JFK,2023-05-04,1.4,0.0,16.2,9.9
JFK,2023-05-05,0.2,0.0,13.8,11.1
JFK,2023-05-06,0.0,0.0,18.1,13.8
JFK,2023-05-07,1.6,0.0,22.1,15.1
JFK,2023-05-08,0.0,0.0,23.3,17.9
JFK,2023-05-09,0.0,0.0,20.2,13.5
JFK,2023-05-10,0.0,0.0,24.2,13.6
JFK,2023-05-11,0.0,0.0,20.8,16.8
JFK,2023-05-12,0.0,0.0,17.4,19.5
JFK,2023-05-13,0.0,0.0,16.6,21.5
JFK,2023-05-14,0.0,0.0,22.3,16.4
JFK,2023-05-15,0.0,0.0,23.1,16.0
JFK,2023-05-16,0.0,0.0,24.2,18.9
JFK,2023-05-17,0.0,0.0,26.6,15.1
JFK,2023-05-18,0.0,0.0,21.0,10.7
JFK,2023-05-19,0.0,0.0,29.9,14.3
JFK,2023-05-20,32.7,0.0,22.1,15.5
JFK,2023-05-21,0.9,0.0,26.1,17.1
JFK,2023-05-22,0.2,0.0,19.2,16.3
JFK,2023-05-23,0.0,0.0,21.8,13.9
JFK,2023-05-24,0.0,0.0,27.3,14.4
JFK,2023-05-25,0.0,0.0,26.3,14.5
JFK,2023-05-26,0.0,0.0,12.3,15.2
JFK,2023-05-27,0.0,0.0,16.8,16.0
JFK,2023-05-28,0.0,0.0,20.1,16.3
JFK,2023-05-29,0.0,0.0,31.3,17.5
JFK,2023-05-30,0.0,0.0,22.3,14.8
JFK,2023-05-31,0.0,0.0,15.3,15.1
JFK,2023-06-01,0.0,0.0,15.2,17.5
JFK,2023-06-02,0.0,0.0,14.1,19.9
JFK,2023-06-03,4.7,0.0,21.1,17.8
JFK,2023-06-04,0.2,0.0,25.6,14.8
JFK,2023-06-05,0.0,0.0,24.6,16.9
JFK,2023-06-06,1.8,0.0,24.5,19.1
JFK,2023-06-07,0.1,0.0,29.9,17.5
JFK,2023-06-08,0.0,0.0,17.4,16.4
JFK,2023-06-09,0.3,0.0,16.2,16.3
JFK,2023-06-10,0.1,0.0,16.8,17.9
JFK,2023-06-11,0.1,0.0,23.6,20.3
JFK,2023-06-12,4.2,0.0,24.4,20.1
JFK,2023-06-13,0.0,0.0,23.2,21.2
JFK,2023-06-14,5.6,0.0,25.8,18.5
JFK,2023-06-15,0.5,0.0,22.9,20.3
JFK,2023-06-16,10.3,0.0,19.1,18.8
JFK,2023-06-17,0.2,0.0,32.1,19.9
JFK,2023-06-18,0.0,0.0,20.3,20.4
JFK,2023-06-19,0.4,0.0,20.4,19.7
JFK,2023-06-20,0.0,0.0,22.9,18.8
JFK,2023-06-21,0.0,0.0,27.8,17.9
JFK,2023-06-22,0.1,0.0,24.0,18.3
JFK,2023-06-23,7.0,0.0,21.4,19.5
JFK,2023-06-24,17.0,0.0,21.4,20.9
JFK,2023-06-25,1.9,0.0,15.6,22.0
JFK,2023-06-26,18.5,0.0,21.8,21.2
JFK,2023-06-27,3.0,0.0,27.7,21.3
JFK,2023-06-28,2.5,0.0,20.6,22.1
JFK,2023-06-29,0.0,0.0,23.2,21.3
JFK,2023-06-30,0.1,0.0,18.3,22.0
JFK,2023-07-01,0.0,0.0,21.1,21.7
JFK,2023-07-02,18.6,0.0,21.3,23.1
JFK,2023-07-03,4.8,0.0,20.6,24.6
JFK,2023-07-04,9.9,0.0,20.2,24.0
JFK,2023-07-05,0.0,0.0,17.7,24.8
JFK,2023-07-06,0.0,0.0,19.6,24.5
JFK,2023-07-07,0.5,0.0,18.6,24.5
JFK,2023-07-08,0.9,0.0,14.8,24.5
JFK,2023-07-09,13.4,0.0,16.5,22.9
JFK,2023-07-10,1.8,0.0,16.9,24.4
JFK,2023-07-11,0.0,0.0,19.8,23.7
JFK,2023-07-12,0.0,0.0,24.8,25.7
JFK,2023-07-13,0.0,0.0,34.1,25.4
JFK,2023-07-14,4.6,0.0,24.5,24.7
JFK,2023-07-15,7.1,0.0,23.2,24.4
JFK,2023-07-16,33.0,0.0,28.8,24.0
JFK,2023-07-17,1.4,0.0,19.7,24.9
JFK,2023-07-18,4.5,0.0,20.6,24.6
JFK,2023-07-19,0.5,0.0,12.8,22.9
JFK,2023-07-20,0.4,0.0,12.8,23.6
JFK,2023-07-21,3.3,0.0,20.2,23.8
JFK,2023-07-22,0.0,0.0,14.2,23.4
JFK,2023-07-23,0.4,0.0,18.8,23.5
JFK,2023-07-24,0.0,0.0,24.5,23.8
JFK,2023-07-25,10.7,0.0,17.0,23.2
JFK,2023-07-26,0.0,0.0,21.1,23.5
JFK,2023-07-27,0.0,0.0,27.1,26.6
JFK,2023-07-28,0.0,0.0,22.0,26.6
JFK,2023-07-29,3.4,0.0,25.6,27.2
JFK,2023-07-30,0.0,0.0,26.8,21.5
JFK,2023-07-31,0.0,0.0,26.6,21.7
JFK,2023-08-01,0.0,0.0,14.5,21.9
JFK,2023-08-02,0.0,0.0,18.1,20.5
JFK,2023-08-03,0.9,0.0,30.7,21.4
JFK,2023-08-04,1.3,0.0,27.0,22.2
JFK,2023-08-05,0.4,0.0,19.1,23.4
JFK,2023-08-06,0.0,0.0,22.0,22.8
JFK,2023-08-07,39.4,0.0,35.4,23.6
JFK,2023-08-08,23.7,0.0,31.4,23.8
JFK,2023-08-09,0.1,0.0,25.2,24.1
JFK,2023-08-10,28.5,0.0,21.4,21.9
JFK,2023-08-11,0.4,0.0,18.9,23.2
JFK,2023-08-12,4.3,0.0,22.4,22.2
JFK,2023-08-13,3.1,0.0,14.3,24.5
JFK,2023-08-14,0.2,0.0,16.6,23.9
JFK,2023-08-15,13.0,0.0,20.7,24.4
JFK,2023-08-16,15.6,0.0,16.0,22.7
JFK,2023-08-17,2.0,0.0,23.7,23.0
JFK,2023-08-18,9.7,0.0,26.3,23.8
JFK,2023-08-19,0.0,0.0,20.7,20.8
JFK,2023-08-20,0.0,0.0,18.3,22.0
JFK,2023-08-21,0.4,0.0,11.7,24.8
JFK,2023-08-22,0.0,0.0,23.9,22.1
JFK,2023-08-23,0.0,0.0,14.4,20.2
JFK,2023-08-24,4.4,0.0,28.1,21.7
JFK,2023-08-25,9.5,0.0,24.4,23.1
JFK,2023-08-26,0.7,0.0,15.2,23.4
JFK,2023-08-27,0.6,0.0,15.1,22.8
JFK,2023-08-28,0.3,0.0,19.2,21.3
JFK,2023-08-29,0.2,0.0,16.1,22.3
JFK,2023-08-30,2.0,0.0,20.7,24.4
JFK,2023-08-31,0.0,0.0,24.1,20.5
JFK,2023-09-01,0.0,0.0,16.1,18.7
JFK,2023-09-02,0.0,0.0,24.2,19.2
JFK,2023-09-03,0.2,0.0,16.1,23.9
JFK,2023-09-04,1.5,0.0,11.3,25.5
JFK,2023-09-05,0.0,0.0,11.8,26.8
JFK,2023-09-06,0.0,0.0,19.1,26.9
JFK,2023-09-07,6.3,0.0,17.1,26.7
JFK,2023-09-08,2.4,0.0,22.1,24.4
JFK,2023-09-09,7.6,0.0,12.7,23.5
JFK,2023-09-10,34.4,0.0,13.9,22.3
JFK,2023-09-11,13.0,0.0,10.1,22.5
JFK,2023-09-12,0.2,0.0,16.3,22.9
JFK,2023-09-13,17.7,0.0,17.7,22.7
JFK,2023-09-14,0.0,0.0,17.3,20.2
JFK,2023-09-15,0.0,0.0,23.7,17.3
JFK,2023-09-16,0.0,0.0,23.1,18.9
JFK,2023-09-17,1.3,0.0,12.7,17.9
JFK,2023-09-18,22.6,0.0,21.3,19.1
JFK,2023-09-19,0.0,0.0,22.3,18.0
JFK,2023-09-20,0.0,0.0,15.5,17.3
JFK,2023-09-21,0.0,0.0,13.0,16.9
JFK,2023-09-22,0.0,0.0,27.5,17.3
JFK,2023-09-23,24.1,0.0,34.1,15.8
JFK,2023-09-24,18.1,0.0,32.0,17.8
JFK,2023-09-25,10.3,0.0,30.9,16.7
JFK,2023-09-26,9.8,0.0,28.5,15.6
JFK,2023-09-27,0.0,0.0,17.0,14.5
JFK,2023-09-28,0.4,0.0,19.5,15.4
JFK,2023-09-29,69.2,0.0,25.0,15.7
JFK,2023-09-30,1.2,0.0,22.4,16.4
JFK,2023-10-01,0.0,0.0,17.7,18.8
JFK,2023-10-02,0.1,0.0,14.5,19.2
JFK,2023-10-03,0.0,0.0,13.0,18.2
JFK,2023-10-04,0.0,0.0,13.0,19.4
JFK,2023-10-05,0.0,0.0,16.8,17.5
JFK,2023-10-06,3.3,0.0,18.1,19.4
JFK,2023-10-07,43.6,0.0,30.0,17.3
JFK,2023-10-08,0.0,0.0,27.4,13.0
JFK,2023-10-09,0.2,0.0,24.8,12.0
JFK,2023-10-10,0.0,0.0,21.1,14.1
JFK,2023-10-11,0.0,0.0,12.4,14.7
JFK,2023-10-12,0.0,0.0,9.5,14.0
JFK,2023-10-13,0.0,0.0,16.3,12.9
JFK,2023-10-14,11.7,0.0,19.4,10.9
JFK,2023-10-15,1.2,0.0,25.9,12.2
JFK,2023-10-16,0.5,0.0,18.1,11.7
JFK,2023-10-17,0.4,0.0,13.9,12.2
JFK,2023-10-18,0.0,0.0,8.4,12.7
JFK,2023-10-19,0.0,0.0,20.5,13.4
JFK,2023-10-20,27.4,0.0,34.4,16.0
JFK,2023-10-21,5.8,0.0,30.6,14.6
JFK,2023-10-22,0.0,0.0,30.1,11.5
JFK,2023-10-23,0.0,0.0,25.9,10.4
JFK,2023-10-24,0.0,0.0,17.7,11.4
JFK,2023-10-25,0.0,0.0,16.3,14.6
JFK,2023-10-26,0.0,0.0,17.1,16.5
JFK,2023-10-27,0.1,0.0,18.4,17.4
JFK,2023-10-28,0.0,0.0,17.6,20.4
JFK,2023-10-29,7.3,0.0,18.4,13.3
JFK,2023-10-30,1.0,0.0,26.5,14.7
JFK,2023-10-31,0.3,0.0,19.1,9.4
JFK,2023-11-01,2.5,0.0,23.4,6.7
JFK,2023-11-02,0.0,0.0,15.3,4.9
JFK,2023-11-03,0.0,0.0,22.4,8.2
JFK,2023-11-04,0.0,0.0,15.3,9.7
JFK,2023-11-05,0.1,0.0,13.4,10.6
JFK,2023-11-06,0.1,0.0,20.0,8.7
JFK,2023-11-07,6.8,0.0,21.7,14.6
JFK,2023-11-08,0.0,0.0,22.4,7.6
JFK,2023-11-09,0.6,0.0,20.5,10.3
JFK,2023-11-10,0.2,0.0,18.6,8.5
JFK,2023-11-11,0.0,0.0,19.4,7.4
JFK,2023-11-12,0.0,0.0,14.1,3.2
JFK,2023-11-13,0.0,0.0,13.2,3.9
JFK,2023-11-14,0.0,0.0,27.3,6.6
JFK,2023-11-15,0.0,0.0,19.6,5.8
JFK,2023-11-16,0.0,0.0,13.4,9.7
JFK,2023-11-17,0.0,0.0,23.8,12.2
JFK,2023-11-18,1.0,0.0,27.1,10.7
JFK,2023-11-19,0.0,0.0,21.6,6.5
JFK,2023-11-20,0.0,0.0,19.5,3.4
JFK,2023-11-21,7.3,0.0,39.4,4.9
JFK,2023-11-22,21.8,0.0,46.7,11.4
JFK,2023-11-23,0.0,0.0,25.3,8.2
JFK,2023-11-24,0.0,0.0,25.1,5.5
JFK,2023-11-25,0.0,0.0,20.4,0.6
JFK,2023-11-26,5.8,0.0,41.0,5.1
JFK,2023-11-27,4.6,0.0,46.7,8.0
JFK,2023-11-28,0.0,0.0,30.5,1.1
JFK,2023-11-29,0.0,0.0,25.8,-0.8
JFK,2023-11-30,0.0,0.0,20.3,3.9
JFK,2023-12-01,6.8,0.0,18.4,6.7
JFK,2023-12-02,0.0,0.0,15.1,9.9
JFK,2023-12-03,17.6,0.0,24.1,9.5
JFK,2023-12-04,0.0,0.0,22.6,7.7
JFK,2023-12-05,0.0,0.0,17.1,4.0
JFK,2023-12-06,0.0,0.0,22.4,2.1
JFK,2023-12-07,0.0,0.0,20.0,0.7
JFK,2023-12-08,0.0,0.0,13.4,3.8
JFK,2023-12-09,0.0,0.0,17.5,9.1
JFK,2023-12-10,27.8,0.0,41.8,12.3
JFK,2023-12-11,27.7,0.0,36.7,6.2
JFK,2023-12-12,0.0,0.0,21.7,2.7
JFK,2023-12-13,0.0,0.0,22.0,3.5
JFK,2023-12-14,0.0,0.0,15.4,1.0
JFK,2023-12-15,0.0,0.0,20.0,4.9
JFK,2023-12-16,0.0,0.0,16.0,6.8
JFK,2023-12-17,24.5,0.0,28.8,10.5
JFK,2023-12-18,63.6,0.0,56.5,11.8
JFK,2023-12-19,0.0,0.0,26.1,3.4
JFK,2023-12-20,0.0,0.0,21.2,1.0
JFK,2023-12-21,0.0,0.0,22.5,1.0
JFK,2023-12-22,0.0,0.0,11.6,-1.7
JFK,2023-12-23,0.4,0.0,10.4,1.5
JFK,2023-12-24,0.0,0.0,8.1,4.8
JFK,2023-12-25,0.0,0.0,8.0,6.1
JFK,2023-12-26,0.0,0.0,9.1,5.5
JFK,2023-12-27,3.8,0.0,17.1,7.7
JFK,2023-12-28,29.4,0.0,31.3,10.2
JFK,2023-12-29,0.7,0.0,19.0,9.4
JFK,2023-12-30,0.2,0.0,28.9,5.5
JFK,2023-12-31,0.0,0.0,16.3,3.3
JFK,2024-01-01,0.0,0.0,16.1,3.9
JFK,2024-01-02,0.0,0.0,15.0,0.1
JFK,2024-01-03,0.0,0.0,15.0,1.8
JFK,2024-01-04,0.0,0.0,27.5,2.2
JFK,2024-01-05,0.0,0.0,27.8,-1.4
JFK,2024-01-06,10.9,0.7,31.4,0.0
JFK,2024-01-07,7.8,0.63,29.0,2.4
JFK,2024-01-08,0.0,0.0,18.9,1.6
JFK,2024-01-09,26.6,0.0,62.5,4.7
JFK,2024-01-10,35.5,0.0,52.5,9.3
JFK,2024-01-11,0.0,0.0,26.0,4.8
JFK,2024-01-12,0.3,0.0,30.0,4.4
JFK,2024-01-13,22.4,0.0,43.1,9.2
JFK,2024-01-14,0.5,0.21,46.0,0.6
JFK,2024-01-15,1.0,0.7,15.6,-3.2
JFK,2024-01-16,9.0,3.71,27.5,-2.1
JFK,2024-01-17,0.0,0.0,27.4,-6.3
JFK,2024-01-18,0.3,0.21,21.9,-2.7
JFK,2024-01-19,2.8,2.03,19.5,-2.0
JFK,2024-01-20,0.0,0.0,28.0,-5.9
JFK,2024-01-21,0.0,0.0,26.4,-4.9
JFK,2024-01-22,0.0,0.0,21.1,-2.1
JFK,2024-01-23,1.2,0.0,22.5,1.3
JFK,2024-01-24,3.0,0.0,16.9,4.3
JFK,2024-01-25,7.2,0.0,24.9,10.3
JFK,2024-01-26,4.1,0.0,24.9,6.4
JFK,2024-01-27,0.0,0.0,13.4,5.2
JFK,2024-01-28,22.0,0.0,30.8,3.7
JFK,2024-01-29,0.9,0.0,30.3,2.8
JFK,2024-01-30,0.0,0.0,16.2,0.5
JFK,2024-01-31,0.3,0.0,16.1,2.3
JFK,2024-02-01,0.3,0.0,17.8,2.6
JFK,2024-02-02,7.1,0.0,21.5,3.8
JFK,2024-02-03,0.0,0.0,25.7,1.0
JFK,2024-02-04,0.0,0.0,15.1,0.9
JFK,2024-02-05,0.0,0.0,22.9,0.9
JFK,2024-02-06,0.0,0.0,17.1,-0.5
JFK,2024-02-07,0.0,0.0,13.3,1.7
JFK,2024-02-08,0.0,0.0,15.0,2.0
JFK,2024-02-09,0.0,0.0,24.1,5.8
JFK,2024-02-10,0.0,0.0,18.2,8.4
JFK,2024-02-11,0.0,0.0,17.9,7.2
JFK,2024-02-12,0.1,0.0,11.2,3.6
JFK,2024-02-13,29.1,18.9,28.9,1.0
JFK,2024-02-14,0.0,0.0,31.4,-1.1
JFK,2024-02-15,0.4,0.28,26.7,-0.9
JFK,2024-02-16,0.0,0.0,33.8,1.6
JFK,2024-02-17,6.2,4.34,23.8,-0.6
JFK,2024-02-18,0.0,0.0,30.7,-1.6
JFK,2024-02-19,0.0,0.0,22.0,-0.0
JFK,2024-02-20,0.0,0.0,15.0,-2.3
JFK,2024-02-21,0.0,0.0,16.1,-0.2
JFK,2024-02-22,1.2,0.35,24.0,1.2
JFK,2024-02-23,3.1,0.0,16.3,5.7
JFK,2024-02-24,0.0,0.0,20.2,2.6
JFK,2024-02-25,0.0,0.0,19.7,-2.2
JFK,2024-02-26,0.8,0.35,18.4,3.5
JFK,2024-02-27,6.0,0.0,35.7,7.2
JFK,2024-02-28,9.3,0.0,45.7,11.2
JFK,2024-02-29,0.7,0.0,38.5,1.2
JFK,2024-03-01,0.0,0.0,21.6,0.7
JFK,2024-03-02,29.9,0.0,34.7,7.1
JFK,2024-03-03,0.0,0.0,19.1,10.8
JFK,2024-03-04,0.0,0.0,22.8,7.8
JFK,2024-03-05,16.5,0.0,22.3,6.9
JFK,2024-03-06,34.8,0.0,23.2,7.4
JFK,2024-03-07,5.5,0.0,26.2,10.0
JFK,2024-03-08,0.0,0.0,20.5,5.6
JFK,2024-03-09,23.8,0.0,38.8,5.4
JFK,2024-03-10,14.1,0.0,35.1,7.5
JFK,2024-03-11,0.0,0.0,45.9,5.0
JFK,2024-03-12,0.0,0.0,30.5,9.4
JFK,2024-03-13,0.0,0.0,19.0,7.9
JFK,2024-03-14,0.0,0.0,18.3,10.1
JFK,2024-03-15,0.0,0.0,24.9,14.9
JFK,2024-03-16,0.1,0.0,31.0,8.2
JFK,2024-03-17,0.7,0.0,32.0,11.0
JFK,2024-03-18,0.0,0.0,20.9,6.8
JFK,2024-03-19,0.4,0.07,28.2,3.6
JFK,2024-03-20,3.9,0.0,34.0,6.7
JFK,2024-03-21,0.0,0.0,32.2,0.9
JFK,2024-03-22,0.0,0.0,18.3,0.6
JFK,2024-03-23,59.4,0.0,40.8,6.9
JFK,2024-03-24,0.0,0.0,34.4,2.5
JFK,2024-03-25,0.0,0.0,21.9,4.2
JFK,2024-03-26,0.0,0.0,22.4,5.4
JFK,2024-03-27,0.0,0.0,14.8,7.3
JFK,2024-03-28,28.0,0.0,20.5,8.2
JFK,2024-03-29,0.7,0.0,36.1,7.4
JFK,2024-03-30,0.1,0.0,29.8,7.9
JFK,2024-03-31,0.4,0.0,21.9,10.6
JFK,2024-04-01,2.7,0.0,12.4,8.3
JFK,2024-04-02,18.5,0.0,27.0,7.4
JFK,2024-04-03,27.5,0.0,47.2,6.1
JFK,2024-04-04,6.2,0.0,38.4,5.7
JFK,2024-04-05,0.0,0.0,30.0,5.4
JFK,2024-04-06,0.4,0.0,31.7,6.6
JFK,2024-04-07,0.0,0.0,25.2,7.2
JFK,2024-04-08,0.0,0.0,16.7,8.2
JFK,2024-04-09,0.0,0.0,22.0,12.5
JFK,2024-04-10,0.0,0.0,17.1,10.9
JFK,2024-04-11,8.5,0.0,34.3,11.5
JFK,2024-04-12,12.8,0.0,44.9,14.3
JFK,2024-04-13,1.8,0.0,38.1,9.6
JFK,2024-04-14,1.1,0.0,34.6,11.8
JFK,2024-04-15,0.0,0.0,27.2,16.9
JFK,2024-04-16,0.0,0.0,21.1,13.6
JFK,2024-04-17,3.8,0.0,22.8,10.3
JFK,2024-04-18,8.2,0.0,27.8,8.5
JFK,2024-04-19,0.0,0.0,20.7,8.2
JFK,2024-04-20,4.9,0.0,27.3,11.9
JFK,2024-04-21,0.0,0.0,22.8,7.7
JFK,2024-04-22,0.0,0.0,17.3,8.7
JFK,2024-04-23,0.0,0.0,27.0,8.3
JFK,2024-04-24,4.1,0.0,20.4,13.0
JFK,2024-04-25,0.0,0.0,22.4,7.2
JFK,2024-04-26,0.0,0.0,20.6,7.6
JFK,2024-04-27,0.5,0.0,24.1,8.3
JFK,2024-04-28,0.6,0.0,15.7,13.1
JFK,2024-04-29,0.5,0.0,20.1,18.1
JFK,2024-04-30,6.4,0.0,17.2,13.9
JFK,2024-05-01,0.6,0.0,19.1,13.4
JFK,2024-05-02,0.0,0.0,26.6,14.9
JFK,2024-05-03,0.0,0.0,23.7,12.6
JFK,2024-05-04,0.0,0.0,21.8,11.0
JFK,2024-05-05,6.3,0.0,25.1,10.6
JFK,2024-05-06,0.4,0.0,14.4,15.6
JFK,2024-05-07,0.0,0.0,21.1,17.9
JFK,2024-05-08,0.0,0.0,33.1,20.0
JFK,2024-05-09,0.0,0.0,18.2,16.8
JFK,2024-05-10,10.2,0.0,26.9,10.4
JFK,2024-05-11,0.0,0.0,21.0,10.7
JFK,2024-05-12,6.0,0.0,15.2,10.1
JFK,2024-05-13,0.0,0.0,28.1,12.2
JFK,2024-05-14,1.5,0.0,24.9,14.8
JFK,2024-05-15,10.1,0.0,30.6,15.1
JFK,2024-05-16,5.8,0.0,39.4,16.2
JFK,2024-05-17,0.0,0.0,19.2,16.6
JFK,2024-05-18,3.0,0.0,13.0,15.7
JFK,2024-05-19,0.0,0.0,20.6,15.7
JFK,2024-05-20,0.0,0.0,18.3,14.6
JFK,2024-05-21,0.0,0.0,20.7,16.2
JFK,2024-05-22,0.0,0.0,25.3,18.6
JFK,2024-05-23,3.7,0.0,16.9,20.5
JFK,2024-05-24,0.0,0.0,23.1,21.2
JFK,2024-05-25,0.0,0.0,18.2,18.5
JFK,2024-05-26,0.6,0.0,16.3,18.2
JFK,2024-05-27,24.9,0.0,28.7,18.3
JFK,2024-05-28,0.2,0.0,26.1,21.7
JFK,2024-05-29,7.2,0.0,16.0,18.3
JFK,2024-05-30,3.6,0.0,21.9,17.6
JFK,2024-05-31,0.0,0.0,20.0,18.1
JFK,2024-06-01,0.0,0.0,21.0,19.6
JFK,2024-06-02,0.0,0.0,21.0,19.7
JFK,2024-06-03,0.2,0.0,14.6,21.3
JFK,2024-06-04,0.0,0.0,18.3,19.2
JFK,2024-06-05,6.6,0.0,22.5,19.5
JFK,2024-06-06,26.6,0.0,38.3,22.2
JFK,2024-06-07,0.5,0.0,23.0,22.0
JFK,2024-06-08,0.0,0.0,27.6,20.5
JFK,2024-06-09,0.0,0.0,25.1,20.6
JFK,2024-06-10,0.0,0.0,18.8,19.1
JFK,2024-06-11,0.8,0.0,12.6,18.1
JFK,2024-06-12,0.3,0.0,20.6,18.9
JFK,2024-06-13,0.0,0.0,33.0,20.2
JFK,2024-06-14,7.9,0.0,21.3,21.6
JFK,2024-06-15,0.0,0.0,23.7,21.8
JFK,2024-06-16,0.0,0.0,20.1,18.8
JFK,2024-06-17,0.0,0.0,33.2,21.2
JFK,2024-06-18,0.0,0.0,28.1,22.7
JFK,2024-06-19,0.0,0.0,26.8,22.6
JFK,2024-06-20,0.0,0.0,22.8,23.7
JFK,2024-06-21,0.0,0.0,25.0,25.4
JFK,2024-06-22,3.8,0.0,20.6,24.8
JFK,2024-06-23,0.2,0.0,31.0,26.0
JFK,2024-06-24,0.0,0.0,40.5,25.1
JFK,2024-06-25,0.0,0.0,33.9,24.8
JFK,2024-06-26,0.1,0.0,29.9,25.7
JFK,2024-06-27,7.7,0.0,21.6,24.0
JFK,2024-06-28,0.0,0.0,22.4,19.6
JFK,2024-06-29,0.6,0.0,34.9,22.0
JFK,2024-06-30,26.4,0.0,22.1,25.3
JFK,2024-07-01,0.2,0.0,25.8,21.9
JFK,2024-07-02,0.0,0.0,18.0,21.7
JFK,2024-07-03,0.0,0.0,27.0,21.2
JFK,2024-07-04,1.3,0.0,21.9,22.4
JFK,2024-07-05,0.4,0.0,19.7,24.0
JFK,2024-07-06,0.6,0.0,22.7,24.7
JFK,2024-07-07,0.2,0.0,13.2,26.0
JFK,2024-07-08,0.2,0.0,15.8,25.1
JFK,2024-07-09,0.4,0.0,23.1,24.3
JFK,2024-07-10,0.4,0.0,40.7,25.4
JFK,2024-07-11,5.9,0.0,29.9,25.9
JFK,2024-07-12,2.3,0.0,19.2,24.4
JFK,2024-07-13,10.4,0.0,14.5,24.0
JFK,2024-07-14,0.1,0.0,16.6,24.9
JFK,2024-07-15,1.8,0.0,22.7,25.8
JFK,2024-07-16,2.1,0.0,29.3,27.8
JFK,2024-07-17,21.4,0.0,23.7,26.1
JFK,2024-07-18,0.4,0.0,14.8,25.6
JFK,2024-07-19,0.0,0.0,17.2,23.6
JFK,2024-07-20,0.3,0.0,22.6,23.5
JFK,2024-07-21,1.0,0.0,21.3,24.8
JFK,2024-07-22,1.7,0.0,19.4,24.2
JFK,2024-07-23,2.2,0.0,14.0,24.1
JFK,2024-07-24,4.0,0.0,15.9,24.3
JFK,2024-07-25,1.3,0.0,14.2,25.2
JFK,2024-07-26,0.0,0.0,21.7,23.9
JFK,2024-07-27,0.0,0.0,18.7,24.0
JFK,2024-07-28,0.0,0.0,20.7,24.1
JFK,2024-07-29,2.5,0.0,23.8,24.2
JFK,2024-07-30,0.0,0.0,38.6,24.9
JFK,2024-07-31,4.6,0.0,25.3,25.2
JFK,2024-08-01,0.0,0.0,20.6,26.2
JFK,2024-08-02,7.0,0.0,26.1,25.8
JFK,2024-08-03,4.4,0.0,27.9,26.0
JFK,2024-08-04,11.5,0.0,18.6,24.3
JFK,2024-08-05,0.0,0.0,23.9,26.0
JFK,2024-08-06,40.8,0.0,16.7,25.5
JFK,2024-08-07,16.9,0.0,21.4,21.6
JFK,2024-08-08,3.5,0.0,28.3,21.1
JFK,2024-08-09,11.4,0.0,45.1,24.9
JFK,2024-08-10,2.6,0.0,18.7,25.4
JFK,2024-08-11,0.6,0.0,15.0,22.7
JFK,2024-08-12,0.7,0.0,20.7,22.0
JFK,2024-08-13,0.0,0.0,13.9,21.6
JFK,2024-08-14,0.5,0.0,14.8,23.1
JFK,2024-08-15,0.0,0.0,11.4,24.0
JFK,2024-08-16,0.0,0.0,17.1,23.6
JFK,2024-08-17,1.9,0.0,23.6,23.1
JFK,2024-08-18,15.6,0.0,26.4,22.9
JFK,2024-08-19,19.5,0.0,20.1,23.1
JFK,2024-08-20,0.3,0.0,22.5,19.4
JFK,2024-08-21,0.0,0.0,20.2,18.1
JFK,2024-08-22,0.0,0.0,19.2,19.2
JFK,2024-08-23,0.0,0.0,20.3,20.8
JFK,2024-08-24,0.0,0.0,24.1,21.7
JFK,2024-08-25,0.1,0.0,20.8,22.5
JFK,2024-08-26,0.2,0.0,21.0,22.4
JFK,2024-08-27,0.1,0.0,21.3,22.2
JFK,2024-08-28,0.1,0.0,17.5,26.7
JFK,2024-08-29,5.5,0.0,21.4,23.0
JFK,2024-08-30,2.9,0.0,21.2,20.7
JFK,2024-08-31,0.0,0.0,16.9,21.9
JFK,2024-09-01,1.4,0.0,16.6,23.8
JFK,2024-09-02,0.0,0.0,22.1,22.2
JFK,2024-09-03,0.0,0.0,20.3,18.2
JFK,2024-09-04,0.0,0.0,17.1,18.7
JFK,2024-09-05,0.0,0.0,20.8,19.0
JFK,2024-09-06,0.2,0.0,17.4,20.2
JFK,2024-09-07,11.3,0.0,27.4,20.0
JFK,2024-09-08,0.0,0.0,21.7,17.0
JFK,2024-09-09,0.0,0.0,21.4,18.6
JFK,2024-09-10,0.0,0.0,14.4,20.3
JFK,2024-09-11,0.0,0.0,15.6,18.9
JFK,2024-09-12,0.0,0.0,15.8,19.4
JFK,2024-09-13,0.0,0.0,15.1,19.5
JFK,2024-09-14,0.1,0.0,11.6,21.3
JFK,2024-09-15,0.0,0.0,22.5,20.6
JFK,2024-09-16,0.0,0.0,16.4,18.8
JFK,2024-09-17,0.0,0.0,18.3,20.0
JFK,2024-09-18,0.0,0.0,16.6,20.8
JFK,2024-09-19,0.0,0.0,18.6,23.4
JFK,2024-09-20,0.1,0.0,20.4,22.1
JFK,2024-09-21,0.0,0.0,20.0,19.9
JFK,2024-09-22,0.0,0.0,16.6,18.8
JFK,2024-09-23,0.2,0.0,16.4,17.5
JFK,2024-09-24,0.1,0.0,20.1,17.5
JFK,2024-09-25,0.0,0.0,24.0,18.3
JFK,2024-09-26,5.1,0.0,21.4,20.6
JFK,2024-09-27,0.7,0.0,13.4,20.4
JFK,2024-09-28,7.8,0.0,29.7,18.3
JFK,2024-09-29,1.2,0.0,21.0,17.3
JFK,2024-09-30,0.0,0.0,18.4,18.1
JFK,2024-10-01,0.0,0.0,18.0,17.5
JFK,2024-10-02,0.0,0.0,14.7,16.5
JFK,2024-10-03,0.0,0.0,14.8,17.5
JFK,2024-10-04,0.2,0.0,16.7,17.3
JFK,2024-10-05,0.2,0.0,18.8,19.1
JFK,2024-10-06,0.0,0.0,21.2,16.2
JFK,2024-10-07,2.1,0.0,20.5,19.2
JFK,2024-10-08,0.0,0.0,15.3,15.8
JFK,2024-10-09,0.0,0.0,18.5,15.2
JFK,2024-10-10,0.0,0.0,23.3,12.5
JFK,2024-10-11,0.0,0.0,21.8,13.8
JFK,2024-10-12,0.0,0.0,25.2,17.9
JFK,2024-10-13,0.0,0.0,32.9,17.0
JFK,2024-10-14,0.0,0.0,38.4,14.7
JFK,2024-10-15,0.1,0.0,22.4,10.0
JFK,2024-10-16,0.0,0.0,21.0,10.1
JFK,2024-10-17,0.0,0.0,24.0,9.8
JFK,2024-10-18,0.0,0.0,18.7,12.4
JFK,2024-10-19,0.0,0.0,11.1,12.9
JFK,2024-10-20,0.0,0.0,15.7,14.2
JFK,2024-10-21,0.0,0.0,16.4,16.9
JFK,2024-10-22,0.0,0.0,12.8,18.3
JFK,2024-10-23,0.0,0.0,27.2,17.0
JFK,2024-10-24,0.4,0.0,25.7,16.4
JFK,2024-10-25,0.0,0.0,19.1,11.8
JFK,2024-10-26,0.0,0.0,27.7,13.9
JFK,2024-10-27,0.0,0.0,20.5,10.3
JFK,2024-10-28,0.0,0.0,14.6,9.9
JFK,2024-10-29,0.8,0.0,27.4,14.1
JFK,2024-10-30,0.1,0.0,15.5,16.5
JFK,2024-10-31,0.0,0.0,24.1,18.7
JFK,2024-11-01,0.3,0.0,32.2,20.9
JFK,2024-11-02,0.0,0.0,19.8,12.4
JFK,2024-11-03,0.0,0.0,16.3,7.8
JFK,2024-11-04,0.0,0.0,19.7,10.2
JFK,2024-11-05,0.0,0.0,21.9,15.8
JFK,2024-11-06,0.0,0.0,24.2,20.6
JFK,2024-11-07,0.0,0.0,24.6,18.5
JFK,2024-11-08,0.0,0.0,33.2,13.9
JFK,2024-11-09,0.0,0.0,29.1,9.0
JFK,2024-11-10,0.9,0.0,26.7,10.0
JFK,2024-11-11,3.6,0.0,29.7,16.4
JFK,2024-11-12,0.0,0.0,29.7,9.9
JFK,2024-11-13,0.0,0.0,17.9,5.4
JFK,2024-11-14,0.0,0.0,11.7,5.5
JFK,2024-11-15,0.0,0.0,15.3,8.5
JFK,2024-11-16,0.0,0.0,17.9,11.0
JFK,2024-11-17,0.0,0.0,14.2,11.6
JFK,2024-11-18,0.0,0.0,16.5,12.8
JFK,2024-11-19,0.0,0.0,12.8,11.2
JFK,2024-11-20,0.0,0.0,14.7,12.0
JFK,2024-11-21,48.7,0.0,21.4,9.2
JFK,2024-11-22,12.4,0.0,29.8,4.4
JFK,2024-11-23,1.0,0.0,25.0,6.0
JFK,2024-11-24,0.0,0.0,25.1,8.4
JFK,2024-11-25,0.0,0.0,12.3,7.2
JFK,2024-11-26,2.5,0.0,16.2,11.6
JFK,2024-11-27,0.0,0.0,10.4,6.8
JFK,2024-11-28,19.3,0.0,23.3,8.0
JFK,2024-11-29,0.0,0.0,19.3,4.5
JFK,2024-11-30,0.0,0.0,18.2,0.7
JFK,2024-12-01,0.0,0.0,19.5,-0.5
JFK,2024-12-02,0.0,0.0,11.1,0.3
JFK,2024-12-03,0.0,0.0,14.5,1.2
JFK,2024-12-04,0.1,0.0,22.8,1.4
JFK,2024-12-05,4.3,0.91,30.4,2.8
JFK,2024-12-06,0.0,0.0,21.2,-0.7
JFK,2024-12-07,0.0,0.0,16.1,1.1
JFK,2024-12-08,0.0,0.0,22.1,6.4
JFK,2024-12-09,7.3,0.0,15.6,7.4
JFK,2024-12-10,4.3,0.0,18.8,8.7
JFK,2024-12-11,39.6,0.0,35.1,12.7
JFK,2024-12-12,0.1,0.0,26.2,2.1
JFK,2024-12-13,0.0,0.0,14.0,-1.8
JFK,2024-12-14,0.0,0.0,10.5,-1.9
JFK,2024-12-15,0.5,0.07,10.1,0.7
JFK,2024-12-16,19.7,0.14,24.5,7.2
JFK,2024-12-17,4.1,0.0,21.9,11.4
JFK,2024-12-18,4.6,0.0,15.9,7.1
JFK,2024-12-19,3.1,0.0,17.4,5.0
JFK,2024-12-20,1.6,0.14,16.5,1.7
JFK,2024-12-21,3.8,2.66,22.4,-2.3
JFK,2024-12-22,0.0,0.0,17.8,-8.6
JFK,2024-12-23,0.0,0.0,12.2,-8.5
JFK,2024-12-24,1.7,1.19,12.5,-0.6
JFK,2024-12-25,0.0,0.0,11.5,-1.5
JFK,2024-12-26,0.0,0.0,10.5,-3.2
JFK,2024-12-27,0.0,0.0,8.0,-1.5
JFK,2024-12-28,6.9,0.0,11.1,6.0
JFK,2024-12-29,5.3,0.0,28.6,9.6
JFK,2024-12-30,8.4,0.0,30.6,11.3
JFK,2024-12-31,5.1,0.0,21.3,6.9
JFK,2025-01-01,7.2,0.0,25.8,7.8
JFK,2025-01-02,0.0,0.0,26.3,2.8
JFK,2025-01-03,0.0,0.0,18.7,0.6
JFK,2025-01-04,0.0,0.0,27.9,-1.2
JFK,2025-01-05,0.0,0.0,22.1,-1.9
JFK,2025-01-06,1.7,1.19,19.2,-2.1
JFK,2025-01-07,0.1,0.07,36.1,-5.0
JFK,2025-01-08,0.0,0.0,28.3,-4.0
JFK,2025-01-09,0.0,0.0,29.8,-3.9
JFK,2025-01-10,0.0,0.0,23.2,-0.4
JFK,2025-01-11,1.6,1.12,18.5,-0.9
JFK,2025-01-12,0.0,0.0,16.8,0.8
JFK,2025-01-13,0.0,0.0,20.0,1.9
JFK,2025-01-14,0.0,0.0,23.5,-1.4
JFK,2025-01-15,0.0,0.0,24.2,-3.1
JFK,2025-01-16,0.4,0.28,12.4,-2.7
JFK,2025-01-17,0.0,0.0,15.1,-0.2
JFK,2025-01-18,2.1,0.0,22.0,4.6
JFK,2025-01-19,6.6,4.62,21.8,1.1
JFK,2025-01-20,0.0,0.0,19.6,-6.7
JFK,2025-01-21,0.5,0.35,12.9,-10.5
JFK,2025-01-22,0.0,0.0,14.0,-10.7
JFK,2025-01-23,0.0,0.0,11.6,-7.6
JFK,2025-01-24,0.0,0.0,12.1,-5.0
JFK,2025-01-25,0.0,0.0,14.4,-5.8
JFK,2025-01-26,0.0,0.0,16.5,0.4
JFK,2025-01-27,0.0,0.0,21.6,0.1
JFK,2025-01-28,0.0,0.0,23.5,1.3
JFK,2025-01-29,0.1,0.0,29.8,4.9
JFK,2025-01-30,0.0,0.0,19.1,-1.3
JFK,2025-01-31,8.5,0.0,17.7,5.6
JFK,2025-02-01,4.5,0.0,21.8,1.5
JFK,2025-02-02,5.3,3.43,15.9,-3.6
JFK,2025-02-03,1.4,0.63,18.2,2.5
JFK,2025-02-04,0.2,0.0,24.2,4.3
JFK,2025-02-05,0.0,0.0,17.1,-1.0
JFK,2025-02-06,7.7,2.66,22.1,2.0
JFK,2025-02-07,0.0,0.0,24.7,2.1
JFK,2025-02-08,6.4,4.34,16.6,-1.5
JFK,2025-02-09,6.4,1.68,15.4,0.5
JFK,2025-02-10,0.0,0.0,14.7,-1.5
JFK,2025-02-11,1.9,1.33,8.1,-3.2
JFK,2025-02-12,5.0,3.43,16.3,0.0
JFK,2025-02-13,6.6,0.07,20.9,4.8
JFK,2025-02-14,0.0,0.0,21.3,-0.6
JFK,2025-02-15,7.1,1.96,16.1,-0.5
JFK,2025-02-16,36.1,0.0,34.1,4.8
JFK,2025-02-17,0.0,0.0,31.7,-1.1
JFK,2025-02-18,0.0,0.0,22.6,-4.9
JFK,2025-02-19,0.0,0.0,18.9,-4.9
JFK,2025-02-20,0.9,0.63,22.4,-4.6
JFK,2025-02-21,0.0,0.0,23.0,-3.7
JFK,2025-02-22,0.0,0.0,17.2,-2.2
JFK,2025-02-23,0.0,0.0,13.8,2.7
JFK,2025-02-24,0.0,0.0,24.1,3.4
JFK,2025-02-25,0.0,0.0,16.4,6.6
JFK,2025-02-26,0.1,0.0,20.0,7.8
JFK,2025-02-27,2.5,0.0,17.8,8.8
JFK,2025-02-28,0.0,0.0,18.1,6.7
JFK,2025-03-01,0.0,0.0,27.9,7.7
JFK,2025-03-02,0.0,0.0,21.2,-3.2
JFK,2025-03-03,0.0,0.0,16.3,-1.4
JFK,2025-03-04,0.0,0.0,21.0,4.0
JFK,2025-03-05,31.7,0.0,33.8,8.9
JFK,2025-03-06,6.3,0.0,37.9,9.6
JFK,2025-03-07,0.0,0.0,30.5,4.0
JFK,2025-03-08,0.0,0.0,23.7,4.0
JFK,2025-03-09,0.0,0.0,24.2,4.1
JFK,2025-03-10,0.0,0.0,16.1,8.2
JFK,2025-03-11,0.0,0.0,16.6,8.4
JFK,2025-03-12,0.0,0.0,15.7,7.3
JFK,2025-03-13,0.0,0.0,15.1,5.7
JFK,2025-03-14,0.0,0.0,9.9,5.6
JFK,2025-03-15,0.9,0.0,13.4,6.3
JFK,2025-03-16,11.7,0.0,34.7,10.5
JFK,2025-03-17,35.3,0.0,34.7,11.3
JFK,2025-03-18,0.0,0.0,20.1,6.7
JFK,2025-03-19,0.0,0.0,13.3,7.5
JFK,2025-03-20,6.8,0.0,17.5,7.3
JFK,2025-03-21,4.3,0.0,27.9,6.7
JFK,2025-03-22,0.1,0.0,24.9,8.2
JFK,2025-03-23,0.0,0.0,20.2,3.0
JFK,2025-03-24,16.7,0.0,22.1,7.2
JFK,2025-03-25,0.0,0.0,23.4,9.6
JFK,2025-03-26,0.2,0.0,15.5,6.3
JFK,2025-03-27,0.0,0.0,17.7,4.8
JFK,2025-03-28,0.4,0.0,16.4,8.8
JFK,2025-03-29,7.3,0.0,19.6,15.6
JFK,2025-03-30,0.1,0.0,12.2,7.8
JFK,2025-03-31,13.3,0.0,22.8,12.5
JFK,2025-04-01,8.2,0.0,24.8,9.1
JFK,2025-04-02,0.0,0.0,19.5,4.6
JFK,2025-04-03,3.1,0.0,21.9,14.3
JFK,2025-04-04,7.7,0.0,20.0,17.8
JFK,2025-04-05,2.8,0.0,22.0,9.3
JFK,2025-04-06,2.9,0.0,15.9,10.0
JFK,2025-04-07,9.6,0.0,12.6,6.5
JFK,2025-04-08,0.0,0.0,27.7,4.8
JFK,2025-04-09,0.0,0.0,18.8,3.1
JFK,2025-04-10,0.5,0.0,17.2,5.6
JFK,2025-04-11,9.7,0.0,18.7,6.4
JFK,2025-04-12,15.9,0.28,24.5,4.1
JFK,2025-04-13,0.6,0.0,21.7,8.7
JFK,2025-04-14,0.0,0.0,13.2,9.9
JFK,2025-04-15,7.2,0.0,23.1,12.9
JFK,2025-04-16,0.0,0.0,26.1,7.9
JFK,2025-04-17,0.0,0.0,15.6,9.8
JFK,2025-04-18,0.0,0.0,26.1,10.8
JFK,2025-04-19,0.5,0.0,23.6,20.9
JFK,2025-04-20,0.0,0.0,21.7,17.4
JFK,2025-04-21,0.3,0.0,15.5,10.6
JFK,2025-04-22,0.3,0.0,18.4,17.0
JFK,2025-04-23,0.0,0.0,16.4,15.9
JFK,2025-04-24,0.0,0.0,21.3,16.8
JFK,2025-04-25,0.0,0.0,19.4,16.6
JFK,2025-04-26,25.1,0.0,22.8,16.5
JFK,2025-04-27,0.0,0.0,29.5,11.7
JFK,2025-04-28,0.0,0.0,16.7,15.3
JFK,2025-04-29,0.0,0.0,23.2,16.1
JFK,2025-04-30,0.0,0.0,19.7,21.1
JFK,2025-05-01,0.3,0.0,14.5,14.6
JFK,2025-05-02,4.9,0.0,19.3,18.1
JFK,2025-05-03,14.3,0.0,18.4,18.5
JFK,2025-05-04,15.9,0.0,17.3,15.5
JFK,2025-05-05,13.2,0.0,18.0,15.0
JFK,2025-05-06,29.1,0.0,20.8,14.9
JFK,2025-05-07,0.6,0.0,14.5,16.3
JFK,2025-05-08,0.0,0.0,10.5,17.7
JFK,2025-05-09,16.5,0.0,14.4,14.8
JFK,2025-05-10,0.0,0.0,23.8,15.3
JFK,2025-05-11,0.0,0.0,10.7,18.0
JFK,2025-05-12,0.0,0.0,10.7,15.3
JFK,2025-05-13,3.2,0.0,14.9,16.3
JFK,2025-05-14,25.1,0.0,20.5,15.7
JFK,2025-05-15,0.7,0.0,9.9,16.9
JFK,2025-05-16,0.5,0.0,15.2,16.3
JFK,2025-05-17,1.1,0.0,20.1,19.5
JFK,2025-05-18,0.3,0.0,23.5,19.3
JFK,2025-05-19,0.0,0.0,21.8,16.1
JFK,2025-05-20,0.0,0.0,16.6,13.9
JFK,2025-05-21,5.9,0.0,22.2,12.0
JFK,2025-05-22,21.7,0.0,21.6,10.5
JFK,2025-05-23,2.2,0.0,13.7,11.7
JFK,2025-05-24,0.2,0.0,19.6,13.3
JFK,2025-05-25,0.3,0.0,18.0,15.0
JFK,2025-05-26,0.0,0.0,9.9,15.9
JFK,2025-05-27,0.0,0.0,14.4,17.2
JFK,2025-05-28,12.8,0.0,11.8,15.0
JFK,2025-05-29,1.7,0.0,15.3,16.5
JFK,2025-05-30,0.8,0.0,13.0,17.1
JFK,2025-05-31,34.4,0.0,27.7,16.2
JFK,2025-06-01,0.0,0.0,21.1,14.5
JFK,2025-06-02,0.0,0.0,14.7,15.7
JFK,2025-06-03,0.0,0.0,13.0,18.2
JFK,2025-06-04,0.0,0.0,20.7,20.0
JFK,2025-06-05,0.0,0.0,15.4,23.9
JFK,2025-06-06,0.0,0.0,16.7,23.5
JFK,2025-06-07,2.8,0.0,10.6,20.6
JFK,2025-06-08,0.8,0.0,17.4,19.0
JFK,2025-06-09,3.5,0.0,16.6,17.5
JFK,2025-06-10,15.3,0.0,11.0,19.5
JFK,2025-06-11,0.0,0.0,17.9,22.6
JFK,2025-06-12,0.0,0.0,14.3,26.7
JFK,2025-06-13,0.2,0.0,14.5,23.0
JFK,2025-06-14,5.6,0.0,15.1,17.8
JFK,2025-06-15,5.0,0.0,9.5,16.4
JFK,2025-06-16,2.2,0.0,13.1,17.3
JFK,2025-06-17,5.4,0.0,12.5,18.4
JFK,2025-06-18,17.5,0.0,10.2,20.2
JFK,2025-06-19,0.4,0.0,19.3,24.1
JFK,2025-06-20,0.3,0.0,20.6,24.0
JFK,2025-06-21,0.1,0.0,16.8,25.4
JFK,2025-06-22,0.4,0.0,21.4,28.3
JFK,2025-06-23,0.1,0.0,13.4,28.9
JFK,2025-06-24,0.0,0.0,11.2,32.6
JFK,2025-06-25,0.4,0.0,11.5,32.7
JFK,2025-06-26,0.4,0.0,15.5,25.6
JFK,2025-06-27,4.0,0.0,16.8,19.7
JFK,2025-06-28,1.3,0.0,12.3,23.1
JFK,2025-06-29,0.0,0.0,13.3,27.4
JFK,2025-06-30,0.0,0.0,13.6,26.1
JFK,2025-07-01,8.3,0.0,16.7,26.5
JFK,2025-07-02,6.8,0.0,11.3,24.1
JFK,2025-07-03,1.3,0.0,13.2,25.5
JFK,2025-07-04,0.0,0.0,11.2,23.6
JFK,2025-07-05,0.0,0.0,16.9,24.3
JFK,2025-07-06,0.0,0.0,21.6,25.1
JFK,2025-07-07,1.4,0.0,21.0,25.4
JFK,2025-07-08,19.6,0.0,17.8,27.1
JFK,2025-07-09,1.0,0.0,11.5,26.1
JFK,2025-07-10,18.6,0.0,11.0,23.7
JFK,2025-07-11,0.1,0.0,13.0,24.1
JFK,2025-07-12,0.0,0.0,14.7,24.5
JFK,2025-07-13,0.9,0.0,14.0,24.6
JFK,2025-07-14,13.4,0.0,16.9,25.2
JFK,2025-07-15,9.9,0.0,10.9,24.6
JFK,2025-07-16,3.0,0.0,15.1,26.0
JFK,2025-07-17,6.3,0.0,19.0,28.1
JFK,2025-07-18,0.0,0.0,16.9,26.9
JFK,2025-07-19,0.5,0.0,14.9,25.2
JFK,2025-07-20,13.7,0.0,13.5,26.4
JFK,2025-07-21,3.1,0.0,13.2,26.4
JFK,2025-07-22,0.3,0.0,14.8,23.2
JFK,2025-07-23,0.0,0.0,16.8,24.1
JFK,2025-07-24,0.0,0.0,20.7,24.6
JFK,2025-07-25,4.4,0.0,15.6,28.7
JFK,2025-07-26,0.0,0.0,16.0,25.8
JFK,2025-07-27,2.8,0.0,14.2,24.9
JFK,2025-07-28,0.0,0.0,11.5,29.0
JFK,2025-07-29,0.0,0.0,14.9,29.3
JFK,2025-07-30,1.9,0.0,13.7,30.1
JFK,2025-07-31,17.4,0.0,20.3,26.2
JFK,2025-08-01,0.8,0.0,18.6,20.3
JFK,2025-08-02,0.0,0.0,10.4,21.6
JFK,2025-08-03,0.0,0.0,12.8,22.4
JFK,2025-08-04,0.0,0.0,16.8,24.6
JFK,2025-08-05,0.2,0.0,12.9,24.7
JFK,2025-08-06,1.3,0.0,14.7,23.3
JFK,2025-08-07,0.9,0.0,16.9,22.3
JFK,2025-08-08,0.0,0.0,15.6,22.1
JFK,2025-08-09,0.0,0.0,12.9,22.5
JFK,2025-08-10,0.0,0.0,16.8,24.4
JFK,2025-08-11,0.0,0.0,14.2,24.9
JFK,2025-08-12,0.0,0.0,16.6,24.9
JFK,2025-08-13,1.6,0.0,18.0,25.2
JFK,2025-08-14,0.4,0.0,9.4,25.8
JFK,2025-08-15,0.0,0.0,15.2,26.4
JFK,2025-08-16,0.4,0.0,14.1,24.8
JFK,2025-08-17,11.7,0.0,19.1,25.8
JFK,2025-08-18,0.0,0.0,18.7,21.8
JFK,2025-08-19,0.0,0.0,15.2,20.5
JFK,2025-08-20,2.6,0.0,20.6,20.4
JFK,2025-08-21,1.4,0.0,25.6,18.9
JFK,2025-08-22,0.0,0.0,15.2,21.7
JFK,2025-08-23,0.0,0.0,23.8,22.4
JFK,2025-08-24,2.0,0.0,19.0,22.6
JFK,2025-08-25,0.3,0.0,18.6,24.8
JFK,2025-08-26,0.1,0.0,17.4,22.6
JFK,2025-08-27,0.2,0.0,14.9,21.2
JFK,2025-08-28,0.5,0.0,24.7,20.9
JFK,2025-08-29,0.6,0.0,16.5,22.1
JFK,2025-08-30,0.0,0.0,13.6,20.3
JFK,2025-08-31,0.0,0.0,14.6,20.5
JFK,2025-09-01,0.0,0.0,13.7,21.6
JFK,2025-09-02,0.0,0.0,14.4,20.6
JFK,2025-09-03,0.0,0.0,13.2,19.9
JFK,2025-09-04,1.1,0.0,22.4,20.9
JFK,2025-09-05,4.8,0.0,23.7,22.2
JFK,2025-09-06,14.5,0.0,20.9,23.2
JFK,2025-09-07,11.7,0.0,11.2,18.5
JFK,2025-09-08,0.0,0.0,12.2,17.9
JFK,2025-09-09,0.0,0.0,12.0,18.1
JFK,2025-09-10,3.4,0.0,17.2,18.5
JFK,2025-09-11,0.0,0.0,11.6,21.2
JFK,2025-09-12,0.0,0.0,10.6,20.8
JFK,2025-09-13,0.3,0.0,15.0,20.3
JFK,2025-09-14,0.5,0.0,11.3,21.5
JFK,2025-09-15,0.1,0.0,13.7,21.9
JFK,2025-09-16,0.0,0.0,14.8,20.4
JFK,2025-09-17,21.9,0.0,16.3,19.1
JFK,2025-09-18,0.1,0.0,13.0,21.6
JFK,2025-09-19,0.0,0.0,13.4,24.1
JFK,2025-09-20,0.0,0.0,14.2,19.8
JFK,2025-09-21,0.0,0.0,14.1,17.8
JFK,2025-09-22,0.0,0.0,13.2,17.7
JFK,2025-09-23,3.5,0.0,15.3,21.4
JFK,2025-09-24,5.0,0.0,13.1,21.9
JFK,2025-09-25,36.5,0.0,20.4,21.7
JFK,2025-09-26,0.0,0.0,11.8,22.4
JFK,2025-09-27,0.0,0.0,8.2,20.9
JFK,2025-09-28,4.4,0.0,10.1,21.6
JFK,2025-09-29,0.0,0.0,12.4,20.8
JFK,2025-09-30,0.0,0.0,11.6,20.6
JFK,2025-10-01,0.0,0.0,17.1,16.7
JFK,2025-10-02,0.0,0.0,10.8,14.8
JFK,2025-10-03,0.0,0.0,15.5,15.5
JFK,2025-10-04,0.0,0.0,11.7,18.8
JFK,2025-10-05,0.0,0.0,12.0,20.6
JFK,2025-10-06,0.0,0.0,16.1,19.7
JFK,2025-10-07,0.0,0.0,24.3,20.6
JFK,2025-10-08,8.2,0.0,20.9,19.2
JFK,2025-10-09,0.0,0.0,16.5,12.2
JFK,2025-10-10,0.0,0.0,12.3,11.9
JFK,2025-10-11,2.5,0.0,18.6,15.4
JFK,2025-10-12,14.1,0.0,27.2,15.2
JFK,2025-10-13,45.4,0.0,30.7,14.4
JFK,2025-10-14,0.0,0.0,22.3,14.4
JFK,2025-10-15,0.2,0.0,15.8,15.5
JFK,2025-10-16,0.0,0.0,18.9,11.0
JFK,2025-10-17,0.0,0.0,15.1,11.4
JFK,2025-10-18,0.0,0.0,11.2,12.5
JFK,2025-10-19,0.0,0.0,28.6,17.3
JFK,2025-10-20,5.2,0.0,31.9,16.4
JFK,2025-10-21,0.3,0.0,21.8,14.2
JFK,2025-10-22,12.1,0.0,21.4,14.7
JFK,2025-10-23,0.0,0.0,16.4,12.2
JFK,2025-10-24,0.0,0.0,13.8,10.8
JFK,2025-10-25,0.0,0.0,13.1,10.9
JFK,2025-10-26,0.0,0.0,10.2,11.1
JFK,2025-10-27,0.0,0.0,12.2,9.0
JFK,2025-10-28,0.0,0.0,20.8,9.5
JFK,2025-10-29,0.0,0.0,20.0,10.9
JFK,2025-10-30,59.4,0.0,39.7,14.4
JFK,2025-10-31,0.3,0.0,33.2,12.3
JFK,2025-11-01,0.0,0.0,24.1,10.8
JFK,2025-11-02,0.0,0.0,15.0,9.6
JFK,2025-11-03,0.1,0.0,20.0,11.4
JFK,2025-11-04,0.0,0.0,24.3,11.3
JFK,2025-11-05,0.0,0.0,25.3,11.7
JFK,2025-11-06,0.8,0.0,26.3,9.8
JFK,2025-11-07,0.0,0.0,31.6,9.8
JFK,2025-11-08,2.3,0.0,18.6,15.0
JFK,2025-11-09,4.4,0.0,19.1,14.4
JFK,2025-11-10,4.8,0.0,20.1,10.8
JFK,2025-11-11,0.7,0.49,33.4,2.5
JFK,2025-11-12,0.0,0.0,19.7,6.2
JFK,2025-11-13,1.4,0.0,21.5,7.8
JFK,2025-11-14,0.0,0.0,19.4,6.7
JFK,2025-11-15,4.4,0.0,18.5,6.4
JFK,2025-11-16,2.4,0.0,29.3,10.1
JFK,2025-11-17,0.0,0.0,30.1,4.3
JFK,2025-11-18,0.0,0.0,16.3,4.9
JFK,2025-11-19,6.8,0.14,10.7,5.3
JFK,2025-11-20,0.0,0.0,9.3,4.0
JFK,2025-11-21,0.0,0.0,14.8,7.5
JFK,2025-11-22,3.4,0.0,14.2,8.4
JFK,2025-11-23,0.0,0.0,15.2,4.9
JFK,2025-11-24,0.0,0.0,14.8,7.3
JFK,2025-11-25,9.4,0.0,21.9,9.2
JFK,2025-11-26,6.3,0.0,25.0,13.6
JFK,2025-11-27,0.0,0.0,21.1,5.9
JFK,2025-11-28,0.0,0.0,26.9,2.7
JFK,2025-11-29,0.0,0.0,18.5,2.2
JFK,2025-11-30,4.5,0.0,23.2,4.3
JFK,2025-12-01,0.0,0.0,19.1,3.7
JFK,2025-12-02,21.6,0.0,19.9,2.7
JFK,2025-12-03,0.0,0.0,19.5,1.9
JFK,2025-12-04,0.1,0.07,21.2,1.2
JFK,2025-12-05,0.0,0.0,16.0,-3.3
JFK,2025-12-06,0.7,0.14,12.6,1.1
JFK,2025-12-07,0.0,0.0,12.6,2.2
JFK,2025-12-08,0.0,0.0,19.1,-1.5
JFK,2025-12-09,0.0,0.0,22.8,-3.3
JFK,2025-12-10,2.3,0.07,21.3,3.8
JFK,2025-12-11,0.0,0.0,25.5,1.3
JFK,2025-12-12,0.0,0.0,20.2,-1.6
JFK,2025-12-13,0.7,0.35,14.5,0.4
JFK,2025-12-14,12.7,8.54,21.5,-2.1
JFK,2025-12-15,0.0,0.0,20.8,-6.0
JFK,2025-12-16,0.0,0.0,15.4,-4.1
JFK,2025-12-17,0.0,0.0,16.8,1.0
JFK,2025-12-18,0.0,0.0,16.4,3.8
JFK,2025-12-19,25.4,0.0,53.7,9.6
JFK,2025-12-20,0.0,0.0,26.0,0.5
JFK,2025-12-21,0.0,0.0,23.5,3.2
JFK,2025-12-22,0.0,0.0,16.0,-0.2
JFK,2025-12-23,2.9,0.77,14.0,2.6
JFK,2025-12-24,0.0,0.0,29.2,4.3
JFK,2025-12-25,0.0,0.0,24.8,2.9
JFK,2025-12-26,8.3,5.81,18.7,-3.6
JFK,2025-12-27,5.9,3.22,18.1,-2.2
JFK,2025-12-28,0.6,0.0,16.4,-4.4
JFK,2025-12-29,3.9,0.0,29.2,5.1
JFK,2025-12-30,0.0,0.0,27.6,-1.1
JFK,2025-12-31,0.0,0.0,18.8,-1.8
LAS,2023-01-01,13.0,0.0,30.3,11.2
LAS,2023-01-02,0.0,0.0,20.0,7.1
LAS,2023-01-03,0.2,0.0,22.9,7.5
LAS,2023-01-04,0.4,0.0,10.2,7.1
LAS,2023-01-05,8.7,0.0,19.6,8.4
LAS,2023-01-06,0.0,0.0,22.4,7.6
LAS,2023-01-07,0.0,0.0,8.2,7.6
LAS,2023-01-08,0.0,0.0,9.4,6.9
LAS,2023-01-09,1.2,0.0,9.5,7.8
LAS,2023-01-10,10.2,0.0,34.0,9.9
LAS,2023-01-11,0.0,0.0,20.7,6.8
LAS,2023-01-12,0.0,0.0,7.2,9.0
LAS,2023-01-13,0.0,0.0,7.6,9.6
LAS,2023-01-14,6.3,0.0,22.4,7.9
LAS,2023-01-15,0.0,0.0,21.3,9.6
LAS,2023-01-16,1.1,0.0,45.2,8.9
LAS,2023-01-17,0.1,0.0,28.1,6.7
LAS,2023-01-18,0.0,0.0,19.8,5.4
LAS,2023-01-19,0.1,0.0,23.7,3.3
LAS,2023-01-20,0.0,0.0,33.1,5.5
LAS,2023-01-21,0.0,0.0,16.9,4.2
LAS,2023-01-22,0.7,0.42,27.7,4.1
LAS,2023-01-23,0.0,0.0,29.0,4.9
LAS,2023-01-24,0.0,0.0,25.4,6.2
LAS,2023-01-25,0.0,0.0,20.5,6.3
LAS,2023-01-26,0.0,0.0,22.6,6.9
LAS,2023-01-27,0.0,0.0,11.6,6.9
LAS,2023-01-28,0.0,0.0,11.6,7.2
LAS,2023-01-29,0.0,0.0,25.0,7.3
LAS,2023-01-30,4.0,0.28,17.2,5.4
LAS,2023-01-31,0.0,0.0,21.3,3.4
LAS,2023-02-01,0.0,0.0,16.1,5.2
LAS,2023-02-02,0.0,0.0,10.5,8.5
LAS,2023-02-03,0.0,0.0,7.6,10.8
LAS,2023-02-04,0.0,0.0,10.2,10.7
LAS,2023-02-05,0.0,0.0,40.7,11.3
LAS,2023-02-06,0.0,0.0,37.0,10.2
LAS,2023-02-07,0.0,0.0,26.2,9.8
LAS,2023-02-08,0.0,0.0,8.2,11.1
LAS,2023-02-09,0.0,0.0,30.3,9.6
LAS,2023-02-10,0.0,0.0,11.7,8.8
LAS,2023-02-11,0.0,0.0,15.1,10.5
LAS,2023-02-12,0.0,0.0,27.4,12.4
LAS,2023-02-13,0.3,0.0,23.2,12.8
LAS,2023-02-14,7.3,0.35,50.0,7.4
LAS,2023-02-15,0.3,0.0,34.0,5.3
LAS,2023-02-16,0.0,0.0,18.1,4.0
LAS,2023-02-17,0.0,0.0,18.6,7.4
LAS,2023-02-18,0.0,0.0,8.0,9.6
LAS,2023-02-19,0.0,0.0,11.8,11.1
LAS,2023-02-20,0.0,0.0,13.1,12.5
LAS,2023-02-21,0.0,0.0,57.6,14.4
LAS,2023-02-22,1.9,0.91,41.2,6.5
LAS,2023-02-23,0.8,0.21,36.5,5.1
LAS,2023-02-24,0.3,0.0,26.2,5.8
LAS,2023-02-25,8.0,0.0,35.1,9.3
LAS,2023-02-26,0.3,0.0,23.6,6.5
LAS,2023-02-27,0.0,0.0,38.2,8.9
LAS,2023-02-28,0.2,0.0,38.7,9.1
LAS,2023-03-01,2.8,0.0,28.2,7.2
LAS,2023-03-02,0.0,0.0,45.0,8.1
LAS,2023-03-03,0.0,0.0,13.0,8.0
LAS,2023-03-04,0.0,0.0,41.6,10.3
LAS,2023-03-05,0.0,0.0,42.1,10.4
LAS,2023-03-06,0.0,0.0,22.3,10.3
LAS,2023-03-07,0.0,0.0,26.4,10.5
LAS,2023-03-08,0.0,0.0,32.4,12.0
LAS,2023-03-09,0.0,0.0,20.8,12.3
LAS,2023-03-10,3.9,0.0,38.1,17.9
LAS,2023-03-11,0.0,0.0,32.8,18.2
LAS,2023-03-12,0.0,0.0,23.7,16.3
LAS,2023-03-13,0.0,0.0,19.1,16.9
LAS,2023-03-14,1.7,0.0,20.0,15.7
LAS,2023-03-15,3.0,0.0,29.6,15.2
LAS,2023-03-16,0.0,0.0,17.7,11.4
LAS,2023-03-17,0.0,0.0,13.5,10.7
LAS,2023-03-18,0.0,0.0,18.1,12.4
LAS,2023-03-19,0.6,0.0,27.2,12.3
LAS,2023-03-20,0.0,0.0,35.1,13.8
LAS,2023-03-21,3.5,0.0,34.1,12.2
LAS,2023-03-22,0.9,0.0,30.8,10.6
LAS,2023-03-23,0.7,0.0,19.5,10.4
LAS,2023-03-24,0.0,0.0,26.5,10.6
LAS,2023-03-25,0.0,0.0,18.5,8.9
LAS,2023-03-26,0.2,0.0,30.9,9.2
LAS,2023-03-27,0.0,0.0,20.5,7.9
LAS,2023-03-28,0.0,0.0,17.8,13.8
LAS,2023-03-29,2.2,0.0,38.6,13.7
LAS,2023-03-30,0.8,0.0,30.6,9.5
LAS,2023-03-31,0.0,0.0,15.0,10.8
LAS,2023-04-01,0.0,0.0,10.6,14.9
LAS,2023-04-02,0.0,0.0,36.2,18.1
LAS,2023-04-03,0.6,0.0,43.4,12.0
LAS,2023-04-04,0.0,0.0,38.0,8.2
LAS,2023-04-05,0.0,0.0,25.8,8.8
LAS,2023-04-06,0.0,0.0,24.2,11.9
LAS,2023-04-07,0.0,0.0,15.5,16.4
LAS,2023-04-08,0.0,0.0,20.9,20.6
LAS,2023-04-09,0.0,0.0,14.5,21.8
LAS,2023-04-10,0.0,0.0,11.5,24.5
LAS,2023-04-11,0.0,0.0,29.8,25.5
LAS,2023-04-12,0.0,0.0,32.1,24.4
LAS,2023-04-13,0.0,0.0,37.5,20.4
LAS,2023-04-14,0.0,0.0,26.2,17.7
LAS,2023-04-15,0.0,0.0,15.9,19.6
LAS,2023-04-16,0.0,0.0,15.8,22.0
LAS,2023-04-17,0.0,0.0,33.7,23.3
LAS,2023-04-18,0.0,0.0,36.2,19.8
LAS,2023-04-19,0.0,0.0,39.0,16.0
LAS,2023-04-20,0.0,0.0,16.0,17.2
LAS,2023-04-21,0.0,0.0,17.2,21.2
LAS,2023-04-22,0.0,0.0,22.5,22.6
LAS,2023-04-23,0.0,0.0,22.1,23.4
LAS,2023-04-24,0.0,0.0,24.7,24.0
LAS,2023-04-25,0.0,0.0,25.0,22.6
LAS,2023-04-26,0.0,0.0,23.2,22.3
LAS,2023-04-27,0.0,0.0,12.2,24.9
LAS,2023-04-28,0.0,0.0,30.5,26.4
LAS,2023-04-29,0.0,0.0,13.8,27.5
LAS,2023-04-30,0.0,0.0,35.3,28.2
LAS,2023-05-01,0.0,0.0,35.3,25.7
LAS,2023-05-02,0.0,0.0,29.9,19.5
LAS,2023-05-03,0.0,0.0,27.0,20.4
LAS,2023-05-04,0.2,0.0,31.1,16.7
LAS,2023-05-05,0.0,0.0,26.2,17.2
LAS,2023-05-06,0.0,0.0,29.0,18.4
LAS,2023-05-07,0.0,0.0,33.5,20.3
LAS,2023-05-08,0.0,0.0,30.3,23.1
LAS,2023-05-09,0.0,0.0,30.9,22.6
LAS,2023-05-10,0.0,0.0,30.9,22.5
LAS,2023-05-11,0.0,0.0,24.2,23.3
LAS,2023-05-12,0.0,0.0,26.8,26.4
LAS,2023-05-13,0.0,0.0,25.4,27.7
LAS,2023-05-14,0.0,0.0,20.5,28.1
LAS,2023-05-15,0.0,0.0,14.0,28.8
LAS,2023-05-16,0.0,0.0,31.3,29.8
LAS,2023-05-17,0.0,0.0,31.9,27.6
LAS,2023-05-18,0.0,0.0,22.9,29.1
LAS,2023-05-19,0.0,0.0,26.0,29.4
LAS,2023-05-20,0.1,0.0,21.2,27.7
LAS,2023-05-21,0.0,0.0,27.5,28.5
LAS,2023-05-22,0.0,0.0,27.6,29.7
LAS,2023-05-23,0.0,0.0,28.6,30.3
LAS,2023-05-24,0.0,0.0,31.3,29.2
LAS,2023-05-25,0.0,0.0,23.2,26.9
LAS,2023-05-26,0.0,0.0,32.7,25.5
LAS,2023-05-27,0.0,0.0,20.4,26.4
LAS,2023-05-28,0.0,0.0,23.0,28.8
LAS,2023-05-29,0.0,0.0,23.4,27.8
LAS,2023-05-30,0.0,0.0,25.0,26.8
LAS,2023-05-31,0.0,0.0,26.0,25.2
LAS,2023-06-01,0.0,0.0,28.7,26.6
LAS,2023-06-02,0.0,0.0,20.3,28.5
LAS,2023-06-03,0.0,0.0,22.9,29.7
LAS,2023-06-04,0.0,0.0,23.0,31.0
LAS,2023-06-05,0.0,0.0,32.0,30.6
LAS,2023-06-06,0.0,0.0,24.2,27.8
LAS,2023-06-07,1.0,0.0,20.1,23.1
LAS,2023-06-08,0.0,0.0,22.0,25.1
LAS,2023-06-09,0.0,0.0,20.0,27.7
LAS,2023-06-10,0.0,0.0,21.4,28.4
LAS,2023-06-11,1.5,0.0,29.2,25.8
LAS,2023-06-12,0.3,0.0,19.6,24.3
LAS,2023-06-13,0.0,0.0,19.1,27.1
LAS,2023-06-14,0.2,0.0,35.8,28.7
LAS,2023-06-15,0.0,0.0,30.6,28.4
LAS,2023-06-16,13.1,0.0,14.2,22.4
LAS,2023-06-17,0.0,0.0,23.1,27.9
LAS,2023-06-18,0.0,0.0,34.6,31.6
LAS,2023-06-19,0.0,0.0,42.9,29.3
LAS,2023-06-20,0.6,0.0,28.1,27.3
LAS,2023-06-21,0.0,0.0,24.5,28.5
LAS,2023-06-22,0.0,0.0,36.8,28.1
LAS,2023-06-23,0.0,0.0,34.4,25.8
LAS,2023-06-24,0.0,0.0,23.5,28.3
LAS,2023-06-25,0.0,0.0,31.8,29.7
LAS,2023-06-26,0.0,0.0,31.6,29.4
LAS,2023-06-27,0.0,0.0,23.6,29.3
LAS,2023-06-28,0.0,0.0,24.7,30.3
LAS,2023-06-29,0.0,0.0,16.8,31.2
LAS,2023-06-30,0.0,0.0,12.2,33.2
LAS,2023-07-01,0.0,0.0,13.1,35.2
LAS,2023-07-02,0.0,0.0,13.5,36.7
LAS,2023-07-03,0.0,0.0,35.6,36.9
LAS,2023-07-04,0.0,0.0,32.3,34.9
LAS,2023-07-05,0.0,0.0,23.1,33.2
LAS,2023-07-06,0.0,0.0,27.2,33.3
LAS,2023-07-07,0.0,0.0,21.9,32.3
LAS,2023-07-08,0.0,0.0,20.8,32.8
LAS,2023-07-09,0.0,0.0,28.9,33.5
LAS,2023-07-10,0.0,0.0,28.0,33.7
LAS,2023-07-11,0.0,0.0,26.7,35.5
LAS,2023-07-12,0.0,0.0,31.9,36.0
LAS,2023-07-13,0.0,0.0,24.9,35.9
LAS,2023-07-14,0.0,0.0,14.9,35.8
LAS,2023-07-15,0.0,0.0,10.7,38.0
LAS,2023-07-16,0.0,0.0,12.6,39.0
LAS,2023-07-17,0.0,0.0,29.5,39.0
LAS,2023-07-18,0.0,0.0,31.8,38.4
LAS,2023-07-19,0.0,0.0,32.1,37.6
LAS,2023-07-20,0.0,0.0,18.2,37.9
LAS,2023-07-21,0.0,0.0,17.6,39.0
LAS,2023-07-22,0.0,0.0,25.0,38.9
LAS,2023-07-23,0.0,0.0,31.5,38.3
LAS,2023-07-24,0.0,0.0,25.5,37.4
LAS,2023-07-25,0.0,0.0,24.6,37.8
LAS,2023-07-26,0.0,0.0,29.3,37.7
LAS,2023-07-27,0.0,0.0,32.8,38.0
LAS,2023-07-28,0.0,0.0,28.3,37.2
LAS,2023-07-29,0.0,0.0,26.6,37.4
LAS,2023-07-30,0.0,0.0,29.7,36.7
LAS,2023-07-31,0.2,0.0,28.4,33.9
LAS,2023-08-01,2.0,0.0,20.6,29.0
LAS,2023-08-02,0.0,0.0,15.9,29.9
LAS,2023-08-03,0.0,0.0,25.9,32.4
LAS,2023-08-04,0.0,0.0,18.0,33.1
LAS,2023-08-05,0.0,0.0,21.5,34.1
LAS,2023-08-06,0.0,0.0,28.8,34.7
LAS,2023-08-07,0.0,0.0,31.1,34.2
LAS,2023-08-08,0.0,0.0,32.8,33.2
LAS,2023-08-09,0.0,0.0,25.5,33.6
LAS,2023-08-10,1.8,0.0,27.9,30.7
LAS,2023-08-11,0.3,0.0,40.0,31.9
LAS,2023-08-12,0.0,0.0,20.6,33.3
LAS,2023-08-13,0.0,0.0,17.2,32.6
LAS,2023-08-14,0.0,0.0,20.1,33.5
LAS,2023-08-15,0.0,0.0,27.8,34.6
LAS,2023-08-16,0.0,0.0,16.9,33.6
LAS,2023-08-17,0.0,0.0,18.1,34.7
LAS,2023-08-18,3.6,0.0,27.3,31.2
LAS,2023-08-19,10.3,0.0,15.1,23.9
LAS,2023-08-20,23.6,0.0,22.1,21.6
LAS,2023-08-21,22.3,0.0,26.5,24.6
LAS,2023-08-22,0.0,0.0,12.4,25.5
LAS,2023-08-23,0.8,0.0,20.4,27.4
LAS,2023-08-24,0.0,0.0,13.4,28.3
LAS,2023-08-25,0.0,0.0,14.7,31.5
LAS,2023-08-26,0.0,0.0,28.7,33.0
LAS,2023-08-27,0.0,0.0,27.0,32.8
LAS,2023-08-28,0.0,0.0,13.5,34.0
LAS,2023-08-29,0.0,0.0,24.2,35.0
LAS,2023-08-30,0.0,0.0,31.5,34.8
LAS,2023-08-31,0.1,0.0,36.3,34.8
LAS,2023-09-01,44.6,0.0,32.4,24.9
LAS,2023-09-02,11.2,0.0,12.9,23.2
LAS,2023-09-03,0.2,0.0,26.7,24.6
LAS,2023-09-04,0.0,0.0,27.4,22.9
LAS,2023-09-05,0.0,0.0,12.9,24.6
LAS,2023-09-06,0.0,0.0,14.7,26.7
LAS,2023-09-07,0.0,0.0,17.0,28.5
LAS,2023-09-08,0.0,0.0,15.2,30.7
LAS,2023-09-09,0.0,0.0,15.3,32.1
LAS,2023-09-10,0.0,0.0,14.2,28.8
LAS,2023-09-11,0.0,0.0,9.8,27.9
LAS,2023-09-12,0.1,0.0,25.3,29.1
LAS,2023-09-13,1.2,0.0,22.6,27.0
LAS,2023-09-14,0.0,0.0,23.2,26.3
LAS,2023-09-15,0.0,0.0,18.1,27.5
LAS,2023-09-16,0.0,0.0,15.3,28.7
LAS,2023-09-17,0.0,0.0,14.6,30.0
LAS,2023-09-18,0.0,0.0,20.3,28.9
LAS,2023-09-19,0.0,0.0,16.1,27.8
LAS,2023-09-20,0.3,0.0,31.7,25.7
LAS,2023-09-21,0.0,0.0,36.9,25.1
LAS,2023-09-22,0.0,0.0,31.1,24.1
LAS,2023-09-23,0.8,0.0,16.8,24.1
LAS,2023-09-24,0.0,0.0,12.8,24.4
LAS,2023-09-25,0.0,0.0,12.5,26.7
LAS,2023-09-26,0.0,0.0,15.2,26.6
LAS,2023-09-27,0.0,0.0,12.3,26.8
LAS,2023-09-28,0.0,0.0,19.1,26.4
LAS,2023-09-29,0.0,0.0,29.6,26.9
LAS,2023-09-30,0.0,0.0,31.3,22.1
LAS,2023-10-01,1.8,0.0,28.4,17.9
LAS,2023-10-02,0.0,0.0,17.3,18.2
LAS,2023-10-03,0.0,0.0,17.4,20.1
LAS,2023-10-04,0.0,0.0,20.5,23.0
LAS,2023-10-05,0.0,0.0,14.6,24.2
LAS,2023-10-06,0.0,0.0,18.6,25.7
LAS,2023-10-07,0.0,0.0,11.7,26.4
LAS,2023-10-08,0.0,0.0,11.3,27.0
LAS,2023-10-09,0.0,0.0,20.8,26.9
LAS,2023-10-10,0.0,0.0,31.7,26.5
LAS,2023-10-11,0.0,0.0,42.8,22.6
LAS,2023-10-12,0.0,0.0,26.1,19.1
LAS,2023-10-13,0.0,0.0,11.5,19.4
LAS,2023-10-14,0.0,0.0,10.5,19.8
LAS,2023-10-15,0.0,0.0,11.7,21.8
LAS,2023-10-16,0.0,0.0,9.4,24.1
LAS,2023-10-17,0.0,0.0,11.2,24.4
LAS,2023-10-18,0.0,0.0,12.0,24.9
LAS,2023-10-19,0.0,0.0,12.0,25.5
LAS,2023-10-20,0.0,0.0,12.8,25.1
LAS,2023-10-21,0.0,0.0,16.2,24.6
LAS,2023-10-22,0.0,0.0,32.4,23.3
LAS,2023-10-23,0.0,0.0,32.5,19.7
LAS,2023-10-24,0.0,0.0,10.2,20.5
LAS,2023-10-25,0.0,0.0,29.0,20.4
LAS,2023-10-26,0.0,0.0,28.0,19.7
LAS,2023-10-27,0.0,0.0,11.8,18.0
LAS,2023-10-28,0.0,0.0,23.4,16.5
LAS,2023-10-29,0.0,0.0,33.5,12.1
LAS,2023-10-30,0.0,0.0,15.5,13.2
LAS,2023-10-31,0.0,0.0,13.8,14.7
LAS,2023-11-01,0.0,0.0,9.6,15.9
LAS,2023-11-02,0.0,0.0,9.4,17.1
LAS,2023-11-03,0.0,0.0,9.4,17.5
LAS,2023-11-04,0.0,0.0,9.0,17.9
LAS,2023-11-05,0.0,0.0,11.0,16.3
LAS,2023-11-06,0.0,0.0,35.0,20.2
LAS,2023-11-07,0.0,0.0,32.3,18.7
LAS,2023-11-08,0.0,0.0,28.3,15.0
LAS,2023-11-09,0.0,0.0,18.3,13.3
LAS,2023-11-10,0.0,0.0,9.7,12.1
LAS,2023-11-11,0.0,0.0,10.2,13.2
LAS,2023-11-12,0.0,0.0,9.1,14.5
LAS,2023-11-13,0.0,0.0,10.5,14.8
LAS,2023-11-14,0.0,0.0,9.7,15.4
LAS,2023-11-15,5.2,0.0,7.7,15.9
LAS,2023-11-16,7.1,0.0,10.5,13.8
LAS,2023-11-17,0.0,0.0,10.8,13.9
LAS,2023-11-18,0.0,0.0,23.8,14.1
LAS,2023-11-19,0.0,0.0,56.8,14.2
LAS,2023-11-20,0.0,0.0,38.1,11.6
LAS,2023-11-21,0.0,0.0,8.7,11.3
LAS,2023-11-22,0.0,0.0,8.1,12.6
LAS,2023-11-23,0.0,0.0,11.0,11.5
LAS,2023-11-24,0.0,0.0,34.6,10.7
LAS,2023-11-25,0.0,0.0,17.1,8.4
LAS,2023-11-26,0.0,0.0,12.2,7.4
LAS,2023-11-27,0.0,0.0,15.3,8.4
LAS,2023-11-28,0.0,0.0,11.5,9.7
LAS,2023-11-29,0.0,0.0,13.0,9.8
LAS,2023-11-30,0.0,0.0,14.9,8.7
LAS,2023-12-01,0.0,0.0,28.8,8.8
LAS,2023-12-02,0.0,0.0,15.1,9.3
LAS,2023-12-03,0.0,0.0,9.7,9.2
LAS,2023-12-04,0.0,0.0,13.0,11.6
LAS,2023-12-05,0.0,0.0,11.7,14.1
LAS,2023-12-06,0.0,0.0,16.3,14.7
LAS,2023-12-07,0.0,0.0,32.3,14.6
LAS,2023-12-08,0.0,0.0,16.3,10.4
LAS,2023-12-09,0.0,0.0,25.3,7.1
LAS,2023-12-10,0.0,0.0,8.9,7.3
LAS,2023-12-11,0.0,0.0,11.0,8.9
LAS,2023-12-12,0.0,0.0,10.2,9.9
LAS,2023-12-13,0.0,0.0,21.7,10.7
LAS,2023-12-14,0.0,0.0,9.5,10.1
LAS,2023-12-15,0.0,0.0,7.8,11.3
LAS,2023-12-16,0.0,0.0,10.7,12.3
LAS,2023-12-17,0.0,0.0,8.4,12.3
LAS,2023-12-18,0.0,0.0,7.2,12.6
LAS,2023-12-19,0.0,0.0,7.9,11.7
LAS,2023-12-20,0.0,0.0,9.3,12.7
LAS,2023-12-21,0.1,0.0,10.8,13.9
LAS,2023-12-22,9.8,0.0,9.7,12.1
LAS,2023-12-23,0.0,0.0,9.9,10.1
LAS,2023-12-24,0.0,0.0,12.1,7.8
LAS,2023-12-25,0.0,0.0,8.2,8.2
LAS,2023-12-26,0.0,0.0,7.6,9.3
LAS,2023-12-27,0.0,0.0,7.7,9.3
LAS,2023-12-28,0.0,0.0,8.4,10.6
LAS,2023-12-29,0.0,0.0,6.9,11.8
LAS,2023-12-30,0.3,0.0,16.2,10.5
LAS,2023-12-31,0.0,0.0,14.7,8.9
LAS,2024-01-01,0.0,0.0,10.9,10.5
LAS,2024-01-02,0.0,0.0,9.1,9.9
LAS,2024-01-03,1.7,0.0,23.4,7.0
LAS,2024-01-04,0.3,0.0,34.9,7.7
LAS,2024-01-05,0.0,0.0,21.3,8.3
LAS,2024-01-06,0.0,0.0,21.8,6.9
LAS,2024-01-07,0.3,0.07,44.8,6.2
LAS,2024-01-08,0.0,0.0,31.8,4.4
LAS,2024-01-09,0.0,0.0,9.4,3.5
LAS,2024-01-10,0.0,0.0,27.4,3.7
LAS,2024-01-11,2.0,0.91,41.9,5.3
LAS,2024-01-12,0.0,0.0,13.3,2.4
LAS,2024-01-13,0.0,0.0,12.0,4.2
LAS,2024-01-14,0.0,0.0,12.5,6.7
LAS,2024-01-15,0.0,0.0,9.2,8.3
LAS,2024-01-16,0.0,0.0,9.9,9.0
LAS,2024-01-17,0.0,0.0,10.0,8.5
LAS,2024-01-18,0.0,0.0,9.5,9.5
LAS,2024-01-19,0.0,0.0,7.3,12.0
LAS,2024-01-20,0.4,0.0,8.7,11.1
LAS,2024-01-21,2.4,0.0,10.4,10.3
LAS,2024-01-22,10.3,0.0,16.0,9.3
LAS,2024-01-23,1.2,0.0,11.5,10.0
LAS,2024-01-24,0.7,0.0,9.9,9.3
LAS,2024-01-25,0.0,0.0,27.5,10.0
LAS,2024-01-26,0.0,0.0,17.4,9.5
LAS,2024-01-27,0.0,0.0,9.1,10.4
LAS,2024-01-28,0.0,0.0,9.9,14.1
LAS,2024-01-29,0.0,0.0,11.8,14.7
LAS,2024-01-30,0.0,0.0,10.7,14.6
LAS,2024-01-31,0.0,0.0,8.3,13.9
LAS,2024-02-01,9.3,0.0,15.6,11.3
LAS,2024-02-02,0.5,0.0,16.8,8.3
LAS,2024-02-03,0.0,0.0,12.6,6.7
LAS,2024-02-04,4.6,0.0,17.1,7.5
LAS,2024-02-05,8.6,0.0,9.0,7.4
LAS,2024-02-06,8.8,0.0,19.2,7.6
LAS,2024-02-07,0.5,0.0,25.2,8.4
LAS,2024-02-08,5.8,0.0,21.6,5.9
LAS,2024-02-09,0.3,0.0,13.3,4.9
LAS,2024-02-10,0.2,0.0,30.9,5.7
LAS,2024-02-11,0.0,0.0,15.9,5.4
LAS,2024-02-12,0.0,0.0,9.4,6.8
LAS,2024-02-13,0.0,0.0,8.6,8.8
LAS,2024-02-14,0.0,0.0,12.9,9.2
LAS,2024-02-15,0.0,0.0,13.0,10.7
LAS,2024-02-16,0.0,0.0,9.8,12.1
LAS,2024-02-17,0.0,0.0,11.6,12.8
LAS,2024-02-18,0.0,0.0,12.5,12.7
LAS,2024-02-19,0.0,0.0,29.2,13.8
LAS,2024-02-20,10.4,0.0,12.2,12.1
LAS,2024-02-21,3.1,0.0,16.8,10.3
LAS,2024-02-22,0.0,0.0,12.5,11.2
LAS,2024-02-23,0.0,0.0,15.2,11.9
LAS,2024-02-24,0.0,0.0,8.4,13.4
LAS,2024-02-25,0.0,0.0,11.6,13.0
LAS,2024-02-26,0.0,0.0,30.4,13.9
LAS,2024-02-27,0.0,0.0,38.9,13.4
LAS,2024-02-28,0.0,0.0,11.0,11.7
LAS,2024-02-29,0.0,0.0,34.7,13.8
LAS,2024-03-01,0.0,0.0,37.8,15.1
LAS,2024-03-02,0.0,0.0,59.6,14.5
LAS,2024-03-03,0.0,0.0,50.2,12.6
LAS,2024-03-04,0.0,0.0,37.0,11.3
LAS,2024-03-05,0.0,0.0,14.6,13.6
LAS,2024-03-06,0.0,0.0,28.9,14.2
LAS,2024-03-07,0.0,0.0,20.1,13.6
LAS,2024-03-08,0.0,0.0,23.0,13.1
LAS,2024-03-09,0.0,0.0,16.4,11.5
LAS,2024-03-10,0.0,0.0,13.4,13.9
LAS,2024-03-11,0.0,0.0,27.8,16.0
LAS,2024-03-12,0.0,0.0,19.2,14.6
LAS,2024-03-13,0.0,0.0,35.7,14.7
LAS,2024-03-14,0.4,0.0,39.2,11.4
LAS,2024-03-15,6.5,0.0,22.5,10.4
LAS,2024-03-16,4.8,0.0,13.8,9.8
LAS,2024-03-17,0.4,0.0,9.7,12.0
LAS,2024-03-18,0.9,0.0,27.0,13.9
LAS,2024-03-19,0.0,0.0,12.7,14.7
LAS,2024-03-20,0.0,0.0,13.5,15.4
LAS,2024-03-21,0.0,0.0,24.0,17.0
LAS,2024-03-22,0.0,0.0,27.3,17.9
LAS,2024-03-23,0.0,0.0,41.2,17.1
LAS,2024-03-24,0.1,0.0,31.4,12.0
LAS,2024-03-25,0.0,0.0,27.8,14.0
LAS,2024-03-26,0.0,0.0,25.2,14.1
LAS,2024-03-27,0.0,0.0,22.3,16.2
LAS,2024-03-28,0.0,0.0,35.9,18.8
LAS,2024-03-29,0.0,0.0,37.9,17.4
LAS,2024-03-30,8.0,0.0,22.9,11.5
LAS,2024-03-31,1.2,0.0,24.3,9.8
LAS,2024-04-01,3.5,0.0,15.7,12.1
LAS,2024-04-02,0.0,0.0,22.0,15.2
LAS,2024-04-03,0.0,0.0,16.6,17.5
LAS,2024-04-04,0.0,0.0,40.5,18.9
LAS,2024-04-05,0.0,0.0,37.7,10.6
LAS,2024-04-06,0.0,0.0,21.6,11.2
LAS,2024-04-07,0.0,0.0,15.3,12.9
LAS,2024-04-08,0.2,0.0,28.6,15.2
LAS,2024-04-09,0.0,0.0,25.8,17.0
LAS,2024-04-10,0.0,0.0,11.9,20.1
LAS,2024-04-11,0.0,0.0,11.5,22.3
LAS,2024-04-12,0.0,0.0,32.8,23.1
LAS,2024-04-13,0.0,0.0,32.4,21.4
LAS,2024-04-14,0.0,0.0,40.9,15.4
LAS,2024-04-15,0.0,0.0,30.1,16.5
LAS,2024-04-16,0.0,0.0,15.1,20.3
LAS,2024-04-17,0.0,0.0,23.6,23.6
LAS,2024-04-18,0.0,0.0,26.2,23.9
LAS,2024-04-19,0.0,0.0,21.7,23.6
LAS,2024-04-20,0.0,0.0,13.7,25.2
LAS,2024-04-21,0.0,0.0,16.3,26.6
LAS,2024-04-22,0.0,0.0,31.0,26.9
LAS,2024-04-23,0.0,0.0,28.9,26.4
LAS,2024-04-24,0.0,0.0,33.5,24.1
LAS,2024-04-25,0.3,0.0,36.0,21.1
LAS,2024-04-26,1.2,0.0,33.0,16.2
LAS,2024-04-27,0.0,0.0,34.7,17.9
LAS,2024-04-28,0.0,0.0,14.4,20.2
LAS,2024-04-29,0.0,0.0,24.9,22.7
LAS,2024-04-30,0.0,0.0,27.5,24.3
LAS,2024-05-01,0.0,0.0,28.0,24.7
LAS,2024-05-02,0.0,0.0,24.8,23.3
LAS,2024-05-03,0.0,0.0,20.3,24.5
LAS,2024-05-04,0.0,0.0,40.7,24.7
LAS,2024-05-05,0.0,0.0,48.6,16.4
LAS,2024-05-06,0.0,0.0,25.5,18.2
LAS,2024-05-07,0.0,0.0,40.5,22.3
LAS,2024-05-08,0.0,0.0,17.2,18.3
LAS,2024-05-09,0.0,0.0,29.2,20.6
LAS,2024-05-10,0.2,0.0,22.7,21.3
LAS,2024-05-11,0.0,0.0,16.1,22.5
LAS,2024-05-12,0.0,0.0,12.5,25.2
LAS,2024-05-13,0.0,0.0,21.0,27.7
LAS,2024-05-14,0.0,0.0,17.5,28.5
LAS,2024-05-15,0.0,0.0,23.8,28.4
LAS,2024-05-16,0.0,0.0,23.1,29.0
LAS,2024-05-17,0.0,0.0,19.7,29.7
LAS,2024-05-18,0.0,0.0,34.9,29.6
LAS,2024-05-19,0.0,0.0,31.4,28.1
LAS,2024-05-20,0.0,0.0,33.1,26.2
LAS,2024-05-21,0.0,0.0,20.4,23.9
LAS,2024-05-22,0.0,0.0,27.8,25.9
LAS,2024-05-23,0.0,0.0,33.0,26.3
LAS,2024-05-24,0.0,0.0,37.7,26.2
LAS,2024-05-25,0.0,0.0,39.1,24.7
LAS,2024-05-26,0.0,0.0,21.0,26.6
LAS,2024-05-27,0.0,0.0,25.2,28.7
LAS,2024-05-28,0.0,0.0,32.5,29.8
LAS,2024-05-29,0.0,0.0,22.6,30.1
LAS,2024-05-30,0.0,0.0,12.8,30.5
LAS,2024-05-31,0.0,0.0,25.1,31.8
LAS,2024-06-01,0.0,0.0,34.0,32.0
LAS,2024-06-02,0.0,0.0,25.1,30.7
LAS,2024-06-03,0.0,0.0,32.4,31.8
LAS,2024-06-04,0.0,0.0,23.4,32.8
LAS,2024-06-05,0.0,0.0,14.7,34.8
LAS,2024-06-06,0.0,0.0,22.7,36.0
LAS,2024-06-07,0.0,0.0,23.2,36.4
LAS,2024-06-08,0.0,0.0,24.6,35.1
LAS,2024-06-09,0.0,0.0,26.9,33.3
LAS,2024-06-10,0.0,0.0,21.4,32.2
LAS,2024-06-11,0.0,0.0,17.9,34.0
LAS,2024-06-12,0.0,0.0,26.1,34.5
LAS,2024-06-13,0.0,0.0,29.8,33.2
LAS,2024-06-14,0.0,0.0,24.2,34.0
LAS,2024-06-15,0.0,0.0,31.0,34.6
LAS,2024-06-16,0.0,0.0,32.3,32.8
LAS,2024-06-17,0.0,0.0,32.5,31.9
LAS,2024-06-18,0.0,0.0,23.2,26.9
LAS,2024-06-19,0.0,0.0,15.3,29.9
LAS,2024-06-20,0.0,0.0,18.7,31.9
LAS,2024-06-21,0.0,0.0,29.7,33.8
LAS,2024-06-22,0.0,0.0,26.9,35.3
LAS,2024-06-23,0.0,0.0,27.9,37.1
LAS,2024-06-24,0.0,0.0,24.8,37.6
LAS,2024-06-25,0.0,0.0,26.5,37.6
LAS,2024-06-26,0.0,0.0,28.8,37.2
LAS,2024-06-27,0.0,0.0,33.2,36.8
LAS,2024-06-28,0.0,0.0,33.2,34.9
LAS,2024-06-29,0.0,0.0,26.1,34.8
LAS,2024-06-30,0.0,0.0,30.5,34.2
LAS,2024-07-01,0.0,0.0,25.9,34.6
LAS,2024-07-02,0.0,0.0,16.6,34.4
LAS,2024-07-03,0.0,0.0,25.2,36.5
LAS,2024-07-04,0.0,0.0,16.4,37.0
LAS,2024-07-05,0.0,0.0,19.6,37.5
LAS,2024-07-06,0.0,0.0,17.8,37.8
LAS,2024-07-07,0.0,0.0,35.0,38.0
LAS,2024-07-08,0.0,0.0,19.1,38.1
LAS,2024-07-09,0.0,0.0,26.2,38.9
LAS,2024-07-10,0.0,0.0,31.8,39.6
LAS,2024-07-11,0.0,0.0,23.8,39.5
LAS,2024-07-12,0.0,0.0,31.9,38.2
LAS,2024-07-13,0.2,0.0,32.5,36.2
LAS,2024-07-14,0.0,0.0,28.3,35.6
LAS,2024-07-15,0.0,0.0,21.7,35.9
LAS,2024-07-16,0.0,0.0,20.9,36.4
LAS,2024-07-17,0.0,0.0,21.4,37.1
LAS,2024-07-18,0.4,0.0,24.3,36.4
LAS,2024-07-19,0.0,0.0,15.4,36.1
LAS,2024-07-20,0.0,0.0,19.8,37.7
LAS,2024-07-21,0.0,0.0,27.4,38.1
LAS,2024-07-22,0.0,0.0,26.6,36.6
LAS,2024-07-23,0.0,0.0,17.2,37.4
LAS,2024-07-24,0.0,0.0,15.0,37.1
LAS,2024-07-25,0.0,0.0,25.2,38.2
LAS,2024-07-26,0.0,0.0,31.6,38.1
LAS,2024-07-27,0.0,0.0,34.3,35.7
LAS,2024-07-28,0.0,0.0,31.5,33.6
LAS,2024-07-29,0.0,0.0,26.9,33.5
LAS,2024-07-30,0.0,0.0,26.1,33.3
LAS,2024-07-31,0.0,0.0,14.5,33.8
LAS,2024-08-01,0.0,0.0,21.9,35.6
LAS,2024-08-02,0.0,0.0,19.5,35.5
LAS,2024-08-03,0.0,0.0,21.1,35.8
LAS,2024-08-04,0.0,0.0,25.6,36.8
LAS,2024-08-05,0.0,0.0,22.5,37.1
LAS,2024-08-06,0.0,0.0,23.8,38.2
LAS,2024-08-07,0.0,0.0,23.9,37.2
LAS,2024-08-08,0.2,0.0,23.2,35.4
LAS,2024-08-09,0.0,0.0,12.6,35.1
LAS,2024-08-10,0.0,0.0,27.1,36.3
LAS,2024-08-11,0.1,0.0,24.4,35.2
LAS,2024-08-12,0.0,0.0,32.1,34.6
LAS,2024-08-13,0.0,0.0,33.7,34.5
LAS,2024-08-14,0.0,0.0,26.7,33.4
LAS,2024-08-15,0.0,0.0,26.0,33.0
LAS,2024-08-16,0.0,0.0,27.8,33.8
LAS,2024-08-17,0.0,0.0,33.4,35.2
LAS,2024-08-18,0.0,0.0,25.9,34.2
LAS,2024-08-19,0.0,0.0,23.5,34.9
LAS,2024-08-20,0.0,0.0,30.4,35.1
LAS,2024-08-21,0.0,0.0,29.3,35.2
LAS,2024-08-22,0.0,0.0,30.2,34.0
LAS,2024-08-23,0.0,0.0,31.9,30.7
LAS,2024-08-24,0.0,0.0,34.0,28.7
LAS,2024-08-25,0.0,0.0,25.5,27.6
LAS,2024-08-26,0.0,0.0,13.1,28.8
LAS,2024-08-27,0.0,0.0,15.9,30.7
LAS,2024-08-28,0.0,0.0,25.2,32.2
LAS,2024-08-29,0.0,0.0,22.4,32.9
LAS,2024-08-30,0.0,0.0,17.4,33.2
LAS,2024-08-31,0.0,0.0,10.5,33.2
LAS,2024-09-01,0.0,0.0,20.5,33.1
LAS,2024-09-02,0.0,0.0,18.5,33.8
LAS,2024-09-03,0.0,0.0,28.1,34.2
LAS,2024-09-04,0.0,0.0,16.9,34.1
LAS,2024-09-05,0.0,0.0,19.2,34.5
LAS,2024-09-06,0.0,0.0,15.3,34.0
LAS,2024-09-07,0.0,0.0,17.9,34.0
LAS,2024-09-08,0.0,0.0,32.6,32.0
LAS,2024-09-09,0.0,0.0,17.7,32.7
LAS,2024-09-10,0.0,0.0,37.4,32.8
LAS,2024-09-11,0.0,0.0,32.4,31.7
LAS,2024-09-12,0.0,0.0,31.6,28.0
LAS,2024-09-13,0.0,0.0,15.1,28.9
LAS,2024-09-14,0.0,0.0,22.7,29.4
LAS,2024-09-15,0.0,0.0,31.8,29.7
LAS,2024-09-16,0.0,0.0,35.7,24.7
LAS,2024-09-17,0.0,0.0,29.0,22.2
LAS,2024-09-18,0.0,0.0,10.8,23.9
LAS,2024-09-19,0.0,0.0,20.5,24.6
LAS,2024-09-20,2.9,0.0,20.9,24.4
LAS,2024-09-21,0.0,0.0,14.9,25.8
LAS,2024-09-22,0.0,0.0,9.7,27.1
LAS,2024-09-23,0.0,0.0,10.8,28.9
LAS,2024-09-24,0.0,0.0,11.7,29.4
LAS,2024-09-25,0.0,0.0,16.6,29.8
LAS,2024-09-26,0.0,0.0,13.1,30.1
LAS,2024-09-27,0.0,0.0,10.5,30.8
LAS,2024-09-28,0.0,0.0,24.7,32.4
LAS,2024-09-29,0.0,0.0,31.6,31.6
LAS,2024-09-30,0.0,0.0,11.0,31.3
LAS,2024-10-01,0.0,0.0,12.3,31.6
LAS,2024-10-02,0.0,0.0,16.3,31.5
LAS,2024-10-03,0.0,0.0,13.0,30.7
LAS,2024-10-04,0.0,0.0,33.9,31.2
LAS,2024-10-05,0.0,0.0,13.5,31.1
LAS,2024-10-06,0.0,0.0,12.4,30.5
LAS,2024-10-07,0.0,0.0,13.9,29.9
LAS,2024-10-08,0.0,0.0,15.0,29.5
LAS,2024-10-09,0.0,0.0,19.9,28.6
LAS,2024-10-10,0.0,0.0,15.4,27.6
LAS,2024-10-11,0.0,0.0,29.1,28.0
LAS,2024-10-12,0.0,0.0,20.0,26.3
LAS,2024-10-13,0.0,0.0,17.5,25.2
LAS,2024-10-14,0.0,0.0,11.1,25.2
LAS,2024-10-15,0.0,0.0,11.6,25.5
LAS,2024-10-16,0.0,0.0,24.2,25.6
LAS,2024-10-17,0.0,0.0,32.7,24.2
LAS,2024-10-18,1.4,0.0,50.1,16.5
LAS,2024-10-19,0.0,0.0,27.5,18.7
LAS,2024-10-20,0.0,0.0,15.5,19.6
LAS,2024-10-21,0.0,0.0,11.5,20.1
LAS,2024-10-22,0.0,0.0,9.3,21.2
LAS,2024-10-23,0.0,0.0,10.6,22.5
LAS,2024-10-24,0.0,0.0,11.2,21.9
LAS,2024-10-25,0.0,0.0,8.7,21.8
LAS,2024-10-26,0.0,0.0,9.2,22.3
LAS,2024-10-27,0.0,0.0,18.2,23.3
LAS,2024-10-28,1.7,0.0,45.9,22.7
LAS,2024-10-29,0.0,0.0,35.3,14.5
LAS,2024-10-30,0.0,0.0,13.5,12.3
LAS,2024-10-31,0.0,0.0,13.4,13.5
LAS,2024-11-01,0.0,0.0,10.0,14.8
LAS,2024-11-02,0.0,0.0,20.2,15.7
LAS,2024-11-03,0.0,0.0,35.9,14.0
LAS,2024-11-04,0.0,0.0,32.9,13.5
LAS,2024-11-05,0.0,0.0,34.4,14.0
LAS,2024-11-06,0.0,0.0,28.0,10.8
LAS,2024-11-07,0.0,0.0,20.6,11.2
LAS,2024-11-08,0.0,0.0,11.2,11.7
LAS,2024-11-09,0.0,0.0,9.7,12.9
LAS,2024-11-10,0.0,0.0,8.4,13.9
LAS,2024-11-11,0.0,0.0,29.7,16.1
LAS,2024-11-12,0.0,0.0,35.6,14.2
LAS,2024-11-13,0.0,0.0,3.8,10.9
LAS,2024-11-14,0.0,0.0,6.9,11.1
LAS,2024-11-15,0.0,0.0,24.6,11.9
LAS,2024-11-16,0.0,0.0,14.1,9.5
LAS,2024-11-17,0.0,0.0,8.7,9.9
LAS,2024-11-18,0.0,0.0,14.2,9.5
LAS,2024-11-19,0.0,0.0,9.6,9.0
LAS,2024-11-20,0.0,0.0,4.3,8.5
LAS,2024-11-21,0.0,0.0,6.5,8.9
LAS,2024-11-22,0.0,0.0,5.7,10.1
LAS,2024-11-23,0.0,0.0,21.4,14.8
LAS,2024-11-24,0.0,0.0,21.3,14.3
LAS,2024-11-25,0.0,0.0,7.5,10.4
LAS,2024-11-26,0.0,0.0,17.7,15.1
LAS,2024-11-27,0.0,0.0,8.9,13.6
LAS,2024-11-28,0.0,0.0,7.0,9.3
LAS,2024-11-29,0.0,0.0,5.4,8.2
LAS,2024-11-30,0.0,0.0,4.3,9.3
LAS,2024-12-01,0.0,0.0,3.9,10.9
LAS,2024-12-02,0.0,0.0,5.0,11.9
LAS,2024-12-03,0.0,0.0,5.5,12.5
LAS,2024-12-04,0.0,0.0,6.4,12.7
LAS,2024-12-05,0.0,0.0,4.5,12.7
LAS,2024-12-06,0.0,0.0,5.2,12.8
LAS,2024-12-07,0.0,0.0,5.1,11.1
LAS,2024-12-08,0.0,0.0,4.4,10.0
LAS,2024-12-09,0.0,0.0,12.2,8.9
LAS,2024-12-10,0.0,0.0,6.5,6.3
LAS,2024-12-11,0.0,0.0,4.8,5.8
LAS,2024-12-12,0.0,0.0,15.6,5.7
LAS,2024-12-13,0.0,0.0,6.1,6.9
LAS,2024-12-14,0.0,0.0,18.3,9.4
LAS,2024-12-15,0.0,0.0,17.7,10.4
LAS,2024-12-16,0.0,0.0,7.5,8.2
LAS,2024-12-17,0.0,0.0,7.9,10.0
LAS,2024-12-18,0.0,0.0,5.1,12.1
LAS,2024-12-19,0.0,0.0,3.7,12.6
LAS,2024-12-20,0.0,0.0,5.1,12.6
LAS,2024-12-21,0.0,0.0,5.4,11.5
LAS,2024-12-22,0.0,0.0,5.9,12.0
LAS,2024-12-23,0.0,0.0,4.2,12.7
LAS,2024-12-24,0.0,0.0,16.8,11.8
LAS,2024-12-25,0.0,0.0,22.5,11.7
LAS,2024-12-26,0.0,0.0,6.4,9.5
LAS,2024-12-27,0.0,0.0,10.3,9.1
LAS,2024-12-28,0.0,0.0,6.8,9.8
LAS,2024-12-29,0.0,0.0,7.7,9.7
LAS,2024-12-30,0.0,0.0,7.1,10.9
LAS,2024-12-31,0.0,0.0,5.8,8.7
LAS,2025-01-01,0.0,0.0,5.3,8.2
LAS,2025-01-02,0.0,0.0,6.1,9.8
LAS,2025-01-03,0.0,0.0,9.6,10.2
LAS,2025-01-04,0.0,0.0,24.4,12.8
LAS,2025-01-05,0.0,0.0,5.4,9.3
LAS,2025-01-06,0.0,0.0,4.4,9.6
LAS,2025-01-07,0.0,0.0,26.3,10.9
LAS,2025-01-08,0.0,0.0,17.3,10.3
LAS,2025-01-09,0.0,0.0,19.5,9.9
LAS,2025-01-10,0.0,0.0,13.3,8.0
LAS,2025-01-11,0.0,0.0,15.9,7.6
LAS,2025-01-12,0.0,0.0,14.6,6.8
LAS,2025-01-13,0.0,0.0,10.6,5.9
LAS,2025-01-14,0.0,0.0,12.6,6.3
LAS,2025-01-15,0.0,0.0,14.4,6.8
LAS,2025-01-16,0.0,0.0,5.7,7.3
LAS,2025-01-17,0.0,0.0,6.6,7.0
LAS,2025-01-18,0.0,0.0,9.1,7.1
LAS,2025-01-19,0.0,0.0,4.8,4.7
LAS,2025-01-20,0.0,0.0,22.2,4.5
LAS,2025-01-21,0.0,0.0,8.7,2.5
LAS,2025-01-22,0.0,0.0,8.7,5.2
LAS,2025-01-23,0.0,0.0,16.0,6.4
LAS,2025-01-24,0.0,0.0,5.0,5.4
LAS,2025-01-25,0.0,0.0,6.5,6.0
LAS,2025-01-26,0.0,0.0,8.5,7.3
LAS,2025-01-27,0.0,0.0,11.5,7.5
LAS,2025-01-28,0.0,0.0,5.8,6.1
LAS,2025-01-29,0.0,0.0,5.6,7.4
LAS,2025-01-30,0.0,0.0,4.6,7.7
LAS,2025-01-31,0.0,0.0,5.7,8.2
LAS,2025-02-01,0.0,0.0,7.1,9.8
LAS,2025-02-02,0.0,0.0,7.4,12.3
LAS,2025-02-03,0.0,0.0,11.7,15.8
LAS,2025-02-04,0.0,0.0,23.4,17.9
LAS,2025-02-05,0.0,0.0,24.0,17.8
LAS,2025-02-06,0.0,0.0,24.7,15.9
LAS,2025-02-07,0.0,0.0,27.8,17.7
LAS,2025-02-08,0.0,0.0,15.5,12.8
LAS,2025-02-09,0.0,0.0,5.2,10.7
LAS,2025-02-10,0.0,0.0,9.0,10.8
LAS,2025-02-11,0.0,0.0,24.5,10.2
LAS,2025-02-12,0.0,0.0,7.8,6.8
LAS,2025-02-13,12.1,0.0,21.1,6.8
LAS,2025-02-14,0.0,0.0,21.4,11.9
LAS,2025-02-15,0.0,0.0,19.7,11.2
LAS,2025-02-16,0.0,0.0,6.3,10.4
LAS,2025-02-17,0.0,0.0,8.0,11.8
LAS,2025-02-18,0.0,0.0,12.8,13.1
LAS,2025-02-19,0.0,0.0,8.4,13.2
LAS,2025-02-20,0.0,0.0,23.4,14.5
LAS,2025-02-21,0.0,0.0,11.6,12.9
LAS,2025-02-22,0.0,0.0,4.4,12.6
LAS,2025-02-23,0.0,0.0,5.7,14.6
LAS,2025-02-24,0.0,0.0,6.2,17.4
LAS,2025-02-25,0.0,0.0,6.6,18.8
LAS,2025-02-26,0.0,0.0,17.4,17.5
LAS,2025-02-27,0.0,0.0,20.5,16.2
LAS,2025-02-28,0.0,0.0,7.4,16.2
LAS,2025-03-01,0.0,0.0,7.4,17.2
LAS,2025-03-02,0.0,0.0,34.7,14.6
LAS,2025-03-03,0.0,0.0,18.7,11.1
LAS,2025-03-04,0.0,0.0,9.4,13.3
LAS,2025-03-05,1.2,0.0,19.0,13.6
LAS,2025-03-06,2.4,0.0,25.1,11.2
LAS,2025-03-07,0.1,0.0,20.6,10.4
LAS,2025-03-08,0.0,0.0,15.8,12.6
LAS,2025-03-09,0.0,0.0,9.3,13.2
LAS,2025-03-10,0.0,0.0,9.6,14.9
LAS,2025-03-11,0.0,0.0,20.3,14.2
LAS,2025-03-12,0.0,0.0,20.3,12.9
LAS,2025-03-13,1.7,0.0,23.5,11.1
LAS,2025-03-14,0.2,0.0,22.3,7.8
LAS,2025-03-15,0.0,0.0,14.1,10.7
LAS,2025-03-16,0.0,0.0,15.3,14.2
LAS,2025-03-17,0.0,0.0,28.8,17.9
LAS,2025-03-18,0.0,0.0,26.4,13.0
LAS,2025-03-19,0.0,0.0,12.4,11.6
LAS,2025-03-20,0.0,0.0,8.8,13.8
LAS,2025-03-21,0.0,0.0,9.9,16.6
LAS,2025-03-22,0.0,0.0,6.0,18.7
LAS,2025-03-23,0.0,0.0,9.0,21.0
LAS,2025-03-24,0.0,0.0,6.5,21.6
LAS,2025-03-25,0.0,0.0,8.7,23.1
LAS,2025-03-26,0.0,0.0,18.9,24.6
LAS,2025-03-27,0.0,0.0,23.8,23.8
LAS,2025-03-28,0.0,0.0,22.9,19.2
LAS,2025-03-29,0.0,0.0,16.2,18.0
LAS,2025-03-30,0.0,0.0,24.6,19.2
LAS,2025-03-31,0.0,0.0,28.9,18.6
LAS,2025-04-01,0.0,0.0,28.8,15.0
LAS,2025-04-02,0.1,0.0,16.1,12.2
LAS,2025-04-03,0.0,0.0,12.7,10.9
LAS,2025-04-04,0.0,0.0,16.2,13.8
LAS,2025-04-05,0.0,0.0,16.3,16.3
LAS,2025-04-06,0.0,0.0,9.8,17.7
LAS,2025-04-07,0.0,0.0,17.4,20.9
LAS,2025-04-08,0.0,0.0,16.2,24.1
LAS,2025-04-09,0.0,0.0,8.1,24.9
LAS,2025-04-10,0.0,0.0,8.6,26.1
LAS,2025-04-11,0.0,0.0,15.1,27.6
LAS,2025-04-12,0.0,0.0,22.2,27.6
LAS,2025-04-13,0.0,0.0,19.9,25.3
LAS,2025-04-14,0.0,0.0,12.1,23.8
LAS,2025-04-15,0.1,0.0,12.6,24.7
LAS,2025-04-16,0.0,0.0,17.3,23.8
LAS,2025-04-17,0.0,0.0,22.8,19.5
LAS,2025-04-18,0.0,0.0,28.8,16.3
LAS,2025-04-19,0.0,0.0,11.8,16.1
LAS,2025-04-20,0.0,0.0,11.1,19.9
LAS,2025-04-21,0.0,0.0,7.7,22.6
LAS,2025-04-22,0.0,0.0,16.9,24.2
LAS,2025-04-23,0.0,0.0,21.5,24.8
LAS,2025-04-24,0.0,0.0,20.6,23.7
LAS,2025-04-25,0.0,0.0,21.2,21.9
LAS,2025-04-26,0.0,0.0,23.7,16.8
LAS,2025-04-27,0.0,0.0,18.2,15.1
LAS,2025-04-28,0.0,0.0,13.8,18.6
LAS,2025-04-29,0.0,0.0,10.9,21.2
LAS,2025-04-30,0.0,0.0,18.2,23.5
LAS,2025-05-01,0.0,0.0,13.6,24.3
LAS,2025-05-02,0.0,0.0,6.8,25.1
LAS,2025-05-03,0.0,0.0,21.9,24.9
LAS,2025-05-04,2.2,0.0,13.5,19.2
LAS,2025-05-05,15.0,0.0,12.6,16.3
LAS,2025-05-06,1.6,0.0,11.1,17.1
LAS,2025-05-07,0.0,0.0,8.3,18.4
LAS,2025-05-08,0.0,0.0,8.1,23.3
LAS,2025-05-09,0.0,0.0,12.3,27.6
LAS,2025-05-10,0.0,0.0,15.6,30.2
LAS,2025-05-11,0.0,0.0,25.2,31.1
LAS,2025-05-12,0.0,0.0,31.2,27.6
LAS,2025-05-13,0.0,0.0,23.2,20.4
LAS,2025-05-14,0.0,0.0,14.1,20.5
LAS,2025-05-15,0.0,0.0,11.7,23.1
LAS,2025-05-16,0.0,0.0,17.7,25.4
LAS,2025-05-17,0.2,0.0,29.8,24.4
LAS,2025-05-18,0.0,0.0,21.6,22.5
LAS,2025-05-19,0.0,0.0,19.4,24.0
LAS,2025-05-20,0.0,0.0,14.5,26.3
LAS,2025-05-21,0.0,0.0,12.6,29.0
LAS,2025-05-22,0.0,0.0,22.0,30.9
LAS,2025-05-23,0.0,0.0,21.5,30.4
LAS,2025-05-24,0.0,0.0,20.6,28.3
LAS,2025-05-25,0.0,0.0,10.5,28.2
LAS,2025-05-26,0.0,0.0,21.0,29.8
LAS,2025-05-27,0.0,0.0,15.5,29.8
LAS,2025-05-28,0.0,0.0,13.7,30.2
LAS,2025-05-29,0.0,0.0,11.2,30.7
LAS,2025-05-30,0.0,0.0,9.4,32.0
LAS,2025-05-31,0.0,0.0,11.2,34.5
LAS,2025-06-01,0.0,0.0,25.5,32.9
LAS,2025-06-02,0.3,0.0,13.4,28.3
LAS,2025-06-03,3.0,0.0,16.4,28.9
LAS,2025-06-04,0.1,0.0,15.5,29.2
LAS,2025-06-05,0.9,0.0,13.8,29.1
LAS,2025-06-06,0.0,0.0,9.4,29.5
LAS,2025-06-07,0.0,0.0,15.7,32.0
LAS,2025-06-08,0.0,0.0,10.4,33.3
LAS,2025-06-09,0.0,0.0,9.9,34.3
LAS,2025-06-10,0.0,0.0,17.9,35.7
LAS,2025-06-11,0.0,0.0,22.9,36.2
LAS,2025-06-12,0.0,0.0,23.3,34.5
LAS,2025-06-13,0.0,0.0,22.0,33.6
LAS,2025-06-14,0.0,0.0,20.1,34.7
LAS,2025-06-15,0.0,0.0,15.7,35.8
LAS,2025-06-16,0.0,0.0,24.1,35.6
LAS,2025-06-17,0.0,0.0,18.6,34.8
LAS,2025-06-18,0.0,0.0,14.5,35.2
LAS,2025-06-19,0.0,0.0,22.0,35.6
LAS,2025-06-20,0.0,0.0,26.5,33.5
LAS,2025-06-21,0.0,0.0,28.4,29.0
LAS,2025-06-22,0.0,0.0,22.0,26.1
LAS,2025-06-23,0.0,0.0,18.0,28.2
LAS,2025-06-24,0.0,0.0,12.9,29.5
LAS,2025-06-25,0.0,0.0,12.2,30.4
LAS,2025-06-26,0.0,0.0,13.4,32.0
LAS,2025-06-27,0.0,0.0,16.0,32.9
LAS,2025-06-28,0.0,0.0,13.1,33.6
LAS,2025-06-29,0.0,0.0,17.9,33.5
LAS,2025-06-30,0.0,0.0,20.5,35.0
LAS,2025-07-01,0.0,0.0,23.1,33.0
LAS,2025-07-02,0.1,0.0,17.0,31.9
LAS,2025-07-03,0.7,0.0,14.3,30.7
LAS,2025-07-04,0.0,0.0,20.4,33.3
LAS,2025-07-05,0.0,0.0,18.3,33.2
LAS,2025-07-06,0.0,0.0,12.1,32.9
LAS,2025-07-07,0.0,0.0,20.4,34.2
LAS,2025-07-08,0.0,0.0,18.8,35.4
LAS,2025-07-09,0.0,0.0,18.2,37.3
LAS,2025-07-10,0.0,0.0,15.0,36.5
LAS,2025-07-11,0.0,0.0,10.0,35.6
LAS,2025-07-12,0.0,0.0,12.6,35.9
LAS,2025-07-13,0.0,0.0,12.5,37.1
LAS,2025-07-14,0.0,0.0,8.9,37.8
LAS,2025-07-15,0.0,0.0,18.5,37.5
LAS,2025-07-16,0.0,0.0,14.7,35.5
LAS,2025-07-17,0.3,0.0,14.1,33.2
LAS,2025-07-18,0.5,0.0,13.7,31.8
LAS,2025-07-19,0.0,0.0,10.8,34.2
LAS,2025-07-20,0.0,0.0,18.0,34.8
LAS,2025-07-21,0.0,0.0,19.2,34.3
LAS,2025-07-22,0.0,0.0,17.4,32.6
LAS,2025-07-23,0.0,0.0,21.5,31.1
LAS,2025-07-24,0.0,0.0,12.7,31.3
LAS,2025-07-25,0.0,0.0,16.5,30.9
LAS,2025-07-26,0.0,0.0,14.1,30.6
LAS,2025-07-27,0.0,0.0,14.1,31.8
LAS,2025-07-28,0.0,0.0,13.6,33.2
LAS,2025-07-29,0.0,0.0,18.2,33.8
LAS,2025-07-30,0.0,0.0,20.1,33.1
LAS,2025-07-31,0.0,0.0,19.6,33.6
LAS,2025-08-01,0.0,0.0,20.3,33.5
LAS,2025-08-02,0.0,0.0,17.7,33.9
LAS,2025-08-03,0.0,0.0,20.4,33.8
LAS,2025-08-04,0.0,0.0,19.2,34.3
LAS,2025-08-05,0.0,0.0,19.9,34.8
LAS,2025-08-06,0.0,0.0,20.8,35.6
LAS,2025-08-07,0.0,0.0,22.4,36.4
LAS,2025-08-08,0.0,0.0,24.3,36.4
LAS,2025-08-09,0.0,0.0,25.5,36.6
LAS,2025-08-10,0.0,0.0,14.7,36.4
LAS,2025-08-11,0.0,0.0,14.9,36.0
LAS,2025-08-12,0.0,0.0,9.8,36.8
LAS,2025-08-13,0.0,0.0,18.9,37.2
LAS,2025-08-14,0.0,0.0,21.6,35.6
LAS,2025-08-15,0.0,0.0,19.4,32.9
LAS,2025-08-16,0.4,0.0,14.9,32.4
LAS,2025-08-17,0.0,0.0,16.1,32.5
LAS,2025-08-18,0.0,0.0,9.9,32.6
LAS,2025-08-19,0.0,0.0,13.9,34.2
LAS,2025-08-20,0.0,0.0,16.7,36.1
LAS,2025-08-21,0.0,0.0,13.4,36.9
LAS,2025-08-22,0.0,0.0,12.2,36.2
LAS,2025-08-23,0.0,0.0,13.2,36.9
LAS,2025-08-24,0.4,0.0,12.4,35.0
LAS,2025-08-25,0.0,0.0,9.4,31.9
LAS,2025-08-26,17.4,0.0,12.3,25.9
LAS,2025-08-27,0.0,0.0,6.6,29.4
LAS,2025-08-28,0.3,0.0,13.5,29.4
LAS,2025-08-29,0.4,0.0,8.1,28.4
LAS,2025-08-30,0.0,0.0,12.2,31.3
LAS,2025-08-31,0.0,0.0,13.1,33.0
LAS,2025-09-01,0.0,0.0,10.3,34.4
LAS,2025-09-02,0.0,0.0,17.2,32.1
LAS,2025-09-03,0.7,0.0,10.2,30.5
LAS,2025-09-04,0.1,0.0,11.6,30.7
LAS,2025-09-05,0.2,0.0,10.5,29.1
LAS,2025-09-06,0.0,0.0,11.2,29.3
LAS,2025-09-07,0.0,0.0,15.8,30.8
LAS,2025-09-08,0.0,0.0,18.9,31.7
LAS,2025-09-09,0.0,0.0,19.4,30.4
LAS,2025-09-10,0.0,0.0,19.5,28.3
LAS,2025-09-11,0.0,0.0,15.8,27.2
LAS,2025-09-12,0.0,0.0,14.6,26.5
LAS,2025-09-13,0.0,0.0,7.8,27.3
LAS,2025-09-14,0.0,0.0,13.3,28.4
LAS,2025-09-15,0.0,0.0,12.1,28.7
LAS,2025-09-16,0.0,0.0,6.3,29.2
LAS,2025-09-17,0.0,0.0,8.9,30.0
LAS,2025-09-18,0.1,0.0,8.6,26.3
LAS,2025-09-19,0.0,0.0,7.6,25.2
LAS,2025-09-20,0.0,0.0,11.0,27.6
LAS,2025-09-21,0.0,0.0,14.1,28.4
LAS,2025-09-22,0.0,0.0,7.5,27.6
LAS,2025-09-23,0.0,0.0,15.5,27.8
LAS,2025-09-24,0.0,0.0,11.7,28.5
LAS,2025-09-25,0.2,0.0,15.5,28.5
LAS,2025-09-26,0.0,0.0,13.7,25.4
LAS,2025-09-27,0.0,0.0,14.9,24.5
LAS,2025-09-28,0.1,0.0,8.3,23.6
LAS,2025-09-29,0.0,0.0,7.5,24.8
LAS,2025-09-30,0.0,0.0,19.5,26.0
LAS,2025-10-01,0.0,0.0,12.2,25.7
LAS,2025-10-02,0.0,0.0,12.6,26.2
LAS,2025-10-03,0.0,0.0,25.4,24.5
LAS,2025-10-04,0.0,0.0,14.4,20.9
LAS,2025-10-05,0.0,0.0,6.2,21.6
LAS,2025-10-06,0.0,0.0,9.8,22.1
LAS,2025-10-07,0.0,0.0,6.9,22.2
LAS,2025-10-08,0.0,0.0,13.4,23.6
LAS,2025-10-09,7.4,0.0,10.6,23.5
LAS,2025-10-10,10.1,0.0,10.6,21.6
LAS,2025-10-11,0.3,0.0,23.9,23.5
LAS,2025-10-12,0.0,0.0,19.1,20.6
LAS,2025-10-13,0.0,0.0,19.2,20.0
LAS,2025-10-14,1.1,0.0,23.7,18.0
LAS,2025-10-15,0.0,0.0,17.5,15.5
LAS,2025-10-16,0.0,0.0,8.1,16.3
LAS,2025-10-17,0.0,0.0,9.8,18.7
LAS,2025-10-18,0.0,0.0,5.5,19.1
LAS,2025-10-19,0.0,0.0,6.3,20.4
LAS,2025-10-20,0.0,0.0,7.0,20.4
LAS,2025-10-21,0.0,0.0,5.2,20.5
LAS,2025-10-22,0.0,0.0,10.6,21.2
LAS,2025-10-23,0.0,0.0,12.0,21.7
LAS,2025-10-24,0.0,0.0,6.2,20.7
LAS,2025-10-25,0.0,0.0,16.6,21.5
LAS,2025-10-26,0.0,0.0,19.5,24.1
LAS,2025-10-27,0.0,0.0,8.5,21.3
LAS,2025-10-28,0.0,0.0,12.6,19.7
LAS,2025-10-29,0.0,0.0,5.8,19.3
LAS,2025-10-30,0.0,0.0,4.8,19.6
LAS,2025-10-31,0.0,0.0,5.3,19.5
LAS,2025-11-01,0.0,0.0,5.2,19.9
LAS,2025-11-02,0.0,0.0,6.6,20.0
LAS,2025-11-03,0.0,0.0,8.3,20.0
LAS,2025-11-04,0.0,0.0,12.1,20.2
LAS,2025-11-05,0.0,0.0,19.4,20.3
LAS,2025-11-06,0.0,0.0,18.7,20.4
LAS,2025-11-07,0.0,0.0,4.2,19.0
LAS,2025-11-08,0.0,0.0,6.9,19.5
LAS,2025-11-09,0.0,0.0,8.2,19.0
LAS,2025-11-10,0.0,0.0,4.9,18.9
LAS,2025-11-11,0.0,0.0,5.8,17.8
LAS,2025-11-12,0.0,0.0,3.7,17.2
LAS,2025-11-13,0.0,0.0,11.5,18.6
LAS,2025-11-14,1.6,0.0,8.2,19.7
LAS,2025-11-15,10.7,0.0,7.3,16.4
LAS,2025-11-16,2.2,0.0,18.8,13.5
LAS,2025-11-17,0.0,0.0,15.2,14.0
LAS,2025-11-18,21.3,0.0,9.6,11.2
LAS,2025-11-19,3.4,0.0,5.8,10.0
LAS,2025-11-20,0.4,0.0,8.5,9.7
LAS,2025-11-21,5.4,0.0,6.2,10.2
LAS,2025-11-22,0.5,0.0,11.4,12.2
LAS,2025-11-23,0.0,0.0,5.9,12.6
LAS,2025-11-24,0.0,0.0,4.4,10.7
LAS,2025-11-25,0.0,0.0,5.9,11.1
LAS,2025-11-26,0.0,0.0,5.5,11.2
LAS,2025-11-27,0.0,0.0,4.8,12.0
LAS,2025-11-28,0.0,0.0,4.6,11.6
LAS,2025-11-29,0.0,0.0,6.6,10.8
LAS,2025-11-30,0.0,0.0,5.4,8.9
LAS,2025-12-01,0.0,0.0,8.9,8.8
LAS,2025-12-02,0.0,0.0,5.5,7.5
LAS,2025-12-03,0.0,0.0,16.6,9.2
LAS,2025-12-04,0.0,0.0,5.9,7.9
LAS,2025-12-05,0.0,0.0,6.1,7.9
LAS,2025-12-06,0.0,0.0,5.0,9.3
LAS,2025-12-07,0.0,0.0,4.2,11.0
LAS,2025-12-08,0.0,0.0,4.7,11.7
LAS,2025-12-09,0.0,0.0,4.3,12.1
LAS,2025-12-10,0.0,0.0,4.3,13.5
LAS,2025-12-11,0.0,0.0,4.5,14.8
LAS,2025-12-12,0.0,0.0,4.7,14.3
LAS,2025-12-13,0.0,0.0,4.8,12.9
LAS,2025-12-14,0.0,0.0,5.1,12.6
LAS,2025-12-15,0.0,0.0,4.8,12.6
LAS,2025-12-16,0.0,0.0,4.9,12.9
LAS,2025-12-17,0.0,0.0,4.7,12.2
LAS,2025-12-18,0.0,0.0,5.8,12.5
LAS,2025-12-19,0.0,0.0,8.9,9.4
LAS,2025-12-20,0.0,0.0,6.6,10.3
LAS,2025-12-21,0.0,0.0,8.0,11.0
LAS,2025-12-22,0.0,0.0,4.1,11.2
LAS,2025-12-23,1.6,0.0,3.2,11.1
LAS,2025-12-24,7.9,0.0,16.7,13.4
LAS,2025-12-25,3.8,0.0,13.7,13.5
LAS,2025-12-26,0.1,0.0,10.8,11.2
LAS,2025-12-27,0.5,0.0,13.3,10.4
LAS,2025-12-28,0.0,0.0,12.0,8.7
LAS,2025-12-29,0.0,0.0,13.8,7.7
LAS,2025-12-30,0.0,0.0,4.3,8.1
LAS,2025-12-31,5.1,0.0,3.7,8.3
MCO,2023-01-01,0.2,0.0,10.1,21.3
MCO,2023-01-02,0.0,0.0,13.4,19.3
MCO,2023-01-03,0.0,0.0,19.2,21.3
MCO,2023-01-04,1.7,0.0,23.4,22.7
MCO,2023-01-05,3.7,0.0,17.3,20.7
MCO,2023-01-06,0.0,0.0,15.0,15.0
MCO,2023-01-07,0.0,0.0,13.2,13.7
MCO,2023-01-08,0.0,0.0,13.4,16.8
MCO,2023-01-09,0.0,0.0,15.8,17.3
MCO,2023-01-10,0.0,0.0,13.8,15.5
MCO,2023-01-11,0.0,0.0,9.4,14.4
MCO,2023-01-12,0.0,0.0,16.2,16.7
MCO,2023-01-13,16.4,0.0,27.3,15.5
MCO,2023-01-14,0.0,0.0,27.5,7.4
MCO,2023-01-15,0.0,0.0,14.8,7.4
MCO,2023-01-16,0.0,0.0,10.6,9.7
MCO,2023-01-17,0.0,0.0,14.8,13.3
MCO,2023-01-18,0.0,0.0,11.2,16.2
MCO,2023-01-19,0.0,0.0,16.4,20.3
MCO,2023-01-20,0.1,0.0,13.8,21.2
MCO,2023-01-21,1.4,0.0,14.5,16.8
MCO,2023-01-22,1.1,0.0,29.7,21.4
MCO,2023-01-23,2.8,0.0,19.4,17.9
MCO,2023-01-24,0.0,0.0,17.1,16.2
MCO,2023-01-25,1.5,0.0,26.3,22.4
MCO,2023-01-26,7.1,0.0,18.3,16.7
MCO,2023-01-27,0.0,0.0,15.9,11.7
MCO,2023-01-28,0.1,0.0,14.0,14.7
MCO,2023-01-29,0.0,0.0,17.2,20.9
MCO,2023-01-30,0.6,0.0,13.0,22.4
MCO,2023-01-31,0.0,0.0,10.7,23.0
MCO,2023-02-01,0.0,0.0,14.3,21.8
MCO,2023-02-02,0.0,0.0,15.3,22.3
MCO,2023-02-03,7.9,0.0,27.0,18.9
MCO,2023-02-04,0.0,0.0,26.9,16.3
MCO,2023-02-05,2.5,0.0,14.6,18.0
MCO,2023-02-06,0.0,0.0,16.7,17.4
MCO,2023-02-07,0.0,0.0,17.0,17.7
MCO,2023-02-08,0.0,0.0,17.0,19.5
MCO,2023-02-09,8.2,0.0,18.7,21.5
MCO,2023-02-10,7.3,0.0,18.4,22.5
MCO,2023-02-11,1.2,0.0,23.6,22.7
MCO,2023-02-12,0.4,0.0,41.2,18.1
MCO,2023-02-13,0.0,0.0,19.3,14.0
MCO,2023-02-14,0.0,0.0,13.6,16.0
MCO,2023-02-15,0.0,0.0,17.8,20.5
MCO,2023-02-16,0.0,0.0,17.3,22.5
MCO,2023-02-17,0.9,0.0,25.0,24.4
MCO,2023-02-18,1.1,0.0,22.5,17.4
MCO,2023-02-19,0.1,0.0,17.4,21.0
MCO,2023-02-20,0.0,0.0,18.8,21.2
MCO,2023-02-21,0.0,0.0,19.6,22.7
MCO,2023-02-22,0.0,0.0,17.8,23.2
MCO,2023-02-23,0.0,0.0,12.8,24.7
MCO,2023-02-24,0.0,0.0,11.7,24.5
MCO,2023-02-25,0.0,0.0,18.3,24.7
MCO,2023-02-26,0.0,0.0,10.7,22.4
MCO,2023-02-27,0.0,0.0,23.2,21.8
MCO,2023-02-28,0.2,0.0,24.2,24.0
MCO,2023-03-01,0.0,0.0,11.8,23.3
MCO,2023-03-02,0.0,0.0,14.2,23.4
MCO,2023-03-03,0.0,0.0,31.8,24.8
MCO,2023-03-04,1.0,0.0,23.6,26.0
MCO,2023-03-05,11.6,0.0,11.3,24.3
MCO,2023-03-06,2.6,0.0,12.3,23.9
MCO,2023-03-07,0.3,0.0,18.4,24.0
MCO,2023-03-08,0.1,0.0,20.9,22.9
MCO,2023-03-09,0.0,0.0,19.8,20.8
MCO,2023-03-10,1.3,0.0,20.6,22.0
MCO,2023-03-11,4.5,0.0,14.5,21.3
MCO,2023-03-12,0.0,0.0,22.3,21.3
MCO,2023-03-13,31.2,0.0,18.1,20.8
MCO,2023-03-14,0.0,0.0,17.3,17.2
MCO,2023-03-15,0.0,0.0,18.8,14.2
MCO,2023-03-16,0.0,0.0,14.5,16.4
MCO,2023-03-17,0.0,0.0,21.5,20.2
MCO,2023-03-18,0.4,0.0,23.8,22.6
MCO,2023-03-19,5.4,0.0,16.9,14.5
MCO,2023-03-20,0.1,0.0,17.7,13.8
MCO,2023-03-21,0.0,0.0,20.7,16.8
MCO,2023-03-22,0.0,0.0,21.7,20.1
MCO,2023-03-23,0.0,0.0,18.2,21.9
MCO,2023-03-24,0.0,0.0,15.0,23.0
MCO,2023-03-25,1.0,0.0,17.6,25.1
MCO,2023-03-26,0.5,0.0,18.7,26.2
MCO,2023-03-27,0.1,0.0,15.3,26.8
MCO,2023-03-28,0.9,0.0,19.5,25.6
MCO,2023-03-29,0.2,0.0,20.9,21.9
MCO,2023-03-30,0.0,0.0,19.7,21.3
MCO,2023-03-31,0.0,0.0,22.4,23.1
MCO,2023-04-01,0.0,0.0,22.0,25.0
MCO,2023-04-02,0.3,0.0,15.3,25.4
MCO,2023-04-03,0.5,0.0,15.8,25.5
MCO,2023-04-04,1.2,0.0,13.7,24.9
MCO,2023-04-05,0.1,0.0,20.3,25.3
MCO,2023-04-06,0.0,0.0,18.0,25.5
MCO,2023-04-07,2.2,0.0,18.9,24.7
MCO,2023-04-08,9.2,0.0,15.3,25.3
MCO,2023-04-09,0.6,0.0,27.2,21.7
MCO,2023-04-10,8.3,0.0,25.9,19.9
MCO,2023-04-11,0.0,0.0,29.8,21.1
MCO,2023-04-12,5.6,0.0,28.4,20.9
MCO,2023-04-13,5.7,0.0,16.2,23.2
MCO,2023-04-14,1.0,0.0,15.9,23.7
MCO,2023-04-15,9.2,0.0,10.8,24.3
MCO,2023-04-16,18.8,0.0,17.6,23.7
MCO,2023-04-17,18.9,0.0,20.9,20.9
MCO,2023-04-18,0.0,0.0,14.8,19.2
MCO,2023-04-19,0.0,0.0,18.8,20.8
MCO,2023-04-20,0.0,0.0,20.3,22.1
MCO,2023-04-21,0.8,0.0,11.5,23.1
MCO,2023-04-22,8.5,0.0,15.5,24.4
MCO,2023-04-23,0.1,0.0,18.2,24.0
MCO,2023-04-24,13.9,0.0,17.7,21.4
MCO,2023-04-25,3.5,0.0,15.5,21.7
MCO,2023-04-26,15.7,0.0,18.1,21.6
MCO,2023-04-27,18.3,0.0,21.3,23.6
MCO,2023-04-28,3.7,0.0,17.3,23.8
MCO,2023-04-29,9.7,0.0,23.3,24.4
MCO,2023-04-30,8.9,0.0,34.7,22.7
MCO,2023-05-01,0.0,0.0,23.9,21.8
MCO,2023-05-02,0.0,0.0,21.6,22.9
MCO,2023-05-03,0.0,0.0,19.7,22.1
MCO,2023-05-04,0.0,0.0,13.7,22.0
MCO,2023-05-05,0.0,0.0,19.1,23.3
MCO,2023-05-06,0.8,0.0,24.4,22.7
MCO,2023-05-07,0.0,0.0,20.7,22.8
MCO,2023-05-08,0.0,0.0,14.6,23.2
MCO,2023-05-09,0.0,0.0,10.7,24.9
MCO,2023-05-10,0.6,0.0,14.7,25.9
MCO,2023-05-11,5.2,0.0,11.8,24.9
MCO,2023-05-12,1.4,0.0,16.6,25.1
MCO,2023-05-13,1.6,0.0,14.9,24.9
MCO,2023-05-14,0.0,0.0,17.1,24.9
MCO,2023-05-15,0.0,0.0,17.0,24.5
MCO,2023-05-16,0.5,0.0,13.9,25.8
MCO,2023-05-17,10.9,0.0,15.5,25.7
MCO,2023-05-18,11.0,0.0,18.1,24.8
MCO,2023-05-19,2.2,0.0,14.3,25.4
MCO,2023-05-20,21.6,0.0,13.1,24.6
MCO,2023-05-21,5.4,0.0,18.7,25.6
MCO,2023-05-22,22.3,0.0,15.3,24.4
MCO,2023-05-23,31.7,0.0,13.1,22.9
MCO,2023-05-24,13.4,0.0,19.3,22.4
MCO,2023-05-25,14.1,0.0,15.2,22.6
MCO,2023-05-26,5.4,0.0,20.9,22.1
MCO,2023-05-27,0.0,0.0,18.4,21.8
MCO,2023-05-28,0.1,0.0,15.8,22.2
MCO,2023-05-29,0.0,0.0,11.7,23.9
MCO,2023-05-30,0.0,0.0,17.1,25.0
MCO,2023-05-31,3.1,0.0,24.1,25.1
MCO,2023-06-01,27.0,0.0,14.7,23.7
MCO,2023-06-02,21.9,0.0,15.4,23.7
MCO,2023-06-03,14.1,0.0,8.5,23.3
MCO,2023-06-04,5.2,0.0,21.6,23.4
MCO,2023-06-05,0.0,0.0,19.1,24.8
MCO,2023-06-06,0.9,0.0,12.5,24.8
MCO,2023-06-07,26.0,0.0,15.6,24.1
MCO,2023-06-08,4.1,0.0,14.8,25.0
MCO,2023-06-09,8.8,0.0,12.7,25.6
MCO,2023-06-10,17.3,0.0,16.5,25.3
MCO,2023-06-11,2.9,0.0,10.6,26.2
MCO,2023-06-12,0.0,0.0,14.3,27.6
MCO,2023-06-13,0.1,0.0,14.8,28.5
MCO,2023-06-14,8.0,0.0,17.7,27.8
MCO,2023-06-15,6.2,0.0,19.0,27.3
MCO,2023-06-16,0.3,0.0,32.2,27.7
MCO,2023-06-17,21.3,0.0,18.1,26.3
MCO,2023-06-18,4.6,0.0,18.0,26.3
MCO,2023-06-19,2.5,0.0,18.0,27.5
MCO,2023-06-20,24.8,0.0,26.2,24.9
MCO,2023-06-21,8.2,0.0,26.6,24.6
MCO,2023-06-22,13.3,0.0,17.9,25.2
MCO,2023-06-23,16.9,0.0,18.4,25.0
MCO,2023-06-24,58.7,0.0,16.4,25.7
MCO,2023-06-25,3.8,0.0,13.3,25.9
MCO,2023-06-26,0.9,0.0,13.7,27.2
MCO,2023-06-27,0.3,0.0,12.6,28.4
MCO,2023-06-28,5.2,0.0,15.6,28.0
MCO,2023-06-29,1.2,0.0,16.3,27.7
MCO,2023-06-30,0.3,0.0,17.4,27.7
MCO,2023-07-01,0.3,0.0,16.6,28.0
MCO,2023-07-02,0.0,0.0,19.1,28.5
MCO,2023-07-03,2.9,0.0,18.6,29.5
MCO,2023-07-04,1.7,0.0,9.8,28.9
MCO,2023-07-05,16.6,0.0,14.5,28.3
MCO,2023-07-06,8.5,0.0,12.8,28.9
MCO,2023-07-07,13.8,0.0,18.0,27.3
MCO,2023-07-08,9.8,0.0,18.2,26.1
MCO,2023-07-09,6.6,0.0,14.6,28.0
MCO,2023-07-10,1.1,0.0,19.6,27.5
MCO,2023-07-11,14.4,0.0,14.8,27.9
MCO,2023-07-12,6.4,0.0,13.6,27.2
MCO,2023-07-13,11.4,0.0,11.3,27.9
MCO,2023-07-14,24.0,0.0,6.4,27.0
MCO,2023-07-15,4.1,0.0,14.8,27.8
MCO,2023-07-16,15.1,0.0,14.1,26.7
MCO,2023-07-17,10.6,0.0,16.8,26.5
MCO,2023-07-18,16.8,0.0,11.7,27.0
MCO,2023-07-19,6.8,0.0,12.8,27.6
MCO,2023-07-20,6.2,0.0,8.0,28.1
MCO,2023-07-21,6.9,0.0,11.1,28.2
MCO,2023-07-22,23.9,0.0,14.5,28.0
MCO,2023-07-23,4.1,0.0,20.9,26.9
MCO,2023-07-24,8.9,0.0,18.9,27.4
MCO,2023-07-25,2.8,0.0,13.4,27.8
MCO,2023-07-26,3.6,0.0,13.7,27.2
MCO,2023-07-27,7.8,0.0,13.0,25.8
MCO,2023-07-28,0.7,0.0,14.6,26.8
MCO,2023-07-29,5.0,0.0,11.1,27.5
MCO,2023-07-30,0.3,0.0,13.4,28.0
MCO,2023-07-31,3.2,0.0,9.0,26.9
MCO,2023-08-01,6.3,0.0,14.6,26.7
MCO,2023-08-02,3.0,0.0,25.5,26.8
MCO,2023-08-03,0.5,0.0,13.2,27.4
MCO,2023-08-04,3.1,0.0,14.0,27.6
MCO,2023-08-05,3.1,0.0,14.1,27.9
MCO,2023-08-06,5.4,0.0,16.2,28.3
MCO,2023-08-07,0.2,0.0,10.2,29.5
MCO,2023-08-08,4.6,0.0,9.8,29.0
MCO,2023-08-09,4.6,0.0,16.0,29.9
MCO,2023-08-10,1.0,0.0,16.1,29.9
MCO,2023-08-11,2.9,0.0,11.9,30.0
MCO,2023-08-12,5.5,0.0,17.3,29.4
MCO,2023-08-13,1.1,0.0,15.9,29.4
MCO,2023-08-14,14.5,0.0,17.2,28.6
MCO,2023-08-15,17.5,0.0,11.2,28.6
MCO,2023-08-16,6.5,0.0,16.7,27.8
MCO,2023-08-17,3.9,0.0,14.1,26.2
MCO,2023-08-18,1.4,0.0,12.4,27.0
MCO,2023-08-19,0.7,0.0,15.8,27.7
MCO,2023-08-20,6.6,0.0,19.5,27.6
MCO,2023-08-21,0.3,0.0,20.2,28.7
MCO,2023-08-22,0.2,0.0,15.6,28.1
MCO,2023-08-23,0.6,0.0,14.5,27.9
MCO,2023-08-24,1.7,0.0,20.2,27.8
MCO,2023-08-25,0.0,0.0,17.4,28.1
MCO,2023-08-26,0.2,0.0,15.5,28.1
MCO,2023-08-27,2.1,0.0,21.9,27.4
MCO,2023-08-28,2.8,0.0,14.8,27.8
MCO,2023-08-29,1.1,0.0,21.2,28.7
MCO,2023-08-30,11.6,0.0,35.1,27.2
MCO,2023-08-31,15.9,0.0,15.8,27.0
MCO,2023-09-01,11.4,0.0,11.4,26.4
MCO,2023-09-02,0.3,0.0,18.8,27.1
MCO,2023-09-03,0.0,0.0,17.4,26.4
MCO,2023-09-04,0.0,0.0,14.7,25.8
MCO,2023-09-05,0.0,0.0,15.7,26.0
MCO,2023-09-06,0.0,0.0,15.1,27.5
MCO,2023-09-07,0.0,0.0,9.1,27.7
MCO,2023-09-08,22.3,0.0,11.8,24.6
MCO,2023-09-09,0.1,0.0,13.0,25.4
MCO,2023-09-10,0.3,0.0,12.6,27.1
MCO,2023-09-11,11.6,0.0,16.1,27.7
MCO,2023-09-12,3.9,0.0,12.1,26.4
MCO,2023-09-13,18.4,0.0,11.1,26.4
MCO,2023-09-14,22.5,0.0,16.7,26.6
MCO,2023-09-15,1.7,0.0,14.3,26.8
MCO,2023-09-16,13.2,0.0,12.5,25.9
MCO,2023-09-17,9.6,0.0,9.0,26.3
MCO,2023-09-18,1.1,0.0,16.3,26.1
MCO,2023-09-19,1.3,0.0,16.4,25.5
MCO,2023-09-20,34.1,0.0,17.0,25.2
MCO,2023-09-21,12.9,0.0,16.3,24.6
MCO,2023-09-22,0.8,0.0,16.2,24.5
MCO,2023-09-23,0.0,0.0,13.6,23.7
MCO,2023-09-24,0.0,0.0,12.1,24.7
MCO,2023-09-25,4.2,0.0,10.4,25.8
MCO,2023-09-26,39.3,0.0,13.0,25.0
MCO,2023-09-27,35.4,0.0,12.8,24.8
MCO,2023-09-28,7.4,0.0,13.1,25.1
MCO,2023-09-29,15.7,0.0,14.4,25.1
MCO,2023-09-30,15.1,0.0,11.7,25.2
MCO,2023-10-01,22.9,0.0,21.4,24.2
MCO,2023-10-02,0.4,0.0,24.1,25.1
MCO,2023-10-03,0.2,0.0,23.0,25.0
MCO,2023-10-04,1.4,0.0,22.1,24.5
MCO,2023-10-05,0.8,0.0,13.9,25.1
MCO,2023-10-06,0.8,0.0,10.4,25.2
MCO,2023-10-07,1.4,0.0,12.6,24.7
MCO,2023-10-08,0.4,0.0,15.9,21.8
MCO,2023-10-09,0.0,0.0,13.7,21.2
MCO,2023-10-10,0.0,0.0,12.4,23.0
MCO,2023-10-11,6.1,0.0,17.4,24.7
MCO,2023-10-12,24.6,0.0,27.9,25.8
MCO,2023-10-13,2.3,0.0,14.8,27.2
MCO,2023-10-14,0.0,0.0,18.2,24.5
MCO,2023-10-15,0.0,0.0,18.9,22.1
MCO,2023-10-16,0.0,0.0,24.0,18.2
MCO,2023-10-17,0.0,0.0,13.1,16.0
MCO,2023-10-18,0.0,0.0,12.9,18.5
MCO,2023-10-19,0.0,0.0,9.6,20.6
MCO,2023-10-20,0.0,0.0,17.3,21.0
MCO,2023-10-21,1.1,0.0,16.2,23.2
MCO,2023-10-22,0.0,0.0,8.8,21.3
MCO,2023-10-23,0.0,0.0,17.6,22.5
MCO,2023-10-24,0.0,0.0,24.9,22.9
MCO,2023-10-25,0.0,0.0,25.1,23.7
MCO,2023-10-26,0.0,0.0,19.9,24.1
MCO,2023-10-27,0.0,0.0,17.7,23.9
MCO,2023-10-28,0.0,0.0,19.7,23.7
MCO,2023-10-29,0.0,0.0,19.1,23.9
MCO,2023-10-30,0.0,0.0,14.3,24.1
MCO,2023-10-31,0.0,0.0,16.8,23.4
MCO,2023-11-01,0.0,0.0,24.9,18.9
MCO,2023-11-02,0.0,0.0,26.9,19.6
MCO,2023-11-03,0.4,0.0,21.7,20.8
MCO,2023-11-04,0.0,0.0,20.9,20.5
MCO,2023-11-05,0.0,0.0,17.1,19.4
MCO,2023-11-06,0.0,0.0,12.3,19.4
MCO,2023-11-07,0.0,0.0,10.7,21.0
MCO,2023-11-08,0.0,0.0,11.6,21.0
MCO,2023-11-09,0.0,0.0,10.4,22.1
MCO,2023-11-10,0.6,0.0,12.6,23.7
MCO,2023-11-11,2.2,0.0,16.0,24.3
MCO,2023-11-12,1.0,0.0,18.0,22.8
MCO,2023-11-13,0.8,0.0,21.5,22.5
MCO,2023-11-14,18.7,0.0,24.5,22.1
MCO,2023-11-15,28.7,0.0,25.3,21.6
MCO,2023-11-16,24.0,0.0,20.9,21.5
MCO,2023-11-17,64.5,0.0,25.1,21.6
MCO,2023-11-18,0.4,0.0,20.3,21.3
MCO,2023-11-19,0.1,0.0,11.0,20.3
MCO,2023-11-20,0.0,0.0,12.7,20.8
MCO,2023-11-21,0.0,0.0,17.3,22.6
MCO,2023-11-22,1.9,0.0,23.2,22.1
MCO,2023-11-23,0.0,0.0,13.6,16.0
MCO,2023-11-24,1.4,0.0,12.3,15.4
MCO,2023-11-25,0.1,0.0,13.8,17.8
MCO,2023-11-26,15.0,0.0,17.3,20.9
MCO,2023-11-27,0.2,0.0,21.2,17.5
MCO,2023-11-28,0.0,0.0,15.3,12.0
MCO,2023-11-29,0.0,0.0,14.2,11.8
MCO,2023-11-30,0.8,0.0,13.0,15.8
MCO,2023-12-01,0.6,0.0,12.6,21.1
MCO,2023-12-02,0.7,0.0,11.4,23.6
MCO,2023-12-03,0.7,0.0,13.3,23.4
MCO,2023-12-04,0.4,0.0,18.7,22.1
MCO,2023-12-05,0.0,0.0,12.2,17.2
MCO,2023-12-06,0.0,0.0,19.2,13.5
MCO,2023-12-07,0.0,0.0,13.6,13.3
MCO,2023-12-08,0.0,0.0,11.7,16.9
MCO,2023-12-09,1.0,0.0,13.6,20.5
MCO,2023-12-10,10.0,0.0,23.4,21.5
MCO,2023-12-11,0.1,0.0,24.8,13.9
MCO,2023-12-12,0.0,0.0,20.5,14.8
MCO,2023-12-13,0.0,0.0,24.5,18.7
MCO,2023-12-14,0.0,0.0,30.2,20.0
MCO,2023-12-15,0.0,0.0,29.3,19.7
MCO,2023-12-16,57.4,0.0,27.1,19.7
MCO,2023-12-17,22.1,0.0,32.6,19.6
MCO,2023-12-18,0.0,0.0,18.6,14.4
MCO,2023-12-19,0.0,0.0,18.0,11.0
MCO,2023-12-20,0.1,0.0,18.4,13.7
MCO,2023-12-21,0.0,0.0,20.9,16.0
MCO,2023-12-22,1.8,0.0,15.3,16.0
MCO,2023-12-23,0.0,0.0,17.9,17.8
MCO,2023-12-24,0.6,0.0,19.7,18.5
MCO,2023-12-25,12.2,0.0,18.2,19.2
MCO,2023-12-26,0.5,0.0,14.5,19.6
MCO,2023-12-27,0.6,0.0,15.8,17.6
MCO,2023-12-28,17.7,0.0,14.1,15.5
MCO,2023-12-29,0.0,0.0,22.1,12.6
MCO,2023-12-30,0.0,0.0,13.5,11.0
MCO,2023-12-31,0.0,0.0,13.3,12.0
MCO,2024-01-01,0.0,0.0,15.8,13.3
MCO,2024-01-02,0.0,0.0,13.5,12.4
MCO,2024-01-03,0.8,0.0,15.8,13.4
MCO,2024-01-04,7.1,0.0,18.4,14.2
MCO,2024-01-05,0.0,0.0,20.4,15.4
MCO,2024-01-06,16.7,0.0,22.7,20.0
MCO,2024-01-07,3.1,0.0,15.2,15.9
MCO,2024-01-08,0.4,0.0,25.1,14.9
MCO,2024-01-09,19.0,0.0,38.0,21.2
MCO,2024-01-10,0.0,0.0,21.4,13.6
MCO,2024-01-11,2.3,0.0,11.5,12.0
MCO,2024-01-12,7.8,0.0,22.4,20.0
MCO,2024-01-13,3.3,0.0,20.3,17.7
MCO,2024-01-14,0.4,0.0,13.4,11.9
MCO,2024-01-15,3.4,0.0,14.6,17.3
MCO,2024-01-16,14.4,0.0,24.5,20.0
MCO,2024-01-17,0.0,0.0,19.2,10.3
MCO,2024-01-18,0.8,0.0,16.1,15.0
MCO,2024-01-19,1.5,0.0,18.4,17.0
MCO,2024-01-20,0.0,0.0,16.6,10.2
MCO,2024-01-21,0.0,0.0,21.8,8.6
MCO,2024-01-22,0.0,0.0,24.4,14.1
MCO,2024-01-23,0.0,0.0,22.1,19.1
MCO,2024-01-24,0.0,0.0,20.7,21.6
MCO,2024-01-25,0.0,0.0,20.8,22.3
MCO,2024-01-26,0.0,0.0,13.3,21.7
MCO,2024-01-27,0.0,0.0,18.8,22.3
MCO,2024-01-28,0.6,0.0,22.7,18.6
MCO,2024-01-29,0.0,0.0,18.8,11.4
MCO,2024-01-30,0.0,0.0,11.7,12.4
MCO,2024-01-31,0.0,0.0,25.0,13.5
MCO,2024-02-01,0.0,0.0,12.1,12.7
MCO,2024-02-02,0.0,0.0,11.6,14.2
MCO,2024-02-03,0.0,0.0,11.5,14.6
MCO,2024-02-04,12.8,0.0,26.6,17.3
MCO,2024-02-05,2.7,0.0,16.9,14.1
MCO,2024-02-06,0.0,0.0,25.1,13.1
MCO,2024-02-07,0.0,0.0,19.6,13.1
MCO,2024-02-08,0.0,0.0,12.1,15.5
MCO,2024-02-09,0.0,0.0,11.6,17.8
MCO,2024-02-10,0.0,0.0,14.1,18.2
MCO,2024-02-11,0.9,0.0,21.0,21.6
MCO,2024-02-12,3.1,0.0,26.1,22.1
MCO,2024-02-13,0.4,0.0,21.0,17.5
MCO,2024-02-14,0.0,0.0,12.8,14.0
MCO,2024-02-15,0.0,0.0,10.7,16.4
MCO,2024-02-16,0.0,0.0,16.8,18.8
MCO,2024-02-17,18.0,0.0,13.5,16.1
MCO,2024-02-18,38.9,0.0,20.2,14.5
MCO,2024-02-19,5.7,0.0,19.3,12.9
MCO,2024-02-20,0.0,0.0,13.4,11.8
MCO,2024-02-21,0.0,0.0,15.8,12.3
MCO,2024-02-22,0.0,0.0,11.8,14.0
MCO,2024-02-23,6.2,0.0,31.9,16.4
MCO,2024-02-24,0.0,0.0,18.0,16.5
MCO,2024-02-25,0.0,0.0,13.5,14.6
MCO,2024-02-26,0.0,0.0,13.8,15.5
MCO,2024-02-27,0.0,0.0,16.3,17.4
MCO,2024-02-28,0.0,0.0,20.4,20.6
MCO,2024-02-29,0.0,0.0,19.9,18.6
MCO,2024-03-01,0.4,0.0,18.9,21.5
MCO,2024-03-02,0.9,0.0,16.0,21.4
MCO,2024-03-03,15.8,0.0,13.8,20.1
MCO,2024-03-04,0.6,0.0,13.7,20.3
MCO,2024-03-05,0.2,0.0,13.7,20.9
MCO,2024-03-06,58.0,0.0,20.5,21.8
MCO,2024-03-07,0.2,0.0,10.7,21.1
MCO,2024-03-08,0.6,0.0,12.4,22.2
MCO,2024-03-09,0.3,0.0,23.5,24.6
MCO,2024-03-10,2.5,0.0,22.0,21.3
MCO,2024-03-11,0.0,0.0,17.8,16.1
MCO,2024-03-12,0.0,0.0,14.4,18.1
MCO,2024-03-13,0.0,0.0,13.5,20.3
MCO,2024-03-14,0.0,0.0,13.2,21.4
MCO,2024-03-15,0.0,0.0,12.1,23.0
MCO,2024-03-16,0.6,0.0,12.0,22.6
MCO,2024-03-17,0.0,0.0,12.5,22.6
MCO,2024-03-18,4.8,0.0,28.5,22.1
MCO,2024-03-19,0.0,0.0,25.7,15.0
MCO,2024-03-20,0.0,0.0,9.3,14.8
MCO,2024-03-21,0.0,0.0,18.7,18.4
MCO,2024-03-22,25.3,0.0,26.9,19.9
MCO,2024-03-23,2.3,0.0,20.4,20.5
MCO,2024-03-24,1.1,0.0,26.8,19.1
MCO,2024-03-25,0.0,0.0,22.8,20.7
MCO,2024-03-26,0.0,0.0,24.6,22.6
MCO,2024-03-27,0.5,0.0,16.3,23.7
MCO,2024-03-28,5.4,0.0,23.3,21.9
MCO,2024-03-29,0.0,0.0,13.8,18.1
MCO,2024-03-30,0.0,0.0,13.2,19.3
MCO,2024-03-31,0.0,0.0,9.8,19.8
MCO,2024-04-01,0.0,0.0,11.2,21.6
MCO,2024-04-02,0.0,0.0,14.6,23.2
MCO,2024-04-03,14.7,0.0,42.5,23.3
MCO,2024-04-04,0.0,0.0,21.6,18.6
MCO,2024-04-05,0.0,0.0,21.0,18.2
MCO,2024-04-06,0.0,0.0,13.6,17.8
MCO,2024-04-07,0.0,0.0,14.7,18.0
MCO,2024-04-08,0.0,0.0,18.9,19.4
MCO,2024-04-09,0.0,0.0,20.5,21.4
MCO,2024-04-10,0.1,0.0,24.9,23.8
MCO,2024-04-11,10.7,0.0,37.3,24.0
MCO,2024-04-12,0.0,0.0,20.9,20.3
MCO,2024-04-13,0.0,0.0,15.9,18.6
MCO,2024-04-14,0.0,0.0,14.2,19.7
MCO,2024-04-15,0.0,0.0,16.0,21.7
MCO,2024-04-16,0.0,0.0,18.6,21.7
MCO,2024-04-17,0.0,0.0,16.0,22.8
MCO,2024-04-18,0.0,0.0,16.8,23.9
MCO,2024-04-19,0.0,0.0,14.9,24.8
MCO,2024-04-20,0.0,0.0,12.3,25.0
MCO,2024-04-21,0.0,0.0,20.7,24.7
MCO,2024-04-22,0.6,0.0,25.1,21.2
MCO,2024-04-23,0.0,0.0,16.0,19.4
MCO,2024-04-24,0.0,0.0,12.8,20.4
MCO,2024-04-25,0.0,0.0,20.9,22.3
MCO,2024-04-26,0.0,0.0,17.2,22.6
MCO,2024-04-27,0.4,0.0,23.8,23.0
MCO,2024-04-28,0.0,0.0,18.6,22.9
MCO,2024-04-29,0.0,0.0,21.1,22.8
MCO,2024-04-30,0.5,0.0,14.5,23.5
MCO,2024-05-01,0.4,0.0,16.2,24.2
MCO,2024-05-02,0.9,0.0,13.8,24.8
MCO,2024-05-03,1.2,0.0,16.3,24.5
MCO,2024-05-04,1.1,0.0,16.6,24.4
MCO,2024-05-05,0.2,0.0,16.8,25.4
MCO,2024-05-06,1.0,0.0,16.7,25.5
MCO,2024-05-07,0.3,0.0,10.8,26.7
MCO,2024-05-08,0.0,0.0,15.0,28.2
MCO,2024-05-09,0.0,0.0,15.8,29.1
MCO,2024-05-10,0.4,0.0,23.5,27.8
MCO,2024-05-11,2.8,0.0,17.0,27.3
MCO,2024-05-12,0.0,0.0,14.5,25.1
MCO,2024-05-13,7.4,0.0,17.9,25.2
MCO,2024-05-14,1.4,0.0,19.7,27.2
MCO,2024-05-15,17.3,0.0,22.4,25.4
MCO,2024-05-16,0.0,0.0,16.2,26.7
MCO,2024-05-17,7.8,0.0,16.9,24.6
MCO,2024-05-18,9.1,0.0,20.9,26.6
MCO,2024-05-19,11.2,0.0,18.1,25.9
MCO,2024-05-20,0.4,0.0,17.6,25.1
MCO,2024-05-21,0.8,0.0,14.3,24.4
MCO,2024-05-22,0.0,0.0,16.3,25.7
MCO,2024-05-23,0.0,0.0,15.3,25.8
MCO,2024-05-24,0.0,0.0,16.2,26.8
MCO,2024-05-25,0.4,0.0,16.2,27.6
MCO,2024-05-26,0.0,0.0,8.5,28.8
MCO,2024-05-27,0.0,0.0,14.0,29.2
MCO,2024-05-28,0.8,0.0,16.6,28.5
MCO,2024-05-29,0.0,0.0,17.4,28.6
MCO,2024-05-30,0.0,0.0,21.9,28.2
MCO,2024-05-31,0.0,0.0,21.8,26.8
MCO,2024-06-01,0.0,0.0,20.0,26.6
MCO,2024-06-02,0.0,0.0,16.8,26.4
MCO,2024-06-03,0.0,0.0,19.2,26.6
MCO,2024-06-04,0.2,0.0,17.8,26.6
MCO,2024-06-05,0.3,0.0,18.8,27.7
MCO,2024-06-06,12.4,0.0,16.1,28.5
MCO,2024-06-07,0.6,0.0,18.7,27.8
MCO,2024-06-08,0.6,0.0,15.9,29.0
MCO,2024-06-09,0.4,0.0,18.6,29.9
MCO,2024-06-10,8.2,0.0,14.0,28.1
MCO,2024-06-11,66.7,0.0,17.9,25.6
MCO,2024-06-12,16.8,0.0,15.6,25.8
MCO,2024-06-13,11.0,0.0,15.3,25.9
MCO,2024-06-14,4.4,0.0,17.1,26.1
MCO,2024-06-15,7.0,0.0,22.3,25.4
MCO,2024-06-16,2.3,0.0,16.6,26.4
MCO,2024-06-17,0.8,0.0,22.9,26.6
MCO,2024-06-18,2.4,0.0,28.0,25.7
MCO,2024-06-19,7.4,0.0,23.4,25.5
MCO,2024-06-20,0.2,0.0,22.4,26.4
MCO,2024-06-21,5.2,0.0,11.8,25.8
MCO,2024-06-22,24.3,0.0,17.0,26.1
MCO,2024-06-23,0.8,0.0,11.0,26.9
MCO,2024-06-24,0.7,0.0,14.3,27.4
MCO,2024-06-25,3.3,0.0,6.6,27.1
MCO,2024-06-26,6.6,0.0,13.8,26.9
MCO,2024-06-27,2.5,0.0,16.1,27.2
MCO,2024-06-28,23.8,0.0,16.3,26.9
MCO,2024-06-29,13.2,0.0,13.4,26.5
MCO,2024-06-30,11.5,0.0,12.0,26.4
MCO,2024-07-01,1.3,0.0,12.8,27.3
MCO,2024-07-02,7.0,0.0,12.8,27.5
MCO,2024-07-03,6.8,0.0,14.7,27.8
MCO,2024-07-04,2.2,0.0,14.0,28.3
MCO,2024-07-05,1.5,0.0,10.5,28.4
MCO,2024-07-06,0.0,0.0,12.7,28.5
MCO,2024-07-07,0.3,0.0,14.8,29.2
MCO,2024-07-08,9.8,0.0,13.3,28.7
MCO,2024-07-09,23.0,0.0,16.6,26.7
MCO,2024-07-10,0.2,0.0,14.8,28.7
MCO,2024-07-11,6.8,0.0,14.8,27.1
MCO,2024-07-12,0.9,0.0,17.1,28.0
MCO,2024-07-13,6.0,0.0,9.4,27.0
MCO,2024-07-14,9.7,0.0,10.2,27.2
MCO,2024-07-15,7.5,0.0,8.6,27.1
MCO,2024-07-16,9.3,0.0,9.0,27.3
MCO,2024-07-17,0.9,0.0,9.1,27.9
MCO,2024-07-18,3.0,0.0,11.4,28.1
MCO,2024-07-19,9.3,0.0,9.7,27.9
MCO,2024-07-20,14.9,0.0,11.2,27.4
MCO,2024-07-21,2.6,0.0,17.4,27.5
MCO,2024-07-22,8.7,0.0,12.1,27.6
MCO,2024-07-23,1.3,0.0,16.1,27.3
MCO,2024-07-24,7.0,0.0,12.7,27.3
MCO,2024-07-25,1.2,0.0,7.7,28.0
MCO,2024-07-26,3.4,0.0,13.5,28.4
MCO,2024-07-27,2.9,0.0,11.0,27.4
MCO,2024-07-28,16.8,0.0,9.0,26.1
MCO,2024-07-29,8.9,0.0,14.3,26.9
MCO,2024-07-30,5.6,0.0,8.9,27.3
MCO,2024-07-31,7.4,0.0,13.9,27.5
MCO,2024-08-01,9.9,0.0,9.5,27.6
MCO,2024-08-02,7.3,0.0,11.8,27.2
MCO,2024-08-03,13.3,0.0,19.2,26.6
MCO,2024-08-04,26.0,0.0,27.5,25.9
MCO,2024-08-05,17.4,0.0,33.9,26.1
MCO,2024-08-06,0.5,0.0,26.7,28.3
MCO,2024-08-07,0.2,0.0,23.5,29.1
MCO,2024-08-08,4.8,0.0,17.7,28.4
MCO,2024-08-09,4.8,0.0,17.1,27.8
MCO,2024-08-10,5.1,0.0,13.8,27.6
MCO,2024-08-11,8.4,0.0,11.4,27.7
MCO,2024-08-12,7.2,0.0,11.0,27.4
MCO,2024-08-13,0.8,0.0,9.2,28.1
MCO,2024-08-14,1.5,0.0,11.5,28.0
MCO,2024-08-15,2.8,0.0,19.5,27.2
MCO,2024-08-16,0.0,0.0,17.8,27.2
MCO,2024-08-17,1.0,0.0,11.8,26.6
MCO,2024-08-18,0.0,0.0,14.1,27.8
MCO,2024-08-19,3.3,0.0,16.7,27.7
MCO,2024-08-20,8.0,0.0,24.2,27.5
MCO,2024-08-21,6.4,0.0,13.0,26.6
MCO,2024-08-22,11.2,0.0,10.1,24.8
MCO,2024-08-23,5.9,0.0,19.9,25.4
MCO,2024-08-24,1.0,0.0,19.7,26.1
MCO,2024-08-25,9.9,0.0,20.1,26.6
MCO,2024-08-26,8.1,0.0,16.8,26.7
MCO,2024-08-27,6.1,0.0,15.0,27.0
MCO,2024-08-28,4.7,0.0,14.1,26.5
MCO,2024-08-29,2.1,0.0,14.4,25.9
MCO,2024-08-30,3.3,0.0,15.8,26.3
MCO,2024-08-31,1.6,0.0,17.3,27.1
MCO,2024-09-01,6.2,0.0,15.3,26.0
MCO,2024-09-02,8.7,0.0,12.6,26.3
MCO,2024-09-03,24.7,0.0,10.6,26.3
MCO,2024-09-04,13.2,0.0,17.2,26.3
MCO,2024-09-05,15.0,0.0,13.0,26.0
MCO,2024-09-06,9.1,0.0,8.7,26.5
MCO,2024-09-07,14.2,0.0,15.0,26.0
MCO,2024-09-08,29.1,0.0,11.6,26.2
MCO,2024-09-09,35.2,0.0,11.0,25.3
MCO,2024-09-10,23.6,0.0,9.6,26.0
MCO,2024-09-11,12.4,0.0,14.2,25.7
MCO,2024-09-12,0.6,0.0,11.4,26.3
MCO,2024-09-13,4.3,0.0,9.1,26.8
MCO,2024-09-14,28.1,0.0,13.3,25.5
MCO,2024-09-15,3.0,0.0,9.4,25.9
MCO,2024-09-16,4.4,0.0,14.2,25.3
MCO,2024-09-17,6.6,0.0,11.9,25.3
MCO,2024-09-18,2.5,0.0,12.7,25.4
MCO,2024-09-19,0.7,0.0,10.9,26.2
MCO,2024-09-20,0.6,0.0,14.5,25.6
MCO,2024-09-21,0.6,0.0,17.3,25.5
MCO,2024-09-22,2.3,0.0,16.0,25.4
MCO,2024-09-23,1.4,0.0,16.2,25.9
MCO,2024-09-24,0.9,0.0,16.0,26.5
MCO,2024-09-25,8.8,0.0,19.3,26.1
MCO,2024-09-26,10.2,0.0,44.6,27.0
MCO,2024-09-27,1.9,0.0,41.3,27.6
MCO,2024-09-28,12.6,0.0,19.0,26.1
MCO,2024-09-29,4.1,0.0,16.7,26.6
MCO,2024-09-30,0.3,0.0,9.0,27.5
MCO,2024-10-01,11.0,0.0,9.4,26.5
MCO,2024-10-02,22.5,0.0,12.4,25.5
MCO,2024-10-03,5.3,0.0,13.4,25.9
MCO,2024-10-04,0.7,0.0,15.0,26.3
MCO,2024-10-05,0.1,0.0,13.6,26.2
MCO,2024-10-06,45.6,0.0,14.8,23.9
MCO,2024-10-07,16.6,0.0,22.5,23.4
MCO,2024-10-08,1.1,0.0,15.7,24.6
MCO,2024-10-09,79.5,0.0,45.7,23.8
MCO,2024-10-10,31.2,0.0,63.4,24.1
MCO,2024-10-11,0.0,0.0,20.0,23.7
MCO,2024-10-12,0.4,0.0,12.5,23.3
MCO,2024-10-13,0.2,0.0,11.4,23.5
MCO,2024-10-14,0.0,0.0,10.4,23.1
MCO,2024-10-15,0.3,0.0,10.2,23.2
MCO,2024-10-16,0.0,0.0,22.0,19.6
MCO,2024-10-17,0.0,0.0,22.0,17.6
MCO,2024-10-18,0.0,0.0,25.0,21.2
MCO,2024-10-19,0.0,0.0,25.2,22.7
MCO,2024-10-20,1.3,0.0,21.1,22.7
MCO,2024-10-21,0.9,0.0,22.2,23.3
MCO,2024-10-22,0.0,0.0,20.1,23.9
MCO,2024-10-23,0.0,0.0,15.5,23.2
MCO,2024-10-24,0.0,0.0,11.2,22.3
MCO,2024-10-25,0.0,0.0,11.2,22.1
MCO,2024-10-26,0.0,0.0,15.2,22.4
MCO,2024-10-27,0.0,0.0,13.7,21.9
MCO,2024-10-28,0.3,0.0,17.7,22.1
MCO,2024-10-29,1.0,0.0,22.1,22.8
MCO,2024-10-30,0.2,0.0,23.8,24.2
MCO,2024-10-31,0.0,0.0,21.5,23.7
MCO,2024-11-01,0.3,0.0,16.7,23.1
MCO,2024-11-02,4.7,0.0,18.8,22.8
MCO,2024-11-03,1.1,0.0,20.2,23.4
MCO,2024-11-04,0.7,0.0,22.1,23.4
MCO,2024-11-05,0.0,0.0,25.9,24.9
MCO,2024-11-06,4.6,0.0,21.1,25.2
MCO,2024-11-07,0.4,0.0,18.9,25.8
MCO,2024-11-08,0.0,0.0,14.3,24.8
MCO,2024-11-09,0.9,0.0,20.3,23.8
MCO,2024-11-10,1.0,0.0,19.6,24.2
MCO,2024-11-11,0.0,0.0,10.8,23.8
MCO,2024-11-12,0.0,0.0,12.7,23.9
MCO,2024-11-13,0.0,0.0,24.1,23.7
MCO,2024-11-14,0.0,0.0,12.7,23.4
MCO,2024-11-15,0.8,0.0,14.7,20.5
MCO,2024-11-16,0.0,0.0,13.0,19.1
MCO,2024-11-17,0.0,0.0,12.1,20.0
MCO,2024-11-18,0.0,0.0,11.4,20.0
MCO,2024-11-19,0.0,0.0,15.0,21.7
MCO,2024-11-20,5.6,0.0,19.8,22.9
MCO,2024-11-21,0.0,0.0,17.4,16.9
MCO,2024-11-22,0.0,0.0,16.9,13.7
MCO,2024-11-23,0.0,0.0,11.1,12.1
MCO,2024-11-24,0.0,0.0,6.1,13.6
MCO,2024-11-25,0.0,0.0,6.5,16.2
MCO,2024-11-26,0.0,0.0,6.5,17.5
MCO,2024-11-27,0.0,0.0,8.1,18.3
MCO,2024-11-28,0.0,0.0,11.7,19.6
MCO,2024-11-29,3.9,0.0,16.2,18.9
MCO,2024-11-30,0.0,0.0,16.5,13.3
MCO,2024-12-01,0.0,0.0,14.1,12.2
MCO,2024-12-02,0.0,0.0,15.0,11.1
MCO,2024-12-03,0.0,0.0,13.7,10.1
MCO,2024-12-04,0.0,0.0,12.4,11.0
MCO,2024-12-05,0.0,0.0,10.6,14.2
MCO,2024-12-06,0.0,0.0,16.1,14.7
MCO,2024-12-07,0.0,0.0,14.4,12.1
MCO,2024-12-08,0.0,0.0,9.3,14.7
MCO,2024-12-09,0.0,0.0,11.1,18.3
MCO,2024-12-10,0.0,0.0,15.5,20.1
MCO,2024-12-11,1.9,0.0,27.4,19.5
MCO,2024-12-12,0.0,0.0,18.6,10.9
MCO,2024-12-13,0.0,0.0,20.5,16.2
MCO,2024-12-14,0.6,0.0,23.7,19.6
MCO,2024-12-15,0.3,0.0,19.1,20.5
MCO,2024-12-16,0.9,0.0,19.6,20.1
MCO,2024-12-17,3.1,0.0,13.7,21.1
MCO,2024-12-18,0.3,0.0,10.9,21.3
MCO,2024-12-19,1.0,0.0,11.5,19.8
MCO,2024-12-20,0.0,0.0,14.5,16.9
MCO,2024-12-21,0.0,0.0,13.5,11.6
MCO,2024-12-22,0.0,0.0,14.5,12.8
MCO,2024-12-23,0.4,0.0,14.4,17.0
MCO,2024-12-24,0.0,0.0,12.2,14.4
MCO,2024-12-25,0.1,0.0,11.6,15.3
MCO,2024-12-26,0.0,0.0,12.5,18.3
MCO,2024-12-27,4.0,0.0,12.2,19.7
MCO,2024-12-28,1.6,0.0,19.6,20.9
MCO,2024-12-29,1.7,0.0,18.9,21.3
MCO,2024-12-30,0.2,0.0,11.0,20.3
MCO,2024-12-31,0.6,0.0,18.7,20.7
MCO,2025-01-01,0.0,0.0,11.5,17.9
MCO,2025-01-02,0.0,0.0,11.7,12.7
MCO,2025-01-03,0.0,0.0,12.3,11.8
MCO,2025-01-04,0.0,0.0,16.0,11.0
MCO,2025-01-05,0.0,0.0,9.6,12.2
MCO,2025-01-06,1.3,0.0,28.3,17.5
MCO,2025-01-07,0.0,0.0,18.9,8.5
MCO,2025-01-08,0.0,0.0,15.4,8.8
MCO,2025-01-09,0.0,0.0,14.8,6.9
MCO,2025-01-10,0.0,0.0,20.0,12.1
MCO,2025-01-11,1.8,0.0,22.0,15.2
MCO,2025-01-12,0.0,0.0,12.4,9.5
MCO,2025-01-13,2.0,0.0,10.5,14.6
MCO,2025-01-14,1.4,0.0,15.3,13.1
MCO,2025-01-15,0.0,0.0,14.2,10.8
MCO,2025-01-16,0.0,0.0,14.8,11.1
MCO,2025-01-17,0.0,0.0,10.3,13.1
MCO,2025-01-18,0.0,0.0,16.1,18.8
MCO,2025-01-19,15.7,0.0,22.4,18.7
MCO,2025-01-20,0.0,0.0,16.8,9.9
MCO,2025-01-21,37.9,0.0,21.1,10.1
MCO,2025-01-22,13.8,0.0,23.3,7.1
MCO,2025-01-23,1.4,0.0,20.2,7.7
MCO,2025-01-24,0.1,0.0,17.3,8.1
MCO,2025-01-25,0.0,0.0,13.9,9.1
MCO,2025-01-26,0.0,0.0,13.7,12.5
MCO,2025-01-27,0.0,0.0,11.2,14.8
MCO,2025-01-28,0.0,0.0,14.6,16.1
MCO,2025-01-29,0.0,0.0,13.8,15.0
MCO,2025-01-30,0.0,0.0,11.7,16.9
MCO,2025-01-31,0.0,0.0,13.7,20.0
MCO,2025-02-01,0.2,0.0,14.0,18.5
MCO,2025-02-02,2.3,0.0,9.8,19.8
MCO,2025-02-03,0.4,0.0,9.4,21.3
MCO,2025-02-04,0.0,0.0,9.4,21.5
MCO,2025-02-05,0.2,0.0,9.9,21.2
MCO,2025-02-06,0.0,0.0,11.7,21.9
MCO,2025-02-07,0.0,0.0,10.3,20.2
MCO,2025-02-08,0.0,0.0,7.8,20.4
MCO,2025-02-09,0.0,0.0,5.3,21.0
MCO,2025-02-10,0.9,0.0,7.0,21.0
MCO,2025-02-11,0.4,0.0,12.9,22.0
MCO,2025-02-12,0.0,0.0,18.9,22.8
MCO,2025-02-13,0.5,0.0,18.8,24.4
MCO,2025-02-14,0.0,0.0,17.6,21.1
MCO,2025-02-15,0.7,0.0,17.9,22.8
MCO,2025-02-16,1.3,0.0,27.6,22.4
MCO,2025-02-17,0.0,0.0,13.6,15.3
MCO,2025-02-18,0.0,0.0,13.0,16.7
MCO,2025-02-19,9.6,0.0,18.0,21.2
MCO,2025-02-20,0.5,0.0,17.1,15.3
MCO,2025-02-21,0.0,0.0,18.4,10.7
MCO,2025-02-22,0.0,0.0,12.4,14.6
MCO,2025-02-23,0.0,0.0,12.9,16.1
MCO,2025-02-24,21.0,0.0,10.9,16.7
MCO,2025-02-25,3.7,0.0,21.5,16.6
MCO,2025-02-26,0.0,0.0,9.5,18.1
MCO,2025-02-27,0.2,0.0,14.2,19.5
MCO,2025-02-28,0.0,0.0,11.5,17.9
MCO,2025-03-01,0.0,0.0,12.4,17.0
MCO,2025-03-02,0.0,0.0,18.6,17.4
MCO,2025-03-03,0.3,0.0,15.2,16.9
MCO,2025-03-04,0.0,0.0,21.6,19.8
MCO,2025-03-05,4.8,0.0,32.9,21.2
MCO,2025-03-06,0.0,0.0,25.6,15.5
MCO,2025-03-07,0.0,0.0,10.4,15.3
MCO,2025-03-08,0.0,0.0,6.8,18.7
MCO,2025-03-09,0.1,0.0,11.0,21.7
MCO,2025-03-10,13.5,0.0,26.0,20.1
MCO,2025-03-11,0.0,0.0,21.6,17.0
MCO,2025-03-12,0.0,0.0,10.0,17.4
MCO,2025-03-13,0.0,0.0,13.5,18.7
MCO,2025-03-14,0.0,0.0,11.5,20.6
MCO,2025-03-15,0.0,0.0,20.3,22.9
MCO,2025-03-16,0.6,0.0,24.7,24.3
MCO,2025-03-17,0.0,0.0,22.2,17.7
MCO,2025-03-18,0.0,0.0,14.4,16.7
MCO,2025-03-19,0.0,0.0,12.6,18.1
MCO,2025-03-20,0.0,0.0,27.0,19.2
MCO,2025-03-21,0.0,0.0,20.4,14.1
MCO,2025-03-22,0.0,0.0,6.0,15.6
MCO,2025-03-23,0.0,0.0,14.2,18.8
MCO,2025-03-24,0.1,0.0,14.0,22.0
MCO,2025-03-25,1.4,0.0,12.1,21.2
MCO,2025-03-26,0.0,0.0,17.3,21.2
MCO,2025-03-27,0.0,0.0,16.9,20.5
MCO,2025-03-28,0.0,0.0,21.9,20.7
MCO,2025-03-29,0.0,0.0,18.2,22.4
MCO,2025-03-30,11.5,0.0,16.8,22.1
MCO,2025-03-31,6.1,0.0,16.1,22.5
MCO,2025-04-01,1.5,0.0,9.8,23.2
MCO,2025-04-02,0.7,0.0,19.5,24.8
MCO,2025-04-03,0.0,0.0,19.0,25.5
MCO,2025-04-04,0.0,0.0,14.7,25.0
MCO,2025-04-05,0.0,0.0,17.9,25.0
MCO,2025-04-06,0.0,0.0,18.3,25.6
MCO,2025-04-07,0.7,0.0,24.6,25.7
MCO,2025-04-08,6.8,0.0,17.0,21.0
MCO,2025-04-09,0.1,0.0,18.6,19.9
MCO,2025-04-10,0.3,0.0,14.6,20.6
MCO,2025-04-11,0.2,0.0,18.5,21.9
MCO,2025-04-12,0.0,0.0,15.8,18.9
MCO,2025-04-13,0.0,0.0,13.1,19.3
MCO,2025-04-14,0.0,0.0,10.1,21.5
MCO,2025-04-15,0.0,0.0,19.0,21.8
MCO,2025-04-16,0.0,0.0,14.9,21.8
MCO,2025-04-17,0.0,0.0,18.3,21.1
MCO,2025-04-18,0.0,0.0,18.7,22.5
MCO,2025-04-19,0.0,0.0,21.1,22.8
MCO,2025-04-20,0.0,0.0,18.9,23.6
MCO,2025-04-21,0.0,0.0,20.7,24.1
MCO,2025-04-22,0.0,0.0,20.2,23.9
MCO,2025-04-23,0.0,0.0,16.3,24.3
MCO,2025-04-24,0.0,0.0,16.6,24.2
MCO,2025-04-25,0.0,0.0,14.7,24.3
MCO,2025-04-26,0.0,0.0,14.4,24.5
MCO,2025-04-27,0.3,0.0,15.7,25.3
MCO,2025-04-28,3.5,0.0,13.3,24.5
MCO,2025-04-29,0.3,0.0,18.2,23.3
MCO,2025-04-30,0.0,0.0,15.7,22.7
MCO,2025-05-01,0.0,0.0,19.3,23.3
MCO,2025-05-02,1.1,0.0,14.6,23.1
MCO,2025-05-03,0.3,0.0,18.4,24.7
MCO,2025-05-04,8.7,0.0,15.0,23.3
MCO,2025-05-05,13.8,0.0,16.9,23.1
MCO,2025-05-06,8.5,0.0,9.6,24.0
MCO,2025-05-07,0.1,0.0,11.0,26.1
MCO,2025-05-08,25.6,0.0,18.9,23.9
MCO,2025-05-09,10.9,0.0,11.4,24.7
MCO,2025-05-10,3.5,0.0,13.6,24.6
MCO,2025-05-11,13.8,0.0,18.1,24.2
MCO,2025-05-12,48.4,0.0,17.5,22.4
MCO,2025-05-13,0.9,0.0,12.6,23.8
MCO,2025-05-14,0.7,0.0,10.3,24.6
MCO,2025-05-15,0.0,0.0,9.3,26.5
MCO,2025-05-16,0.0,0.0,12.2,28.2
MCO,2025-05-17,0.0,0.0,9.7,29.0
MCO,2025-05-18,0.0,0.0,8.3,28.6
MCO,2025-05-19,0.5,0.0,13.6,28.7
MCO,2025-05-20,0.1,0.0,12.5,29.7
MCO,2025-05-21,0.0,0.0,19.8,29.0
MCO,2025-05-22,1.1,0.0,12.3,28.0
MCO,2025-05-23,0.1,0.0,20.1,26.9
MCO,2025-05-24,2.3,0.0,16.7,26.4
MCO,2025-05-25,16.5,0.0,10.4,25.7
MCO,2025-05-26,1.7,0.0,9.6,26.6
MCO,2025-05-27,19.2,0.0,18.3,26.3
MCO,2025-05-28,2.2,0.0,9.7,26.6
MCO,2025-05-29,6.9,0.0,10.8,26.5
MCO,2025-05-30,6.5,0.0,22.5,26.0
MCO,2025-05-31,11.3,0.0,17.1,24.5
MCO,2025-06-01,0.5,0.0,11.7,25.1
MCO,2025-06-02,1.5,0.0,12.8,24.9
MCO,2025-06-03,20.9,0.0,19.0,23.5
MCO,2025-06-04,5.4,0.0,18.5,24.4
MCO,2025-06-05,3.2,0.0,13.4,25.8
MCO,2025-06-06,0.2,0.0,9.3,26.8
MCO,2025-06-07,1.0,0.0,11.3,27.8
MCO,2025-06-08,2.0,0.0,11.4,27.7
MCO,2025-06-09,5.2,0.0,13.4,27.6
MCO,2025-06-10,12.9,0.0,12.7,27.3
MCO,2025-06-11,8.1,0.0,13.7,26.9
MCO,2025-06-12,5.7,0.0,18.0,26.3
MCO,2025-06-13,4.2,0.0,10.9,26.8
MCO,2025-06-14,0.5,0.0,14.8,27.9
MCO,2025-06-15,0.9,0.0,13.2,27.9
MCO,2025-06-16,0.5,0.0,15.9,28.2
MCO,2025-06-17,8.0,0.0,15.7,28.0
MCO,2025-06-18,6.9,0.0,11.3,27.7
MCO,2025-06-19,16.7,0.0,11.8,26.6
MCO,2025-06-20,4.5,0.0,8.6,25.4
MCO,2025-06-21,3.2,0.0,12.1,26.7
MCO,2025-06-22,5.9,0.0,13.2,26.0
MCO,2025-06-23,0.1,0.0,16.4,27.1
MCO,2025-06-24,1.0,0.0,15.2,27.2
MCO,2025-06-25,3.1,0.0,17.5,26.4
MCO,2025-06-26,3.4,0.0,16.3,25.9
MCO,2025-06-27,3.7,0.0,12.0,25.7
MCO,2025-06-28,13.5,0.0,19.6,26.1
MCO,2025-06-29,20.4,0.0,12.4,25.1
MCO,2025-06-30,12.3,0.0,15.4,24.1
MCO,2025-07-01,0.2,0.0,17.5,26.1
MCO,2025-07-02,5.6,0.0,16.1,25.4
MCO,2025-07-03,29.5,0.0,11.4,25.3
MCO,2025-07-04,7.4,0.0,10.6,25.3
MCO,2025-07-05,7.7,0.0,11.4,25.4
MCO,2025-07-06,9.8,0.0,15.5,26.2
MCO,2025-07-07,4.1,0.0,17.4,27.0
MCO,2025-07-08,1.8,0.0,9.4,27.5
MCO,2025-07-09,4.0,0.0,10.4,27.4
MCO,2025-07-10,6.8,0.0,14.6,27.3
MCO,2025-07-11,4.4,0.0,10.7,28.1
MCO,2025-07-12,1.8,0.0,11.8,28.3
MCO,2025-07-13,9.3,0.0,16.2,27.3
MCO,2025-07-14,24.7,0.0,14.2,26.3
MCO,2025-07-15,25.4,0.0,17.8,24.5
MCO,2025-07-16,5.2,0.0,14.9,26.4
MCO,2025-07-17,14.4,0.0,14.2,26.7
MCO,2025-07-18,1.2,0.0,9.7,27.8
MCO,2025-07-19,0.9,0.0,7.6,28.7
MCO,2025-07-20,0.1,0.0,7.5,29.2
MCO,2025-07-21,0.6,0.0,12.1,29.2
MCO,2025-07-22,10.8,0.0,21.0,27.6
MCO,2025-07-23,10.0,0.0,16.9,26.8
MCO,2025-07-24,7.6,0.0,21.4,26.7
MCO,2025-07-25,0.8,0.0,11.6,28.0
MCO,2025-07-26,0.0,0.0,8.9,28.7
MCO,2025-07-27,1.2,0.0,10.3,29.3
MCO,2025-07-28,1.0,0.0,13.3,30.3
MCO,2025-07-29,4.7,0.0,9.6,29.8
MCO,2025-07-30,2.4,0.0,10.2,29.4
MCO,2025-07-31,2.6,0.0,11.5,29.5
MCO,2025-08-01,3.0,0.0,10.0,28.8
MCO,2025-08-02,2.6,0.0,13.7,28.4
MCO,2025-08-03,0.4,0.0,13.4,29.2
MCO,2025-08-04,17.2,0.0,11.4,28.3
MCO,2025-08-05,4.4,0.0,12.5,28.1
MCO,2025-08-06,0.8,0.0,15.6,27.6
MCO,2025-08-07,8.5,0.0,9.4,26.9
MCO,2025-08-08,30.5,0.0,12.0,25.5
MCO,2025-08-09,34.8,0.0,11.0,25.7
MCO,2025-08-10,5.4,0.0,15.1,26.0
MCO,2025-08-11,1.0,0.0,15.2,26.9
MCO,2025-08-12,7.5,0.0,9.8,27.6
MCO,2025-08-13,1.0,0.0,5.5,27.8
MCO,2025-08-14,9.7,0.0,12.8,28.0
MCO,2025-08-15,0.2,0.0,10.7,28.5
MCO,2025-08-16,6.6,0.0,16.0,27.9
MCO,2025-08-17,12.0,0.0,14.1,26.9
MCO,2025-08-18,9.4,0.0,13.6,26.7
MCO,2025-08-19,3.7,0.0,13.6,27.6
MCO,2025-08-20,2.7,0.0,14.6,27.4
MCO,2025-08-21,12.9,0.0,13.1,26.9
MCO,2025-08-22,18.9,0.0,12.2,25.7
MCO,2025-08-23,18.6,0.0,11.8,25.3
MCO,2025-08-24,9.3,0.0,15.4,26.0
MCO,2025-08-25,10.6,0.0,14.0,25.5
MCO,2025-08-26,4.3,0.0,8.8,26.0
MCO,2025-08-27,0.4,0.0,11.9,26.8
MCO,2025-08-28,13.3,0.0,9.2,26.2
MCO,2025-08-29,4.5,0.0,7.8,26.4
MCO,2025-08-30,0.8,0.0,13.4,26.4
MCO,2025-08-31,19.2,0.0,11.5,25.3
MCO,2025-09-01,1.6,0.0,23.0,25.9
MCO,2025-09-02,1.5,0.0,16.0,25.9
MCO,2025-09-03,5.4,0.0,10.6,25.9
MCO,2025-09-04,0.2,0.0,10.8,26.5
MCO,2025-09-05,9.9,0.0,14.9,26.0
MCO,2025-09-06,19.7,0.0,12.7,26.0
MCO,2025-09-07,41.8,0.0,12.5,25.8
MCO,2025-09-08,38.2,0.0,15.4,24.5
MCO,2025-09-09,13.1,0.0,9.3,24.7
MCO,2025-09-10,7.0,0.0,16.8,25.1
MCO,2025-09-11,0.0,0.0,14.1,25.9
MCO,2025-09-12,7.8,0.0,14.2,24.3
MCO,2025-09-13,1.1,0.0,18.7,24.1
MCO,2025-09-14,2.0,0.0,13.1,24.3
MCO,2025-09-15,0.4,0.0,13.1,24.4
MCO,2025-09-16,1.9,0.0,12.5,25.4
MCO,2025-09-17,8.8,0.0,11.7,24.0
MCO,2025-09-18,2.5,0.0,12.5,25.1
MCO,2025-09-19,0.0,0.0,15.7,26.2
MCO,2025-09-20,1.2,0.0,17.5,26.4
MCO,2025-09-21,1.0,0.0,15.2,26.8
MCO,2025-09-22,0.0,0.0,15.3,27.3
MCO,2025-09-23,1.7,0.0,10.3,27.2
MCO,2025-09-24,4.4,0.0,9.5,27.0
MCO,2025-09-25,3.6,0.0,16.0,27.4
MCO,2025-09-26,2.0,0.0,11.2,26.8
MCO,2025-09-27,1.1,0.0,11.0,26.9
MCO,2025-09-28,9.0,0.0,19.8,25.5
MCO,2025-09-29,0.6,0.0,19.7,25.6
MCO,2025-09-30,1.5,0.0,24.2,25.1
MCO,2025-10-01,0.5,0.0,15.1,25.2
MCO,2025-10-02,3.1,0.0,20.2,24.7
MCO,2025-10-03,2.1,0.0,21.8,24.8
MCO,2025-10-04,3.7,0.0,20.7,24.3
MCO,2025-10-05,25.4,0.0,19.4,24.8
MCO,2025-10-06,7.5,0.0,21.9,24.8
MCO,2025-10-07,1.6,0.0,22.1,25.8
MCO,2025-10-08,0.9,0.0,18.4,25.8
MCO,2025-10-09,17.7,0.0,19.5,24.6
MCO,2025-10-10,16.7,0.0,16.3,23.2
MCO,2025-10-11,0.7,0.0,22.3,22.4
MCO,2025-10-12,0.0,0.0,16.5,21.4
MCO,2025-10-13,0.0,0.0,12.9,21.9
MCO,2025-10-14,0.0,0.0,13.7,22.7
MCO,2025-10-15,0.1,0.0,17.5,22.5
MCO,2025-10-16,0.0,0.0,17.0,23.2
MCO,2025-10-17,0.2,0.0,15.8,23.4
MCO,2025-10-18,0.0,0.0,13.8,22.2
MCO,2025-10-19,0.9,0.0,13.2,23.1
MCO,2025-10-20,0.0,0.0,14.4,23.3
MCO,2025-10-21,0.5,0.0,10.1,24.2
MCO,2025-10-22,0.0,0.0,11.2,24.3
MCO,2025-10-23,0.0,0.0,17.1,22.5
MCO,2025-10-24,0.0,0.0,21.1,22.1
MCO,2025-10-25,0.0,0.0,20.7,23.7
MCO,2025-10-26,1.2,0.0,19.3,24.2
MCO,2025-10-27,1.0,0.0,15.8,23.5
MCO,2025-10-28,0.1,0.0,13.8,21.9
MCO,2025-10-29,0.0,0.0,11.6,20.4
MCO,2025-10-30,0.0,0.0,23.6,17.7
MCO,2025-10-31,0.0,0.0,12.7,14.7
MCO,2025-11-01,0.0,0.0,9.9,16.0
MCO,2025-11-02,0.0,0.0,9.7,18.9
MCO,2025-11-03,0.0,0.0,16.4,19.3
MCO,2025-11-04,0.0,0.0,14.7,18.5
MCO,2025-11-05,0.0,0.0,9.3,20.9
MCO,2025-11-06,0.0,0.0,10.7,20.1
MCO,2025-11-07,0.0,0.0,7.3,22.7
MCO,2025-11-08,0.3,0.0,10.3,23.6
MCO,2025-11-09,2.4,0.0,12.5,22.9
MCO,2025-11-10,0.5,0.0,21.1,17.0
MCO,2025-11-11,0.0,0.0,23.6,8.3
MCO,2025-11-12,0.0,0.0,10.1,11.8
MCO,2025-11-13,0.0,0.0,8.8,15.0
MCO,2025-11-14,0.0,0.0,12.1,17.1
MCO,2025-11-15,0.0,0.0,8.5,18.7
MCO,2025-11-16,0.0,0.0,18.4,18.6
MCO,2025-11-17,0.0,0.0,10.9,20.1
MCO,2025-11-18,0.0,0.0,9.0,19.7
MCO,2025-11-19,0.0,0.0,6.0,20.3
MCO,2025-11-20,0.0,0.0,6.5,20.2
MCO,2025-11-21,0.0,0.0,5.2,20.6
MCO,2025-11-22,0.0,0.0,8.8,21.3
MCO,2025-11-23,1.2,0.0,10.1,21.7
MCO,2025-11-24,0.1,0.0,13.4,22.0
MCO,2025-11-25,0.0,0.0,10.8,21.7
MCO,2025-11-26,0.0,0.0,9.7,22.9
MCO,2025-11-27,0.9,0.0,18.3,19.6
MCO,2025-11-28,0.0,0.0,18.2,12.3
MCO,2025-11-29,0.0,0.0,21.6,16.7
MCO,2025-11-30,0.0,0.0,13.9,20.4
MCO,2025-12-01,0.0,0.0,13.6,20.0
MCO,2025-12-02,0.4,0.0,25.8,22.4
MCO,2025-12-03,0.0,0.0,12.1,19.6
MCO,2025-12-04,0.0,0.0,16.5,18.3
MCO,2025-12-05,0.0,0.0,17.1,21.9
MCO,2025-12-06,4.8,0.0,17.9,22.4
MCO,2025-12-07,23.8,0.0,15.4,19.6
MCO,2025-12-08,5.3,0.0,14.0,18.8
MCO,2025-12-09,0.0,0.0,17.6,15.8
MCO,2025-12-10,0.0,0.0,13.3,15.9
MCO,2025-12-11,0.0,0.0,12.3,14.0
MCO,2025-12-12,0.0,0.0,6.5,13.8
MCO,2025-12-13,0.0,0.0,9.6,17.3
MCO,2025-12-14,0.4,0.0,15.9,19.2
MCO,2025-12-15,0.0,0.0,23.0,15.3
MCO,2025-12-16,0.0,0.0,14.1,15.0
MCO,2025-12-17,0.1,0.0,14.7,18.4
MCO,2025-12-18,1.9,0.0,16.8,20.5
MCO,2025-12-19,1.3,0.0,16.6,22.2
MCO,2025-12-20,0.0,0.0,11.3,16.1
MCO,2025-12-21,0.0,0.0,14.4,18.4
MCO,2025-12-22,0.0,0.0,21.2,19.1
MCO,2025-12-23,0.0,0.0,12.3,19.9
MCO,2025-12-24,0.0,0.0,7.9,18.0
MCO,2025-12-25,0.0,0.0,11.5,19.1
MCO,2025-12-26,0.0,0.0,8.7,18.6
MCO,2025-12-27,0.0,0.0,11.0,18.5
MCO,2025-12-28,0.0,0.0,6.0,19.0
MCO,2025-12-29,0.0,0.0,17.7,19.2
MCO,2025-12-30,0.0,0.0,17.8,11.7
MCO,2025-12-31,0.0,0.0,16.2,7.5
CLT,2023-01-01,0.0,0.0,12.0,11.5
CLT,2023-01-02,0.0,0.0,11.9,12.2
CLT,2023-01-03,10.3,0.0,21.7,15.2
CLT,2023-01-04,45.4,0.0,22.5,16.1
CLT,2023-01-05,0.0,0.0,21.8,11.6
CLT,2023-01-06,0.0,0.0,13.5,7.8
CLT,2023-01-07,0.0,0.0,9.5,6.6
CLT,2023-01-08,8.4,0.0,10.5,7.1
CLT,2023-01-09,1.3,0.0,15.8,6.7
CLT,2023-01-10,0.0,0.0,12.5,6.0
CLT,2023-01-11,0.1,0.0,11.5,8.1
CLT,2023-01-12,23.9,0.0,24.4,13.3
CLT,2023-01-13,5.9,0.0,22.0,9.1
CLT,2023-01-14,0.0,0.0,22.4,2.9
CLT,2023-01-15,0.0,0.0,12.2,2.9
CLT,2023-01-16,0.0,0.0,10.8,4.7
CLT,2023-01-17,10.0,0.0,19.2,9.0
CLT,2023-01-18,0.0,0.0,11.1,11.6
CLT,2023-01-19,5.0,0.0,27.5,15.3
CLT,2023-01-20,0.0,0.0,26.2,10.6
CLT,2023-01-21,0.0,0.0,13.0,5.3
CLT,2023-01-22,25.5,0.0,13.3,4.7
CLT,2023-01-23,0.6,0.0,24.7,6.0
CLT,2023-01-24,0.0,0.0,10.0,3.4
CLT,2023-01-25,23.3,0.0,28.5,9.9
CLT,2023-01-26,0.0,0.0,22.2,6.8
CLT,2023-01-27,0.0,0.0,12.2,3.2
CLT,2023-01-28,0.0,0.0,13.2,5.4
CLT,2023-01-29,2.1,0.0,10.5,7.7
CLT,2023-01-30,7.4,0.0,11.4,11.3
CLT,2023-01-31,0.1,0.0,16.3,12.1
CLT,2023-02-01,1.5,0.0,19.4,10.3
CLT,2023-02-02,19.3,0.0,9.8,6.1
CLT,2023-02-03,3.1,0.0,18.1,6.1
CLT,2023-02-04,0.0,0.0,17.4,0.7
CLT,2023-02-05,0.0,0.0,12.4,5.5
CLT,2023-02-06,0.0,0.0,12.3,9.0
CLT,2023-02-07,0.0,0.0,13.9,9.3
CLT,2023-02-08,0.0,0.0,10.0,12.0
CLT,2023-02-09,0.1,0.0,28.8,15.3
CLT,2023-02-10,0.9,0.0,16.8,15.4
CLT,2023-02-11,8.0,0.0,23.4,10.1
CLT,2023-02-12,36.0,0.0,31.6,4.8
CLT,2023-02-13,0.1,0.0,17.8,8.4
CLT,2023-02-14,0.0,0.0,12.9,10.3
CLT,2023-02-15,0.0,0.0,17.7,12.3
CLT,2023-02-16,0.1,0.0,26.0,15.4
CLT,2023-02-17,12.8,0.0,26.8,14.3
CLT,2023-02-18,0.0,0.0,15.5,4.5
CLT,2023-02-19,0.0,0.0,14.7,7.8
CLT,2023-02-20,0.0,0.0,19.5,12.7
CLT,2023-02-21,0.0,0.0,22.6,16.6
CLT,2023-02-22,0.4,0.0,25.7,17.1
CLT,2023-02-23,0.6,0.0,29.2,21.1
CLT,2023-02-24,1.5,0.0,18.1,18.4
CLT,2023-02-25,3.4,0.0,17.5,10.8
CLT,2023-02-26,0.2,0.0,8.7,11.5
CLT,2023-02-27,0.6,0.0,30.4,15.3
CLT,2023-02-28,0.0,0.0,29.4,18.5
CLT,2023-03-01,0.0,0.0,13.5,14.7
CLT,2023-03-02,14.1,0.0,21.2,16.7
CLT,2023-03-03,12.7,0.0,35.1,18.2
CLT,2023-03-04,0.0,0.0,22.1,15.3
CLT,2023-03-05,0.0,0.0,16.1,11.8
CLT,2023-03-06,0.0,0.0,14.8,13.7
CLT,2023-03-07,0.0,0.0,26.9,17.0
CLT,2023-03-08,0.0,0.0,27.7,9.6
CLT,2023-03-09,0.0,0.0,13.1,10.5
CLT,2023-03-10,2.6,0.0,18.4,12.2
CLT,2023-03-11,0.0,0.0,22.2,8.9
CLT,2023-03-12,10.7,1.05,15.0,5.3
CLT,2023-03-13,0.3,0.0,21.1,7.6
CLT,2023-03-14,0.0,0.0,23.5,4.2
CLT,2023-03-15,0.0,0.0,18.0,4.9
CLT,2023-03-16,0.0,0.0,16.7,9.1
CLT,2023-03-17,15.5,0.0,30.3,13.4
CLT,2023-03-18,0.7,0.0,16.4,10.6
CLT,2023-03-19,0.0,0.0,19.7,5.3
CLT,2023-03-20,0.0,0.0,17.3,3.7
CLT,2023-03-21,0.0,0.0,9.7,7.5
CLT,2023-03-22,4.7,0.0,9.5,8.1
CLT,2023-03-23,0.0,0.0,21.4,15.3
CLT,2023-03-24,0.0,0.0,26.7,20.2
CLT,2023-03-25,0.6,0.0,27.8,20.4
CLT,2023-03-26,18.9,0.0,19.9,17.4
CLT,2023-03-27,14.3,0.0,22.8,19.2
CLT,2023-03-28,0.6,0.0,22.0,16.4
CLT,2023-03-29,0.3,0.0,20.9,11.2
CLT,2023-03-30,0.0,0.0,10.9,12.6
CLT,2023-03-31,0.3,0.0,22.4,14.9
CLT,2023-04-01,2.9,0.0,35.9,20.1
CLT,2023-04-02,0.0,0.0,23.3,13.3
CLT,2023-04-03,5.7,0.0,15.4,14.5
CLT,2023-04-04,0.3,0.0,13.2,18.8
CLT,2023-04-05,0.2,0.0,20.7,22.3
CLT,2023-04-06,1.9,0.0,15.9,22.9
CLT,2023-04-07,11.7,0.0,29.4,14.2
CLT,2023-04-08,44.5,0.0,22.4,6.7
CLT,2023-04-09,0.3,0.0,22.9,9.2
CLT,2023-04-10,0.0,0.0,14.1,9.9
CLT,2023-04-11,0.0,0.0,11.8,12.4
CLT,2023-04-12,0.0,0.0,11.8,15.7
CLT,2023-04-13,0.4,0.0,17.1,16.7
CLT,2023-04-14,29.1,0.0,15.3,17.8
CLT,2023-04-15,0.3,0.0,13.6,18.5
CLT,2023-04-16,0.6,0.0,22.5,18.8
CLT,2023-04-17,0.0,0.0,21.6,15.6
CLT,2023-04-18,0.0,0.0,17.6,16.2
CLT,2023-04-19,0.0,0.0,10.5,19.7
CLT,2023-04-20,0.0,0.0,14.6,20.9
CLT,2023-04-21,0.0,0.0,18.4,20.7
CLT,2023-04-22,10.0,0.0,22.2,18.4
CLT,2023-04-23,0.0,0.0,18.5,15.3
CLT,2023-04-24,0.0,0.0,16.9,13.7
CLT,2023-04-25,1.2,0.0,15.1,13.5
CLT,2023-04-26,5.6,0.0,9.7,13.3
CLT,2023-04-27,20.9,0.0,21.9,14.2
CLT,2023-04-28,7.7,0.0,22.1,19.1
CLT,2023-04-29,0.1,0.0,10.5,17.7
CLT,2023-04-30,3.0,0.0,29.8,17.6
CLT,2023-05-01,0.0,0.0,30.3,13.1
CLT,2023-05-02,0.0,0.0,26.3,13.9
CLT,2023-05-03,0.0,0.0,29.0,13.5
CLT,2023-05-04,0.0,0.0,13.3,14.1
CLT,2023-05-05,0.0,0.0,14.1,16.1
CLT,2023-05-06,0.0,0.0,10.7,18.0
CLT,2023-05-07,0.2,0.0,20.4,20.2
CLT,2023-05-08,1.7,0.0,18.1,22.1
CLT,2023-05-09,0.2,0.0,17.4,23.3
CLT,2023-05-10,0.0,0.0,22.6,20.5
CLT,2023-05-11,0.0,0.0,9.8,20.8
CLT,2023-05-12,0.0,0.0,15.1,22.0
CLT,2023-05-13,0.3,0.0,13.7,23.6
CLT,2023-05-14,1.7,0.0,18.4,22.8
CLT,2023-05-15,0.0,0.0,10.1,22.1
CLT,2023-05-16,0.0,0.0,22.5,23.3
CLT,2023-05-17,0.2,0.0,18.0,23.2
CLT,2023-05-18,2.7,0.0,21.0,19.7
CLT,2023-05-19,0.8,0.0,19.6,18.2
CLT,2023-05-20,0.1,0.0,11.4,20.5
CLT,2023-05-21,0.5,0.0,15.7,21.6
CLT,2023-05-22,0.0,0.0,15.2,21.0
CLT,2023-05-23,0.0,0.0,20.7,20.7
CLT,2023-05-24,0.0,0.0,14.8,19.7
CLT,2023-05-25,0.0,0.0,20.0,19.9
CLT,2023-05-26,0.0,0.0,21.5,17.9
CLT,2023-05-27,9.2,0.0,25.9,14.7
CLT,2023-05-28,7.7,0.0,24.8,14.7
CLT,2023-05-29,1.7,0.0,16.9,17.8
CLT,2023-05-30,0.3,0.0,17.6,19.7
CLT,2023-05-31,0.1,0.0,14.3,19.3
CLT,2023-06-01,0.1,0.0,14.4,21.4
CLT,2023-06-02,0.0,0.0,16.3,22.7
CLT,2023-06-03,2.3,0.0,20.7,23.1
CLT,2023-06-04,0.0,0.0,18.9,21.0
CLT,2023-06-05,0.0,0.0,9.9,19.8
CLT,2023-06-06,2.3,0.0,12.5,23.1
CLT,2023-06-07,2.6,0.0,16.2,20.7
CLT,2023-06-08,0.3,0.0,14.7,20.4
CLT,2023-06-09,0.0,0.0,13.0,19.7
CLT,2023-06-10,0.0,0.0,10.7,21.2
CLT,2023-06-11,3.5,0.0,18.3,21.0
CLT,2023-06-12,1.0,0.0,22.2,22.7
CLT,2023-06-13,0.0,0.0,17.7,22.0
CLT,2023-06-14,5.0,0.0,27.9,21.3
CLT,2023-06-15,0.4,0.0,17.8,22.9
CLT,2023-06-16,0.0,0.0,16.5,25.2
CLT,2023-06-17,0.0,0.0,14.2,23.7
CLT,2023-06-18,0.1,0.0,13.8,25.0
CLT,2023-06-19,20.1,0.0,17.9,22.8
CLT,2023-06-20,27.7,0.0,20.2,21.2
CLT,2023-06-21,21.4,0.0,28.4,19.6
CLT,2023-06-22,24.3,0.0,16.1,19.4
CLT,2023-06-23,2.9,0.0,11.9,21.8
CLT,2023-06-24,0.0,0.0,9.0,23.3
CLT,2023-06-25,0.0,0.0,14.1,24.7
CLT,2023-06-26,4.9,0.0,20.5,24.2
CLT,2023-06-27,0.2,0.0,13.5,24.1
CLT,2023-06-28,0.0,0.0,12.4,24.8
CLT,2023-06-29,0.0,0.0,10.0,25.1
CLT,2023-06-30,0.2,0.0,12.7,26.0
CLT,2023-07-01,0.0,0.0,12.7,26.8
CLT,2023-07-02,6.7,0.0,19.8,27.9
CLT,2023-07-03,0.0,0.0,15.3,27.7
CLT,2023-07-04,0.0,0.0,11.2,27.9
CLT,2023-07-05,8.5,0.0,11.1,27.1
CLT,2023-07-06,0.4,0.0,11.2,26.8
CLT,2023-07-07,0.8,0.0,14.1,27.0
CLT,2023-07-08,0.3,0.0,11.6,26.9
CLT,2023-07-09,9.4,0.0,12.6,25.6
CLT,2023-07-10,6.3,0.0,9.3,24.6
CLT,2023-07-11,0.8,0.0,10.4,24.8
CLT,2023-07-12,0.0,0.0,17.1,26.8
CLT,2023-07-13,0.2,0.0,13.2,27.3
CLT,2023-07-14,15.7,0.0,16.1,26.8
CLT,2023-07-15,1.7,0.0,18.8,26.4
CLT,2023-07-16,0.1,0.0,15.1,27.6
CLT,2023-07-17,0.0,0.0,11.9,27.0
CLT,2023-07-18,0.1,0.0,13.0,27.6
CLT,2023-07-19,0.6,0.0,18.2,27.5
CLT,2023-07-20,0.1,0.0,13.6,27.2
CLT,2023-07-21,0.1,0.0,13.7,27.5
CLT,2023-07-22,0.5,0.0,12.3,25.7
CLT,2023-07-23,3.6,0.0,13.8,25.3
CLT,2023-07-24,0.6,0.0,11.2,24.8
CLT,2023-07-25,0.0,0.0,8.4,27.2
CLT,2023-07-26,0.0,0.0,11.2,28.0
CLT,2023-07-27,0.0,0.0,13.0,28.5
CLT,2023-07-28,0.0,0.0,19.3,28.6
CLT,2023-07-29,1.3,0.0,13.6,26.9
CLT,2023-07-30,10.7,0.0,23.2,25.0
CLT,2023-07-31,0.2,0.0,13.0,25.0
CLT,2023-08-01,0.2,0.0,12.6,24.7
CLT,2023-08-02,0.0,0.0,12.1,24.4
CLT,2023-08-03,26.3,0.0,20.2,21.6
CLT,2023-08-04,1.2,0.0,16.3,24.3
CLT,2023-08-05,0.0,0.0,11.0,25.4
CLT,2023-08-06,1.7,0.0,12.3,25.9
CLT,2023-08-07,0.0,0.0,24.4,25.3
CLT,2023-08-08,0.0,0.0,18.4,25.3
CLT,2023-08-09,0.0,0.0,9.7,24.8
CLT,2023-08-10,10.7,0.0,22.5,24.9
CLT,2023-08-11,0.8,0.0,14.2,24.0
CLT,2023-08-12,0.4,0.0,18.2,26.1
CLT,2023-08-13,0.0,0.0,9.4,26.2
CLT,2023-08-14,2.5,0.0,13.4,28.1
CLT,2023-08-15,4.6,0.0,22.1,28.1
CLT,2023-08-16,0.0,0.0,11.1,25.5
CLT,2023-08-17,0.5,0.0,10.7,25.3
CLT,2023-08-18,0.0,0.0,12.3,25.5
CLT,2023-08-19,0.0,0.0,13.1,24.5
CLT,2023-08-20,0.0,0.0,8.1,25.9
CLT,2023-08-21,0.0,0.0,8.7,27.7
CLT,2023-08-22,0.0,0.0,14.4,28.2
CLT,2023-08-23,0.0,0.0,16.0,26.4
CLT,2023-08-24,15.7,0.0,23.1,26.6
CLT,2023-08-25,0.5,0.0,10.5,27.1
CLT,2023-08-26,3.8,0.0,9.0,28.0
CLT,2023-08-27,12.5,0.0,14.1,26.7
CLT,2023-08-28,11.4,0.0,10.4,24.9
CLT,2023-08-29,2.3,0.0,14.7,25.1
CLT,2023-08-30,19.6,0.0,23.3,23.5
CLT,2023-08-31,1.5,0.0,25.4,22.9
CLT,2023-09-01,0.0,0.0,11.0,21.2
CLT,2023-09-02,0.0,0.0,8.4,20.9
CLT,2023-09-03,0.0,0.0,9.5,22.9
CLT,2023-09-04,0.0,0.0,9.2,25.0
CLT,2023-09-05,0.0,0.0,9.4,26.6
CLT,2023-09-06,0.0,0.0,7.6,27.2
CLT,2023-09-07,0.1,0.0,25.2,26.3
CLT,2023-09-08,0.0,0.0,9.5,24.5
CLT,2023-09-09,10.0,0.0,15.0,22.8
CLT,2023-09-10,5.6,0.0,11.8,22.2
CLT,2023-09-11,0.0,0.0,9.1,23.6
CLT,2023-09-12,1.1,0.0,16.9,24.3
CLT,2023-09-13,0.9,0.0,10.0,22.7
CLT,2023-09-14,0.0,0.0,14.3,22.8
CLT,2023-09-15,0.0,0.0,13.8,21.0
CLT,2023-09-16,0.0,0.0,12.9,21.3
CLT,2023-09-17,7.5,0.0,13.1,20.0
CLT,2023-09-18,0.5,0.0,12.7,20.3
CLT,2023-09-19,0.0,0.0,7.6,20.3
CLT,2023-09-20,0.0,0.0,8.3,21.2
CLT,2023-09-21,0.0,0.0,13.2,21.1
CLT,2023-09-22,0.0,0.0,21.3,20.1
CLT,2023-09-23,1.6,0.0,25.1,19.3
CLT,2023-09-24,0.0,0.0,11.3,21.0
CLT,2023-09-25,0.0,0.0,10.8,22.3
CLT,2023-09-26,0.2,0.0,15.5,21.4
CLT,2023-09-27,0.0,0.0,16.5,19.0
CLT,2023-09-28,0.0,0.0,14.1,18.8
CLT,2023-09-29,0.0,0.0,9.7,20.1
CLT,2023-09-30,0.0,0.0,12.6,20.9
CLT,2023-10-01,0.0,0.0,11.8,20.7
CLT,2023-10-02,0.0,0.0,10.0,20.9
CLT,2023-10-03,0.0,0.0,8.4,21.1
CLT,2023-10-04,0.0,0.0,11.2,21.1
CLT,2023-10-05,0.0,0.0,10.0,19.9
CLT,2023-10-06,0.4,0.0,11.5,21.3
CLT,2023-10-07,6.8,0.0,19.2,18.7
CLT,2023-10-08,0.0,0.0,18.3,13.6
CLT,2023-10-09,0.0,0.0,20.3,14.5
CLT,2023-10-10,0.0,0.0,19.4,17.7
CLT,2023-10-11,0.0,0.0,12.0,17.6
CLT,2023-10-12,7.1,0.0,12.0,16.9
CLT,2023-10-13,0.6,0.0,14.8,18.3
CLT,2023-10-14,3.1,0.0,24.2,19.0
CLT,2023-10-15,0.0,0.0,20.6,15.3
CLT,2023-10-16,0.0,0.0,15.1,12.6
CLT,2023-10-17,0.0,0.0,12.1,12.9
CLT,2023-10-18,0.0,0.0,10.6,13.4
CLT,2023-10-19,0.0,0.0,14.2,14.5
CLT,2023-10-20,0.7,0.0,22.7,14.8
CLT,2023-10-21,0.0,0.0,18.7,14.6
CLT,2023-10-22,0.0,0.0,19.3,16.5
CLT,2023-10-23,0.0,0.0,13.2,12.6
CLT,2023-10-24,0.0,0.0,9.5,12.7
CLT,2023-10-25,0.0,0.0,9.0,14.6
CLT,2023-10-26,0.0,0.0,11.8,17.6
CLT,2023-10-27,0.0,0.0,9.7,18.7
CLT,2023-10-28,0.0,0.0,11.0,19.6
CLT,2023-10-29,0.0,0.0,17.4,20.2
CLT,2023-10-30,0.0,0.0,18.7,21.1
CLT,2023-10-31,0.0,0.0,23.0,12.8
CLT,2023-11-01,0.0,0.0,22.3,6.8
CLT,2023-11-02,0.0,0.0,9.9,5.3
CLT,2023-11-03,0.0,0.0,9.4,7.3
CLT,2023-11-04,0.0,0.0,9.1,9.9
CLT,2023-11-05,0.0,0.0,11.0,12.7
CLT,2023-11-06,0.0,0.0,13.4,14.2
CLT,2023-11-07,0.0,0.0,11.9,16.5
CLT,2023-11-08,0.0,0.0,11.9,18.0
CLT,2023-11-09,0.0,0.0,14.3,19.8
CLT,2023-11-10,2.0,0.0,22.0,16.0
CLT,2023-11-11,3.8,0.0,13.2,10.6
CLT,2023-11-12,0.4,0.0,13.5,12.3
CLT,2023-11-13,0.0,0.0,9.6,10.5
CLT,2023-11-14,0.0,0.0,14.4,12.2
CLT,2023-11-15,0.0,0.0,10.1,11.2
CLT,2023-11-16,0.0,0.0,9.3,13.8
CLT,2023-11-17,0.0,0.0,10.2,15.9
CLT,2023-11-18,0.0,0.0,18.5,16.4
CLT,2023-11-19,0.0,0.0,14.8,11.1
CLT,2023-11-20,0.0,0.0,15.1,12.3
CLT,2023-11-21,36.6,0.0,19.2,13.0
CLT,2023-11-22,14.4,0.0,16.4,13.1
CLT,2023-11-23,0.0,0.0,11.5,8.1
CLT,2023-11-24,0.1,0.0,10.8,9.8
CLT,2023-11-25,0.0,0.0,15.3,6.8
CLT,2023-11-26,0.0,0.0,10.9,5.3
CLT,2023-11-27,0.5,0.0,15.1,7.1
CLT,2023-11-28,0.0,0.0,19.8,4.5
CLT,2023-11-29,0.0,0.0,12.9,2.0
CLT,2023-11-30,0.0,0.0,12.0,6.0
CLT,2023-12-01,2.9,0.0,10.2,9.4
CLT,2023-12-02,0.6,0.0,12.8,14.9
CLT,2023-12-03,1.3,0.0,20.4,17.3
CLT,2023-12-04,0.0,0.0,23.3,11.7
CLT,2023-12-05,0.4,0.0,13.5,8.9
CLT,2023-12-06,0.0,0.0,22.0,6.6
CLT,2023-12-07,0.0,0.0,14.1,5.0
CLT,2023-12-08,0.0,0.0,15.1,8.8
CLT,2023-12-09,0.0,0.0,11.4,12.9
CLT,2023-12-10,40.9,0.0,26.2,14.6
CLT,2023-12-11,10.3,0.0,20.8,4.6
CLT,2023-12-12,0.0,0.0,10.8,3.3
CLT,2023-12-13,0.0,0.0,10.5,5.6
CLT,2023-12-14,0.0,0.0,16.3,5.2
CLT,2023-12-15,0.0,0.0,9.1,5.2
CLT,2023-12-16,0.0,0.0,15.2,6.8
CLT,2023-12-17,46.2,0.0,28.4,8.4
CLT,2023-12-18,0.1,0.0,31.3,9.6
CLT,2023-12-19,0.0,0.0,23.4,2.1
CLT,2023-12-20,0.0,0.0,11.0,1.9
CLT,2023-12-21,0.0,0.0,10.0,3.9
CLT,2023-12-22,0.0,0.0,9.1,7.0
CLT,2023-12-23,0.0,0.0,10.4,7.8
CLT,2023-12-24,0.0,0.0,10.9,9.6
CLT,2023-12-25,10.9,0.0,22.0,11.7
CLT,2023-12-26,29.4,0.0,20.7,14.0
CLT,2023-12-27,12.8,0.0,17.9,14.0
CLT,2023-12-28,0.0,0.0,13.2,9.4
CLT,2023-12-29,0.4,0.0,16.2,5.0
CLT,2023-12-30,0.0,0.0,16.4,4.0
CLT,2023-12-31,0.0,0.0,16.0,4.3
CLT,2024-01-01,0.0,0.0,17.7,6.2
CLT,2024-01-02,0.0,0.0,15.3,3.2
CLT,2024-01-03,0.2,0.0,12.4,4.4
CLT,2024-01-04,0.2,0.0,19.1,4.2
CLT,2024-01-05,0.0,0.0,12.8,1.3
CLT,2024-01-06,26.2,0.0,24.7,5.8
CLT,2024-01-07,0.0,0.0,23.6,6.6
CLT,2024-01-08,0.0,0.0,13.4,3.8
CLT,2024-01-09,39.9,0.0,42.1,10.1
CLT,2024-01-10,1.0,0.0,31.7,5.6
CLT,2024-01-11,0.0,0.0,13.2,5.6
CLT,2024-01-12,21.2,0.0,24.5,7.3
CLT,2024-01-13,0.2,0.0,24.9,6.9
CLT,2024-01-14,0.0,0.0,23.5,5.3
CLT,2024-01-15,0.0,0.0,12.7,7.4
CLT,2024-01-16,6.9,0.0,20.2,3.0
CLT,2024-01-17,0.0,0.0,15.8,-2.7
CLT,2024-01-18,0.0,0.0,15.8,1.8
CLT,2024-01-19,0.0,0.0,28.8,4.4
CLT,2024-01-20,0.0,0.0,20.8,-3.5
CLT,2024-01-21,0.0,0.0,16.6,-3.2
CLT,2024-01-22,0.0,0.0,9.2,1.4
CLT,2024-01-23,0.4,0.0,8.3,4.4
CLT,2024-01-24,4.3,0.0,14.8,11.9
CLT,2024-01-25,9.7,0.0,18.8,16.7
CLT,2024-01-26,1.4,0.0,21.0,17.9
CLT,2024-01-27,11.4,0.0,16.3,14.3
CLT,2024-01-28,1.1,0.0,29.8,12.0
CLT,2024-01-29,0.0,0.0,22.3,7.7
CLT,2024-01-30,0.0,0.0,11.9,5.0
CLT,2024-01-31,2.5,0.0,19.1,6.8
CLT,2024-02-01,0.0,0.0,10.6,5.4
CLT,2024-02-02,0.0,0.0,19.7,9.7
CLT,2024-02-03,0.0,0.0,17.8,6.1
CLT,2024-02-04,0.0,0.0,16.7,5.4
CLT,2024-02-05,0.0,0.0,19.4,6.9
CLT,2024-02-06,0.0,0.0,19.2,5.4
CLT,2024-02-07,0.0,0.0,15.3,4.3
CLT,2024-02-08,0.0,0.0,10.5,5.8
CLT,2024-02-09,1.9,0.0,12.5,8.8
CLT,2024-02-10,2.7,0.0,16.6,13.2
CLT,2024-02-11,4.6,0.0,19.6,14.7
CLT,2024-02-12,18.9,0.0,23.8,13.5
CLT,2024-02-13,0.3,0.0,27.2,10.2
CLT,2024-02-14,0.0,0.0,13.0,8.3
CLT,2024-02-15,0.0,0.0,21.7,9.5
CLT,2024-02-16,0.0,0.0,16.4,10.7
CLT,2024-02-17,0.0,0.0,21.0,8.6
CLT,2024-02-18,0.0,0.0,12.8,3.1
CLT,2024-02-19,0.0,0.0,14.4,5.0
CLT,2024-02-20,0.0,0.0,10.5,5.3
CLT,2024-02-21,0.0,0.0,10.1,5.8
CLT,2024-02-22,0.0,0.0,23.5,9.9
CLT,2024-02-23,11.2,0.0,23.4,12.4
CLT,2024-02-24,0.9,0.0,20.5,8.8
CLT,2024-02-25,0.0,0.0,15.2,5.1
CLT,2024-02-26,0.0,0.0,21.9,11.7
CLT,2024-02-27,5.9,0.0,30.7,13.0
CLT,2024-02-28,9.2,0.0,34.5,15.9
CLT,2024-02-29,0.0,0.0,18.5,5.9
CLT,2024-03-01,19.9,0.0,16.8,5.8
CLT,2024-03-02,2.1,0.0,14.0,10.9
CLT,2024-03-03,0.0,0.0,8.8,12.3
CLT,2024-03-04,0.0,0.0,11.6,13.6
CLT,2024-03-05,0.0,0.0,9.1,14.0
CLT,2024-03-06,15.8,0.0,17.1,13.6
CLT,2024-03-07,0.6,0.0,11.2,14.8
CLT,2024-03-08,1.4,0.0,18.9,13.5
CLT,2024-03-09,29.6,0.0,22.5,12.9
CLT,2024-03-10,0.0,0.0,24.3,10.1
CLT,2024-03-11,0.0,0.0,19.1,7.7
CLT,2024-03-12,0.0,0.0,10.9,10.2
CLT,2024-03-13,0.0,0.0,9.7,13.2
CLT,2024-03-14,0.0,0.0,14.2,15.1
CLT,2024-03-15,9.8,0.0,20.9,16.2
CLT,2024-03-16,0.0,0.0,14.3,16.4
CLT,2024-03-17,0.0,0.0,19.4,15.3
CLT,2024-03-18,0.2,0.0,25.4,10.5
CLT,2024-03-19,0.0,0.0,20.5,6.2
CLT,2024-03-20,0.0,0.0,19.5,12.1
CLT,2024-03-21,0.0,0.0,16.8,13.5
CLT,2024-03-22,12.7,0.0,19.6,13.0
CLT,2024-03-23,5.2,0.0,25.3,13.8
CLT,2024-03-24,0.0,0.0,20.3,6.9
CLT,2024-03-25,0.0,0.0,14.3,8.5
CLT,2024-03-26,0.7,0.0,20.1,11.9
CLT,2024-03-27,34.2,0.0,17.0,12.8
CLT,2024-03-28,0.5,0.0,18.7,12.3
CLT,2024-03-29,0.0,0.0,25.4,11.9
CLT,2024-03-30,0.0,0.0,22.8,14.5
CLT,2024-03-31,0.0,0.0,17.6,18.9
CLT,2024-04-01,0.0,0.0,18.1,20.6
CLT,2024-04-02,0.0,0.0,22.9,21.9
CLT,2024-04-03,13.7,0.0,32.6,18.6
CLT,2024-04-04,0.0,0.0,27.4,10.3
CLT,2024-04-05,0.0,0.0,24.9,9.7
CLT,2024-04-06,0.0,0.0,19.2,9.7
CLT,2024-04-07,0.0,0.0,15.3,11.1
CLT,2024-04-08,0.0,0.0,16.6,15.8
CLT,2024-04-09,5.6,0.0,14.5,14.6
CLT,2024-04-10,6.1,0.0,18.3,16.9
CLT,2024-04-11,5.7,0.0,32.8,19.8
CLT,2024-04-12,0.8,0.0,27.4,15.3
CLT,2024-04-13,0.0,0.0,16.8,14.6
CLT,2024-04-14,0.0,0.0,18.7,18.2
CLT,2024-04-15,0.0,0.0,17.2,21.7
CLT,2024-04-16,0.0,0.0,13.6,22.5
CLT,2024-04-17,0.0,0.0,20.5,21.3
CLT,2024-04-18,0.0,0.0,15.7,22.5
CLT,2024-04-19,0.0,0.0,17.7,22.3
CLT,2024-04-20,2.8,0.0,16.9,20.9
CLT,2024-04-21,12.7,0.0,19.1,11.7
CLT,2024-04-22,0.0,0.0,17.7,11.4
CLT,2024-04-23,0.0,0.0,18.8,13.7
CLT,2024-04-24,0.4,0.0,17.8,17.3
CLT,2024-04-25,0.0,0.0,12.8,17.3
CLT,2024-04-26,0.0,0.0,17.7,15.8
CLT,2024-04-27,0.0,0.0,13.7,18.8
CLT,2024-04-28,0.0,0.0,15.3,19.0
CLT,2024-04-29,0.0,0.0,15.3,19.7
CLT,2024-04-30,0.0,0.0,18.3,19.5
CLT,2024-05-01,0.2,0.0,9.9,21.0
CLT,2024-05-02,0.0,0.0,9.5,22.7
CLT,2024-05-03,0.2,0.0,12.0,23.4
CLT,2024-05-04,9.5,0.0,13.3,20.3
CLT,2024-05-05,7.9,0.0,10.0,21.0
CLT,2024-05-06,2.8,0.0,18.1,20.7
CLT,2024-05-07,0.0,0.0,16.3,22.8
CLT,2024-05-08,0.0,0.0,18.8,24.1
CLT,2024-05-09,1.5,0.0,24.3,21.3
CLT,2024-05-10,0.0,0.0,26.2,21.0
CLT,2024-05-11,0.0,0.0,16.8,17.0
CLT,2024-05-12,0.0,0.0,16.3,18.7
CLT,2024-05-13,0.1,0.0,15.6,18.2
CLT,2024-05-14,19.2,0.0,17.6,18.0
CLT,2024-05-15,15.3,0.0,10.1,19.3
CLT,2024-05-16,0.9,0.0,10.0,20.2
CLT,2024-05-17,3.7,0.0,15.7,20.9
CLT,2024-05-18,3.0,0.0,17.5,20.5
CLT,2024-05-19,0.0,0.0,21.0,19.5
CLT,2024-05-20,0.0,0.0,12.0,20.1
CLT,2024-05-21,0.0,0.0,10.8,21.3
CLT,2024-05-22,0.0,0.0,11.7,23.0
CLT,2024-05-23,1.3,0.0,16.5,23.4
CLT,2024-05-24,0.0,0.0,10.8,24.3
CLT,2024-05-25,1.1,0.0,11.0,24.0
CLT,2024-05-26,0.0,0.0,12.4,25.0
CLT,2024-05-27,1.3,0.0,23.6,24.7
CLT,2024-05-28,0.0,0.0,16.2,24.3
CLT,2024-05-29,0.0,0.0,18.3,23.1
CLT,2024-05-30,0.0,0.0,15.0,20.7
CLT,2024-05-31,0.0,0.0,15.8,19.7
CLT,2024-06-01,0.0,0.0,9.0,19.7
CLT,2024-06-02,5.3,0.0,14.9,21.8
CLT,2024-06-03,0.7,0.0,15.1,23.0
CLT,2024-06-04,2.9,0.0,13.5,23.9
CLT,2024-06-05,1.4,0.0,16.4,23.7
CLT,2024-06-06,0.6,0.0,26.4,25.1
CLT,2024-06-07,0.1,0.0,16.1,25.2
CLT,2024-06-08,0.0,0.0,15.1,24.2
CLT,2024-06-09,7.7,0.0,22.3,24.7
CLT,2024-06-10,0.0,0.0,13.4,24.0
CLT,2024-06-11,0.0,0.0,14.1,22.8
CLT,2024-06-12,0.0,0.0,11.4,24.0
CLT,2024-06-13,0.0,0.0,14.6,25.2
CLT,2024-06-14,0.0,0.0,10.5,26.6
CLT,2024-06-15,0.2,0.0,13.7,27.6
CLT,2024-06-16,0.2,0.0,15.3,26.5
CLT,2024-06-17,0.2,0.0,16.7,25.9
CLT,2024-06-18,0.0,0.0,15.8,25.8
CLT,2024-06-19,0.0,0.0,13.0,25.1
CLT,2024-06-20,0.0,0.0,11.3,25.6
CLT,2024-06-21,0.0,0.0,8.6,25.9
CLT,2024-06-22,0.3,0.0,10.8,27.2
CLT,2024-06-23,0.1,0.0,13.8,28.3
CLT,2024-06-24,0.1,0.0,15.3,29.7
CLT,2024-06-25,0.0,0.0,17.0,28.5
CLT,2024-06-26,0.0,0.0,16.9,29.3
CLT,2024-06-27,4.7,0.0,16.0,25.9
CLT,2024-06-28,1.7,0.0,14.8,27.3
CLT,2024-06-29,0.2,0.0,15.5,28.1
CLT,2024-06-30,0.6,0.0,13.6,28.8
CLT,2024-07-01,0.5,0.0,19.7,27.3
CLT,2024-07-02,0.0,0.0,14.8,24.1
CLT,2024-07-03,0.0,0.0,10.8,26.3
CLT,2024-07-04,0.0,0.0,14.5,29.2
CLT,2024-07-05,0.0,0.0,17.0,30.8
CLT,2024-07-06,1.0,0.0,12.0,28.7
CLT,2024-07-07,16.9,0.0,14.6,26.3
CLT,2024-07-08,7.3,0.0,7.3,26.8
CLT,2024-07-09,0.2,0.0,10.5,28.4
CLT,2024-07-10,0.0,0.0,15.1,28.8
CLT,2024-07-11,0.0,0.0,17.3,27.3
CLT,2024-07-12,5.0,0.0,17.5,25.9
CLT,2024-07-13,0.0,0.0,9.6,27.3
CLT,2024-07-14,0.0,0.0,8.7,29.1
CLT,2024-07-15,0.6,0.0,19.7,29.1
CLT,2024-07-16,0.2,0.0,15.9,28.1
CLT,2024-07-17,0.0,0.0,22.5,28.3
CLT,2024-07-18,4.8,0.0,16.3,26.7
CLT,2024-07-19,21.0,0.0,9.0,23.9
CLT,2024-07-20,10.5,0.0,16.5,24.6
CLT,2024-07-21,12.9,0.0,10.0,23.8
CLT,2024-07-22,2.7,0.0,14.4,25.0
CLT,2024-07-23,2.0,0.0,18.1,26.0
CLT,2024-07-24,1.7,0.0,16.6,26.3
CLT,2024-07-25,13.5,0.0,12.2,24.2
CLT,2024-07-26,2.2,0.0,13.7,24.8
CLT,2024-07-27,3.6,0.0,13.1,24.8
CLT,2024-07-28,0.7,0.0,9.4,25.0
CLT,2024-07-29,9.5,0.0,12.9,24.9
CLT,2024-07-30,2.2,0.0,15.5,25.9
CLT,2024-07-31,0.0,0.0,11.4,26.8
CLT,2024-08-01,0.6,0.0,12.7,28.5
CLT,2024-08-02,0.1,0.0,16.9,28.2
CLT,2024-08-03,19.9,0.0,26.1,25.2
CLT,2024-08-04,1.4,0.0,17.3,25.4
CLT,2024-08-05,1.0,0.0,13.4,25.7
CLT,2024-08-06,19.4,0.0,21.6,23.8
CLT,2024-08-07,1.5,0.0,27.3,25.7
CLT,2024-08-08,106.5,0.0,35.5,23.4
CLT,2024-08-09,1.7,0.0,14.6,26.1
CLT,2024-08-10,1.5,0.0,10.1,26.6
CLT,2024-08-11,1.2,0.0,12.2,26.4
CLT,2024-08-12,1.2,0.0,12.7,25.4
CLT,2024-08-13,3.2,0.0,13.8,23.4
CLT,2024-08-14,0.2,0.0,7.6,23.8
CLT,2024-08-15,0.0,0.0,8.9,24.3
CLT,2024-08-16,0.6,0.0,11.4,25.4
CLT,2024-08-17,0.2,0.0,14.7,26.4
CLT,2024-08-18,0.2,0.0,16.4,25.6
CLT,2024-08-19,0.2,0.0,14.0,24.8
CLT,2024-08-20,0.0,0.0,15.0,23.9
CLT,2024-08-21,0.0,0.0,17.9,21.3
CLT,2024-08-22,0.0,0.0,10.2,20.9
CLT,2024-08-23,0.0,0.0,10.3,21.4
CLT,2024-08-24,0.0,0.0,11.2,22.2
CLT,2024-08-25,0.0,0.0,11.2,23.1
CLT,2024-08-26,0.0,0.0,10.3,24.2
CLT,2024-08-27,0.0,0.0,9.4,26.2
CLT,2024-08-28,0.0,0.0,10.9,27.0
CLT,2024-08-29,0.0,0.0,16.6,28.5
CLT,2024-08-30,0.5,0.0,14.1,27.6
CLT,2024-08-31,0.0,0.0,12.1,25.8
CLT,2024-09-01,14.3,0.0,15.5,25.3
CLT,2024-09-02,2.6,0.0,15.3,25.3
CLT,2024-09-03,0.0,0.0,17.8,22.1
CLT,2024-09-04,0.0,0.0,15.8,20.2
CLT,2024-09-05,0.0,0.0,14.6,21.5
CLT,2024-09-06,0.0,0.0,9.4,21.4
CLT,2024-09-07,0.3,0.0,17.6,23.2
CLT,2024-09-08,0.0,0.0,18.6,19.9
CLT,2024-09-09,0.0,0.0,8.7,20.0
CLT,2024-09-10,0.0,0.0,9.0,21.2
CLT,2024-09-11,0.0,0.0,11.9,21.0
CLT,2024-09-12,0.7,0.0,16.6,21.4
CLT,2024-09-13,10.0,0.0,25.1,21.9
CLT,2024-09-14,0.3,0.0,24.7,22.9
CLT,2024-09-15,1.1,0.0,25.8,22.6
CLT,2024-09-16,58.1,0.0,30.4,17.9
CLT,2024-09-17,18.7,0.0,34.0,19.2
CLT,2024-09-18,0.7,0.0,9.6,20.9
CLT,2024-09-19,1.2,0.0,13.9,22.0
CLT,2024-09-20,0.3,0.0,10.2,22.4
CLT,2024-09-21,0.4,0.0,10.4,23.0
CLT,2024-09-22,0.2,0.0,13.0,24.8
CLT,2024-09-23,0.3,0.0,13.0,23.0
CLT,2024-09-24,27.2,0.0,17.1,23.1
CLT,2024-09-25,18.5,0.0,16.9,22.9
CLT,2024-09-26,56.9,0.0,26.4,21.7
CLT,2024-09-27,25.1,0.0,43.8,23.5
CLT,2024-09-28,0.0,0.0,18.6,22.1
CLT,2024-09-29,0.7,0.0,11.9,22.5
CLT,2024-09-30,2.7,0.0,9.3,21.8
CLT,2024-10-01,0.5,0.0,13.2,21.8
CLT,2024-10-02,0.7,0.0,11.0,21.9
CLT,2024-10-03,0.4,0.0,12.2,22.0
CLT,2024-10-04,0.0,0.0,7.7,21.5
CLT,2024-10-05,0.0,0.0,12.0,22.0
CLT,2024-10-06,0.0,0.0,8.7,20.4
CLT,2024-10-07,0.0,0.0,13.5,21.9
CLT,2024-10-08,0.0,0.0,17.8,18.5
CLT,2024-10-09,0.0,0.0,10.5,17.2
CLT,2024-10-10,0.0,0.0,21.1,16.2
CLT,2024-10-11,0.0,0.0,11.2,14.0
CLT,2024-10-12,0.0,0.0,10.5,15.2
CLT,2024-10-13,0.0,0.0,17.9,17.8
CLT,2024-10-14,0.0,0.0,24.2,18.7
CLT,2024-10-15,0.0,0.0,17.1,12.8
CLT,2024-10-16,0.5,0.0,19.5,11.2
CLT,2024-10-17,0.0,0.0,13.5,9.9
CLT,2024-10-18,0.0,0.0,10.8,11.8
CLT,2024-10-19,0.0,0.0,11.1,13.2
CLT,2024-10-20,0.0,0.0,9.4,14.2
CLT,2024-10-21,0.0,0.0,10.1,15.4
CLT,2024-10-22,0.0,0.0,9.0,15.6
CLT,2024-10-23,0.0,0.0,9.2,17.1
CLT,2024-10-24,0.0,0.0,13.1,18.2
CLT,2024-10-25,0.0,0.0,10.9,16.0
CLT,2024-10-26,0.5,0.0,20.3,18.5
CLT,2024-10-27,0.0,0.0,18.4,14.7
CLT,2024-10-28,0.0,0.0,8.1,12.8
CLT,2024-10-29,0.0,0.0,8.7,13.9
CLT,2024-10-30,0.0,0.0,12.6,18.5
CLT,2024-10-31,0.0,0.0,15.6,19.1
CLT,2024-11-01,0.0,0.0,13.6,19.2
CLT,2024-11-02,0.0,0.0,14.1,18.8
CLT,2024-11-03,0.0,0.0,13.5,14.9
CLT,2024-11-04,0.0,0.0,13.2,14.9
CLT,2024-11-05,2.3,0.0,17.1,17.5
CLT,2024-11-06,6.8,0.0,12.7,19.3
CLT,2024-11-07,8.2,0.0,8.7,20.2
CLT,2024-11-08,0.1,0.0,7.8,19.4
CLT,2024-11-09,0.1,0.0,18.2,15.8
CLT,2024-11-10,9.6,0.0,12.1,12.4
CLT,2024-11-11,0.1,0.0,13.6,16.5
CLT,2024-11-12,0.0,0.0,17.3,14.4
CLT,2024-11-13,0.0,0.0,14.7,9.7
CLT,2024-11-14,23.8,0.0,14.7,8.2
CLT,2024-11-15,0.0,0.0,18.4,10.8
CLT,2024-11-16,0.0,0.0,10.1,10.8
CLT,2024-11-17,0.0,0.0,6.9,10.9
CLT,2024-11-18,0.0,0.0,7.0,12.7
CLT,2024-11-19,1.0,0.0,10.8,12.8
CLT,2024-11-20,14.8,0.0,29.9,16.5
CLT,2024-11-21,0.0,0.0,24.1,8.2
CLT,2024-11-22,0.3,0.0,20.9,5.6
CLT,2024-11-23,0.0,0.0,15.7,8.2
CLT,2024-11-24,0.0,0.0,7.5,8.7
CLT,2024-11-25,0.0,0.0,14.3,11.4
CLT,2024-11-26,1.8,0.0,16.4,14.9
CLT,2024-11-27,0.0,0.0,10.2,9.6
CLT,2024-11-28,1.1,0.0,23.7,12.8
CLT,2024-11-29,0.0,0.0,18.6,5.8
CLT,2024-11-30,0.0,0.0,9.6,2.7
CLT,2024-12-01,0.0,0.0,12.4,3.5
CLT,2024-12-02,0.0,0.0,11.9,2.3
CLT,2024-12-03,0.4,0.28,14.7,0.7
CLT,2024-12-04,0.0,0.0,22.3,1.5
CLT,2024-12-05,0.1,0.0,25.7,7.2
CLT,2024-12-06,0.0,0.0,20.0,-0.8
CLT,2024-12-07,0.0,0.0,10.9,1.1
CLT,2024-12-08,0.0,0.0,12.9,7.4
CLT,2024-12-09,5.7,0.0,17.8,10.1
CLT,2024-12-10,6.6,0.0,20.9,15.6
CLT,2024-12-11,63.8,0.0,25.7,11.7
CLT,2024-12-12,0.0,0.0,11.2,4.1
CLT,2024-12-13,0.0,0.0,7.1,5.4
CLT,2024-12-14,0.0,0.0,15.6,5.5
CLT,2024-12-15,1.6,0.0,14.3,4.9
CLT,2024-12-16,0.0,0.0,9.4,9.0
CLT,2024-12-17,0.0,0.0,12.3,12.0
CLT,2024-12-18,0.1,0.0,17.9,14.2
CLT,2024-12-19,0.0,0.0,18.9,10.5
CLT,2024-12-20,1.8,0.0,19.6,8.4
CLT,2024-12-21,0.0,0.0,18.8,3.6
CLT,2024-12-22,0.0,0.0,14.0,-0.3
CLT,2024-12-23,0.0,0.0,8.0,-0.4
CLT,2024-12-24,0.0,0.0,6.8,3.4
CLT,2024-12-25,0.0,0.0,8.5,5.5
CLT,2024-12-26,0.0,0.0,9.4,5.4
CLT,2024-12-27,2.0,0.0,12.1,5.9
CLT,2024-12-28,4.3,0.0,7.9,9.2
CLT,2024-12-29,16.6,0.0,30.7,15.0
CLT,2024-12-30,0.0,0.0,14.1,10.9
CLT,2024-12-31,0.0,0.0,28.2,11.4
CLT,2025-01-01,0.0,0.0,23.9,8.0
CLT,2025-01-02,0.0,0.0,15.2,2.8
CLT,2025-01-03,0.0,0.0,27.4,3.7
CLT,2025-01-04,0.0,0.0,19.3,0.9
CLT,2025-01-05,0.8,0.0,8.1,1.2
CLT,2025-01-06,11.3,0.0,26.5,5.0
CLT,2025-01-07,0.0,0.0,21.6,0.7
CLT,2025-01-08,0.0,0.0,16.9,-1.2
CLT,2025-01-09,0.0,0.0,18.8,-1.8
CLT,2025-01-10,6.2,2.03,8.1,-1.7
CLT,2025-01-11,2.3,0.77,21.0,0.0
CLT,2025-01-12,0.0,0.0,9.9,-0.0
CLT,2025-01-13,0.0,0.0,12.4,3.2
CLT,2025-01-14,0.0,0.0,13.4,3.6
CLT,2025-01-15,0.0,0.0,22.3,1.4
CLT,2025-01-16,0.0,0.0,22.2,2.6
CLT,2025-01-17,0.0,0.0,12.1,4.6
CLT,2025-01-18,3.8,0.0,18.2,7.4
CLT,2025-01-19,2.3,0.0,26.8,7.3
CLT,2025-01-20,0.0,0.0,19.5,-1.9
CLT,2025-01-21,1.8,1.26,13.4,-4.8
CLT,2025-01-22,0.1,0.07,17.3,-4.6
CLT,2025-01-23,0.0,0.0,6.8,-2.8
CLT,2025-01-24,0.0,0.0,17.4,0.3
CLT,2025-01-25,0.0,0.0,9.8,1.1
CLT,2025-01-26,0.0,0.0,8.3,3.2
CLT,2025-01-27,3.2,0.0,15.3,6.7
CLT,2025-01-28,0.0,0.0,15.5,6.5
CLT,2025-01-29,0.0,0.0,21.1,10.0
CLT,2025-01-30,0.0,0.0,11.1,9.4
CLT,2025-01-31,12.1,0.0,22.4,13.5
CLT,2025-02-01,0.3,0.0,20.2,11.3
CLT,2025-02-02,0.0,0.0,13.7,9.2
CLT,2025-02-03,0.0,0.0,14.6,10.2
CLT,2025-02-04,0.0,0.0,16.5,15.4
CLT,2025-02-05,0.0,0.0,14.2,11.0
CLT,2025-02-06,0.0,0.0,19.2,12.4
CLT,2025-02-07,0.1,0.0,19.7,17.3
CLT,2025-02-08,0.4,0.0,17.1,13.5
CLT,2025-02-09,0.7,0.0,23.2,18.1
CLT,2025-02-10,0.0,0.0,17.7,8.5
CLT,2025-02-11,5.4,0.0,13.0,3.7
CLT,2025-02-12,31.8,0.0,14.7,3.2
CLT,2025-02-13,6.0,0.0,20.0,9.1
CLT,2025-02-14,0.0,0.0,17.3,4.1
CLT,2025-02-15,4.1,0.0,8.3,4.9
CLT,2025-02-16,9.2,0.0,34.7,11.6
CLT,2025-02-17,0.0,0.0,20.4,3.3
CLT,2025-02-18,0.0,0.0,8.0,4.3
CLT,2025-02-19,1.0,0.7,15.0,1.9
CLT,2025-02-20,1.7,1.12,23.1,-1.5
CLT,2025-02-21,0.0,0.0,14.3,-0.2
CLT,2025-02-22,0.0,0.0,10.9,2.4
CLT,2025-02-23,0.0,0.0,9.4,5.1
CLT,2025-02-24,0.0,0.0,6.9,7.6
CLT,2025-02-25,0.0,0.0,12.4,11.0
CLT,2025-02-26,0.0,0.0,12.5,12.7
CLT,2025-02-27,2.5,0.0,23.3,14.4
CLT,2025-02-28,0.0,0.0,16.9,11.4
CLT,2025-03-01,0.0,0.0,25.0,13.8
CLT,2025-03-02,0.0,0.0,19.2,3.9
CLT,2025-03-03,0.0,0.0,9.9,5.5
CLT,2025-03-04,0.0,0.0,22.5,10.3
CLT,2025-03-05,18.8,0.0,33.6,15.3
CLT,2025-03-06,0.0,0.0,26.7,6.8
CLT,2025-03-07,0.0,0.0,17.9,7.0
CLT,2025-03-08,0.0,0.0,23.6,14.1
CLT,2025-03-09,0.0,0.0,14.2,9.1
CLT,2025-03-10,2.0,0.0,15.8,9.1
CLT,2025-03-11,0.0,0.0,10.9,12.6
CLT,2025-03-12,0.0,0.0,13.8,14.8
CLT,2025-03-13,0.0,0.0,13.7,15.9
CLT,2025-03-14,0.0,0.0,19.0,15.5
CLT,2025-03-15,0.5,0.0,23.2,16.9
CLT,2025-03-16,7.1,0.0,32.0,19.8
CLT,2025-03-17,0.2,0.0,19.9,12.8
CLT,2025-03-18,0.0,0.0,9.9,11.9
CLT,2025-03-19,0.0,0.0,17.0,16.1
CLT,2025-03-20,0.1,0.0,31.6,15.4
CLT,2025-03-21,0.0,0.0,14.4,10.1
CLT,2025-03-22,0.0,0.0,18.9,14.7
CLT,2025-03-23,0.0,0.0,16.9,15.3
CLT,2025-03-24,3.1,0.0,22.8,16.8
CLT,2025-03-25,0.0,0.0,28.3,16.7
CLT,2025-03-26,0.0,0.0,21.6,14.3
CLT,2025-03-27,0.0,0.0,10.8,12.9
CLT,2025-03-28,0.0,0.0,18.5,17.7
CLT,2025-03-29,0.0,0.0,18.3,19.8
CLT,2025-03-30,1.8,0.0,17.4,20.3
CLT,2025-03-31,6.5,0.0,20.7,19.0
CLT,2025-04-01,0.0,0.0,15.0,15.4
CLT,2025-04-02,2.9,0.0,21.3,18.2
CLT,2025-04-03,0.6,0.0,21.2,22.8
CLT,2025-04-04,0.1,0.0,16.4,24.0
CLT,2025-04-05,0.1,0.0,22.6,24.0
CLT,2025-04-06,5.3,0.0,21.6,22.5
CLT,2025-04-07,40.6,0.0,24.4,18.5
CLT,2025-04-08,0.8,0.0,17.2,12.6
CLT,2025-04-09,0.0,0.0,17.1,10.3
CLT,2025-04-10,6.2,0.0,18.0,12.6
CLT,2025-04-11,4.5,0.0,17.1,12.3
CLT,2025-04-12,0.0,0.0,13.4,10.3
CLT,2025-04-13,0.0,0.0,8.8,10.6
CLT,2025-04-14,0.0,0.0,25.0,19.1
CLT,2025-04-15,0.0,0.0,24.6,18.5
CLT,2025-04-16,0.0,0.0,13.4,13.9
CLT,2025-04-17,0.0,0.0,10.9,16.6
CLT,2025-04-18,0.0,0.0,21.0,19.9
CLT,2025-04-19,0.0,0.0,19.5,22.7
CLT,2025-04-20,0.0,0.0,14.3,23.3
CLT,2025-04-21,0.0,0.0,20.5,22.8
CLT,2025-04-22,1.8,0.0,14.4,21.6
CLT,2025-04-23,7.9,0.0,9.9,20.3
CLT,2025-04-24,5.3,0.0,12.5,18.8
CLT,2025-04-25,0.2,0.0,13.3,20.1
CLT,2025-04-26,3.4,0.0,18.7,21.5
CLT,2025-04-27,0.0,0.0,18.0,18.2
CLT,2025-04-28,0.0,0.0,9.9,19.3
CLT,2025-04-29,0.1,0.0,14.7,20.0
CLT,2025-04-30,0.0,0.0,11.7,23.5
CLT,2025-05-01,0.4,0.0,20.0,22.5
CLT,2025-05-02,0.9,0.0,17.2,22.5
CLT,2025-05-03,12.1,0.0,15.3,19.1
CLT,2025-05-04,7.0,0.0,15.7,18.4
CLT,2025-05-05,0.2,0.0,19.0,17.5
CLT,2025-05-06,0.0,0.0,16.9,18.3
CLT,2025-05-07,0.6,0.0,9.1,18.3
CLT,2025-05-08,1.4,0.0,19.5,21.0
CLT,2025-05-09,1.0,0.0,15.1,20.8
CLT,2025-05-10,0.0,0.0,15.9,17.3
CLT,2025-05-11,9.6,0.0,13.1,17.3
CLT,2025-05-12,27.0,0.0,21.8,18.6
CLT,2025-05-13,10.8,0.0,14.8,20.2
CLT,2025-05-14,1.3,0.0,9.6,20.2
CLT,2025-05-15,4.8,0.0,17.6,22.5
CLT,2025-05-16,0.0,0.0,16.4,24.4
CLT,2025-05-17,1.1,0.0,25.1,24.3
CLT,2025-05-18,0.0,0.0,18.8,23.5
CLT,2025-05-19,0.0,0.0,10.5,22.3
CLT,2025-05-20,0.3,0.0,12.6,23.1
CLT,2025-05-21,1.9,0.0,20.3,24.2
CLT,2025-05-22,0.0,0.0,27.2,22.4
CLT,2025-05-23,0.0,0.0,23.3,21.1
CLT,2025-05-24,0.0,0.0,12.1,19.5
CLT,2025-05-25,0.8,0.0,11.3,20.9
CLT,2025-05-26,2.2,0.0,15.7,19.7
CLT,2025-05-27,21.2,0.0,14.5,15.1
CLT,2025-05-28,4.7,0.0,9.6,17.6
CLT,2025-05-29,5.0,0.0,12.9,20.7
CLT,2025-05-30,1.9,0.0,26.3,20.1
CLT,2025-05-31,0.4,0.0,22.6,19.3
CLT,2025-06-01,1.1,0.0,14.3,20.3
CLT,2025-06-02,0.0,0.0,11.7,20.2
CLT,2025-06-03,0.0,0.0,10.1,22.0
CLT,2025-06-04,0.1,0.0,13.2,23.1
CLT,2025-06-05,27.9,0.0,15.5,21.6
CLT,2025-06-06,2.4,0.0,21.8,24.4
CLT,2025-06-07,2.0,0.0,16.3,25.8
CLT,2025-06-08,0.3,0.0,24.8,24.6
CLT,2025-06-09,8.7,0.0,17.1,24.9
CLT,2025-06-10,5.8,0.0,17.8,23.4
CLT,2025-06-11,0.1,0.0,11.4,24.3
CLT,2025-06-12,0.0,0.0,10.2,24.9
CLT,2025-06-13,3.7,0.0,14.1,24.5
CLT,2025-06-14,5.8,0.0,16.2,24.9
CLT,2025-06-15,8.6,0.0,18.9,24.5
CLT,2025-06-16,8.4,0.0,12.9,25.1
CLT,2025-06-17,4.1,0.0,22.2,26.1
CLT,2025-06-18,0.0,0.0,23.1,26.4
CLT,2025-06-19,0.5,0.0,26.0,27.1
CLT,2025-06-20,0.0,0.0,9.0,26.0
CLT,2025-06-21,0.0,0.0,7.3,27.0
CLT,2025-06-22,0.0,0.0,8.5,28.2
CLT,2025-06-23,0.0,0.0,9.4,29.9
CLT,2025-06-24,0.0,0.0,11.5,31.2
CLT,2025-06-25,2.0,0.0,16.1,29.9
CLT,2025-06-26,4.6,0.0,12.9,27.0
CLT,2025-06-27,0.2,0.0,10.8,28.2
CLT,2025-06-28,4.2,0.0,13.3,26.9
CLT,2025-06-29,0.8,0.0,11.4,27.6
CLT,2025-06-30,8.0,0.0,14.9,27.0
CLT,2025-07-01,2.9,0.0,16.6,27.0
CLT,2025-07-02,15.2,0.0,10.0,25.3
CLT,2025-07-03,0.0,0.0,11.4,26.8
CLT,2025-07-04,0.0,0.0,14.2,27.9
CLT,2025-07-05,0.0,0.0,18.8,27.1
CLT,2025-07-06,1.0,0.0,23.5,25.9
CLT,2025-07-07,0.1,0.0,15.5,28.9
CLT,2025-07-08,0.2,0.0,17.4,29.7
CLT,2025-07-09,9.3,0.0,14.0,26.4
CLT,2025-07-10,2.3,0.0,16.5,24.8
CLT,2025-07-11,0.2,0.0,8.7,25.8
CLT,2025-07-12,0.6,0.0,10.3,26.6
CLT,2025-07-13,0.2,0.0,13.4,28.4
CLT,2025-07-14,0.6,0.0,12.5,28.6
CLT,2025-07-15,3.5,0.0,10.8,28.0
CLT,2025-07-16,2.4,0.0,16.6,27.2
CLT,2025-07-17,0.1,0.0,15.7,28.7
CLT,2025-07-18,0.0,0.0,16.6,29.9
CLT,2025-07-19,0.6,0.0,21.8,29.4
CLT,2025-07-20,2.9,0.0,23.1,29.8
CLT,2025-07-21,19.6,0.0,17.9,28.7
CLT,2025-07-22,0.8,0.0,13.5,28.0
CLT,2025-07-23,0.0,0.0,13.5,28.0
CLT,2025-07-24,0.1,0.0,9.7,28.2
CLT,2025-07-25,0.1,0.0,12.8,29.9
CLT,2025-07-26,0.0,0.0,8.8,31.0
CLT,2025-07-27,0.3,0.0,11.8,31.8
CLT,2025-07-28,1.3,0.0,15.1,30.8
CLT,2025-07-29,7.4,0.0,17.6,28.7
CLT,2025-07-30,8.6,0.0,8.4,28.4
CLT,2025-07-31,12.6,0.0,13.9,27.1
CLT,2025-08-01,9.3,0.0,14.8,25.9
CLT,2025-08-02,0.3,0.0,17.3,21.9
CLT,2025-08-03,0.2,0.0,15.1,21.4
CLT,2025-08-04,6.1,0.0,10.4,21.0
CLT,2025-08-05,44.4,0.0,18.6,19.5
CLT,2025-08-06,7.0,0.0,14.5,20.3
CLT,2025-08-07,0.6,0.0,18.4,21.5
CLT,2025-08-08,0.7,0.0,15.3,22.4
CLT,2025-08-09,0.0,0.0,13.9,22.8
CLT,2025-08-10,0.5,0.0,13.8,23.6
CLT,2025-08-11,25.3,0.0,14.3,23.5
CLT,2025-08-12,33.3,0.0,10.7,24.7
CLT,2025-08-13,2.7,0.0,16.0,26.2
CLT,2025-08-14,4.0,0.0,9.4,26.0
CLT,2025-08-15,0.5,0.0,9.3,26.6
CLT,2025-08-16,0.8,0.0,8.8,26.7
CLT,2025-08-17,0.0,0.0,5.0,26.8
CLT,2025-08-18,0.4,0.0,11.8,27.2
CLT,2025-08-19,0.1,0.0,13.1,25.5
CLT,2025-08-20,0.0,0.0,13.4,25.2
CLT,2025-08-21,8.9,0.0,14.3,25.1
CLT,2025-08-22,1.3,0.0,12.9,23.7
CLT,2025-08-23,1.2,0.0,11.2,23.1
CLT,2025-08-24,2.9,0.0,10.0,23.8
CLT,2025-08-25,0.0,0.0,15.2,24.7
CLT,2025-08-26,0.0,0.0,12.9,22.4
CLT,2025-08-27,0.0,0.0,12.8,21.0
CLT,2025-08-28,0.0,0.0,7.9,21.3
CLT,2025-08-29,0.0,0.0,7.6,22.3
CLT,2025-08-30,0.0,0.0,9.6,22.6
CLT,2025-08-31,0.0,0.0,13.7,21.4
CLT,2025-09-01,0.0,0.0,14.2,20.5
CLT,2025-09-02,0.0,0.0,10.7,20.4
CLT,2025-09-03,0.0,0.0,11.5,21.4
CLT,2025-09-04,2.6,0.0,19.1,23.2
CLT,2025-09-05,0.0,0.0,11.4,24.7
CLT,2025-09-06,4.2,0.0,16.6,24.6
CLT,2025-09-07,0.0,0.0,18.8,21.4
CLT,2025-09-08,0.0,0.0,18.2,19.6
CLT,2025-09-09,0.0,0.0,15.7,18.5
CLT,2025-09-10,0.0,0.0,13.0,20.4
CLT,2025-09-11,0.0,0.0,9.7,21.4
CLT,2025-09-12,0.2,0.0,12.0,22.5
CLT,2025-09-13,0.0,0.0,14.2,21.7
CLT,2025-09-14,0.0,0.0,12.1,22.3
CLT,2025-09-15,0.0,0.0,13.4,22.6
CLT,2025-09-16,0.0,0.0,14.9,21.5
CLT,2025-09-17,0.0,0.0,9.5,21.8
CLT,2025-09-18,0.6,0.0,6.4,23.4
CLT,2025-09-19,0.0,0.0,4.9,25.0
CLT,2025-09-20,0.0,0.0,6.6,25.1
CLT,2025-09-21,0.0,0.0,9.7,24.0
CLT,2025-09-22,0.0,0.0,8.3,23.4
CLT,2025-09-23,0.0,0.0,9.0,24.3
CLT,2025-09-24,5.8,0.0,14.2,25.7
CLT,2025-09-25,1.9,0.0,15.4,25.0
CLT,2025-09-26,6.4,0.0,12.6,23.8
CLT,2025-09-27,13.6,0.0,10.1,21.8
CLT,2025-09-28,0.3,0.0,14.5,22.1
CLT,2025-09-29,3.5,0.0,18.3,20.5
CLT,2025-09-30,1.0,0.0,23.8,20.3
CLT,2025-10-01,0.0,0.0,16.2,21.3
CLT,2025-10-02,0.0,0.0,15.2,17.2
CLT,2025-10-03,0.0,0.0,12.4,16.7
CLT,2025-10-04,0.0,0.0,9.2,18.6
CLT,2025-10-05,0.0,0.0,12.0,20.5
CLT,2025-10-06,0.0,0.0,11.1,20.9
CLT,2025-10-07,0.0,0.0,11.9,22.0
CLT,2025-10-08,9.8,0.0,20.4,22.6
CLT,2025-10-09,0.0,0.0,19.7,17.4
CLT,2025-10-10,0.3,0.0,18.3,14.6
CLT,2025-10-11,0.0,0.0,19.8,15.4
CLT,2025-10-12,1.6,0.0,26.5,18.0
CLT,2025-10-13,0.2,0.0,20.0,19.4
CLT,2025-10-14,0.0,0.0,15.0,19.5
CLT,2025-10-15,0.0,0.0,14.8,19.2
CLT,2025-10-16,0.0,0.0,15.2,18.1
CLT,2025-10-17,0.0,0.0,9.9,15.6
CLT,2025-10-18,0.0,0.0,13.2,18.4
CLT,2025-10-19,3.3,0.0,27.2,18.0
CLT,2025-10-20,0.0,0.0,21.6,14.3
CLT,2025-10-21,0.3,0.0,21.2,16.1
CLT,2025-10-22,0.0,0.0,18.4,16.8
CLT,2025-10-23,0.0,0.0,12.8,14.8
CLT,2025-10-24,0.0,0.0,11.5,13.2
CLT,2025-10-25,0.0,0.0,13.0,10.7
CLT,2025-10-26,0.1,0.0,12.5,12.6
CLT,2025-10-27,22.9,0.0,22.0,10.1
CLT,2025-10-28,4.0,0.0,26.7,9.8
CLT,2025-10-29,12.5,0.0,19.5,10.2
CLT,2025-10-30,8.6,0.0,21.8,11.9
CLT,2025-10-31,0.0,0.0,16.8,10.9
CLT,2025-11-01,0.0,0.0,6.0,9.4
CLT,2025-11-02,0.0,0.0,9.8,10.3
CLT,2025-11-03,0.0,0.0,13.2,11.5
CLT,2025-11-04,0.0,0.0,13.4,11.2
CLT,2025-11-05,0.0,0.0,20.5,13.0
CLT,2025-11-06,0.0,0.0,17.2,13.9
CLT,2025-11-07,0.0,0.0,15.9,13.2
CLT,2025-11-08,3.6,0.0,13.6,17.2
CLT,2025-11-09,0.0,0.0,23.1,18.3
CLT,2025-11-10,0.2,0.14,25.3,5.6
CLT,2025-11-11,0.0,0.0,19.4,2.7
CLT,2025-11-12,0.0,0.0,19.4,9.4
CLT,2025-11-13,0.0,0.0,14.5,12.7
CLT,2025-11-14,0.0,0.0,11.1,11.0
CLT,2025-11-15,0.0,0.0,22.2,14.6
CLT,2025-11-16,0.0,0.0,25.7,18.5
CLT,2025-11-17,0.0,0.0,12.0,11.9
CLT,2025-11-18,0.0,0.0,13.3,11.4
CLT,2025-11-19,0.0,0.0,13.5,16.7
CLT,2025-11-20,0.0,0.0,8.7,15.1
CLT,2025-11-21,0.6,0.0,13.2,17.1
CLT,2025-11-22,0.2,0.0,21.7,19.9
CLT,2025-11-23,0.1,0.0,10.4,15.8
CLT,2025-11-24,0.0,0.0,9.8,12.4
CLT,2025-11-25,0.5,0.0,12.3,14.1
CLT,2025-11-26,0.2,0.0,19.3,17.1
CLT,2025-11-27,0.0,0.0,19.9,7.5
CLT,2025-11-28,0.0,0.0,14.5,3.7
CLT,2025-11-29,0.2,0.14,11.2,2.0
CLT,2025-11-30,2.8,0.0,8.7,5.1
CLT,2025-12-01,0.0,0.0,17.9,5.4
CLT,2025-12-02,14.2,0.0,15.6,5.1
CLT,2025-12-03,0.0,0.0,12.6,3.7
CLT,2025-12-04,0.0,0.0,7.3,4.6
CLT,2025-12-05,7.2,0.0,11.5,5.1
CLT,2025-12-06,0.0,0.0,8.6,4.2
CLT,2025-12-07,0.0,0.0,5.2,3.2
CLT,2025-12-08,1.4,0.0,14.0,3.1
CLT,2025-12-09,0.0,0.0,13.2,0.7
CLT,2025-12-10,0.0,0.0,24.9,5.5
CLT,2025-12-11,0.0,0.0,22.2,5.6
CLT,2025-12-12,0.0,0.0,9.5,4.2
CLT,2025-12-13,0.0,0.0,12.3,5.0
CLT,2025-12-14,0.7,0.0,26.3,5.8
CLT,2025-12-15,0.0,0.0,16.8,-3.7
CLT,2025-12-16,0.0,0.0,11.6,2.0
CLT,2025-12-17,0.0,0.0,11.1,5.7
CLT,2025-12-18,18.8,0.0,15.3,9.5
CLT,2025-12-19,4.0,0.0,30.0,12.5
CLT,2025-12-20,0.0,0.0,13.3,5.8
CLT,2025-12-21,0.0,0.0,14.7,7.4
CLT,2025-12-22,0.0,0.0,14.4,5.1
CLT,2025-12-23,0.0,0.0,16.9,10.2
CLT,2025-12-24,0.0,0.0,8.7,13.9
CLT,2025-12-25,0.4,0.0,16.1,15.7
CLT,2025-12-26,0.0,0.0,13.2,12.9
CLT,2025-12-27,0.0,0.0,11.0,14.5
CLT,2025-12-28,1.4,0.0,14.6,8.5
CLT,2025-12-29,0.5,0.0,29.6,10.9
CLT,2025-12-30,0.0,0.0,16.2,1.5
CLT,2025-12-31,0.0,0.0,16.4,2.8
MIA,2023-01-01,1.6,0.0,11.2,22.8
MIA,2023-01-02,0.0,0.0,15.5,22.9
MIA,2023-01-03,0.3,0.0,19.4,24.0
MIA,2023-01-04,1.0,0.0,20.4,24.1
MIA,2023-01-05,0.0,0.0,15.1,23.8
MIA,2023-01-06,0.0,0.0,17.7,20.2
MIA,2023-01-07,0.0,0.0,15.8,18.8
MIA,2023-01-08,0.0,0.0,12.0,20.6
MIA,2023-01-09,0.3,0.0,19.5,20.6
MIA,2023-01-10,0.0,0.0,12.6,19.3
MIA,2023-01-11,0.0,0.0,12.4,16.9
MIA,2023-01-12,0.0,0.0,12.4,18.9
MIA,2023-01-13,2.4,0.0,29.2,19.4
MIA,2023-01-14,0.0,0.0,25.9,12.4
MIA,2023-01-15,0.0,0.0,13.0,10.2
MIA,2023-01-16,0.0,0.0,11.4,12.8
MIA,2023-01-17,0.0,0.0,15.7,16.4
MIA,2023-01-18,0.0,0.0,16.3,18.6
MIA,2023-01-19,0.0,0.0,18.8,21.9
MIA,2023-01-20,0.0,0.0,12.9,21.4
MIA,2023-01-21,0.0,0.0,15.2,22.0
MIA,2023-01-22,0.9,0.0,28.1,23.8
MIA,2023-01-23,3.4,0.0,20.8,23.4
MIA,2023-01-24,0.2,0.0,22.2,22.6
MIA,2023-01-25,0.2,0.0,26.2,24.1
MIA,2023-01-26,4.5,0.0,15.2,22.7
MIA,2023-01-27,0.0,0.0,24.0,19.2
MIA,2023-01-28,0.3,0.0,25.1,22.3
MIA,2023-01-29,0.4,0.0,20.9,24.0
MIA,2023-01-30,0.5,0.0,16.4,23.8
MIA,2023-01-31,0.0,0.0,14.8,23.7
MIA,2023-02-01,0.0,0.0,16.9,23.6
MIA,2023-02-02,0.2,0.0,18.2,23.3
MIA,2023-02-03,1.6,0.0,19.1,23.7
MIA,2023-02-04,5.4,0.0,34.2,20.8
MIA,2023-02-05,32.2,0.0,23.3,22.3
MIA,2023-02-06,0.8,0.0,22.1,21.3
MIA,2023-02-07,0.0,0.0,21.4,21.5
MIA,2023-02-08,0.0,0.0,18.5,22.5
MIA,2023-02-09,2.0,0.0,22.5,23.4
MIA,2023-02-10,0.0,0.0,20.2,23.8
MIA,2023-02-11,0.5,0.0,23.2,24.0
MIA,2023-02-12,0.9,0.0,30.6,21.6
MIA,2023-02-13,0.0,0.0,18.8,17.9
MIA,2023-02-14,0.0,0.0,17.4,17.6
MIA,2023-02-15,0.0,0.0,22.5,22.5
MIA,2023-02-16,0.0,0.0,22.2,24.2
MIA,2023-02-17,2.0,0.0,19.5,24.4
MIA,2023-02-18,0.4,0.0,25.0,22.9
MIA,2023-02-19,0.7,0.0,13.2,23.4
MIA,2023-02-20,0.0,0.0,17.9,23.3
MIA,2023-02-21,0.0,0.0,20.2,23.2
MIA,2023-02-22,0.0,0.0,20.2,23.7
MIA,2023-02-23,0.0,0.0,18.6,24.9
MIA,2023-02-24,0.0,0.0,15.6,24.1
MIA,2023-02-25,0.0,0.0,12.2,23.9
MIA,2023-02-26,0.0,0.0,16.3,23.3
MIA,2023-02-27,0.0,0.0,20.9,23.1
MIA,2023-02-28,0.0,0.0,28.5,23.3
MIA,2023-03-01,0.0,0.0,19.5,21.8
MIA,2023-03-02,0.0,0.0,20.8,23.5
MIA,2023-03-03,0.1,0.0,32.2,25.3
MIA,2023-03-04,0.0,0.0,21.1,26.4
MIA,2023-03-05,0.0,0.0,19.9,24.9
MIA,2023-03-06,0.8,0.0,17.0,25.0
MIA,2023-03-07,0.5,0.0,20.9,25.4
MIA,2023-03-08,0.3,0.0,24.0,24.6
MIA,2023-03-09,0.0,0.0,22.2,23.1
MIA,2023-03-10,0.0,0.0,25.6,22.0
MIA,2023-03-11,0.6,0.0,22.2,23.6
MIA,2023-03-12,0.1,0.0,17.3,23.9
MIA,2023-03-13,3.9,0.0,28.1,25.4
MIA,2023-03-14,3.9,0.0,15.7,23.1
MIA,2023-03-15,4.0,0.0,22.7,20.2
MIA,2023-03-16,0.0,0.0,22.0,19.5
MIA,2023-03-17,0.0,0.0,22.3,22.4
MIA,2023-03-18,0.2,0.0,24.7,23.6
MIA,2023-03-19,18.4,0.0,19.8,21.7
MIA,2023-03-20,18.5,0.0,21.9,18.2
MIA,2023-03-21,0.0,0.0,17.4,19.5
MIA,2023-03-22,0.0,0.0,19.8,21.8
MIA,2023-03-23,0.0,0.0,19.9,23.1
MIA,2023-03-24,0.2,0.0,19.5,23.9
MIA,2023-03-25,0.3,0.0,21.6,24.9
MIA,2023-03-26,0.0,0.0,21.3,25.4
MIA,2023-03-27,11.0,0.0,22.1,25.3
MIA,2023-03-28,4.5,0.0,15.8,25.5
MIA,2023-03-29,29.4,0.0,15.6,23.7
MIA,2023-03-30,26.0,0.0,24.3,22.5
MIA,2023-03-31,0.0,0.0,21.8,24.2
MIA,2023-04-01,3.6,0.0,17.4,24.8
MIA,2023-04-02,1.4,0.0,18.4,24.9
MIA,2023-04-03,0.4,0.0,20.0,25.0
MIA,2023-04-04,0.0,0.0,19.2,25.3
MIA,2023-04-05,0.0,0.0,22.2,25.9
MIA,2023-04-06,0.4,0.0,22.8,25.7
MIA,2023-04-07,0.6,0.0,21.0,25.1
MIA,2023-04-08,0.2,0.0,16.5,25.3
MIA,2023-04-09,25.4,0.0,18.0,23.9
MIA,2023-04-10,14.2,0.0,22.0,21.7
MIA,2023-04-11,12.0,0.0,33.4,21.7
MIA,2023-04-12,22.4,0.0,25.2,21.9
MIA,2023-04-13,7.4,0.0,19.3,23.9
MIA,2023-04-14,1.1,0.0,14.6,25.1
MIA,2023-04-15,0.2,0.0,16.3,25.7
MIA,2023-04-16,18.3,0.0,19.1,24.6
MIA,2023-04-17,7.5,0.0,18.2,23.8
MIA,2023-04-18,0.0,0.0,17.2,22.0
MIA,2023-04-19,0.2,0.0,17.4,22.0
MIA,2023-04-20,2.9,0.0,15.4,23.1
MIA,2023-04-21,2.6,0.0,11.3,23.1
MIA,2023-04-22,1.6,0.0,16.0,23.9
MIA,2023-04-23,1.2,0.0,11.3,23.6
MIA,2023-04-24,12.7,0.0,24.2,22.8
MIA,2023-04-25,10.7,0.0,18.8,23.0
MIA,2023-04-26,21.5,0.0,17.4,23.4
MIA,2023-04-27,0.3,0.0,22.0,24.8
MIA,2023-04-28,14.0,0.0,19.6,25.2
MIA,2023-04-29,2.8,0.0,21.6,26.6
MIA,2023-04-30,5.5,0.0,34.8,25.4
MIA,2023-05-01,0.0,0.0,22.5,23.1
MIA,2023-05-02,0.0,0.0,21.7,24.0
MIA,2023-05-03,0.0,0.0,20.4,24.5
MIA,2023-05-04,0.0,0.0,19.5,23.7
MIA,2023-05-05,0.0,0.0,21.7,24.1
MIA,2023-05-06,1.3,0.0,17.7,25.1
MIA,2023-05-07,2.0,0.0,25.9,24.4
MIA,2023-05-08,0.0,0.0,20.0,25.0
MIA,2023-05-09,0.0,0.0,19.2,25.4
MIA,2023-05-10,0.1,0.0,15.3,25.9
MIA,2023-05-11,0.0,0.0,19.8,26.1
MIA,2023-05-12,0.0,0.0,23.6,26.6
MIA,2023-05-13,0.0,0.0,22.1,26.2
MIA,2023-05-14,2.7,0.0,19.5,25.5
MIA,2023-05-15,5.1,0.0,14.2,25.2
MIA,2023-05-16,0.6,0.0,21.9,25.4
MIA,2023-05-17,6.5,0.0,17.7,26.1
MIA,2023-05-18,5.2,0.0,15.8,25.6
MIA,2023-05-19,14.7,0.0,14.3,24.8
MIA,2023-05-20,3.6,0.0,14.3,26.5
MIA,2023-05-21,3.5,0.0,11.6,26.3
MIA,2023-05-22,5.6,0.0,14.5,26.1
MIA,2023-05-23,38.8,0.0,13.8,25.1
MIA,2023-05-24,3.0,0.0,11.0,24.3
MIA,2023-05-25,7.5,0.0,11.6,24.1
MIA,2023-05-26,21.1,0.0,11.5,23.1
MIA,2023-05-27,6.9,0.0,15.2,24.1
MIA,2023-05-28,0.4,0.0,11.8,26.0
MIA,2023-05-29,1.9,0.0,15.9,25.6
MIA,2023-05-30,28.6,0.0,14.8,25.0
MIA,2023-05-31,23.6,0.0,15.3,24.4
MIA,2023-06-01,23.1,0.0,15.5,25.1
MIA,2023-06-02,13.8,0.0,14.8,23.8
MIA,2023-06-03,8.3,0.0,13.0,24.3
MIA,2023-06-04,11.1,0.0,16.6,24.8
MIA,2023-06-05,3.7,0.0,17.2,24.8
MIA,2023-06-06,11.6,0.0,10.9,24.1
MIA,2023-06-07,8.6,0.0,14.3,25.0
MIA,2023-06-08,3.1,0.0,22.4,25.6
MIA,2023-06-09,8.8,0.0,12.1,25.4
MIA,2023-06-10,5.9,0.0,13.1,25.7
MIA,2023-06-11,8.8,0.0,19.5,25.8
MIA,2023-06-12,15.8,0.0,18.0,25.6
MIA,2023-06-13,2.7,0.0,16.3,27.4
MIA,2023-06-14,2.5,0.0,16.2,27.4
MIA,2023-06-15,0.3,0.0,17.5,27.6
MIA,2023-06-16,4.7,0.0,26.4,29.0
MIA,2023-06-17,18.2,0.0,14.2,26.7
MIA,2023-06-18,13.2,0.0,22.5,26.1
MIA,2023-06-19,4.0,0.0,13.1,26.0
MIA,2023-06-20,11.4,0.0,19.3,25.8
MIA,2023-06-21,18.3,0.0,13.7,26.1
MIA,2023-06-22,5.5,0.0,13.4,26.2
MIA,2023-06-23,10.6,0.0,13.6,26.7
MIA,2023-06-24,19.4,0.0,13.5,26.2
MIA,2023-06-25,19.7,0.0,18.4,26.0
MIA,2023-06-26,8.7,0.0,11.9,26.5
MIA,2023-06-27,6.4,0.0,8.5,26.6
MIA,2023-06-28,4.3,0.0,8.8,27.3
MIA,2023-06-29,15.3,0.0,10.3,26.8
MIA,2023-06-30,11.2,0.0,15.5,26.7
MIA,2023-07-01,17.0,0.0,11.3,26.6
MIA,2023-07-02,17.6,0.0,8.0,27.1
MIA,2023-07-03,9.0,0.0,8.7,27.7
MIA,2023-07-04,12.6,0.0,11.7,27.6
MIA,2023-07-05,2.3,0.0,13.1,28.5
MIA,2023-07-06,8.0,0.0,14.8,28.0
MIA,2023-07-07,10.2,0.0,15.0,27.2
MIA,2023-07-08,10.3,0.0,21.3,27.1
MIA,2023-07-09,0.3,0.0,15.9,28.1
MIA,2023-07-10,0.4,0.0,16.1,28.6
MIA,2023-07-11,0.6,0.0,14.3,29.1
MIA,2023-07-12,2.8,0.0,10.1,29.1
MIA,2023-07-13,19.4,0.0,14.3,28.0
MIA,2023-07-14,23.7,0.0,9.5,26.8
MIA,2023-07-15,5.0,0.0,15.3,28.8
MIA,2023-07-16,4.9,0.0,14.2,28.5
MIA,2023-07-17,10.6,0.0,13.2,27.4
MIA,2023-07-18,5.8,0.0,12.1,27.8
MIA,2023-07-19,7.4,0.0,16.1,27.6
MIA,2023-07-20,0.8,0.0,11.6,28.8
MIA,2023-07-21,12.4,0.0,11.3,27.9
MIA,2023-07-22,0.1,0.0,17.5,28.3
MIA,2023-07-23,1.6,0.0,10.5,29.6
MIA,2023-07-24,1.0,0.0,17.7,29.0
MIA,2023-07-25,3.0,0.0,15.8,28.6
MIA,2023-07-26,5.7,0.0,15.6,27.1
MIA,2023-07-27,19.5,0.0,14.8,26.4
MIA,2023-07-28,16.2,0.0,13.7,27.3
MIA,2023-07-29,0.2,0.0,11.8,28.6
MIA,2023-07-30,0.4,0.0,12.2,28.1
MIA,2023-07-31,13.4,0.0,15.7,28.3
MIA,2023-08-01,10.1,0.0,13.5,26.9
MIA,2023-08-02,11.0,0.0,9.7,27.1
MIA,2023-08-03,16.5,0.0,12.5,26.9
MIA,2023-08-04,29.2,0.0,11.5,27.0
MIA,2023-08-05,11.2,0.0,11.1,28.0
MIA,2023-08-06,4.7,0.0,12.0,29.0
MIA,2023-08-07,1.7,0.0,12.4,29.4
MIA,2023-08-08,10.2,0.0,13.6,28.6
MIA,2023-08-09,2.7,0.0,9.7,28.3
MIA,2023-08-10,4.5,0.0,11.7,29.0
MIA,2023-08-11,4.4,0.0,9.5,29.5
MIA,2023-08-12,4.2,0.0,19.8,29.1
MIA,2023-08-13,6.4,0.0,17.9,28.4
MIA,2023-08-14,0.7,0.0,16.1,29.5
MIA,2023-08-15,8.8,0.0,13.0,28.6
MIA,2023-08-16,3.4,0.0,19.6,27.8
MIA,2023-08-17,20.6,0.0,16.1,27.6
MIA,2023-08-18,8.4,0.0,12.9,26.8
MIA,2023-08-19,18.9,0.0,16.6,27.0
MIA,2023-08-20,19.1,0.0,22.1,27.5
MIA,2023-08-21,0.8,0.0,24.6,28.8
MIA,2023-08-22,0.1,0.0,23.5,28.9
MIA,2023-08-23,6.0,0.0,15.9,27.6
MIA,2023-08-24,2.0,0.0,21.4,28.0
MIA,2023-08-25,2.2,0.0,20.2,27.5
MIA,2023-08-26,3.6,0.0,17.8,27.3
MIA,2023-08-27,4.8,0.0,16.0,27.5
MIA,2023-08-28,9.3,0.0,15.6,28.1
MIA,2023-08-29,9.3,0.0,30.2,27.5
MIA,2023-08-30,3.0,0.0,32.1,28.6
MIA,2023-08-31,7.9,0.0,17.3,28.0
MIA,2023-09-01,8.3,0.0,15.6,28.1
MIA,2023-09-02,4.5,0.0,20.9,27.1
MIA,2023-09-03,0.3,0.0,21.5,27.4
MIA,2023-09-04,0.8,0.0,16.3,27.7
MIA,2023-09-05,0.1,0.0,14.8,27.5
MIA,2023-09-06,0.0,0.0,14.9,27.0
MIA,2023-09-07,0.4,0.0,13.5,27.0
MIA,2023-09-08,0.4,0.0,14.4,27.4
MIA,2023-09-09,5.5,0.0,9.4,25.7
MIA,2023-09-10,1.8,0.0,10.0,27.9
MIA,2023-09-11,4.6,0.0,11.6,28.4
MIA,2023-09-12,1.6,0.0,13.3,28.3
MIA,2023-09-13,5.6,0.0,16.2,27.9
MIA,2023-09-14,18.1,0.0,11.5,27.0
MIA,2023-09-15,8.6,0.0,9.2,26.9
MIA,2023-09-16,10.5,0.0,12.7,27.1
MIA,2023-09-17,8.2,0.0,15.5,27.2
MIA,2023-09-18,2.1,0.0,12.9,27.0
MIA,2023-09-19,10.7,0.0,15.4,26.4
MIA,2023-09-20,9.9,0.0,23.5,26.1
MIA,2023-09-21,21.5,0.0,10.6,25.3
MIA,2023-09-22,2.4,0.0,10.9,25.1
MIA,2023-09-23,7.6,0.0,15.5,25.2
MIA,2023-09-24,2.5,0.0,15.9,26.1
MIA,2023-09-25,12.6,0.0,19.8,26.0
MIA,2023-09-26,16.8,0.0,19.2,26.8
MIA,2023-09-27,34.8,0.0,12.6,25.4
MIA,2023-09-28,3.0,0.0,15.6,26.3
MIA,2023-09-29,2.4,0.0,17.9,26.8
MIA,2023-09-30,11.9,0.0,13.5,26.5
MIA,2023-10-01,14.1,0.0,15.1,26.1
MIA,2023-10-02,18.2,0.0,28.6,25.9
MIA,2023-10-03,1.2,0.0,24.9,26.3
MIA,2023-10-04,0.3,0.0,19.9,26.1
MIA,2023-10-05,1.8,0.0,10.6,26.6
MIA,2023-10-06,0.7,0.0,8.4,26.2
MIA,2023-10-07,1.5,0.0,7.3,26.6
MIA,2023-10-08,11.0,0.0,8.9,25.7
MIA,2023-10-09,27.7,0.0,12.5,24.8
MIA,2023-10-10,1.0,0.0,12.9,26.4
MIA,2023-10-11,8.1,0.0,18.3,26.8
MIA,2023-10-12,0.1,0.0,30.3,29.0
MIA,2023-10-13,0.4,0.0,17.7,29.0
MIA,2023-10-14,14.8,0.0,18.4,26.6
MIA,2023-10-15,0.1,0.0,22.1,26.3
MIA,2023-10-16,0.0,0.0,21.3,22.3
MIA,2023-10-17,0.0,0.0,18.1,19.0
MIA,2023-10-18,0.0,0.0,18.0,20.6
MIA,2023-10-19,0.0,0.0,15.7,23.2
MIA,2023-10-20,9.1,0.0,10.5,23.3
MIA,2023-10-21,0.0,0.0,14.3,23.3
MIA,2023-10-22,0.0,0.0,12.8,23.8
MIA,2023-10-23,0.0,0.0,16.4,23.3
MIA,2023-10-24,2.0,0.0,27.3,24.5
MIA,2023-10-25,1.0,0.0,28.1,25.3
MIA,2023-10-26,0.6,0.0,26.0,25.7
MIA,2023-10-27,0.5,0.0,26.7,25.8
MIA,2023-10-28,0.0,0.0,28.7,26.0
MIA,2023-10-29,1.3,0.0,26.1,25.9
MIA,2023-10-30,1.0,0.0,14.0,25.5
MIA,2023-10-31,0.4,0.0,15.3,25.9
MIA,2023-11-01,0.9,0.0,26.7,24.4
MIA,2023-11-02,2.3,0.0,33.4,23.7
MIA,2023-11-03,0.0,0.0,26.6,24.9
MIA,2023-11-04,0.0,0.0,18.3,24.7
MIA,2023-11-05,0.4,0.0,20.0,23.5
MIA,2023-11-06,0.0,0.0,19.4,22.4
MIA,2023-11-07,0.0,0.0,18.0,23.7
MIA,2023-11-08,0.5,0.0,17.7,24.1
MIA,2023-11-09,0.3,0.0,16.1,24.9
MIA,2023-11-10,0.9,0.0,14.6,26.2
MIA,2023-11-11,0.0,0.0,16.5,26.2
MIA,2023-11-12,0.1,0.0,14.1,26.0
MIA,2023-11-13,3.8,0.0,19.0,24.8
MIA,2023-11-14,2.6,0.0,24.1,24.8
MIA,2023-11-15,104.0,0.0,34.6,23.3
MIA,2023-11-16,170.6,0.0,40.0,23.9
MIA,2023-11-17,0.0,0.0,13.6,23.2
MIA,2023-11-18,0.4,0.0,21.0,22.2
MIA,2023-11-19,0.1,0.0,14.6,22.0
MIA,2023-11-20,0.3,0.0,15.8,22.8
MIA,2023-11-21,0.0,0.0,20.1,24.0
MIA,2023-11-22,0.0,0.0,14.1,24.2
MIA,2023-11-23,0.7,0.0,12.3,23.2
MIA,2023-11-24,9.9,0.0,10.4,22.5
MIA,2023-11-25,4.4,0.0,12.8,23.1
MIA,2023-11-26,1.1,0.0,20.9,24.5
MIA,2023-11-27,0.0,0.0,17.1,23.1
MIA,2023-11-28,0.0,0.0,18.8,18.7
MIA,2023-11-29,0.0,0.0,18.9,18.0
MIA,2023-11-30,0.0,0.0,18.6,19.8
MIA,2023-12-01,0.0,0.0,17.1,23.9
MIA,2023-12-02,0.6,0.0,20.5,25.1
MIA,2023-12-03,1.5,0.0,15.6,25.2
MIA,2023-12-04,0.0,0.0,9.5,24.1
MIA,2023-12-05,0.0,0.0,14.5,22.9
MIA,2023-12-06,0.0,0.0,19.8,17.2
MIA,2023-12-07,0.0,0.0,15.9,17.4
MIA,2023-12-08,0.0,0.0,22.9,21.8
MIA,2023-12-09,0.0,0.0,22.4,23.9
MIA,2023-12-10,1.4,0.0,23.7,24.2
MIA,2023-12-11,0.1,0.0,19.1,19.6
MIA,2023-12-12,0.0,0.0,22.1,19.6
MIA,2023-12-13,147.7,0.0,27.8,22.2
MIA,2023-12-14,17.9,0.0,35.8,22.0
MIA,2023-12-15,5.4,0.0,34.6,21.8
MIA,2023-12-16,46.8,0.0,34.1,21.4
MIA,2023-12-17,31.3,0.0,37.2,22.3
MIA,2023-12-18,0.0,0.0,19.8,17.6
MIA,2023-12-19,0.0,0.0,19.4,15.3
MIA,2023-12-20,0.0,0.0,25.3,18.5
MIA,2023-12-21,0.0,0.0,24.6,20.2
MIA,2023-12-22,0.0,0.0,18.3,19.2
MIA,2023-12-23,0.6,0.0,20.6,20.3
MIA,2023-12-24,1.8,0.0,24.9,21.8
MIA,2023-12-25,10.9,0.0,25.8,22.5
MIA,2023-12-26,8.6,0.0,22.1,22.8
MIA,2023-12-27,0.0,0.0,11.5,20.3
MIA,2023-12-28,19.2,0.0,21.6,16.5
MIA,2023-12-29,0.0,0.0,18.8,17.2
MIA,2023-12-30,0.0,0.0,11.9,14.8
MIA,2023-12-31,0.0,0.0,10.1,14.7
MIA,2024-01-01,0.0,0.0,10.7,14.8
MIA,2024-01-02,0.0,0.0,13.4,15.3
MIA,2024-01-03,0.0,0.0,19.1,16.0
MIA,2024-01-04,0.8,0.0,20.9,19.4
MIA,2024-01-05,0.9,0.0,20.9,20.1
MIA,2024-01-06,12.7,0.0,26.9,23.4
MIA,2024-01-07,5.0,0.0,22.3,20.2
MIA,2024-01-08,0.0,0.0,26.0,20.9
MIA,2024-01-09,0.4,0.0,39.0,24.3
MIA,2024-01-10,3.3,0.0,25.2,20.2
MIA,2024-01-11,26.0,0.0,14.2,19.7
MIA,2024-01-12,4.6,0.0,24.5,24.2
MIA,2024-01-13,1.9,0.0,28.6,23.7
MIA,2024-01-14,3.3,0.0,19.6,20.4
MIA,2024-01-15,0.6,0.0,20.9,23.6
MIA,2024-01-16,10.0,0.0,22.1,23.6
MIA,2024-01-17,0.1,0.0,19.2,20.2
MIA,2024-01-18,3.3,0.0,18.9,22.8
MIA,2024-01-19,9.5,0.0,20.4,21.6
MIA,2024-01-20,0.1,0.0,19.8,18.5
MIA,2024-01-21,0.0,0.0,27.3,15.3
MIA,2024-01-22,0.0,0.0,29.2,20.2
MIA,2024-01-23,0.0,0.0,28.4,22.8
MIA,2024-01-24,0.1,0.0,25.6,23.7
MIA,2024-01-25,0.0,0.0,22.7,23.6
MIA,2024-01-26,0.0,0.0,16.1,23.5
MIA,2024-01-27,1.0,0.0,26.4,23.5
MIA,2024-01-28,1.0,0.0,24.4,23.2
MIA,2024-01-29,0.0,0.0,23.4,14.7
MIA,2024-01-30,0.0,0.0,13.0,15.0
MIA,2024-01-31,0.0,0.0,19.5,15.7
MIA,2024-02-01,0.0,0.0,13.7,16.5
MIA,2024-02-02,0.0,0.0,9.5,18.3
MIA,2024-02-03,0.1,0.0,15.3,18.0
MIA,2024-02-04,9.1,0.0,26.1,20.4
MIA,2024-02-05,5.3,0.0,18.1,16.3
MIA,2024-02-06,0.1,0.0,28.8,15.8
MIA,2024-02-07,0.0,0.0,23.7,17.0
MIA,2024-02-08,0.0,0.0,18.4,18.2
MIA,2024-02-09,0.0,0.0,19.0,20.2
MIA,2024-02-10,0.2,0.0,19.3,21.6
MIA,2024-02-11,1.2,0.0,25.1,22.9
MIA,2024-02-12,0.2,0.0,29.3,24.1
MIA,2024-02-13,1.1,0.0,17.9,22.5
MIA,2024-02-14,0.0,0.0,17.6,18.9
MIA,2024-02-15,0.0,0.0,17.1,20.4
MIA,2024-02-16,0.0,0.0,20.0,21.2
MIA,2024-02-17,4.2,0.0,21.4,22.5
MIA,2024-02-18,47.9,0.0,14.3,20.8
MIA,2024-02-19,11.0,0.0,25.5,17.7
MIA,2024-02-20,0.0,0.0,14.9,14.7
MIA,2024-02-21,0.0,0.0,18.2,15.0
MIA,2024-02-22,0.0,0.0,12.2,16.3
MIA,2024-02-23,0.0,0.0,23.2,18.5
MIA,2024-02-24,1.8,0.0,20.9,19.8
MIA,2024-02-25,0.0,0.0,15.3,16.0
MIA,2024-02-26,0.0,0.0,15.4,16.5
MIA,2024-02-27,0.0,0.0,19.7,19.1
MIA,2024-02-28,0.0,0.0,20.8,22.3
MIA,2024-02-29,0.1,0.0,15.7,22.0
MIA,2024-03-01,1.3,0.0,26.0,22.7
MIA,2024-03-02,0.5,0.0,20.1,23.3
MIA,2024-03-03,25.5,0.0,17.8,22.7
MIA,2024-03-04,4.0,0.0,12.9,22.3
MIA,2024-03-05,0.0,0.0,16.2,23.5
MIA,2024-03-06,12.5,0.0,19.5,22.6
MIA,2024-03-07,17.0,0.0,19.4,22.4
MIA,2024-03-08,0.7,0.0,17.3,24.0
MIA,2024-03-09,2.9,0.0,25.2,25.3
MIA,2024-03-10,0.5,0.0,24.5,25.3
MIA,2024-03-11,0.0,0.0,18.7,21.0
MIA,2024-03-12,0.0,0.0,14.7,21.6
MIA,2024-03-13,0.0,0.0,14.7,23.0
MIA,2024-03-14,0.0,0.0,17.0,23.4
MIA,2024-03-15,0.0,0.0,20.2,24.1
MIA,2024-03-16,0.6,0.0,20.8,24.8
MIA,2024-03-17,1.3,0.0,19.1,25.4
MIA,2024-03-18,1.1,0.0,23.1,26.3
MIA,2024-03-19,0.2,0.0,21.6,21.9
MIA,2024-03-20,0.0,0.0,16.1,20.6
MIA,2024-03-21,0.7,0.0,20.5,22.7
MIA,2024-03-22,48.4,0.0,25.4,21.9
MIA,2024-03-23,78.0,0.0,26.6,22.0
MIA,2024-03-24,1.1,0.0,20.9,20.7
MIA,2024-03-25,0.1,0.0,26.3,22.9
MIA,2024-03-26,0.0,0.0,23.0,23.6
MIA,2024-03-27,1.1,0.0,20.3,24.3
MIA,2024-03-28,3.7,0.0,35.5,25.1
MIA,2024-03-29,0.1,0.0,21.7,20.5
MIA,2024-03-30,0.0,0.0,19.1,20.3
MIA,2024-03-31,0.0,0.0,15.8,20.7
MIA,2024-04-01,0.0,0.0,16.4,22.8
MIA,2024-04-02,0.1,0.0,19.4,24.1
MIA,2024-04-03,0.9,0.0,32.2,26.5
MIA,2024-04-04,5.9,0.0,21.7,23.6
MIA,2024-04-05,0.0,0.0,15.6,20.5
MIA,2024-04-06,0.0,0.0,16.7,20.6
MIA,2024-04-07,0.0,0.0,19.8,21.7
MIA,2024-04-08,0.0,0.0,24.7,22.2
MIA,2024-04-09,0.1,0.0,25.9,23.5
MIA,2024-04-10,0.3,0.0,23.7,24.6
MIA,2024-04-11,1.5,0.0,32.8,26.5
MIA,2024-04-12,0.1,0.0,17.8,23.7
MIA,2024-04-13,0.0,0.0,22.5,21.4
MIA,2024-04-14,0.0,0.0,20.2,21.3
MIA,2024-04-15,0.0,0.0,18.5,22.0
MIA,2024-04-16,0.0,0.0,27.2,23.6
MIA,2024-04-17,0.0,0.0,22.8,24.1
MIA,2024-04-18,0.0,0.0,15.9,24.3
MIA,2024-04-19,0.0,0.0,17.4,24.3
MIA,2024-04-20,0.0,0.0,17.6,24.9
MIA,2024-04-21,0.0,0.0,21.5,25.5
MIA,2024-04-22,7.5,0.0,19.9,23.7
MIA,2024-04-23,0.2,0.0,22.5,22.3
MIA,2024-04-24,0.0,0.0,20.1,22.2
MIA,2024-04-25,0.0,0.0,17.7,22.8
MIA,2024-04-26,0.0,0.0,22.3,23.3
MIA,2024-04-27,0.6,0.0,30.6,24.6
MIA,2024-04-28,0.5,0.0,27.3,23.9
MIA,2024-04-29,0.3,0.0,22.5,24.7
MIA,2024-04-30,14.2,0.0,19.1,23.9
MIA,2024-05-01,3.7,0.0,13.7,24.2
MIA,2024-05-02,1.8,0.0,18.6,24.7
MIA,2024-05-03,0.5,0.0,19.9,25.2
MIA,2024-05-04,2.0,0.0,19.1,25.2
MIA,2024-05-05,0.2,0.0,21.5,25.7
MIA,2024-05-06,0.2,0.0,21.5,25.7
MIA,2024-05-07,1.2,0.0,14.7,26.2
MIA,2024-05-08,0.1,0.0,18.7,26.7
MIA,2024-05-09,0.0,0.0,19.9,27.0
MIA,2024-05-10,0.0,0.0,26.6,28.0
MIA,2024-05-11,1.1,0.0,20.3,28.3
MIA,2024-05-12,0.7,0.0,22.3,27.6
MIA,2024-05-13,0.3,0.0,23.0,27.8
MIA,2024-05-14,1.8,0.0,24.1,28.9
MIA,2024-05-15,1.5,0.0,25.7,29.8
MIA,2024-05-16,1.1,0.0,25.7,29.6
MIA,2024-05-17,3.6,0.0,17.8,28.1
MIA,2024-05-18,4.2,0.0,21.4,29.6
MIA,2024-05-19,2.3,0.0,18.4,27.9
MIA,2024-05-20,7.8,0.0,22.0,27.4
MIA,2024-05-21,1.8,0.0,13.0,26.4
MIA,2024-05-22,1.6,0.0,16.6,26.4
MIA,2024-05-23,0.2,0.0,20.5,27.1
MIA,2024-05-24,0.0,0.0,18.4,27.5
MIA,2024-05-25,1.4,0.0,16.5,27.8
MIA,2024-05-26,0.1,0.0,24.6,29.1
MIA,2024-05-27,1.2,0.0,16.3,29.0
MIA,2024-05-28,1.3,0.0,14.1,29.4
MIA,2024-05-29,14.2,0.0,23.1,28.3
MIA,2024-05-30,4.4,0.0,13.5,27.4
MIA,2024-05-31,1.8,0.0,25.4,27.7
MIA,2024-06-01,1.0,0.0,25.7,27.4
MIA,2024-06-02,9.0,0.0,18.4,25.8
MIA,2024-06-03,0.5,0.0,18.0,26.7
MIA,2024-06-04,0.0,0.0,15.5,26.8
MIA,2024-06-05,3.0,0.0,15.5,27.5
MIA,2024-06-06,3.0,0.0,14.0,28.6
MIA,2024-06-07,4.0,0.0,17.8,27.6
MIA,2024-06-08,9.7,0.0,16.2,26.9
MIA,2024-06-09,16.5,0.0,13.0,27.2
MIA,2024-06-10,3.9,0.0,17.8,27.6
MIA,2024-06-11,62.4,0.0,20.6,25.8
MIA,2024-06-12,84.2,0.0,28.4,25.8
MIA,2024-06-13,40.3,0.0,19.8,26.6
MIA,2024-06-14,30.9,0.0,16.9,26.0
MIA,2024-06-15,16.4,0.0,10.0,25.0
MIA,2024-06-16,1.3,0.0,15.1,26.6
MIA,2024-06-17,1.7,0.0,27.1,27.1
MIA,2024-06-18,0.0,0.0,21.6,27.7
MIA,2024-06-19,4.3,0.0,25.2,27.3
MIA,2024-06-20,1.2,0.0,23.3,26.8
MIA,2024-06-21,6.4,0.0,17.3,27.0
MIA,2024-06-22,13.8,0.0,16.7,26.3
MIA,2024-06-23,4.7,0.0,19.1,26.3
MIA,2024-06-24,20.1,0.0,17.9,26.1
MIA,2024-06-25,22.5,0.0,17.2,25.8
MIA,2024-06-26,4.6,0.0,16.1,26.1
MIA,2024-06-27,5.3,0.0,16.4,27.0
MIA,2024-06-28,9.7,0.0,9.2,27.6
MIA,2024-06-29,3.7,0.0,17.2,27.3
MIA,2024-06-30,8.5,0.0,13.9,26.5
MIA,2024-07-01,14.0,0.0,14.5,26.4
MIA,2024-07-02,5.1,0.0,15.6,28.0
MIA,2024-07-03,6.1,0.0,14.8,28.3
MIA,2024-07-04,1.1,0.0,18.2,28.5
MIA,2024-07-05,7.3,0.0,10.9,27.8
MIA,2024-07-06,2.4,0.0,9.5,27.7
MIA,2024-07-07,1.7,0.0,12.4,28.6
MIA,2024-07-08,1.1,0.0,14.8,29.0
MIA,2024-07-09,1.1,0.0,14.6,28.8
MIA,2024-07-10,8.6,0.0,10.9,28.2
MIA,2024-07-11,9.0,0.0,15.9,27.1
MIA,2024-07-12,9.4,0.0,14.5,26.9
MIA,2024-07-13,7.5,0.0,15.1,26.8
MIA,2024-07-14,4.9,0.0,18.6,28.3
MIA,2024-07-15,7.8,0.0,16.3,27.6
MIA,2024-07-16,0.5,0.0,14.1,28.3
MIA,2024-07-17,1.4,0.0,13.7,28.6
MIA,2024-07-18,5.7,0.0,15.2,29.0
MIA,2024-07-19,2.4,0.0,15.6,28.6
MIA,2024-07-20,4.3,0.0,18.4,28.9
MIA,2024-07-21,10.4,0.0,19.1,28.4
MIA,2024-07-22,10.0,0.0,11.7,27.0
MIA,2024-07-23,5.1,0.0,15.6,27.9
MIA,2024-07-24,1.5,0.0,21.0,29.0
MIA,2024-07-25,0.0,0.0,19.1,28.9
MIA,2024-07-26,0.7,0.0,16.4,28.3
MIA,2024-07-27,0.0,0.0,14.3,28.5
MIA,2024-07-28,22.5,0.0,16.6,27.4
MIA,2024-07-29,11.5,0.0,7.0,27.1
MIA,2024-07-30,7.9,0.0,12.0,27.2
MIA,2024-07-31,0.0,0.0,14.5,28.9
MIA,2024-08-01,3.5,0.0,15.3,28.6
MIA,2024-08-02,13.7,0.0,20.5,28.5
MIA,2024-08-03,52.7,0.0,32.1,27.0
MIA,2024-08-04,25.6,0.0,33.0,27.1
MIA,2024-08-05,3.5,0.0,25.2,29.3
MIA,2024-08-06,11.6,0.0,20.2,28.0
MIA,2024-08-07,7.0,0.0,14.0,28.2
MIA,2024-08-08,0.7,0.0,14.8,28.3
MIA,2024-08-09,8.8,0.0,18.8,27.5
MIA,2024-08-10,6.0,0.0,13.8,27.8
MIA,2024-08-11,0.5,0.0,12.0,27.8
MIA,2024-08-12,2.0,0.0,12.5,28.2
MIA,2024-08-13,5.0,0.0,10.1,28.1
MIA,2024-08-14,5.4,0.0,10.0,28.7
MIA,2024-08-15,6.9,0.0,12.4,27.8
MIA,2024-08-16,4.3,0.0,16.5,27.2
MIA,2024-08-17,6.9,0.0,15.6,27.6
MIA,2024-08-18,9.6,0.0,12.1,27.1
MIA,2024-08-19,21.3,0.0,14.5,27.1
MIA,2024-08-20,4.7,0.0,22.2,27.8
MIA,2024-08-21,5.4,0.0,13.2,27.9
MIA,2024-08-22,9.3,0.0,9.4,26.6
MIA,2024-08-23,12.7,0.0,15.3,27.5
MIA,2024-08-24,3.9,0.0,16.8,27.0
MIA,2024-08-25,4.9,0.0,14.3,27.6
MIA,2024-08-26,0.5,0.0,17.4,28.4
MIA,2024-08-27,15.7,0.0,20.9,27.9
MIA,2024-08-28,9.9,0.0,18.8,26.8
MIA,2024-08-29,12.2,0.0,19.8,26.9
MIA,2024-08-30,5.9,0.0,24.7,26.6
MIA,2024-08-31,9.2,0.0,16.6,26.0
MIA,2024-09-01,29.6,0.0,22.4,26.1
MIA,2024-09-02,5.6,0.0,17.3,26.9
MIA,2024-09-03,5.3,0.0,15.6,26.8
MIA,2024-09-04,4.0,0.0,18.4,27.8
MIA,2024-09-05,0.3,0.0,19.0,29.0
MIA,2024-09-06,0.4,0.0,17.8,28.3
MIA,2024-09-07,0.3,0.0,16.6,28.3
MIA,2024-09-08,0.4,0.0,17.6,28.7
MIA,2024-09-09,3.5,0.0,14.2,28.3
MIA,2024-09-10,10.0,0.0,12.8,27.1
MIA,2024-09-11,19.3,0.0,13.5,27.4
MIA,2024-09-12,6.9,0.0,12.3,27.6
MIA,2024-09-13,5.9,0.0,10.9,28.0
MIA,2024-09-14,11.6,0.0,14.2,27.0
MIA,2024-09-15,14.6,0.0,11.6,26.7
MIA,2024-09-16,11.8,0.0,11.3,26.8
MIA,2024-09-17,21.6,0.0,9.8,26.0
MIA,2024-09-18,9.8,0.0,11.5,27.0
MIA,2024-09-19,24.4,0.0,9.7,25.6
MIA,2024-09-20,1.8,0.0,12.3,25.9
MIA,2024-09-21,5.0,0.0,11.9,26.3
MIA,2024-09-22,0.9,0.0,9.7,26.6
MIA,2024-09-23,1.0,0.0,16.8,27.0
MIA,2024-09-24,0.3,0.0,19.3,28.4
MIA,2024-09-25,38.6,0.0,23.3,27.5
MIA,2024-09-26,9.6,0.0,45.4,28.8
MIA,2024-09-27,6.1,0.0,31.6,28.5
MIA,2024-09-28,8.4,0.0,17.8,28.3
MIA,2024-09-29,0.2,0.0,14.5,27.9
MIA,2024-09-30,0.3,0.0,15.6,27.9
MIA,2024-10-01,1.4,0.0,11.7,27.6
MIA,2024-10-02,0.0,0.0,10.0,27.0
MIA,2024-10-03,0.0,0.0,12.5,27.2
MIA,2024-10-04,14.5,0.0,13.7,26.5
MIA,2024-10-05,20.5,0.0,13.1,25.6
MIA,2024-10-06,30.1,0.0,15.5,25.6
MIA,2024-10-07,41.6,0.0,17.4,25.0
MIA,2024-10-08,22.3,0.0,10.3,25.1
MIA,2024-10-09,12.6,0.0,37.2,27.0
MIA,2024-10-10,0.6,0.0,32.4,27.2
MIA,2024-10-11,4.4,0.0,22.5,24.8
MIA,2024-10-12,2.2,0.0,19.2,25.3
MIA,2024-10-13,52.2,0.0,15.2,25.0
MIA,2024-10-14,0.2,0.0,14.1,25.6
MIA,2024-10-15,1.4,0.0,6.6,25.6
MIA,2024-10-16,5.9,0.0,20.7,24.2
MIA,2024-10-17,0.0,0.0,30.7,23.3
MIA,2024-10-18,5.5,0.0,31.1,24.8
MIA,2024-10-19,0.7,0.0,32.6,26.0
MIA,2024-10-20,2.6,0.0,26.1,25.4
MIA,2024-10-21,1.3,0.0,22.9,24.7
MIA,2024-10-22,4.3,0.0,27.7,25.2
MIA,2024-10-23,0.1,0.0,19.4,25.0
MIA,2024-10-24,0.3,0.0,15.1,24.3
MIA,2024-10-25,0.4,0.0,19.0,24.5
MIA,2024-10-26,0.7,0.0,17.1,24.2
MIA,2024-10-27,0.0,0.0,22.1,24.2
MIA,2024-10-28,2.4,0.0,24.3,24.7
MIA,2024-10-29,0.3,0.0,27.1,26.2
MIA,2024-10-30,2.9,0.0,29.4,26.0
MIA,2024-10-31,0.1,0.0,26.8,25.5
MIA,2024-11-01,1.2,0.0,22.2,25.8
MIA,2024-11-02,3.4,0.0,21.5,25.3
MIA,2024-11-03,1.3,0.0,25.1,25.4
MIA,2024-11-04,0.7,0.0,28.1,26.0
MIA,2024-11-05,17.4,0.0,35.0,26.5
MIA,2024-11-06,3.2,0.0,31.3,27.0
MIA,2024-11-07,3.1,0.0,29.0,26.6
MIA,2024-11-08,0.3,0.0,20.2,26.0
MIA,2024-11-09,0.1,0.0,21.1,25.3
MIA,2024-11-10,1.0,0.0,24.8,25.7
MIA,2024-11-11,0.7,0.0,11.8,25.6
MIA,2024-11-12,0.3,0.0,15.9,26.2
MIA,2024-11-13,0.1,0.0,23.3,26.2
MIA,2024-11-14,0.1,0.0,16.7,25.1
MIA,2024-11-15,0.8,0.0,10.3,24.6
MIA,2024-11-16,0.0,0.0,15.4,23.0
MIA,2024-11-17,0.0,0.0,15.8,24.5
MIA,2024-11-18,0.0,0.0,14.4,24.7
MIA,2024-11-19,0.0,0.0,15.4,25.3
MIA,2024-11-20,9.1,0.0,17.3,25.1
MIA,2024-11-21,0.7,0.0,16.5,22.5
MIA,2024-11-22,0.0,0.0,16.4,17.1
MIA,2024-11-23,0.0,0.0,10.1,16.7
MIA,2024-11-24,0.0,0.0,9.1,18.3
MIA,2024-11-25,0.0,0.0,12.9,20.7
MIA,2024-11-26,0.0,0.0,11.8,22.4
MIA,2024-11-27,0.0,0.0,10.0,22.4
MIA,2024-11-28,0.0,0.0,7.9,23.3
MIA,2024-11-29,0.9,0.0,9.4,23.0
MIA,2024-11-30,0.1,0.0,12.0,21.7
MIA,2024-12-01,0.0,0.0,12.9,20.6
MIA,2024-12-02,0.0,0.0,15.0,18.0
MIA,2024-12-03,0.0,0.0,14.9,16.9
MIA,2024-12-04,0.0,0.0,14.7,16.7
MIA,2024-12-05,0.0,0.0,9.3,19.8
MIA,2024-12-06,0.0,0.0,7.1,20.6
MIA,2024-12-07,0.0,0.0,16.3,19.6
MIA,2024-12-08,0.0,0.0,13.3,20.7
MIA,2024-12-09,0.0,0.0,13.9,22.8
MIA,2024-12-10,0.0,0.0,14.4,23.6
MIA,2024-12-11,1.4,0.0,18.1,24.8
MIA,2024-12-12,0.0,0.0,20.9,18.3
MIA,2024-12-13,0.0,0.0,20.7,22.2
MIA,2024-12-14,2.3,0.0,21.3,22.9
MIA,2024-12-15,3.1,0.0,22.0,23.1
MIA,2024-12-16,5.6,0.0,19.0,23.2
MIA,2024-12-17,5.6,0.0,16.4,23.5
MIA,2024-12-18,2.3,0.0,11.7,23.5
MIA,2024-12-19,0.1,0.0,7.6,22.7
MIA,2024-12-20,0.0,0.0,12.3,21.6
MIA,2024-12-21,0.0,0.0,12.1,16.1
MIA,2024-12-22,0.0,0.0,12.3,17.3
MIA,2024-12-23,0.0,0.0,14.1,20.0
MIA,2024-12-24,0.1,0.0,11.3,20.8
MIA,2024-12-25,0.2,0.0,13.4,21.7
MIA,2024-12-26,0.1,0.0,11.0,23.3
MIA,2024-12-27,1.2,0.0,16.2,23.7
MIA,2024-12-28,2.0,0.0,19.5,23.5
MIA,2024-12-29,60.9,0.0,20.9,22.0
MIA,2024-12-30,6.7,0.0,11.6,22.7
MIA,2024-12-31,1.9,0.0,11.3,22.7
MIA,2025-01-01,0.0,0.0,9.9,21.9
MIA,2025-01-02,0.0,0.0,11.2,19.4
MIA,2025-01-03,0.0,0.0,13.4,18.8
MIA,2025-01-04,0.0,0.0,13.5,16.0
MIA,2025-01-05,0.0,0.0,14.8,17.9
MIA,2025-01-06,0.0,0.0,17.4,22.6
MIA,2025-01-07,0.0,0.0,18.2,16.6
MIA,2025-01-08,0.0,0.0,12.0,14.5
MIA,2025-01-09,0.0,0.0,14.0,13.5
MIA,2025-01-10,0.0,0.0,14.6,16.8
MIA,2025-01-11,2.2,0.0,25.5,20.3
MIA,2025-01-12,0.0,0.0,9.7,17.9
MIA,2025-01-13,0.0,0.0,12.5,21.3
MIA,2025-01-14,0.4,0.0,10.9,21.2
MIA,2025-01-15,0.0,0.0,16.0,18.7
MIA,2025-01-16,1.1,0.0,13.3,18.8
MIA,2025-01-17,10.9,0.0,14.9,20.2
MIA,2025-01-18,3.8,0.0,19.9,22.9
MIA,2025-01-19,3.4,0.0,20.0,23.1
MIA,2025-01-20,21.1,0.0,14.1,17.9
MIA,2025-01-21,0.9,0.0,12.1,21.6
MIA,2025-01-22,3.7,0.0,18.4,16.3
MIA,2025-01-23,0.5,0.0,13.5,15.3
MIA,2025-01-24,0.4,0.0,14.3,11.8
MIA,2025-01-25,0.0,0.0,16.1,14.2
MIA,2025-01-26,0.0,0.0,14.0,18.1
MIA,2025-01-27,0.0,0.0,9.3,19.6
MIA,2025-01-28,0.0,0.0,8.7,18.6
MIA,2025-01-29,0.0,0.0,8.1,19.5
MIA,2025-01-30,0.0,0.0,12.6,20.1
MIA,2025-01-31,0.0,0.0,17.9,23.0
MIA,2025-02-01,0.6,0.0,11.2,24.0
MIA,2025-02-02,3.0,0.0,14.1,23.2
MIA,2025-02-03,4.5,0.0,9.6,23.0
MIA,2025-02-04,0.0,0.0,11.3,23.5
MIA,2025-02-05,0.0,0.0,11.1,23.0
MIA,2025-02-06,0.0,0.0,11.7,23.6
MIA,2025-02-07,0.0,0.0,12.0,23.5
MIA,2025-02-08,0.0,0.0,11.5,23.6
MIA,2025-02-09,0.3,0.0,10.0,24.1
MIA,2025-02-10,0.1,0.0,11.8,23.9
MIA,2025-02-11,0.0,0.0,15.4,24.0
MIA,2025-02-12,0.6,0.0,19.9,24.6
MIA,2025-02-13,0.7,0.0,16.0,25.4
MIA,2025-02-14,0.0,0.0,12.5,24.7
MIA,2025-02-15,0.0,0.0,17.9,24.9
MIA,2025-02-16,0.1,0.0,16.6,25.9
MIA,2025-02-17,0.5,0.0,13.3,23.6
MIA,2025-02-18,3.5,0.0,9.6,22.8
MIA,2025-02-19,0.2,0.0,15.0,24.1
MIA,2025-02-20,0.0,0.0,14.6,22.5
MIA,2025-02-21,0.0,0.0,17.3,18.7
MIA,2025-02-22,0.0,0.0,16.7,20.6
MIA,2025-02-23,0.3,0.0,10.6,20.7
MIA,2025-02-24,10.3,0.0,19.5,21.2
MIA,2025-02-25,1.7,0.0,16.1,21.7
MIA,2025-02-26,0.0,0.0,11.1,19.8
MIA,2025-02-27,0.4,0.0,9.1,21.8
MIA,2025-02-28,0.0,0.0,10.3,21.0
MIA,2025-03-01,0.1,0.0,10.5,22.1
MIA,2025-03-02,0.5,0.0,11.1,21.7
MIA,2025-03-03,0.0,0.0,14.1,22.0
MIA,2025-03-04,2.2,0.0,22.5,23.0
MIA,2025-03-05,2.9,0.0,21.3,24.6
MIA,2025-03-06,0.0,0.0,18.2,20.4
MIA,2025-03-07,0.0,0.0,10.2,17.8
MIA,2025-03-08,0.0,0.0,10.4,22.7
MIA,2025-03-09,0.0,0.0,11.4,24.5
MIA,2025-03-10,2.0,0.0,28.1,24.3
MIA,2025-03-11,0.0,0.0,16.1,19.4
MIA,2025-03-12,0.0,0.0,12.2,20.0
MIA,2025-03-13,0.2,0.0,13.9,21.2
MIA,2025-03-14,2.3,0.0,11.5,22.9
MIA,2025-03-15,2.0,0.0,21.0,24.4
MIA,2025-03-16,2.2,0.0,24.0,25.9
MIA,2025-03-17,2.2,0.0,21.7,23.1
MIA,2025-03-18,0.0,0.0,15.4,18.8
MIA,2025-03-19,0.0,0.0,11.8,20.6
MIA,2025-03-20,0.0,0.0,18.4,22.1
MIA,2025-03-21,0.0,0.0,17.5,19.7
MIA,2025-03-22,0.0,0.0,13.6,19.9
MIA,2025-03-23,0.0,0.0,13.4,21.8
MIA,2025-03-24,0.1,0.0,13.9,24.9
MIA,2025-03-25,8.5,0.0,8.5,23.4
MIA,2025-03-26,1.7,0.0,10.1,22.1
MIA,2025-03-27,0.0,0.0,17.4,23.0
MIA,2025-03-28,1.3,0.0,24.1,23.5
MIA,2025-03-29,2.5,0.0,21.3,23.9
MIA,2025-03-30,6.1,0.0,17.4,23.6
MIA,2025-03-31,12.8,0.0,13.6,23.8
MIA,2025-04-01,0.8,0.0,11.1,24.3
MIA,2025-04-02,0.3,0.0,18.3,25.6
MIA,2025-04-03,1.1,0.0,21.8,26.1
MIA,2025-04-04,0.8,0.0,21.1,25.8
MIA,2025-04-05,0.2,0.0,21.0,26.3
MIA,2025-04-06,0.3,0.0,17.0,25.9
MIA,2025-04-07,0.8,0.0,17.7,26.1
MIA,2025-04-08,14.3,0.0,14.6,24.1
MIA,2025-04-09,1.0,0.0,15.3,21.5
MIA,2025-04-10,1.6,0.0,12.5,21.5
MIA,2025-04-11,1.1,0.0,9.5,22.7
MIA,2025-04-12,0.0,0.0,12.8,22.5
MIA,2025-04-13,0.0,0.0,13.1,21.9
MIA,2025-04-14,0.0,0.0,12.3,23.2
MIA,2025-04-15,0.0,0.0,15.3,23.9
MIA,2025-04-16,0.0,0.0,13.5,23.5
MIA,2025-04-17,0.0,0.0,13.3,24.1
MIA,2025-04-18,0.0,0.0,19.3,24.7
MIA,2025-04-19,0.0,0.0,22.4,25.3
MIA,2025-04-20,0.0,0.0,21.3,25.7
MIA,2025-04-21,0.0,0.0,15.5,25.3
MIA,2025-04-22,0.0,0.0,14.9,25.2
MIA,2025-04-23,0.0,0.0,15.7,25.7
MIA,2025-04-24,0.4,0.0,17.8,25.9
MIA,2025-04-25,0.4,0.0,17.2,25.7
MIA,2025-04-26,0.0,0.0,15.0,25.9
MIA,2025-04-27,0.0,0.0,12.6,25.4
MIA,2025-04-28,0.0,0.0,15.4,25.5
MIA,2025-04-29,2.7,0.0,17.3,25.1
MIA,2025-04-30,0.2,0.0,18.6,24.9
MIA,2025-05-01,0.2,0.0,15.7,25.4
MIA,2025-05-02,0.0,0.0,13.9,25.5
MIA,2025-05-03,4.5,0.0,14.8,25.5
MIA,2025-05-04,8.8,0.0,14.5,25.7
MIA,2025-05-05,11.6,0.0,10.1,25.5
MIA,2025-05-06,10.4,0.0,13.9,25.7
MIA,2025-05-07,0.0,0.0,12.9,26.2
MIA,2025-05-08,0.0,0.0,12.3,26.6
MIA,2025-05-09,0.0,0.0,14.7,27.0
MIA,2025-05-10,0.0,0.0,17.4,27.8
MIA,2025-05-11,0.0,0.0,20.1,28.1
MIA,2025-05-12,87.2,0.0,17.6,24.1
MIA,2025-05-13,7.4,0.0,13.2,24.9
MIA,2025-05-14,0.0,0.0,12.0,24.8
MIA,2025-05-15,0.0,0.0,11.1,25.7
MIA,2025-05-16,0.0,0.0,8.6,26.5
MIA,2025-05-17,0.0,0.0,12.1,27.5
MIA,2025-05-18,0.0,0.0,12.1,28.0
MIA,2025-05-19,0.0,0.0,13.8,28.2
MIA,2025-05-20,0.0,0.0,15.5,28.5
MIA,2025-05-21,1.0,0.0,11.5,28.7
MIA,2025-05-22,4.0,0.0,12.2,28.5
MIA,2025-05-23,9.8,0.0,9.9,27.4
MIA,2025-05-24,9.4,0.0,11.3,27.9
MIA,2025-05-25,0.3,0.0,13.0,28.2
MIA,2025-05-26,2.3,0.0,13.2,29.1
MIA,2025-05-27,1.0,0.0,13.9,28.6
MIA,2025-05-28,3.5,0.0,11.9,28.9
MIA,2025-05-29,0.1,0.0,13.3,29.2
MIA,2025-05-30,0.6,0.0,10.9,29.4
MIA,2025-05-31,4.0,0.0,13.0,28.3
MIA,2025-06-01,8.1,0.0,9.3,26.7
MIA,2025-06-02,7.3,0.0,14.6,25.3
MIA,2025-06-03,46.5,0.0,16.5,23.7
MIA,2025-06-04,26.9,0.0,14.2,25.2
MIA,2025-06-05,0.0,0.0,15.2,27.5
MIA,2025-06-06,0.3,0.0,10.2,27.5
MIA,2025-06-07,0.1,0.0,11.2,27.0
MIA,2025-06-08,0.3,0.0,10.3,27.4
MIA,2025-06-09,0.1,0.0,12.8,28.4
MIA,2025-06-10,7.0,0.0,16.7,27.2
MIA,2025-06-11,8.1,0.0,13.9,27.0
MIA,2025-06-12,5.5,0.0,16.3,27.4
MIA,2025-06-13,0.2,0.0,15.0,28.5
MIA,2025-06-14,1.3,0.0,14.0,28.6
MIA,2025-06-15,1.2,0.0,14.9,28.5
MIA,2025-06-16,0.0,0.0,13.8,28.6
MIA,2025-06-17,0.1,0.0,15.7,28.9
MIA,2025-06-18,1.6,0.0,13.5,28.1
MIA,2025-06-19,5.9,0.0,11.1,27.7
MIA,2025-06-20,1.5,0.0,11.2,27.6
MIA,2025-06-21,1.6,0.0,11.9,28.3
MIA,2025-06-22,8.0,0.0,14.3,27.4
MIA,2025-06-23,0.3,0.0,17.5,28.4
MIA,2025-06-24,2.0,0.0,15.0,28.0
MIA,2025-06-25,16.5,0.0,18.3,26.0
MIA,2025-06-26,24.4,0.0,11.1,25.1
MIA,2025-06-27,4.9,0.0,14.6,26.5
MIA,2025-06-28,0.9,0.0,13.3,27.4
MIA,2025-06-29,2.3,0.0,12.8,26.7
MIA,2025-06-30,14.7,0.0,12.8,26.0
MIA,2025-07-01,18.5,0.0,11.3,25.8
MIA,2025-07-02,15.3,0.0,9.2,25.9
MIA,2025-07-03,13.9,0.0,13.0,26.2
MIA,2025-07-04,7.9,0.0,11.5,26.1
MIA,2025-07-05,21.8,0.0,16.2,26.0
MIA,2025-07-06,4.4,0.0,12.4,26.5
MIA,2025-07-07,1.2,0.0,8.4,27.4
MIA,2025-07-08,4.0,0.0,13.4,27.9
MIA,2025-07-09,5.0,0.0,9.7,27.7
MIA,2025-07-10,7.5,0.0,16.1,26.8
MIA,2025-07-11,17.4,0.0,11.7,26.6
MIA,2025-07-12,9.1,0.0,5.6,27.5
MIA,2025-07-13,9.5,0.0,8.0,27.7
MIA,2025-07-14,14.9,0.0,13.2,25.8
MIA,2025-07-15,7.0,0.0,12.5,26.3
MIA,2025-07-16,4.1,0.0,15.3,27.4
MIA,2025-07-17,15.0,0.0,13.0,26.7
MIA,2025-07-18,0.0,0.0,13.7,28.8
MIA,2025-07-19,0.0,0.0,12.7,28.8
MIA,2025-07-20,0.3,0.0,10.9,29.1
MIA,2025-07-21,0.4,0.0,10.9,29.0
MIA,2025-07-22,7.4,0.0,8.2,27.5
MIA,2025-07-23,10.0,0.0,9.4,27.1
MIA,2025-07-24,4.8,0.0,15.0,28.0
MIA,2025-07-25,0.0,0.0,15.3,28.9
MIA,2025-07-26,0.0,0.0,11.7,28.9
MIA,2025-07-27,0.0,0.0,13.6,29.4
MIA,2025-07-28,0.3,0.0,11.3,29.6
MIA,2025-07-29,3.5,0.0,9.8,29.2
MIA,2025-07-30,0.2,0.0,10.6,29.9
MIA,2025-07-31,0.1,0.0,11.6,30.0
MIA,2025-08-01,0.3,0.0,13.5,30.1
MIA,2025-08-02,0.0,0.0,12.3,29.6
MIA,2025-08-03,13.8,0.0,11.2,29.0
MIA,2025-08-04,9.0,0.0,11.1,28.8
MIA,2025-08-05,2.3,0.0,7.8,28.9
MIA,2025-08-06,6.2,0.0,9.8,28.7
MIA,2025-08-07,20.5,0.0,10.5,26.7
MIA,2025-08-08,19.5,0.0,11.5,26.9
MIA,2025-08-09,12.3,0.0,12.6,25.8
MIA,2025-08-10,15.2,0.0,12.5,26.9
MIA,2025-08-11,0.3,0.0,14.7,28.1
MIA,2025-08-12,1.3,0.0,13.5,28.8
MIA,2025-08-13,3.8,0.0,9.3,28.8
MIA,2025-08-14,3.0,0.0,9.7,29.0
MIA,2025-08-15,0.0,0.0,12.2,29.3
MIA,2025-08-16,2.9,0.0,8.1,29.3
MIA,2025-08-17,5.3,0.0,9.9,28.6
MIA,2025-08-18,0.6,0.0,11.6,28.9
MIA,2025-08-19,9.2,0.0,8.8,28.3
MIA,2025-08-20,1.9,0.0,14.2,28.2
MIA,2025-08-21,3.7,0.0,11.9,28.5
MIA,2025-08-22,4.9,0.0,9.5,27.9
MIA,2025-08-23,10.8,0.0,12.9,26.6
MIA,2025-08-24,16.3,0.0,12.3,26.6
MIA,2025-08-25,0.9,0.0,8.3,27.7
MIA,2025-08-26,4.1,0.0,7.9,28.0
MIA,2025-08-27,8.4,0.0,8.9,27.5
MIA,2025-08-28,8.8,0.0,9.6,28.3
MIA,2025-08-29,15.1,0.0,10.5,27.4
MIA,2025-08-30,8.3,0.0,13.8,27.1
MIA,2025-08-31,11.4,0.0,9.2,27.1
MIA,2025-09-01,2.7,0.0,15.6,27.0
MIA,2025-09-02,0.6,0.0,10.7,27.7
MIA,2025-09-03,28.2,0.0,12.4,26.3
MIA,2025-09-04,15.0,0.0,12.9,26.1
MIA,2025-09-05,7.6,0.0,8.4,25.9
MIA,2025-09-06,8.2,0.0,8.6,26.4
MIA,2025-09-07,10.5,0.0,8.7,26.8
MIA,2025-09-08,17.0,0.0,8.7,26.7
MIA,2025-09-09,10.9,0.0,9.5,25.8
MIA,2025-09-10,4.9,0.0,11.4,26.7
MIA,2025-09-11,29.9,0.0,9.7,26.2
MIA,2025-09-12,11.5,0.0,8.5,25.6
MIA,2025-09-13,9.4,0.0,9.9,25.1
MIA,2025-09-14,2.2,0.0,7.7,25.5
MIA,2025-09-15,10.7,0.0,10.0,25.7
MIA,2025-09-16,6.2,0.0,11.1,26.1
MIA,2025-09-17,9.2,0.0,11.7,25.4
MIA,2025-09-18,21.6,0.0,12.2,24.8
MIA,2025-09-19,4.1,0.0,9.3,25.8
MIA,2025-09-20,5.5,0.0,13.7,26.2
MIA,2025-09-21,6.4,0.0,11.4,26.3
MIA,2025-09-22,12.5,0.0,7.7,26.4
MIA,2025-09-23,16.0,0.0,7.4,25.9
MIA,2025-09-24,9.5,0.0,7.7,26.4
MIA,2025-09-25,11.3,0.0,10.3,26.4
MIA,2025-09-26,4.3,0.0,9.2,27.4
MIA,2025-09-27,4.3,0.0,10.7,27.1
MIA,2025-09-28,7.0,0.0,14.4,26.7
MIA,2025-09-29,0.9,0.0,16.6,26.6
MIA,2025-09-30,0.0,0.0,19.9,26.9
MIA,2025-10-01,9.5,0.0,8.5,26.6
MIA,2025-10-02,14.4,0.0,15.8,25.8
MIA,2025-10-03,12.6,0.0,15.6,25.6
MIA,2025-10-04,2.0,0.0,13.7,26.2
MIA,2025-10-05,13.9,0.0,9.2,26.2
MIA,2025-10-06,18.0,0.0,10.1,25.4
MIA,2025-10-07,16.1,0.0,15.0,25.9
MIA,2025-10-08,3.5,0.0,14.4,26.8
MIA,2025-10-09,6.0,0.0,9.3,25.9
MIA,2025-10-10,21.1,0.0,10.1,24.5
MIA,2025-10-11,10.5,0.0,9.8,24.8
MIA,2025-10-12,3.1,0.0,10.4,24.1
MIA,2025-10-13,0.9,0.0,10.6,25.3
MIA,2025-10-14,0.0,0.0,13.1,25.4
MIA,2025-10-15,0.9,0.0,11.4,24.7
MIA,2025-10-16,0.4,0.0,10.5,24.3
MIA,2025-10-17,0.0,0.0,16.3,24.7
MIA,2025-10-18,0.0,0.0,13.5,24.9
MIA,2025-10-19,9.6,0.0,15.1,25.9
MIA,2025-10-20,2.4,0.0,7.2,25.5
MIA,2025-10-21,0.7,0.0,8.3,26.1
MIA,2025-10-22,0.1,0.0,9.4,26.2
MIA,2025-10-23,0.0,0.0,15.2,26.1
MIA,2025-10-24,0.0,0.0,20.4,27.0
MIA,2025-10-25,5.6,0.0,23.1,25.8
MIA,2025-10-26,15.0,0.0,21.8,25.6
MIA,2025-10-27,1.1,0.0,12.6,26.6
MIA,2025-10-28,3.1,0.0,8.1,25.3
MIA,2025-10-29,3.4,0.0,8.9,25.1
MIA,2025-10-30,0.1,0.0,19.5,22.3
MIA,2025-10-31,0.0,0.0,11.1,19.7
MIA,2025-11-01,0.0,0.0,9.4,20.5
MIA,2025-11-02,2.5,0.0,13.1,23.0
MIA,2025-11-03,1.6,0.0,12.6,24.0
MIA,2025-11-04,0.0,0.0,15.7,23.6
MIA,2025-11-05,0.0,0.0,15.9,24.6
MIA,2025-11-06,0.3,0.0,10.7,24.1
MIA,2025-11-07,0.6,0.0,5.8,25.6
MIA,2025-11-08,0.3,0.0,7.7,25.7
MIA,2025-11-09,1.7,0.0,7.6,25.6
MIA,2025-11-10,0.3,0.0,18.8,23.1
MIA,2025-11-11,0.0,0.0,15.7,14.1
MIA,2025-11-12,0.0,0.0,13.2,17.0
MIA,2025-11-13,0.0,0.0,11.8,19.6
MIA,2025-11-14,0.0,0.0,12.5,20.2
MIA,2025-11-15,0.0,0.0,10.2,21.0
MIA,2025-11-16,0.0,0.0,8.1,21.4
MIA,2025-11-17,0.0,0.0,8.1,21.0
MIA,2025-11-18,0.0,0.0,10.7,22.0
MIA,2025-11-19,0.0,0.0,10.7,24.1
MIA,2025-11-20,0.2,0.0,11.8,23.2
MIA,2025-11-21,0.0,0.0,10.6,23.1
MIA,2025-11-22,0.0,0.0,9.9,22.9
MIA,2025-11-23,0.0,0.0,10.4,23.0
MIA,2025-11-24,0.9,0.0,10.8,23.0
MIA,2025-11-25,0.0,0.0,13.5,24.7
MIA,2025-11-26,3.9,0.0,13.6,24.8
MIA,2025-11-27,6.1,0.0,12.9,23.4
MIA,2025-11-28,0.0,0.0,14.8,18.5
MIA,2025-11-29,1.1,0.0,22.7,21.1
MIA,2025-11-30,2.5,0.0,14.7,22.9
MIA,2025-12-01,0.8,0.0,10.0,23.6
MIA,2025-12-02,0.3,0.0,16.8,25.2
MIA,2025-12-03,0.1,0.0,9.9,23.3
MIA,2025-12-04,0.0,0.0,8.7,21.9
MIA,2025-12-05,0.0,0.0,12.6,23.8
MIA,2025-12-06,0.0,0.0,12.0,23.8
MIA,2025-12-07,1.5,0.0,10.6,23.7
MIA,2025-12-08,13.0,0.0,12.2,24.2
MIA,2025-12-09,4.5,0.0,16.4,21.4
MIA,2025-12-10,0.3,0.0,9.8,22.6
MIA,2025-12-11,0.0,0.0,15.1,17.9
MIA,2025-12-12,0.0,0.0,8.8,18.9
MIA,2025-12-13,1.3,0.0,13.6,22.3
MIA,2025-12-14,8.1,0.0,10.7,22.7
MIA,2025-12-15,2.1,0.0,20.6,20.3
MIA,2025-12-16,0.0,0.0,16.8,20.4
MIA,2025-12-17,0.0,0.0,15.8,21.9
MIA,2025-12-18,1.2,0.0,17.4,23.8
MIA,2025-12-19,0.8,0.0,15.0,24.8
MIA,2025-12-20,0.2,0.0,10.1,22.6
MIA,2025-12-21,0.5,0.0,11.1,22.9
MIA,2025-12-22,0.0,0.0,19.4,23.4
MIA,2025-12-23,0.3,0.0,19.1,23.5
MIA,2025-12-24,0.0,0.0,14.6,21.6
MIA,2025-12-25,0.2,0.0,9.6,21.6
MIA,2025-12-26,0.0,0.0,8.9,20.9
MIA,2025-12-27,0.0,0.0,7.4,20.5
MIA,2025-12-28,0.0,0.0,9.1,20.8
MIA,2025-12-29,0.0,0.0,10.0,21.3
MIA,2025-12-30,0.0,0.0,14.5,18.0
MIA,2025-12-31,0.0,0.0,12.5,12.4
SEA,2023-01-01,0.2,0.0,8.4,4.5
SEA,2023-01-02,0.0,0.0,20.3,3.0
SEA,2023-01-03,1.4,0.14,17.1,4.2
SEA,2023-01-04,1.6,0.0,35.2,5.0
SEA,2023-01-05,2.0,0.0,33.0,9.4
SEA,2023-01-06,4.3,0.0,24.1,7.3
SEA,2023-01-07,6.7,0.0,15.0,6.4
SEA,2023-01-08,6.8,0.0,25.2,6.4
SEA,2023-01-09,7.6,0.0,33.2,7.0
SEA,2023-01-10,0.0,0.0,17.9,7.0
SEA,2023-01-11,1.0,0.0,23.2,8.1
SEA,2023-01-12,19.9,0.0,28.8,7.8
SEA,2023-01-13,11.1,0.0,19.3,8.4
SEA,2023-01-14,4.9,0.0,18.7,8.6
SEA,2023-01-15,12.3,0.0,28.7,7.2
SEA,2023-01-16,0.2,0.0,22.4,5.8
SEA,2023-01-17,3.5,0.0,17.9,5.9
SEA,2023-01-18,13.3,0.0,20.3,5.4
SEA,2023-01-19,0.5,0.0,11.5,2.7
SEA,2023-01-20,0.0,0.0,9.4,2.3
SEA,2023-01-21,6.1,1.68,31.7,1.4
SEA,2023-01-22,1.1,0.0,8.4,3.4
SEA,2023-01-23,0.2,0.0,8.1,2.9
SEA,2023-01-24,0.3,0.0,14.8,4.4
SEA,2023-01-25,0.0,0.0,8.5,5.4
SEA,2023-01-26,0.3,0.0,15.2,4.5
SEA,2023-01-27,2.8,0.0,25.4,6.3
SEA,2023-01-28,1.4,0.0,24.5,4.4
SEA,2023-01-29,0.0,0.0,12.7,-0.3
SEA,2023-01-30,0.0,0.0,7.3,-1.7
SEA,2023-01-31,0.5,0.35,7.9,0.6
SEA,2023-02-01,0.0,0.0,8.9,2.0
SEA,2023-02-02,0.0,0.0,13.2,3.2
SEA,2023-02-03,3.7,0.0,30.9,5.3
SEA,2023-02-04,8.3,0.0,17.4,7.0
SEA,2023-02-05,2.1,0.0,17.4,5.4
SEA,2023-02-06,2.5,0.0,22.2,6.3
SEA,2023-02-07,11.0,0.0,33.6,6.6
SEA,2023-02-08,0.0,0.0,19.5,4.8
SEA,2023-02-09,1.5,0.0,19.5,7.1
SEA,2023-02-10,5.1,0.0,21.1,6.9
SEA,2023-02-11,0.0,0.0,11.8,4.6
SEA,2023-02-12,1.3,0.0,21.8,4.6
SEA,2023-02-13,5.9,1.26,25.4,5.0
SEA,2023-02-14,1.1,0.49,18.8,1.8
SEA,2023-02-15,0.0,0.0,9.3,1.1
SEA,2023-02-16,0.0,0.0,8.7,2.8
SEA,2023-02-17,5.9,0.49,12.0,4.8
SEA,2023-02-18,0.5,0.0,19.6,5.1
SEA,2023-02-19,0.2,0.0,25.0,6.3
SEA,2023-02-20,6.8,0.0,36.7,7.0
SEA,2023-02-21,5.6,1.68,36.2,4.3
SEA,2023-02-22,0.7,0.42,24.4,1.3
SEA,2023-02-23,0.3,0.21,26.7,-3.1
SEA,2023-02-24,0.0,0.0,20.5,-2.2
SEA,2023-02-25,0.1,0.07,10.2,-0.1
SEA,2023-02-26,6.4,3.78,30.5,2.7
SEA,2023-02-27,4.1,2.24,13.3,1.8
SEA,2023-02-28,5.6,3.64,25.5,2.1
SEA,2023-03-01,0.6,0.0,20.3,1.8
SEA,2023-03-02,3.2,0.0,31.3,4.2
SEA,2023-03-03,6.5,2.17,26.2,3.0
SEA,2023-03-04,9.7,3.36,15.6,2.8
SEA,2023-03-05,3.1,0.56,13.0,2.7
SEA,2023-03-06,2.5,0.0,13.9,3.4
SEA,2023-03-07,1.0,0.0,12.9,3.2
SEA,2023-03-08,1.8,0.07,11.8,2.8
SEA,2023-03-09,0.9,0.14,19.5,4.0
SEA,2023-03-10,4.1,0.63,18.0,4.7
SEA,2023-03-11,1.4,0.0,17.7,5.3
SEA,2023-03-12,8.9,0.0,18.1,4.1
SEA,2023-03-13,13.4,0.0,23.3,5.5
SEA,2023-03-14,0.0,0.0,17.9,4.4
SEA,2023-03-15,0.8,0.0,19.0,5.2
SEA,2023-03-16,0.0,0.0,19.8,5.1
SEA,2023-03-17,0.0,0.0,13.5,7.8
SEA,2023-03-18,0.0,0.0,13.4,9.0
SEA,2023-03-19,0.2,0.0,12.7,9.4
SEA,2023-03-20,10.1,0.0,15.8,8.2
SEA,2023-03-21,0.0,0.0,21.4,7.6
SEA,2023-03-22,0.0,0.0,17.4,7.9
SEA,2023-03-23,6.6,0.21,31.4,5.8
SEA,2023-03-24,1.8,0.0,26.3,3.9
SEA,2023-03-25,0.9,0.21,17.0,3.8
SEA,2023-03-26,1.4,0.0,18.7,3.8
SEA,2023-03-27,0.0,0.0,20.6,5.1
SEA,2023-03-28,0.0,0.0,25.8,8.5
SEA,2023-03-29,0.0,0.0,17.1,7.8
SEA,2023-03-30,0.0,0.0,22.7,6.8
SEA,2023-03-31,11.3,0.0,22.2,5.7
SEA,2023-04-01,1.1,0.0,31.1,5.0
SEA,2023-04-02,9.7,3.08,16.4,3.4
SEA,2023-04-03,8.4,2.87,14.9,3.6
SEA,2023-04-04,0.5,0.14,12.6,4.3
SEA,2023-04-05,0.0,0.0,17.2,5.6
SEA,2023-04-06,16.0,0.0,17.4,7.3
SEA,2023-04-07,8.7,0.0,20.0,8.5
SEA,2023-04-08,8.4,0.0,14.5,6.8
SEA,2023-04-09,19.4,0.0,24.5,9.1
SEA,2023-04-10,14.4,0.0,13.5,7.1
SEA,2023-04-11,7.0,0.21,27.1,5.8
SEA,2023-04-12,0.0,0.0,22.1,5.9
SEA,2023-04-13,0.5,0.0,18.4,5.6
SEA,2023-04-14,0.0,0.0,10.1,6.5
SEA,2023-04-15,2.3,0.0,12.1,6.7
SEA,2023-04-16,16.7,0.0,25.3,6.3
SEA,2023-04-17,6.7,1.19,26.7,5.4
SEA,2023-04-18,8.5,2.03,25.6,5.2
SEA,2023-04-19,7.8,1.47,13.0,4.2
SEA,2023-04-20,6.7,0.0,27.9,4.9
SEA,2023-04-21,2.0,0.0,17.1,7.2
SEA,2023-04-22,3.7,0.0,8.4,9.4
SEA,2023-04-23,9.6,0.0,26.0,9.5
SEA,2023-04-24,4.4,0.0,16.6,9.0
SEA,2023-04-25,0.1,0.0,12.1,8.8
SEA,2023-04-26,0.0,0.0,17.0,10.6
SEA,2023-04-27,0.0,0.0,19.9,11.0
SEA,2023-04-28,0.0,0.0,17.3,12.7
SEA,2023-04-29,0.0,0.0,15.0,15.4
SEA,2023-04-30,3.9,0.0,16.9,11.4
SEA,2023-05-01,1.6,0.0,19.1,10.4
SEA,2023-05-02,0.0,0.0,19.9,13.2
SEA,2023-05-03,0.0,0.0,16.6,14.0
SEA,2023-05-04,2.1,0.0,18.8,10.5
SEA,2023-05-05,13.0,0.0,17.5,9.1
SEA,2023-05-06,1.7,0.0,12.0,10.7
SEA,2023-05-07,0.4,0.0,12.0,10.7
SEA,2023-05-08,0.5,0.0,14.9,11.7
SEA,2023-05-09,0.0,0.0,12.5,11.7
SEA,2023-05-10,0.0,0.0,12.5,12.7
SEA,2023-05-11,0.0,0.0,12.0,13.8
SEA,2023-05-12,0.0,0.0,15.5,15.5
SEA,2023-05-13,0.0,0.0,22.0,16.9
SEA,2023-05-14,0.0,0.0,19.1,20.3
SEA,2023-05-15,0.0,0.0,23.5,20.3
SEA,2023-05-16,0.0,0.0,16.4,17.6
SEA,2023-05-17,0.0,0.0,14.2,17.6
SEA,2023-05-18,0.0,0.0,14.2,18.5
SEA,2023-05-19,0.0,0.0,18.9,16.5
SEA,2023-05-20,2.6,0.0,12.0,17.8
SEA,2023-05-21,1.7,0.0,13.6,13.5
SEA,2023-05-22,2.1,0.0,19.1,12.8
SEA,2023-05-23,0.0,0.0,12.4,12.5
SEA,2023-05-24,0.0,0.0,16.1,14.3
SEA,2023-05-25,0.0,0.0,15.9,15.9
SEA,2023-05-26,0.0,0.0,12.2,18.0
SEA,2023-05-27,0.0,0.0,15.3,15.4
SEA,2023-05-28,0.0,0.0,10.8,14.0
SEA,2023-05-29,0.0,0.0,8.3,14.9
SEA,2023-05-30,0.4,0.0,16.1,12.1
SEA,2023-05-31,0.0,0.0,17.6,12.4
SEA,2023-06-01,0.0,0.0,14.8,13.5
SEA,2023-06-02,0.0,0.0,11.7,14.6
SEA,2023-06-03,0.0,0.0,14.7,15.3
SEA,2023-06-04,0.0,0.0,23.8,14.0
SEA,2023-06-05,0.0,0.0,25.0,14.2
SEA,2023-06-06,0.0,0.0,22.0,17.2
SEA,2023-06-07,0.0,0.0,13.8,20.3
SEA,2023-06-08,0.0,0.0,16.7,17.5
SEA,2023-06-09,7.7,0.0,14.7,13.1
SEA,2023-06-10,5.1,0.0,10.5,13.7
SEA,2023-06-11,0.1,0.0,18.4,15.2
SEA,2023-06-12,0.0,0.0,15.6,18.5
SEA,2023-06-13,0.2,0.0,26.0,15.7
SEA,2023-06-14,0.4,0.0,22.6,14.5
SEA,2023-06-15,0.0,0.0,14.8,15.0
SEA,2023-06-16,2.8,0.0,19.8,16.0
SEA,2023-06-17,5.9,0.0,16.0,14.2
SEA,2023-06-18,7.4,0.0,18.9,11.0
SEA,2023-06-19,0.4,0.0,17.6,11.9
SEA,2023-06-20,3.4,0.0,17.1,12.1
SEA,2023-06-21,0.1,0.0,12.5,14.5
SEA,2023-06-22,0.0,0.0,16.4,16.0
SEA,2023-06-23,0.0,0.0,14.7,18.0
SEA,2023-06-24,0.0,0.0,15.9,15.6
SEA,2023-06-25,0.0,0.0,12.1,17.2
SEA,2023-06-26,0.0,0.0,15.1,17.3
SEA,2023-06-27,0.0,0.0,12.2,17.6
SEA,2023-06-28,0.0,0.0,11.3,19.3
SEA,2023-06-29,0.0,0.0,15.0,19.8
SEA,2023-06-30,0.0,0.0,15.6,19.5
SEA,2023-07-01,0.0,0.0,17.3,18.6
SEA,2023-07-02,0.0,0.0,17.4,18.6
SEA,2023-07-03,0.0,0.0,18.6,19.5
SEA,2023-07-04,0.0,0.0,15.9,22.2
SEA,2023-07-05,0.0,0.0,15.2,23.3
SEA,2023-07-06,0.0,0.0,14.6,22.4
SEA,2023-07-07,0.0,0.0,15.6,18.3
SEA,2023-07-08,0.0,0.0,12.7,17.9
SEA,2023-07-09,0.0,0.0,14.3,18.6
SEA,2023-07-10,0.2,0.0,17.6,16.7
SEA,2023-07-11,0.0,0.0,11.2,18.6
SEA,2023-07-12,0.2,0.0,12.5,18.8
SEA,2023-07-13,0.0,0.0,13.1,19.4
SEA,2023-07-14,0.0,0.0,14.0,21.2
SEA,2023-07-15,0.0,0.0,14.0,22.2
SEA,2023-07-16,0.0,0.0,16.5,21.3
SEA,2023-07-17,0.7,0.0,21.3,19.4
SEA,2023-07-18,0.0,0.0,20.0,19.1
SEA,2023-07-19,0.0,0.0,15.7,21.8
SEA,2023-07-20,0.0,0.0,17.4,21.5
SEA,2023-07-21,0.0,0.0,10.8,20.0
SEA,2023-07-22,0.0,0.0,16.3,20.4
SEA,2023-07-23,0.0,0.0,14.4,21.2
SEA,2023-07-24,3.6,0.0,20.0,17.5
SEA,2023-07-25,0.3,0.0,17.5,17.3
SEA,2023-07-26,0.0,0.0,15.2,17.8
SEA,2023-07-27,0.0,0.0,11.7,19.4
SEA,2023-07-28,0.0,0.0,12.3,19.4
SEA,2023-07-29,0.0,0.0,14.8,18.9
SEA,2023-07-30,0.0,0.0,16.2,18.8
SEA,2023-07-31,0.0,0.0,15.5,19.2
SEA,2023-08-01,0.0,0.0,14.8,20.3
SEA,2023-08-02,0.0,0.0,18.0,21.2
SEA,2023-08-03,0.0,0.0,14.9,21.0
SEA,2023-08-04,0.0,0.0,15.8,21.6
SEA,2023-08-05,0.5,0.0,14.5,21.2
SEA,2023-08-06,0.0,0.0,10.7,21.4
SEA,2023-08-07,2.3,0.0,7.5,20.8
SEA,2023-08-08,0.0,0.0,15.1,20.7
SEA,2023-08-09,2.6,0.0,21.6,19.5
SEA,2023-08-10,0.0,0.0,11.4,19.0
SEA,2023-08-11,0.0,0.0,15.0,19.9
SEA,2023-08-12,0.0,0.0,19.3,20.6
SEA,2023-08-13,0.0,0.0,23.0,22.9
SEA,2023-08-14,0.0,0.0,22.0,25.0
SEA,2023-08-15,0.0,0.0,16.2,25.8
SEA,2023-08-16,0.0,0.0,12.5,25.5
SEA,2023-08-17,0.0,0.0,18.5,24.4
SEA,2023-08-18,0.0,0.0,15.5,18.8
SEA,2023-08-19,0.0,0.0,20.2,18.6
SEA,2023-08-20,0.0,0.0,18.3,20.5
SEA,2023-08-21,0.0,0.0,18.4,18.5
SEA,2023-08-22,3.9,0.0,17.6,16.7
SEA,2023-08-23,4.8,0.0,13.9,17.3
SEA,2023-08-24,0.0,0.0,20.9,17.9
SEA,2023-08-25,2.8,0.0,17.6,19.7
SEA,2023-08-26,0.0,0.0,19.5,21.2
SEA,2023-08-27,0.0,0.0,15.6,21.2
SEA,2023-08-28,0.0,0.0,13.5,18.4
SEA,2023-08-29,12.8,0.0,11.4,16.2
SEA,2023-08-30,3.0,0.0,17.3,18.6
SEA,2023-08-31,2.5,0.0,16.2,16.6
SEA,2023-09-01,0.0,0.0,19.4,17.6
SEA,2023-09-02,0.0,0.0,12.0,20.2
SEA,2023-09-03,1.2,0.0,26.2,17.7
SEA,2023-09-04,0.3,0.0,18.2,15.3
SEA,2023-09-05,0.0,0.0,8.9,15.4
SEA,2023-09-06,0.0,0.0,16.3,16.5
SEA,2023-09-07,2.8,0.0,6.8,16.6
SEA,2023-09-08,0.0,0.0,12.0,15.7
SEA,2023-09-09,0.0,0.0,11.0,17.3
SEA,2023-09-10,0.0,0.0,16.4,18.6
SEA,2023-09-11,3.2,0.0,13.7,17.3
SEA,2023-09-12,0.9,0.0,13.9,15.2
SEA,2023-09-13,0.0,0.0,13.4,16.7
SEA,2023-09-14,0.0,0.0,13.4,16.8
SEA,2023-09-15,0.0,0.0,12.8,18.0
SEA,2023-09-16,0.0,0.0,12.3,17.8
SEA,2023-09-17,0.0,0.0,15.8,16.1
SEA,2023-09-18,0.4,0.0,18.2,15.3
SEA,2023-09-19,5.4,0.0,20.5,14.3
SEA,2023-09-20,3.8,0.0,23.0,12.9
SEA,2023-09-21,0.0,0.0,18.7,13.6
SEA,2023-09-22,0.0,0.0,10.8,15.6
SEA,2023-09-23,7.8,0.0,19.6,13.5
SEA,2023-09-24,9.3,0.0,21.9,13.5
SEA,2023-09-25,22.9,0.0,22.5,13.7
SEA,2023-09-26,33.6,0.0,22.2,12.6
SEA,2023-09-27,12.5,0.0,26.4,12.7
SEA,2023-09-28,7.8,0.0,21.5,12.2
SEA,2023-09-29,0.2,0.0,19.1,10.6
SEA,2023-09-30,0.2,0.0,16.5,11.0
SEA,2023-10-01,0.0,0.0,12.1,11.0
SEA,2023-10-02,10.2,0.0,12.7,11.4
SEA,2023-10-03,0.4,0.0,16.2,12.9
SEA,2023-10-04,0.0,0.0,11.2,13.1
SEA,2023-10-05,0.0,0.0,19.1,13.4
SEA,2023-10-06,0.0,0.0,16.0,13.8
SEA,2023-10-07,0.0,0.0,13.5,17.3
SEA,2023-10-08,0.0,0.0,14.1,15.7
SEA,2023-10-09,2.6,0.0,19.3,14.3
SEA,2023-10-10,12.8,0.0,26.3,12.2
SEA,2023-10-11,7.6,0.0,17.7,11.7
SEA,2023-10-12,0.0,0.0,19.3,12.3
SEA,2023-10-13,4.7,0.0,19.3,15.6
SEA,2023-10-14,3.5,0.0,10.2,13.5
SEA,2023-10-15,2.4,0.0,11.8,13.5
SEA,2023-10-16,28.9,0.0,25.8,12.8
SEA,2023-10-17,2.6,0.0,14.3,11.3
SEA,2023-10-18,0.0,0.0,13.2,13.1
SEA,2023-10-19,0.0,0.0,17.7,14.2
SEA,2023-10-20,0.0,0.0,17.3,13.1
SEA,2023-10-21,0.5,0.0,11.6,11.3
SEA,2023-10-22,0.3,0.0,12.4,10.7
SEA,2023-10-23,0.3,0.0,23.2,10.2
SEA,2023-10-24,18.0,0.0,22.6,7.9
SEA,2023-10-25,8.8,0.56,17.0,6.3
SEA,2023-10-26,0.2,0.0,12.6,5.7
SEA,2023-10-27,0.0,0.0,18.5,5.3
SEA,2023-10-28,0.0,0.0,13.7,3.8
SEA,2023-10-29,0.0,0.0,14.9,4.5
SEA,2023-10-30,0.0,0.0,12.4,5.3
SEA,2023-10-31,0.0,0.0,10.2,5.8
SEA,2023-11-01,7.6,0.0,10.5,7.7
SEA,2023-11-02,34.1,0.0,27.8,11.7
SEA,2023-11-03,8.8,0.0,21.9,11.0
SEA,2023-11-04,32.8,0.0,27.0,12.9
SEA,2023-11-05,5.2,0.0,18.5,10.8
SEA,2023-11-06,16.9,0.0,20.2,9.5
SEA,2023-11-07,2.3,0.0,21.1,9.7
SEA,2023-11-08,0.0,0.0,10.2,7.6
SEA,2023-11-09,3.4,0.0,16.0,5.8
SEA,2023-11-10,4.6,0.0,31.3,7.9
SEA,2023-11-11,27.1,0.0,36.8,9.2
SEA,2023-11-12,9.2,0.0,15.9,8.6
SEA,2023-11-13,5.0,0.0,14.8,8.0
SEA,2023-11-14,0.0,0.0,14.6,4.7
SEA,2023-11-15,0.8,0.0,12.4,4.3
SEA,2023-11-16,0.0,0.0,14.7,4.0
SEA,2023-11-17,0.0,0.0,9.7,3.9
SEA,2023-11-18,4.2,0.0,16.2,7.0
SEA,2023-11-19,2.7,0.0,30.1,7.5
SEA,2023-11-20,0.0,0.0,11.5,4.9
SEA,2023-11-21,7.1,0.0,14.5,7.8
SEA,2023-11-22,6.8,0.0,15.8,7.0
SEA,2023-11-23,0.0,0.0,20.2,5.2
SEA,2023-11-24,0.0,0.0,13.5,3.2
SEA,2023-11-25,0.0,0.0,11.7,2.0
SEA,2023-11-26,0.0,0.0,10.7,2.5
SEA,2023-11-27,0.0,0.0,11.0,2.1
SEA,2023-11-28,0.0,0.0,8.2,0.7
SEA,2023-11-29,0.0,0.0,6.5,1.3
SEA,2023-11-30,5.2,0.0,16.3,2.8
SEA,2023-12-01,10.5,0.0,26.2,5.6
SEA,2023-12-02,21.9,0.0,38.6,6.9
SEA,2023-12-03,7.1,0.0,23.7,7.4
SEA,2023-12-04,25.9,0.0,30.8,9.5
SEA,2023-12-05,62.2,0.0,27.0,11.6
SEA,2023-12-06,11.8,0.0,9.5,8.4
SEA,2023-12-07,20.4,0.07,24.1,6.0
SEA,2023-12-08,0.7,0.0,13.8,4.0
SEA,2023-12-09,17.6,4.55,13.9,2.5
SEA,2023-12-10,11.2,0.0,18.6,8.9
SEA,2023-12-11,0.0,0.0,16.6,6.9
SEA,2023-12-12,0.0,0.0,14.3,4.9
SEA,2023-12-13,0.0,0.0,19.1,6.0
SEA,2023-12-14,4.6,0.0,13.1,6.2
SEA,2023-12-15,0.0,0.0,12.8,6.8
SEA,2023-12-16,0.0,0.0,10.9,4.0
SEA,2023-12-17,0.0,0.0,13.8,4.0
SEA,2023-12-18,5.0,0.0,14.6,5.7
SEA,2023-12-19,6.3,0.0,18.5,7.7
SEA,2023-12-20,0.0,0.0,10.5,5.7
SEA,2023-12-21,0.0,0.0,10.7,6.6
SEA,2023-12-22,6.4,0.0,22.7,5.3
SEA,2023-12-23,0.0,0.0,12.4,2.4
SEA,2023-12-24,0.1,0.0,19.7,3.3
SEA,2023-12-25,9.1,0.0,26.6,5.2
SEA,2023-12-26,16.5,0.0,26.8,7.5
SEA,2023-12-27,2.0,0.0,31.2,9.2
SEA,2023-12-28,11.5,0.0,19.8,8.8
SEA,2023-12-29,0.0,0.0,26.8,12.6
SEA,2023-12-30,6.3,0.0,16.5,8.9
SEA,2023-12-31,0.7,0.0,9.4,5.3
SEA,2024-01-01,0.0,0.0,7.5,3.6
SEA,2024-01-02,5.5,0.0,19.6,5.8
SEA,2024-01-03,3.5,0.0,17.3,6.5
SEA,2024-01-04,4.9,0.0,15.4,6.5
SEA,2024-01-05,12.0,0.0,26.6,5.9
SEA,2024-01-06,12.5,0.0,29.1,4.1
SEA,2024-01-07,0.3,0.0,7.2,2.4
SEA,2024-01-08,16.2,0.0,29.5,3.5
SEA,2024-01-09,16.2,0.35,40.5,5.4
SEA,2024-01-10,0.8,0.0,18.9,2.4
SEA,2024-01-11,2.2,1.19,26.8,1.7
SEA,2024-01-12,0.6,0.42,21.3,-6.3
SEA,2024-01-13,0.0,0.0,25.2,-8.6
SEA,2024-01-14,0.0,0.0,15.6,-5.6
SEA,2024-01-15,0.0,0.0,19.5,-3.5
SEA,2024-01-16,2.3,0.0,13.6,-2.2
SEA,2024-01-17,10.0,0.0,26.7,0.7
SEA,2024-01-18,18.1,0.0,27.8,0.5
SEA,2024-01-19,4.3,0.0,32.5,3.5
SEA,2024-01-20,2.2,0.0,19.3,5.2
SEA,2024-01-21,16.6,0.0,18.3,5.6
SEA,2024-01-22,21.5,0.0,19.6,7.2
SEA,2024-01-23,2.3,0.0,18.0,7.2
SEA,2024-01-24,16.3,0.0,19.6,6.2
SEA,2024-01-25,10.6,0.0,19.8,7.1
SEA,2024-01-26,13.5,0.0,14.7,7.3
SEA,2024-01-27,31.3,0.0,17.8,9.2
SEA,2024-01-28,10.5,0.0,19.9,12.3
SEA,2024-01-29,0.0,0.0,18.2,13.1
SEA,2024-01-30,0.9,0.0,22.1,11.7
SEA,2024-01-31,11.1,0.0,27.7,11.3
SEA,2024-02-01,6.0,0.0,16.1,9.5
SEA,2024-02-02,2.6,0.0,10.6,7.0
SEA,2024-02-03,0.1,0.0,9.7,5.1
SEA,2024-02-04,0.2,0.0,21.2,5.7
SEA,2024-02-05,4.7,0.0,20.5,4.9
SEA,2024-02-06,7.1,0.0,9.4,5.1
SEA,2024-02-07,1.4,0.0,9.1,4.1
SEA,2024-02-08,1.8,0.0,12.0,3.7
SEA,2024-02-09,1.3,0.0,8.6,4.3
SEA,2024-02-10,0.0,0.0,7.4,4.3
SEA,2024-02-11,11.2,0.0,21.8,6.4
SEA,2024-02-12,4.3,0.0,22.3,6.9
SEA,2024-02-13,0.0,0.0,15.5,5.7
SEA,2024-02-14,3.8,1.89,20.9,4.2
SEA,2024-02-15,8.6,4.48,18.1,2.7
SEA,2024-02-16,0.0,0.0,20.5,3.7
SEA,2024-02-17,0.0,0.0,28.7,5.7
SEA,2024-02-18,2.5,0.0,12.5,6.0
SEA,2024-02-19,0.3,0.0,16.5,5.7
SEA,2024-02-20,5.2,0.0,12.8,7.2
SEA,2024-02-21,14.1,0.0,18.7,7.0
SEA,2024-02-22,0.1,0.0,15.2,7.4
SEA,2024-02-23,0.0,0.0,11.9,5.7
SEA,2024-02-24,0.5,0.0,22.7,6.8
SEA,2024-02-25,7.6,0.0,29.8,7.3
SEA,2024-02-26,4.4,2.24,22.5,2.6
SEA,2024-02-27,1.7,0.0,27.7,2.0
SEA,2024-02-28,31.9,0.0,35.5,7.6
SEA,2024-02-29,22.5,0.56,23.3,4.1
SEA,2024-03-01,10.5,4.13,21.1,3.1
SEA,2024-03-02,3.6,1.4,20.4,2.6
SEA,2024-03-03,6.3,3.29,21.3,2.0
SEA,2024-03-04,1.6,0.49,21.0,3.1
SEA,2024-03-05,0.0,0.0,12.9,1.5
SEA,2024-03-06,0.0,0.0,8.7,1.2
SEA,2024-03-07,0.0,0.0,9.6,2.0
SEA,2024-03-08,0.3,0.0,13.0,5.5
SEA,2024-03-09,4.9,0.0,30.0,6.6
SEA,2024-03-10,7.8,0.0,25.6,6.4
SEA,2024-03-11,11.1,0.0,27.2,6.4
SEA,2024-03-12,9.6,0.0,24.6,6.5
SEA,2024-03-13,0.0,0.0,11.3,5.2
SEA,2024-03-14,0.0,0.0,15.3,5.3
SEA,2024-03-15,0.0,0.0,19.9,7.2
SEA,2024-03-16,0.0,0.0,15.6,11.2
SEA,2024-03-17,0.0,0.0,12.7,11.4
SEA,2024-03-18,0.0,0.0,13.4,10.0
SEA,2024-03-19,0.0,0.0,16.7,9.8
SEA,2024-03-20,0.8,0.0,14.3,8.0
SEA,2024-03-21,3.8,0.0,12.5,9.5
SEA,2024-03-22,5.3,0.0,13.1,9.2
SEA,2024-03-23,9.2,0.0,12.6,8.7
SEA,2024-03-24,0.1,0.0,18.4,9.3
SEA,2024-03-25,7.4,0.0,18.9,7.5
SEA,2024-03-26,0.8,0.0,19.1,7.9
SEA,2024-03-27,18.6,0.0,20.7,7.7
SEA,2024-03-28,13.4,1.26,23.6,6.9
SEA,2024-03-29,0.3,0.0,19.2,8.1
SEA,2024-03-30,0.0,0.0,15.6,8.1
SEA,2024-03-31,0.0,0.0,19.7,8.0
SEA,2024-04-01,0.0,0.0,10.0,9.2
SEA,2024-04-02,0.7,0.0,27.7,10.7
SEA,2024-04-03,1.0,0.0,25.3,7.0
SEA,2024-04-04,1.2,0.0,22.3,5.7
SEA,2024-04-05,0.6,0.0,16.6,6.0
SEA,2024-04-06,1.5,0.0,19.8,6.9
SEA,2024-04-07,2.5,0.0,18.1,7.4
SEA,2024-04-08,4.0,0.0,24.7,7.4
SEA,2024-04-09,2.4,0.0,21.7,9.8
SEA,2024-04-10,0.0,0.0,9.9,8.6
SEA,2024-04-11,1.1,0.0,12.0,8.0
SEA,2024-04-12,0.0,0.0,24.4,9.0
SEA,2024-04-13,0.0,0.0,17.4,9.6
SEA,2024-04-14,0.0,0.0,15.6,10.8
SEA,2024-04-15,0.1,0.0,18.2,8.7
SEA,2024-04-16,1.4,0.0,14.2,6.9
SEA,2024-04-17,0.0,0.0,17.3,6.8
SEA,2024-04-18,0.0,0.0,20.9,9.3
SEA,2024-04-19,0.0,0.0,20.6,11.4
SEA,2024-04-20,0.8,0.0,26.5,11.7
SEA,2024-04-21,0.2,0.0,19.2,9.2
SEA,2024-04-22,0.0,0.0,19.6,9.7
SEA,2024-04-23,0.0,0.0,15.9,12.0
SEA,2024-04-24,0.7,0.0,19.4,9.6
SEA,2024-04-25,25.9,0.0,20.1,9.5
SEA,2024-04-26,2.3,0.0,16.1,11.4
SEA,2024-04-27,5.3,0.0,20.6,9.4
SEA,2024-04-28,3.3,0.0,23.5,8.8
SEA,2024-04-29,5.3,0.0,14.9,6.8
SEA,2024-04-30,2.9,0.0,12.6,6.7
SEA,2024-05-01,0.7,0.0,12.3,8.2
SEA,2024-05-02,0.0,0.0,21.6,10.3
SEA,2024-05-03,0.7,0.0,15.7,11.4
SEA,2024-05-04,5.5,0.0,18.8,10.6
SEA,2024-05-05,4.8,0.0,26.8,9.3
SEA,2024-05-06,5.1,0.0,24.3,9.1
SEA,2024-05-07,0.1,0.0,14.8,8.8
SEA,2024-05-08,0.0,0.0,19.8,10.1
SEA,2024-05-09,0.0,0.0,21.6,13.9
SEA,2024-05-10,0.0,0.0,12.3,17.3
SEA,2024-05-11,0.0,0.0,15.0,18.6
SEA,2024-05-12,0.0,0.0,18.8,16.7
SEA,2024-05-13,1.0,0.0,16.1,14.4
SEA,2024-05-14,0.0,0.0,16.6,14.4
SEA,2024-05-15,0.0,0.0,13.0,16.2
SEA,2024-05-16,0.6,0.0,32.3,13.0
SEA,2024-05-17,0.1,0.0,22.2,11.7
SEA,2024-05-18,8.0,0.0,13.6,9.3
SEA,2024-05-19,0.3,0.0,9.6,10.4
SEA,2024-05-20,0.0,0.0,14.6,11.6
SEA,2024-05-21,16.6,0.0,24.0,9.4
SEA,2024-05-22,0.4,0.0,31.4,10.4
SEA,2024-05-23,0.3,0.0,15.2,12.3
SEA,2024-05-24,3.2,0.0,19.4,10.7
SEA,2024-05-25,0.1,0.0,25.0,10.8
SEA,2024-05-26,3.1,0.0,17.2,11.4
SEA,2024-05-27,0.0,0.0,12.6,12.9
SEA,2024-05-28,4.4,0.0,21.5,11.3
SEA,2024-05-29,1.2,0.0,25.5,10.7
SEA,2024-05-30,0.0,0.0,12.5,11.2
SEA,2024-05-31,0.0,0.0,15.0,13.1
SEA,2024-06-01,0.5,0.0,13.4,13.4
SEA,2024-06-02,23.5,0.0,28.5,12.7
SEA,2024-06-03,14.5,0.0,31.7,11.4
SEA,2024-06-04,4.6,0.0,29.3,12.6
SEA,2024-06-05,0.0,0.0,13.0,12.3
SEA,2024-06-06,0.0,0.0,17.6,13.7
SEA,2024-06-07,0.0,0.0,18.5,15.3
SEA,2024-06-08,0.0,0.0,10.8,17.9
SEA,2024-06-09,0.1,0.0,20.6,15.9
SEA,2024-06-10,0.0,0.0,10.8,14.8
SEA,2024-06-11,0.9,0.0,29.1,14.2
SEA,2024-06-12,0.2,0.0,14.9,13.1
SEA,2024-06-13,0.0,0.0,12.8,14.2
SEA,2024-06-14,1.8,0.0,20.9,12.8
SEA,2024-06-15,8.7,0.0,24.3,11.2
SEA,2024-06-16,0.9,0.0,16.6,11.5
SEA,2024-06-17,9.1,0.0,16.3,12.5
SEA,2024-06-18,0.1,0.0,11.6,13.3
SEA,2024-06-19,0.0,0.0,15.3,16.4
SEA,2024-06-20,0.0,0.0,15.0,18.9
SEA,2024-06-21,0.0,0.0,12.5,20.2
SEA,2024-06-22,0.4,0.0,18.0,17.9
SEA,2024-06-23,0.0,0.0,24.3,15.5
SEA,2024-06-24,0.0,0.0,14.8,15.1
SEA,2024-06-25,0.0,0.0,14.1,17.6
SEA,2024-06-26,1.0,0.0,24.5,16.0
SEA,2024-06-27,2.1,0.0,19.2,14.8
SEA,2024-06-28,0.7,0.0,10.6,16.4
SEA,2024-06-29,1.8,0.0,12.6,17.5
SEA,2024-06-30,1.0,0.0,19.5,18.6
SEA,2024-07-01,2.9,0.0,9.7,18.0
SEA,2024-07-02,0.0,0.0,10.4,16.9
SEA,2024-07-03,0.0,0.0,13.8,17.2
SEA,2024-07-04,0.0,0.0,18.9,19.0
SEA,2024-07-05,0.0,0.0,19.5,21.4
SEA,2024-07-06,0.0,0.0,16.1,23.0
SEA,2024-07-07,0.0,0.0,11.5,24.3
SEA,2024-07-08,0.0,0.0,12.7,25.2
SEA,2024-07-09,0.0,0.0,14.5,25.8
SEA,2024-07-10,0.0,0.0,17.1,24.0
SEA,2024-07-11,0.0,0.0,14.1,21.1
SEA,2024-07-12,0.0,0.0,14.8,20.8
SEA,2024-07-13,0.0,0.0,17.3,21.9
SEA,2024-07-14,0.0,0.0,17.7,22.2
SEA,2024-07-15,0.0,0.0,11.5,19.6
SEA,2024-07-16,0.0,0.0,13.7,22.1
SEA,2024-07-17,0.0,0.0,18.2,22.5
SEA,2024-07-18,0.0,0.0,17.6,21.0
SEA,2024-07-19,0.0,0.0,14.8,20.9
SEA,2024-07-20,0.0,0.0,14.6,21.8
SEA,2024-07-21,0.7,0.0,13.0,21.5
SEA,2024-07-22,0.0,0.0,11.4,17.7
SEA,2024-07-23,0.0,0.0,14.2,18.3
SEA,2024-07-24,0.3,0.0,19.7,18.1
SEA,2024-07-25,0.0,0.0,14.2,18.1
SEA,2024-07-26,0.0,0.0,16.9,18.1
SEA,2024-07-27,0.0,0.0,14.4,19.7
SEA,2024-07-28,0.0,0.0,15.0,18.2
SEA,2024-07-29,12.9,0.0,22.5,16.8
SEA,2024-07-30,0.5,0.0,18.3,19.4
SEA,2024-07-31,0.0,0.0,15.8,19.2
SEA,2024-08-01,0.0,0.0,17.7,20.9
SEA,2024-08-02,0.0,0.0,11.2,23.2
SEA,2024-08-03,0.0,0.0,9.9,21.0
SEA,2024-08-04,0.0,0.0,13.2,21.8
SEA,2024-08-05,0.0,0.0,14.8,19.5
SEA,2024-08-06,0.0,0.0,11.4,17.7
SEA,2024-08-07,0.0,0.0,17.9,19.0
SEA,2024-08-08,0.0,0.0,14.5,21.0
SEA,2024-08-09,0.0,0.0,12.6,22.7
SEA,2024-08-10,0.0,0.0,15.0,20.8
SEA,2024-08-11,0.3,0.0,13.8,17.9
SEA,2024-08-12,0.1,0.0,14.3,17.4
SEA,2024-08-13,0.6,0.0,11.7,17.2
SEA,2024-08-14,0.0,0.0,12.7,18.9
SEA,2024-08-15,0.0,0.0,14.0,18.7
SEA,2024-08-16,0.2,0.0,10.1,19.0
SEA,2024-08-17,14.0,0.0,21.4,19.0
SEA,2024-08-18,5.5,0.0,24.2,19.0
SEA,2024-08-19,0.0,0.0,18.9,17.7
SEA,2024-08-20,6.8,0.0,17.3,17.1
SEA,2024-08-21,0.9,0.0,15.0,16.7
SEA,2024-08-22,2.5,0.0,10.8,16.4
SEA,2024-08-23,15.6,0.0,18.2,14.2
SEA,2024-08-24,10.5,0.0,20.2,14.0
SEA,2024-08-25,0.2,0.0,11.7,16.5
SEA,2024-08-26,0.0,0.0,14.3,17.0
SEA,2024-08-27,5.5,0.0,17.0,15.0
SEA,2024-08-28,0.0,0.0,17.1,13.5
SEA,2024-08-29,0.0,0.0,16.7,16.1
SEA,2024-08-30,0.0,0.0,13.8,18.0
SEA,2024-08-31,0.0,0.0,14.1,19.3
SEA,2024-09-01,0.0,0.0,13.2,19.7
SEA,2024-09-02,0.5,0.0,13.2,17.3
SEA,2024-09-03,0.3,0.0,11.5,17.5
SEA,2024-09-04,0.0,0.0,15.9,17.3
SEA,2024-09-05,0.0,0.0,12.4,20.4
SEA,2024-09-06,0.0,0.0,16.2,21.2
SEA,2024-09-07,0.0,0.0,13.7,21.3
SEA,2024-09-08,0.0,0.0,15.1,19.0
SEA,2024-09-09,0.0,0.0,8.6,17.2
SEA,2024-09-10,0.4,0.0,12.4,15.9
SEA,2024-09-11,3.6,0.0,10.7,14.8
SEA,2024-09-12,0.9,0.0,12.6,15.5
SEA,2024-09-13,1.8,0.0,9.7,14.2
SEA,2024-09-14,9.1,0.0,15.3,15.1
SEA,2024-09-15,1.2,0.0,17.3,13.8
SEA,2024-09-16,0.0,0.0,14.0,14.2
SEA,2024-09-17,0.9,0.0,15.4,13.6
SEA,2024-09-18,1.5,0.0,12.6,15.1
SEA,2024-09-19,0.1,0.0,9.5,14.4
SEA,2024-09-20,1.3,0.0,10.6,13.7
SEA,2024-09-21,0.0,0.0,11.2,13.5
SEA,2024-09-22,0.0,0.0,11.8,15.2
SEA,2024-09-23,0.3,0.0,11.6,17.7
SEA,2024-09-24,0.0,0.0,12.3,17.6
SEA,2024-09-25,10.7,0.0,23.3,14.8
SEA,2024-09-26,2.8,0.0,21.2,14.2
SEA,2024-09-27,0.4,0.0,19.5,15.0
SEA,2024-09-28,0.0,0.0,18.3,12.2
SEA,2024-09-29,0.0,0.0,12.4,12.0
SEA,2024-09-30,0.0,0.0,13.9,12.1
SEA,2024-10-01,0.3,0.0,13.5,12.5
SEA,2024-10-02,0.1,0.0,12.9,12.3
SEA,2024-10-03,0.0,0.0,14.4,11.4
SEA,2024-10-04,9.4,0.0,25.7,11.1
SEA,2024-10-05,0.0,0.0,15.1,12.3
SEA,2024-10-06,0.0,0.0,14.1,12.4
SEA,2024-10-07,0.0,0.0,8.1,13.8
SEA,2024-10-08,4.6,0.0,16.0,14.8
SEA,2024-10-09,1.8,0.0,15.6,13.7
SEA,2024-10-10,0.0,0.0,17.3,10.6
SEA,2024-10-11,0.1,0.0,13.7,10.3
SEA,2024-10-12,0.0,0.0,10.6,12.1
SEA,2024-10-13,0.0,0.0,14.9,14.2
SEA,2024-10-14,3.0,0.0,17.5,14.3
SEA,2024-10-15,3.8,0.0,15.2,11.9
SEA,2024-10-16,2.7,0.0,19.0,11.7
SEA,2024-10-17,0.6,0.0,16.2,8.8
SEA,2024-10-18,4.6,0.0,27.5,8.6
SEA,2024-10-19,13.4,0.0,30.1,14.9
SEA,2024-10-20,2.5,0.0,32.6,14.5
SEA,2024-10-21,6.3,0.0,20.4,10.2
SEA,2024-10-22,0.0,0.0,16.6,9.1
SEA,2024-10-23,0.0,0.0,12.2,7.7
SEA,2024-10-24,0.0,0.0,16.9,7.9
SEA,2024-10-25,0.0,0.0,27.7,10.2
SEA,2024-10-26,13.7,0.0,33.2,13.6
SEA,2024-10-27,24.0,0.0,32.3,10.9
SEA,2024-10-28,1.1,0.0,20.9,9.3
SEA,2024-10-29,0.3,0.0,10.9,8.4
SEA,2024-10-30,8.8,0.0,18.2,7.2
SEA,2024-10-31,10.7,0.0,16.9,6.0
SEA,2024-11-01,23.7,0.0,19.0,7.5
SEA,2024-11-02,5.0,0.0,21.0,8.4
SEA,2024-11-03,1.1,0.0,14.1,8.4
SEA,2024-11-04,5.2,0.0,35.9,9.4
SEA,2024-11-05,0.1,0.0,17.2,7.2
SEA,2024-11-06,0.0,0.0,8.6,6.1
SEA,2024-11-07,0.0,0.0,12.2,7.0
SEA,2024-11-08,0.0,0.0,13.6,9.1
SEA,2024-11-09,2.8,0.0,10.1,8.6
SEA,2024-11-10,4.3,0.0,18.4,9.7
SEA,2024-11-11,30.4,0.0,26.5,9.1
SEA,2024-11-12,7.6,0.0,26.0,9.2
SEA,2024-11-13,35.6,0.0,21.0,9.9
SEA,2024-11-14,6.4,0.0,23.6,8.6
SEA,2024-11-15,0.8,0.0,7.0,5.7
SEA,2024-11-16,11.0,0.0,20.0,4.8
SEA,2024-11-17,7.4,0.0,30.0,7.5
SEA,2024-11-18,8.2,0.42,18.3,4.2
SEA,2024-11-19,4.9,0.84,38.4,4.3
SEA,2024-11-20,12.8,0.98,33.9,7.0
SEA,2024-11-21,3.2,0.0,13.2,5.7
SEA,2024-11-22,13.4,0.0,26.1,8.9
SEA,2024-11-23,1.0,0.0,13.4,6.8
SEA,2024-11-24,11.0,0.0,14.1,5.6
SEA,2024-11-25,16.1,0.0,11.1,6.0
SEA,2024-11-26,0.5,0.0,7.2,5.6
SEA,2024-11-27,0.1,0.0,6.5,5.1
SEA,2024-11-28,0.0,0.0,11.9,3.5
SEA,2024-11-29,0.0,0.0,7.9,2.4
SEA,2024-11-30,0.0,0.0,8.4,2.8
SEA,2024-12-01,0.0,0.0,9.0,3.4
SEA,2024-12-02,0.0,0.0,8.8,1.6
SEA,2024-12-03,0.0,0.0,10.7,1.7
SEA,2024-12-04,0.0,0.0,14.5,1.7
SEA,2024-12-05,0.0,0.0,12.5,3.5
SEA,2024-12-06,0.0,0.0,11.0,4.9
SEA,2024-12-07,18.8,0.0,24.0,8.1
SEA,2024-12-08,5.0,0.0,26.1,5.9
SEA,2024-12-09,0.0,0.0,10.0,5.3
SEA,2024-12-10,0.0,0.0,11.6,2.6
SEA,2024-12-11,0.0,0.0,10.7,4.2
SEA,2024-12-12,1.8,0.0,10.9,5.0
SEA,2024-12-13,14.3,0.0,21.3,4.8
SEA,2024-12-14,10.3,0.0,32.0,6.7
SEA,2024-12-15,0.5,0.0,18.3,4.9
SEA,2024-12-16,5.3,0.0,14.0,6.2
SEA,2024-12-17,30.2,0.0,31.1,6.2
SEA,2024-12-18,10.0,0.0,38.2,9.7
SEA,2024-12-19,10.6,0.0,13.0,8.7
SEA,2024-12-20,0.6,0.0,20.8,9.5
SEA,2024-12-21,5.7,0.0,18.8,8.8
SEA,2024-12-22,26.8,0.0,22.6,7.0
SEA,2024-12-23,7.9,0.0,32.8,9.2
SEA,2024-12-24,4.7,0.0,28.2,8.3
SEA,2024-12-25,18.3,0.0,18.7,5.1
SEA,2024-12-26,20.1,0.0,38.9,7.3
SEA,2024-12-27,16.6,0.0,22.3,6.5
SEA,2024-12-28,13.0,0.0,28.1,8.0
SEA,2024-12-29,8.2,0.0,21.1,5.8
SEA,2024-12-30,0.5,0.0,19.6,4.6
SEA,2024-12-31,0.4,0.0,13.4,3.4
SEA,2025-01-01,2.8,0.7,9.2,4.0
SEA,2025-01-02,2.9,0.0,13.7,4.8
SEA,2025-01-03,13.5,0.0,20.6,5.5
SEA,2025-01-04,14.1,0.0,15.5,5.5
SEA,2025-01-05,5.6,0.0,15.9,7.8
SEA,2025-01-06,0.0,0.0,15.8,5.5
SEA,2025-01-07,0.0,0.0,12.1,3.0
SEA,2025-01-08,2.5,0.0,13.3,5.5
SEA,2025-01-09,0.1,0.0,13.5,5.3
SEA,2025-01-10,5.6,0.0,22.1,6.2
SEA,2025-01-11,0.0,0.0,11.2,4.7
SEA,2025-01-12,0.5,0.0,13.3,3.9
SEA,2025-01-13,0.0,0.0,7.0,1.9
SEA,2025-01-14,0.0,0.0,8.8,2.0
SEA,2025-01-15,0.0,0.0,11.4,2.7
SEA,2025-01-16,0.3,0.0,12.5,3.3
SEA,2025-01-17,0.0,0.0,12.2,3.1
SEA,2025-01-18,0.0,0.0,9.9,1.5
SEA,2025-01-19,0.0,0.0,15.0,1.2
SEA,2025-01-20,0.0,0.0,9.9,1.0
SEA,2025-01-21,0.0,0.0,7.9,0.1
SEA,2025-01-22,0.0,0.0,12.1,1.1
SEA,2025-01-23,0.0,0.0,8.6,1.1
SEA,2025-01-24,0.0,0.0,17.1,2.8
SEA,2025-01-25,0.0,0.0,16.0,2.0
SEA,2025-01-26,0.0,0.0,10.4,0.8
SEA,2025-01-27,0.0,0.0,9.2,1.2
SEA,2025-01-28,0.0,0.0,5.4,0.6
SEA,2025-01-29,0.0,0.0,8.5,1.0
SEA,2025-01-30,1.0,0.0,10.5,1.7
SEA,2025-01-31,19.4,0.0,29.4,6.2
SEA,2025-02-01,1.9,0.91,20.6,2.5
SEA,2025-02-02,9.1,6.3,15.7,0.2
SEA,2025-02-03,0.2,0.14,12.0,-0.1
SEA,2025-02-04,0.4,0.28,11.8,-0.5
SEA,2025-02-05,8.4,5.81,14.4,-0.3
SEA,2025-02-06,0.7,0.49,15.7,-0.1
SEA,2025-02-07,0.0,0.0,14.4,-1.1
SEA,2025-02-08,6.5,3.29,5.8,0.8
SEA,2025-02-09,0.0,0.0,8.2,1.3
SEA,2025-02-10,0.0,0.0,14.9,0.3
SEA,2025-02-11,0.0,0.0,12.4,-1.9
SEA,2025-02-12,0.0,0.0,16.0,-0.7
SEA,2025-02-13,0.4,0.28,21.3,-0.7
SEA,2025-02-14,0.4,0.21,13.7,2.2
SEA,2025-02-15,2.2,0.0,16.8,3.1
SEA,2025-02-16,11.6,0.0,13.4,5.4
SEA,2025-02-17,11.8,0.0,13.3,6.1
SEA,2025-02-18,0.1,0.0,16.3,7.7
SEA,2025-02-19,7.4,0.0,25.2,7.8
SEA,2025-02-20,0.6,0.0,20.7,7.3
SEA,2025-02-21,7.5,0.0,15.6,6.7
SEA,2025-02-22,21.3,0.0,28.9,9.9
SEA,2025-02-23,19.5,0.0,32.2,9.8
SEA,2025-02-24,8.5,0.0,30.8,7.8
SEA,2025-02-25,16.7,0.0,45.5,7.8
SEA,2025-02-26,0.0,0.0,16.0,8.1
SEA,2025-02-27,0.0,0.0,15.2,9.5
SEA,2025-02-28,0.0,0.0,10.5,8.1
SEA,2025-03-01,0.0,0.0,13.7,8.2
SEA,2025-03-02,0.1,0.0,11.4,8.8
SEA,2025-03-03,1.8,0.0,14.3,8.6
SEA,2025-03-04,6.8,0.0,23.8,7.1
SEA,2025-03-05,0.9,0.0,13.9,6.4
SEA,2025-03-06,0.3,0.0,14.1,6.3
SEA,2025-03-07,0.0,0.0,13.6,5.6
SEA,2025-03-08,1.2,0.0,23.7,8.3
SEA,2025-03-09,8.0,0.0,30.0,7.9
SEA,2025-03-10,0.8,0.0,13.2,5.7
SEA,2025-03-11,2.5,0.0,14.9,6.2
SEA,2025-03-12,12.1,0.0,15.4,7.0
SEA,2025-03-13,9.8,0.77,22.2,5.0
SEA,2025-03-14,5.1,1.26,13.2,5.1
SEA,2025-03-15,14.7,0.7,31.4,5.7
SEA,2025-03-16,5.5,0.0,21.2,6.1
SEA,2025-03-17,5.0,0.14,14.6,4.7
SEA,2025-03-18,1.8,0.42,12.3,5.1
SEA,2025-03-19,1.7,0.0,24.4,7.6
SEA,2025-03-20,8.1,0.0,27.3,6.4
SEA,2025-03-21,5.7,0.0,29.6,7.7
SEA,2025-03-22,1.6,0.0,16.4,7.0
SEA,2025-03-23,39.6,0.0,25.9,9.3
SEA,2025-03-24,4.8,0.0,22.9,12.4
SEA,2025-03-25,0.2,0.0,12.7,13.3
SEA,2025-03-26,9.3,0.0,22.3,13.3
SEA,2025-03-27,7.2,0.0,18.6,11.4
SEA,2025-03-28,11.4,0.0,21.8,8.3
SEA,2025-03-29,0.4,0.0,12.4,8.3
SEA,2025-03-30,1.3,0.0,23.7,10.1
SEA,2025-03-31,4.4,0.0,21.5,7.5
SEA,2025-04-01,3.1,0.0,13.0,6.9
SEA,2025-04-02,2.9,0.0,15.4,7.1
SEA,2025-04-03,0.2,0.0,8.4,7.5
SEA,2025-04-04,0.0,0.0,10.1,9.7
SEA,2025-04-05,0.0,0.0,9.0,12.0
SEA,2025-04-06,17.5,0.0,11.2,10.1
SEA,2025-04-07,10.6,0.0,22.8,9.7
SEA,2025-04-08,15.2,0.0,31.2,8.2
SEA,2025-04-09,0.0,0.0,15.1,9.7
SEA,2025-04-10,5.3,0.0,25.5,10.8
SEA,2025-04-11,0.2,0.0,13.9,8.4
SEA,2025-04-12,2.3,0.0,12.4,8.3
SEA,2025-04-13,0.0,0.0,13.7,8.8
SEA,2025-04-14,0.0,0.0,17.2,10.6
SEA,2025-04-15,0.0,0.0,13.9,11.4
SEA,2025-04-16,0.0,0.0,21.4,10.6
SEA,2025-04-17,0.0,0.0,12.8,11.1
SEA,2025-04-18,0.0,0.0,10.0,12.7
SEA,2025-04-19,3.7,0.0,16.7,11.1
SEA,2025-04-20,1.6,0.0,21.5,9.1
SEA,2025-04-21,0.0,0.0,14.2,8.8
SEA,2025-04-22,0.0,0.0,13.2,8.7
SEA,2025-04-23,0.0,0.0,11.5,10.7
SEA,2025-04-24,0.0,0.0,11.6,12.9
SEA,2025-04-25,0.0,0.0,14.8,13.5
SEA,2025-04-26,0.0,0.0,15.7,12.4
SEA,2025-04-27,0.0,0.0,14.4,10.9
SEA,2025-04-28,1.8,0.0,15.5,10.5
SEA,2025-04-29,8.0,0.0,15.7,11.4
SEA,2025-04-30,0.0,0.0,11.2,10.5
SEA,2025-05-01,0.0,0.0,10.0,13.9
SEA,2025-05-02,0.0,0.0,20.7,14.5
SEA,2025-05-03,2.8,0.0,12.5,10.8
SEA,2025-05-04,0.0,0.0,14.2,10.2
SEA,2025-05-05,0.0,0.0,12.8,13.0
SEA,2025-05-06,0.0,0.0,9.5,17.1
SEA,2025-05-07,0.0,0.0,22.2,13.6
SEA,2025-05-08,0.0,0.0,13.7,11.3
SEA,2025-05-09,0.0,0.0,12.7,13.8
SEA,2025-05-10,0.0,0.0,16.9,13.2
SEA,2025-05-11,5.4,0.0,18.5,12.0
SEA,2025-05-12,0.0,0.0,12.6,12.3
SEA,2025-05-13,0.5,0.0,15.4,12.5
SEA,2025-05-14,1.4,0.0,18.9,11.8
SEA,2025-05-15,2.8,0.0,15.1,9.8
SEA,2025-05-16,3.0,0.0,13.0,11.1
SEA,2025-05-17,6.7,0.0,18.3,12.5
SEA,2025-05-18,1.0,0.0,20.0,11.0
SEA,2025-05-19,7.2,0.0,23.9,10.7
SEA,2025-05-20,2.3,0.0,21.2,11.0
SEA,2025-05-21,0.8,0.0,11.1,11.4
SEA,2025-05-22,0.0,0.0,12.7,13.5
SEA,2025-05-23,0.0,0.0,12.8,12.9
SEA,2025-05-24,0.0,0.0,8.7,15.7
SEA,2025-05-25,0.0,0.0,15.8,15.3
SEA,2025-05-26,2.3,0.0,19.7,14.9
SEA,2025-05-27,0.0,0.0,13.8,15.7
SEA,2025-05-28,0.0,0.0,20.2,19.1
SEA,2025-05-29,2.5,0.0,21.1,15.5
SEA,2025-05-30,0.0,0.0,12.1,16.9
SEA,2025-05-31,3.8,0.0,15.9,14.5
SEA,2025-06-01,0.0,0.0,12.3,13.7
SEA,2025-06-02,0.0,0.0,14.5,15.2
SEA,2025-06-03,0.0,0.0,12.2,17.1
SEA,2025-06-04,0.7,0.0,10.4,16.4
SEA,2025-06-05,0.0,0.0,13.6,17.5
SEA,2025-06-06,0.0,0.0,15.4,20.2
SEA,2025-06-07,0.0,0.0,15.5,20.0
SEA,2025-06-08,0.0,0.0,13.3,23.6
SEA,2025-06-09,0.0,0.0,14.1,23.1
SEA,2025-06-10,0.0,0.0,10.7,20.5
SEA,2025-06-11,0.0,0.0,17.3,16.3
SEA,2025-06-12,0.0,0.0,19.0,14.9
SEA,2025-06-13,0.0,0.0,14.0,13.7
SEA,2025-06-14,0.0,0.0,10.8,14.9
SEA,2025-06-15,0.0,0.0,12.5,16.0
SEA,2025-06-16,0.0,0.0,15.9,16.9
SEA,2025-06-17,0.0,0.0,16.8,17.3
SEA,2025-06-18,0.6,0.0,23.7,17.1
SEA,2025-06-19,0.1,0.0,10.6,16.1
SEA,2025-06-20,8.4,0.0,14.9,13.2
SEA,2025-06-21,6.8,0.0,19.7,12.7
SEA,2025-06-22,0.5,0.0,9.7,15.5
SEA,2025-06-23,0.0,0.0,10.2,17.1
SEA,2025-06-24,0.0,0.0,11.0,19.0
SEA,2025-06-25,0.3,0.0,15.9,16.6
SEA,2025-06-26,1.1,0.0,14.0,15.2
SEA,2025-06-27,0.5,0.0,14.4,15.6
SEA,2025-06-28,0.2,0.0,12.8,17.5
SEA,2025-06-29,0.0,0.0,16.9,18.7
SEA,2025-06-30,0.0,0.0,15.6,21.9
SEA,2025-07-01,0.0,0.0,15.3,22.3
SEA,2025-07-02,0.0,0.0,19.3,19.4
SEA,2025-07-03,0.0,0.0,13.9,16.5
SEA,2025-07-04,0.0,0.0,19.0,18.0
SEA,2025-07-05,0.0,0.0,14.3,18.2
SEA,2025-07-06,0.0,0.0,14.1,19.1
SEA,2025-07-07,0.0,0.0,14.4,21.4
SEA,2025-07-08,0.0,0.0,16.3,21.9
SEA,2025-07-09,1.0,0.0,21.8,18.1
SEA,2025-07-10,0.0,0.0,12.6,17.5
SEA,2025-07-11,0.0,0.0,13.6,20.9
SEA,2025-07-12,0.0,0.0,14.1,22.0
SEA,2025-07-13,0.0,0.0,14.8,23.7
SEA,2025-07-14,0.0,0.0,17.2,21.7
SEA,2025-07-15,0.0,0.0,17.9,23.0
SEA,2025-07-16,0.0,0.0,19.2,25.9
SEA,2025-07-17,0.0,0.0,11.0,22.3
SEA,2025-07-18,0.0,0.0,15.7,19.2
SEA,2025-07-19,0.0,0.0,12.0,17.5
SEA,2025-07-20,0.3,0.0,11.4,16.4
SEA,2025-07-21,0.1,0.0,15.7,18.9
SEA,2025-07-22,0.0,0.0,10.9,19.1
SEA,2025-07-23,0.0,0.0,10.2,20.5
SEA,2025-07-24,0.0,0.0,14.5,18.7
SEA,2025-07-25,0.2,0.0,11.9,17.4
SEA,2025-07-26,0.0,0.0,16.7,17.1
SEA,2025-07-27,0.0,0.0,14.2,18.3
SEA,2025-07-28,0.0,0.0,13.4,19.8
SEA,2025-07-29,0.0,0.0,12.1,21.2
SEA,2025-07-30,0.0,0.0,11.4,22.1
SEA,2025-07-31,0.0,0.0,13.3,22.1
SEA,2025-08-01,0.0,0.0,10.7,20.7
SEA,2025-08-02,0.0,0.0,13.0,19.7
SEA,2025-08-03,0.0,0.0,12.9,17.7
SEA,2025-08-04,0.0,0.0,14.6,18.0
SEA,2025-08-05,0.0,0.0,15.3,19.5
SEA,2025-08-06,8.8,0.0,17.8,18.1
SEA,2025-08-07,0.4,0.0,12.3,16.8
SEA,2025-08-08,0.0,0.0,11.1,17.7
SEA,2025-08-09,0.0,0.0,13.5,19.6
SEA,2025-08-10,0.0,0.0,16.7,23.0
SEA,2025-08-11,0.0,0.0,18.5,24.1
SEA,2025-08-12,0.0,0.0,16.3,25.7
SEA,2025-08-13,0.0,0.0,21.3,21.8
SEA,2025-08-14,2.0,0.0,15.7,19.2
SEA,2025-08-15,31.8,0.0,21.6,18.0
SEA,2025-08-16,2.1,0.0,19.7,18.4
SEA,2025-08-17,0.2,0.0,10.4,17.8
SEA,2025-08-18,0.2,0.0,12.0,17.8
SEA,2025-08-19,0.0,0.0,10.3,18.0
SEA,2025-08-20,0.0,0.0,12.8,17.8
SEA,2025-08-21,0.0,0.0,15.1,17.7
SEA,2025-08-22,0.0,0.0,15.0,20.9
SEA,2025-08-23,0.0,0.0,14.1,22.9
SEA,2025-08-24,0.0,0.0,9.6,23.9
SEA,2025-08-25,0.0,0.0,11.0,23.6
SEA,2025-08-26,0.0,0.0,10.7,23.2
SEA,2025-08-27,0.2,0.0,12.4,20.7
SEA,2025-08-28,0.0,0.0,11.4,21.3
SEA,2025-08-29,0.6,0.0,9.7,19.5
SEA,2025-08-30,0.0,0.0,9.1,17.6
SEA,2025-08-31,2.8,0.0,11.1,18.4
SEA,2025-09-01,0.0,0.0,8.0,17.7
SEA,2025-09-02,0.0,0.0,11.2,18.4
SEA,2025-09-03,0.0,0.0,10.4,19.4
SEA,2025-09-04,0.0,0.0,10.1,19.3
SEA,2025-09-05,0.0,0.0,9.2,19.3
SEA,2025-09-06,3.0,0.0,15.6,17.5
SEA,2025-09-07,0.2,0.0,11.0,17.6
SEA,2025-09-08,0.0,0.0,9.5,17.4
SEA,2025-09-09,0.0,0.0,9.4,17.4
SEA,2025-09-10,0.0,0.0,9.4,17.4
SEA,2025-09-11,0.0,0.0,10.4,16.2
SEA,2025-09-12,0.0,0.0,7.8,16.8
SEA,2025-09-13,0.0,0.0,13.4,17.7
SEA,2025-09-14,5.4,0.0,23.9,16.4
SEA,2025-09-15,0.0,0.0,15.4,15.3
SEA,2025-09-16,0.0,0.0,21.2,22.0
SEA,2025-09-17,0.0,0.0,17.6,19.4
SEA,2025-09-18,0.0,0.0,17.1,16.5
SEA,2025-09-19,0.0,0.0,12.6,16.6
SEA,2025-09-20,0.0,0.0,17.6,16.8
SEA,2025-09-21,9.5,0.0,19.4,16.0
SEA,2025-09-22,0.0,0.0,10.4,14.7
SEA,2025-09-23,0.0,0.0,13.2,15.6
SEA,2025-09-24,0.0,0.0,12.4,15.7
SEA,2025-09-25,0.0,0.0,10.4,13.3
SEA,2025-09-26,0.0,0.0,10.6,14.5
SEA,2025-09-27,0.0,0.0,15.5,16.4
SEA,2025-09-28,0.0,0.0,13.0,16.1
SEA,2025-09-29,15.9,0.0,11.6,15.0
SEA,2025-09-30,5.2,0.0,21.0,14.5
SEA,2025-10-01,22.7,0.0,19.1,14.0
SEA,2025-10-02,0.2,0.0,12.6,14.6
SEA,2025-10-03,0.0,0.0,7.5,12.9
SEA,2025-10-04,0.3,0.0,11.7,13.8
SEA,2025-10-05,0.0,0.0,14.6,12.4
SEA,2025-10-06,0.0,0.0,12.5,12.7
SEA,2025-10-07,0.0,0.0,10.1,14.0
SEA,2025-10-08,0.2,0.0,11.9,12.0
SEA,2025-10-09,1.7,0.0,13.5,11.7
SEA,2025-10-10,2.8,0.0,13.8,11.9
SEA,2025-10-11,1.7,0.0,17.9,10.9
SEA,2025-10-12,6.8,0.0,21.8,9.7
SEA,2025-10-13,4.7,0.0,23.0,9.0
SEA,2025-10-14,0.0,0.0,16.6,8.7
SEA,2025-10-15,0.0,0.0,10.5,8.1
SEA,2025-10-16,0.0,0.0,11.6,9.0
SEA,2025-10-17,0.3,0.0,17.3,11.8
SEA,2025-10-18,9.2,0.0,12.1,8.9
SEA,2025-10-19,9.3,0.0,28.3,11.1
SEA,2025-10-20,0.3,0.0,14.2,10.8
SEA,2025-10-21,0.0,0.0,9.2,9.4
SEA,2025-10-22,0.4,0.0,23.3,9.8
SEA,2025-10-23,0.3,0.0,10.3,12.6
SEA,2025-10-24,35.8,0.0,24.9,10.9
SEA,2025-10-25,10.5,0.0,36.4,9.0
SEA,2025-10-26,17.5,0.0,26.7,7.0
SEA,2025-10-27,0.6,0.0,13.5,7.4
SEA,2025-10-28,6.5,0.0,15.8,8.6
SEA,2025-10-29,2.7,0.0,21.7,10.7
SEA,2025-10-30,0.0,0.0,16.8,7.6
SEA,2025-10-31,16.7,0.0,10.9,8.3
SEA,2025-11-01,21.9,0.0,31.8,11.8
SEA,2025-11-02,0.1,0.0,18.4,9.1
SEA,2025-11-03,5.3,0.0,16.9,7.2
SEA,2025-11-04,1.1,0.0,27.4,9.1
SEA,2025-11-05,15.8,0.0,32.9,12.1
SEA,2025-11-06,23.6,0.0,27.6,10.8
SEA,2025-11-07,0.1,0.0,20.0,9.2
SEA,2025-11-08,0.0,0.0,11.3,8.6
SEA,2025-11-09,0.0,0.0,12.5,11.3
SEA,2025-11-10,2.1,0.0,15.6,11.4
SEA,2025-11-11,0.0,0.0,10.6,7.8
SEA,2025-11-12,8.7,0.0,12.9,9.3
SEA,2025-11-13,10.6,0.0,17.9,11.6
SEA,2025-11-14,34.7,0.0,18.7,9.9
SEA,2025-11-15,2.2,0.0,21.2,12.3
SEA,2025-11-16,5.5,0.0,12.6,11.1
SEA,2025-11-17,7.9,0.0,11.7,8.7
SEA,2025-11-18,0.0,0.0,9.2,6.4
SEA,2025-11-19,0.0,0.0,18.2,6.4
SEA,2025-11-20,3.8,0.0,15.1,8.2
SEA,2025-11-21,0.0,0.0,11.4,7.0
SEA,2025-11-22,1.0,0.0,17.1,9.3
SEA,2025-11-23,9.0,0.0,16.8,8.8
SEA,2025-11-24,2.9,0.0,15.5,5.3
SEA,2025-11-25,15.4,0.0,9.5,5.0
SEA,2025-11-26,2.4,0.0,11.1,7.3
SEA,2025-11-27,20.7,0.0,19.6,8.4
SEA,2025-11-28,2.0,0.0,21.7,7.3
SEA,2025-11-29,0.2,0.0,11.4,5.6
SEA,2025-11-30,0.0,0.0,8.4,2.6
SEA,2025-12-01,1.7,0.35,6.8,3.7
SEA,2025-12-02,2.1,0.0,11.1,6.0
SEA,2025-12-03,0.2,0.0,6.0,4.8
SEA,2025-12-04,15.3,0.0,10.8,5.5
SEA,2025-12-05,6.4,0.0,28.5,8.9
SEA,2025-12-06,0.3,0.0,30.9,9.2
SEA,2025-12-07,13.5,0.0,27.4,9.3
SEA,2025-12-08,46.9,0.0,32.4,10.8
SEA,2025-12-09,9.8,0.0,18.9,8.9
SEA,2025-12-10,51.3,0.0,34.5,13.0
SEA,2025-12-11,15.1,0.0,23.0,8.9
SEA,2025-12-12,0.3,0.0,15.3,9.6
SEA,2025-12-13,0.0,0.0,10.2,8.9
SEA,2025-12-14,2.6,0.0,14.9,9.6
SEA,2025-12-15,18.4,0.0,35.1,11.6
SEA,2025-12-16,12.7,0.0,29.2,10.0
SEA,2025-12-17,9.8,0.0,36.2,7.2
SEA,2025-12-18,15.2,0.35,28.0,7.1
SEA,2025-12-19,1.5,0.42,22.4,4.3
SEA,2025-12-20,3.0,0.0,21.3,5.2
SEA,2025-12-21,4.8,0.0,16.9,6.2
SEA,2025-12-22,9.4,0.0,26.3,5.7
SEA,2025-12-23,1.7,0.0,14.7,4.1
SEA,2025-12-24,4.7,0.0,27.6,5.1
SEA,2025-12-25,2.6,0.0,19.8,4.0
SEA,2025-12-26,4.4,1.47,25.3,3.2
SEA,2025-12-27,0.0,0.0,10.7,2.2
SEA,2025-12-28,0.1,0.0,6.7,1.6
SEA,2025-12-29,0.5,0.07,11.5,2.4
SEA,2025-12-30,0.0,0.0,10.5,3.2
SEA,2025-12-31,0.2,0.0,9.4,1.1
EWR,2023-01-01,1.9,0.0,16.3,9.1
EWR,2023-01-02,0.5,0.0,9.8,8.1
EWR,2023-01-03,10.6,0.0,17.9,9.8
EWR,2023-01-04,2.1,0.0,16.5,13.6
EWR,2023-01-05,0.0,0.0,11.4,10.7
EWR,2023-01-06,9.3,0.0,13.7,6.4
EWR,2023-01-07,0.0,0.0,18.5,3.7
EWR,2023-01-08,0.0,0.0,10.7,0.9
EWR,2023-01-09,1.7,0.35,16.3,3.1
EWR,2023-01-10,0.0,0.0,14.9,2.5
EWR,2023-01-11,0.0,0.0,12.3,1.1
EWR,2023-01-12,22.9,0.0,18.4,5.3
EWR,2023-01-13,1.8,0.0,24.1,9.4
EWR,2023-01-14,0.0,0.0,22.6,1.0
EWR,2023-01-15,0.0,0.0,31.1,1.2
EWR,2023-01-16,0.0,0.0,22.1,1.7
EWR,2023-01-17,2.8,0.0,11.5,2.5
EWR,2023-01-18,0.6,0.0,21.9,6.7
EWR,2023-01-19,26.0,0.0,15.5,3.9
EWR,2023-01-20,0.3,0.0,29.8,5.6
EWR,2023-01-21,0.0,0.0,19.0,2.6
EWR,2023-01-22,5.5,0.0,18.7,1.4
EWR,2023-01-23,15.6,0.14,21.7,2.6
EWR,2023-01-24,0.0,0.0,25.4,2.1
EWR,2023-01-25,13.7,0.21,36.6,2.2
EWR,2023-01-26,15.4,0.0,34.2,7.4
EWR,2023-01-27,0.0,0.0,17.1,1.9
EWR,2023-01-28,0.0,0.0,24.4,4.0
EWR,2023-01-29,0.0,0.0,22.1,5.3
EWR,2023-01-30,0.0,0.0,12.6,6.2
EWR,2023-01-31,2.2,0.35,18.5,3.6
EWR,2023-02-01,1.2,0.84,14.8,-0.6
EWR,2023-02-02,0.0,0.0,18.1,-0.8
EWR,2023-02-03,0.0,0.0,34.5,-4.5
EWR,2023-02-04,0.0,0.0,34.5,-9.4
EWR,2023-02-05,0.0,0.0,17.4,1.3
EWR,2023-02-06,0.0,0.0,25.5,4.0
EWR,2023-02-07,1.9,0.35,17.1,0.2
EWR,2023-02-08,4.1,0.0,20.2,4.9
EWR,2023-02-09,0.0,0.0,15.5,4.8
EWR,2023-02-10,0.0,0.0,26.4,11.4
EWR,2023-02-11,0.0,0.0,20.0,3.7
EWR,2023-02-12,0.5,0.28,17.0,2.7
EWR,2023-02-13,2.1,0.0,23.0,6.6
EWR,2023-02-14,0.0,0.0,21.2,6.1
EWR,2023-02-15,0.0,0.0,26.4,10.2
EWR,2023-02-16,3.1,0.0,16.4,13.0
EWR,2023-02-17,9.1,0.07,30.0,10.0
EWR,2023-02-18,0.0,0.0,26.5,0.8
EWR,2023-02-19,0.0,0.0,22.4,4.1
EWR,2023-02-20,0.0,0.0,24.0,8.9
EWR,2023-02-21,7.9,0.42,15.0,4.9
EWR,2023-02-22,4.0,0.21,14.9,2.4
EWR,2023-02-23,0.3,0.0,15.3,4.9
EWR,2023-02-24,0.0,0.0,33.2,4.2
EWR,2023-02-25,0.6,0.42,15.9,-2.9
EWR,2023-02-26,0.0,0.0,31.8,1.9
EWR,2023-02-27,3.9,2.59,22.7,1.3
EWR,2023-02-28,13.4,7.28,25.7,1.1
EWR,2023-03-01,0.0,0.0,21.9,1.9
EWR,2023-03-02,1.6,0.0,21.1,7.1
EWR,2023-03-03,3.1,0.0,30.1,3.3
EWR,2023-03-04,37.9,0.0,38.6,6.0
EWR,2023-03-05,0.4,0.0,25.6,5.3
EWR,2023-03-06,0.0,0.0,19.9,5.8
EWR,2023-03-07,3.7,2.31,33.0,3.6
EWR,2023-03-08,0.0,0.0,31.0,2.9
EWR,2023-03-09,0.0,0.0,20.1,4.3
EWR,2023-03-10,7.2,0.0,14.5,3.1
EWR,2023-03-11,11.5,1.61,23.0,4.3
EWR,2023-03-12,0.0,0.0,17.4,3.1
EWR,2023-03-13,18.7,0.0,18.0,4.8
EWR,2023-03-14,8.6,2.38,42.5,2.2
EWR,2023-03-15,0.0,0.0,35.2,3.1
EWR,2023-03-16,0.0,0.0,18.3,5.3
EWR,2023-03-17,0.1,0.0,19.7,8.4
EWR,2023-03-18,0.8,0.0,23.6,7.5
EWR,2023-03-19,0.0,0.0,25.8,0.8
EWR,2023-03-20,0.0,0.0,18.3,2.9
EWR,2023-03-21,0.0,0.0,19.8,7.1
EWR,2023-03-22,0.0,0.0,17.6,8.4
EWR,2023-03-23,2.9,0.0,21.9,10.8
EWR,2023-03-24,0.9,0.0,17.9,8.8
EWR,2023-03-25,13.5,0.0,32.9,5.7
EWR,2023-03-26,0.9,0.0,23.7,9.3
EWR,2023-03-27,7.5,0.0,21.0,7.6
EWR,2023-03-28,0.4,0.0,18.2,6.6
EWR,2023-03-29,0.0,0.0,19.4,5.4
EWR,2023-03-30,0.2,0.0,24.5,3.2
EWR,2023-03-31,0.0,0.0,22.7,5.4
EWR,2023-04-01,7.8,0.0,26.3,15.0
EWR,2023-04-02,0.1,0.0,31.7,6.9
EWR,2023-04-03,0.0,0.0,20.6,8.1
EWR,2023-04-04,0.0,0.0,16.6,13.4
EWR,2023-04-05,0.5,0.0,20.5,11.6
EWR,2023-04-06,4.7,0.0,20.1,17.2
EWR,2023-04-07,0.0,0.0,19.9,11.4
EWR,2023-04-08,0.0,0.0,17.7,6.0
EWR,2023-04-09,0.1,0.0,20.4,6.2
EWR,2023-04-10,0.0,0.0,13.5,9.5
EWR,2023-04-11,0.0,0.0,23.9,14.9
EWR,2023-04-12,0.0,0.0,21.4,20.9
EWR,2023-04-13,0.0,0.0,21.1,22.4
EWR,2023-04-14,0.0,0.0,16.8,23.0
EWR,2023-04-15,2.8,0.0,18.3,17.9
EWR,2023-04-16,0.0,0.0,16.1,16.1
EWR,2023-04-17,3.7,0.0,24.2,14.7
EWR,2023-04-18,0.0,0.0,33.8,11.2
EWR,2023-04-19,0.0,0.0,22.9,10.3
EWR,2023-04-20,0.0,0.0,14.8,10.7
EWR,2023-04-21,0.0,0.0,21.7,12.8
EWR,2023-04-22,15.2,0.0,28.0,14.3
EWR,2023-04-23,19.4,0.0,21.3,15.0
EWR,2023-04-24,0.0,0.0,18.5,11.0
EWR,2023-04-25,0.4,0.0,14.1,10.2
EWR,2023-04-26,5.4,0.0,21.2,9.6
EWR,2023-04-27,2.1,0.0,14.7,11.0
EWR,2023-04-28,8.0,0.0,22.7,9.8
EWR,2023-04-29,56.5,0.0,30.3,10.9
EWR,2023-04-30,20.2,0.0,24.1,12.6
EWR,2023-05-01,2.7,0.0,36.3,12.3
EWR,2023-05-02,1.4,0.0,25.4,9.9
EWR,2023-05-03,2.1,0.0,12.6,9.0
EWR,2023-05-04,1.0,0.0,14.8,9.8
EWR,2023-05-05,4.2,0.0,12.1,11.4
EWR,2023-05-06,0.0,0.0,16.3,14.0
EWR,2023-05-07,3.2,0.0,13.3,16.8
EWR,2023-05-08,0.2,0.0,20.1,18.2
EWR,2023-05-09,0.1,0.0,17.6,14.3
EWR,2023-05-10,0.0,0.0,14.7,14.3
EWR,2023-05-11,0.0,0.0,12.0,18.3
EWR,2023-05-12,0.0,0.0,14.1,21.8
EWR,2023-05-13,0.0,0.0,19.5,22.5
EWR,2023-05-14,0.0,0.0,23.4,18.2
EWR,2023-05-15,0.0,0.0,19.5,17.8
EWR,2023-05-16,0.0,0.0,25.3,20.6
EWR,2023-05-17,0.0,0.0,24.5,15.4
EWR,2023-05-18,0.0,0.0,21.4,11.1
EWR,2023-05-19,0.0,0.0,29.4,14.9
EWR,2023-05-20,26.0,0.0,14.2,15.9
EWR,2023-05-21,1.4,0.0,21.6,17.4
EWR,2023-05-22,0.2,0.0,18.3,16.9
EWR,2023-05-23,0.0,0.0,18.8,14.6
EWR,2023-05-24,1.0,0.0,22.9,15.9
EWR,2023-05-25,0.0,0.0,23.4,15.1
EWR,2023-05-26,0.0,0.0,9.8,16.4
EWR,2023-05-27,0.0,0.0,18.4,17.6
EWR,2023-05-28,0.0,0.0,17.9,18.5
EWR,2023-05-29,0.0,0.0,30.0,18.4
EWR,2023-05-30,0.0,0.0,18.3,15.7
EWR,2023-05-31,0.0,0.0,14.0,16.3
EWR,2023-06-01,0.0,0.0,15.7,19.8
EWR,2023-06-02,0.0,0.0,15.0,22.8
EWR,2023-06-03,0.5,0.0,24.2,18.8
EWR,2023-06-04,0.0,0.0,22.7,16.1
EWR,2023-06-05,0.0,0.0,19.4,18.5
EWR,2023-06-06,0.8,0.0,28.6,20.0
EWR,2023-06-07,0.0,0.0,25.1,19.1
EWR,2023-06-08,1.2,0.0,14.8,16.9
EWR,2023-06-09,0.4,0.0,11.0,17.2
EWR,2023-06-10,0.1,0.0,17.4,19.3
EWR,2023-06-11,0.4,0.0,19.2,21.9
EWR,2023-06-12,13.1,0.0,24.4,21.0
EWR,2023-06-13,0.0,0.0,19.9,21.1
EWR,2023-06-14,16.2,0.0,22.9,18.5
EWR,2023-06-15,0.0,0.0,18.7,20.5
EWR,2023-06-16,6.7,0.0,17.8,19.0
EWR,2023-06-17,0.0,0.0,27.9,20.1
EWR,2023-06-18,0.0,0.0,17.1,21.3
EWR,2023-06-19,0.6,0.0,19.2,20.4
EWR,2023-06-20,0.0,0.0,19.4,19.2
EWR,2023-06-21,0.1,0.0,25.2,18.5
EWR,2023-06-22,0.3,0.0,23.3,18.3
EWR,2023-06-23,14.2,0.0,19.0,19.6
EWR,2023-06-24,19.8,0.0,14.8,21.9
EWR,2023-06-25,3.5,0.0,15.6,23.0
EWR,2023-06-26,7.8,0.0,20.8,21.8
EWR,2023-06-27,18.4,0.0,16.1,21.5
EWR,2023-06-28,2.3,0.0,16.8,22.9
EWR,2023-06-29,0.0,0.0,13.0,22.9
EWR,2023-06-30,0.0,0.0,21.3,23.1
EWR,2023-07-01,0.0,0.0,22.1,22.7
EWR,2023-07-02,15.7,0.0,22.2,24.4
EWR,2023-07-03,11.0,0.0,15.9,25.4
EWR,2023-07-04,6.4,0.0,9.9,24.8
EWR,2023-07-05,0.1,0.0,15.0,26.5
EWR,2023-07-06,0.0,0.0,16.8,26.3
EWR,2023-07-07,0.9,0.0,16.4,25.2
EWR,2023-07-08,7.7,0.0,12.2,25.2
EWR,2023-07-09,13.5,0.0,13.6,23.3
EWR,2023-07-10,0.4,0.0,15.8,24.3
EWR,2023-07-11,0.0,0.0,14.8,25.1
EWR,2023-07-12,0.0,0.0,13.8,27.0
EWR,2023-07-13,0.4,0.0,21.7,27.4
EWR,2023-07-14,15.0,0.0,18.4,24.6
EWR,2023-07-15,9.8,0.0,13.0,24.9
EWR,2023-07-16,37.1,0.0,16.4,24.0
EWR,2023-07-17,0.1,0.0,15.3,26.0
EWR,2023-07-18,5.4,0.0,20.3,24.8
EWR,2023-07-19,9.4,0.0,10.5,22.8
EWR,2023-07-20,0.1,0.0,13.7,24.3
EWR,2023-07-21,1.8,0.0,13.9,24.5
EWR,2023-07-22,0.0,0.0,13.5,23.6
EWR,2023-07-23,0.2,0.0,16.6,24.4
EWR,2023-07-24,1.9,0.0,18.5,24.6
EWR,2023-07-25,13.2,0.0,13.5,23.0
EWR,2023-07-26,0.0,0.0,14.5,24.4
EWR,2023-07-27,0.8,0.0,26.4,27.1
EWR,2023-07-28,0.0,0.0,15.6,28.0
EWR,2023-07-29,1.8,0.0,30.5,27.7
EWR,2023-07-30,0.0,0.0,19.6,22.3
EWR,2023-07-31,0.0,0.0,14.9,23.4
EWR,2023-08-01,0.0,0.0,15.0,22.4
EWR,2023-08-02,0.0,0.0,15.9,21.2
EWR,2023-08-03,1.0,0.0,25.0,21.8
EWR,2023-08-04,2.1,0.0,20.3,22.8
EWR,2023-08-05,0.0,0.0,8.8,24.5
EWR,2023-08-06,0.0,0.0,20.2,24.5
EWR,2023-08-07,26.5,0.0,25.3,24.3
EWR,2023-08-08,3.6,0.0,29.2,23.8
EWR,2023-08-09,0.2,0.0,19.4,24.3
EWR,2023-08-10,11.5,0.0,14.9,22.0
EWR,2023-08-11,0.0,0.0,17.3,23.4
EWR,2023-08-12,8.2,0.0,16.3,23.0
EWR,2023-08-13,2.4,0.0,17.4,25.5
EWR,2023-08-14,0.3,0.0,14.8,24.9
EWR,2023-08-15,15.8,0.0,16.4,24.4
EWR,2023-08-16,5.1,0.0,13.2,23.1
EWR,2023-08-17,3.1,0.0,17.6,23.1
EWR,2023-08-18,1.9,0.0,24.1,23.8
EWR,2023-08-19,0.0,0.0,18.7,20.7
EWR,2023-08-20,0.0,0.0,14.2,22.7
EWR,2023-08-21,0.0,0.0,13.0,25.1
EWR,2023-08-22,0.0,0.0,19.7,22.4
EWR,2023-08-23,0.0,0.0,12.9,20.6
EWR,2023-08-24,1.2,0.0,21.2,21.3
EWR,2023-08-25,5.9,0.0,15.0,23.6
EWR,2023-08-26,0.0,0.0,16.5,24.7
EWR,2023-08-27,0.1,0.0,12.3,23.4
EWR,2023-08-28,0.8,0.0,17.1,21.6
EWR,2023-08-29,0.0,0.0,13.8,22.5
EWR,2023-08-30,2.6,0.0,18.1,24.2
EWR,2023-08-31,0.0,0.0,20.1,20.7
EWR,2023-09-01,0.0,0.0,13.1,19.1
EWR,2023-09-02,0.0,0.0,13.3,20.5
EWR,2023-09-03,0.1,0.0,14.7,25.3
EWR,2023-09-04,0.0,0.0,14.8,27.2
EWR,2023-09-05,0.0,0.0,11.4,28.0
EWR,2023-09-06,0.0,0.0,10.5,29.1
EWR,2023-09-07,5.4,0.0,16.1,27.5
EWR,2023-09-08,15.8,0.0,18.8,24.7
EWR,2023-09-09,3.6,0.0,9.6,23.8
EWR,2023-09-10,33.0,0.0,10.1,21.8
EWR,2023-09-11,5.9,0.0,9.5,22.7
EWR,2023-09-12,0.2,0.0,12.1,23.2
EWR,2023-09-13,30.0,0.0,10.4,22.2
EWR,2023-09-14,0.0,0.0,16.3,20.3
EWR,2023-09-15,0.0,0.0,20.8,17.4
EWR,2023-09-16,0.0,0.0,18.9,18.8
EWR,2023-09-17,0.4,0.0,13.2,18.6
EWR,2023-09-18,15.2,0.0,15.4,18.9
EWR,2023-09-19,0.0,0.0,18.9,17.9
EWR,2023-09-20,0.0,0.0,12.6,17.6
EWR,2023-09-21,0.0,0.0,10.9,17.1
EWR,2023-09-22,0.0,0.0,23.8,17.2
EWR,2023-09-23,43.0,0.0,29.4,15.0
EWR,2023-09-24,27.7,0.0,27.7,17.1
EWR,2023-09-25,21.9,0.0,26.2,16.0
EWR,2023-09-26,5.1,0.0,23.7,15.2
EWR,2023-09-27,0.0,0.0,16.3,13.9
EWR,2023-09-28,0.5,0.0,16.4,14.3
EWR,2023-09-29,35.6,0.0,21.5,15.3
EWR,2023-09-30,1.8,0.0,18.6,16.4
EWR,2023-10-01,0.0,0.0,16.2,19.1
EWR,2023-10-02,0.0,0.0,14.1,19.9
EWR,2023-10-03,0.0,0.0,9.1,19.6
EWR,2023-10-04,0.0,0.0,11.8,20.5
EWR,2023-10-05,0.0,0.0,16.0,17.9
EWR,2023-10-06,4.4,0.0,13.0,19.6
EWR,2023-10-07,47.9,0.0,24.0,16.9
EWR,2023-10-08,0.0,0.0,23.4,12.8
EWR,2023-10-09,0.1,0.0,21.6,11.4
EWR,2023-10-10,0.0,0.0,18.6,13.3
EWR,2023-10-11,0.0,0.0,11.8,14.3
EWR,2023-10-12,0.0,0.0,10.8,14.1
EWR,2023-10-13,0.0,0.0,12.6,13.0
EWR,2023-10-14,15.0,0.0,16.0,10.5
EWR,2023-10-15,1.4,0.0,22.8,12.1
EWR,2023-10-16,0.5,0.0,17.4,11.5
EWR,2023-10-17,0.2,0.0,11.2,12.2
EWR,2023-10-18,0.3,0.0,7.8,12.4
EWR,2023-10-19,0.0,0.0,17.5,12.7
EWR,2023-10-20,18.6,0.0,19.1,15.1
EWR,2023-10-21,5.9,0.0,23.8,14.7
EWR,2023-10-22,0.0,0.0,25.1,11.5
EWR,2023-10-23,0.0,0.0,20.5,10.7
EWR,2023-10-24,0.0,0.0,11.8,11.0
EWR,2023-10-25,0.0,0.0,13.6,14.4
EWR,2023-10-26,0.0,0.0,14.3,17.3
EWR,2023-10-27,0.0,0.0,13.7,17.5
EWR,2023-10-28,0.0,0.0,18.2,20.5
EWR,2023-10-29,6.5,0.0,17.1,12.7
EWR,2023-10-30,1.1,0.0,22.3,13.6
EWR,2023-10-31,0.5,0.0,15.1,9.1
EWR,2023-11-01,2.2,0.0,21.0,6.8
EWR,2023-11-02,0.0,0.0,11.0,4.4
EWR,2023-11-03,0.0,0.0,16.4,6.7
EWR,2023-11-04,0.0,0.0,12.0,8.7
EWR,2023-11-05,1.5,0.0,17.6,10.6
EWR,2023-11-06,0.2,0.0,11.9,8.2
EWR,2023-11-07,4.0,0.0,18.1,14.1
EWR,2023-11-08,0.0,0.0,16.2,7.5
EWR,2023-11-09,0.5,0.0,13.6,9.4
EWR,2023-11-10,0.5,0.0,16.5,8.3
EWR,2023-11-11,0.0,0.0,16.6,7.4
EWR,2023-11-12,0.0,0.0,13.0,3.3
EWR,2023-11-13,0.8,0.07,12.4,3.6
EWR,2023-11-14,0.0,0.0,24.5,6.5
EWR,2023-11-15,0.0,0.0,14.2,5.5
EWR,2023-11-16,0.0,0.0,11.5,9.5
EWR,2023-11-17,0.0,0.0,20.6,12.1
EWR,2023-11-18,0.9,0.0,23.8,10.0
EWR,2023-11-19,0.0,0.0,19.0,6.2
EWR,2023-11-20,0.0,0.0,17.8,3.5
EWR,2023-11-21,9.5,0.0,30.4,4.0
EWR,2023-11-22,28.9,0.0,35.7,11.5
EWR,2023-11-23,0.0,0.0,18.9,8.1
EWR,2023-11-24,0.0,0.0,21.2,5.3
EWR,2023-11-25,0.0,0.0,15.0,0.5
EWR,2023-11-26,7.6,0.0,32.2,4.4
EWR,2023-11-27,8.2,0.0,31.8,7.1
EWR,2023-11-28,0.0,0.0,26.8,0.8
EWR,2023-11-29,0.0,0.0,18.0,-1.3
EWR,2023-11-30,0.0,0.0,16.2,3.2
EWR,2023-12-01,5.6,0.0,16.3,5.4
EWR,2023-12-02,0.0,0.0,15.0,9.2
EWR,2023-12-03,16.8,0.0,18.7,8.7
EWR,2023-12-04,0.0,0.0,18.9,7.2
EWR,2023-12-05,0.0,0.0,14.2,3.8
EWR,2023-12-06,0.0,0.0,20.8,1.6
EWR,2023-12-07,0.0,0.0,18.1,0.5
EWR,2023-12-08,0.0,0.0,9.6,3.0
EWR,2023-12-09,0.0,0.0,11.6,7.0
EWR,2023-12-10,35.2,0.0,29.5,12.1
EWR,2023-12-11,26.6,0.0,29.3,5.8
EWR,2023-12-12,0.0,0.0,17.3,2.2
EWR,2023-12-13,0.0,0.0,19.1,3.1
EWR,2023-12-14,0.0,0.0,12.3,0.5
EWR,2023-12-15,0.0,0.0,16.0,4.5
EWR,2023-12-16,0.0,0.0,12.1,6.4
EWR,2023-12-17,20.2,0.0,21.1,9.6
EWR,2023-12-18,78.6,0.0,41.6,11.5
EWR,2023-12-19,0.1,0.0,21.8,2.9
EWR,2023-12-20,0.0,0.0,16.3,1.5
EWR,2023-12-21,0.0,0.0,16.3,1.1
EWR,2023-12-22,0.0,0.0,12.3,-1.8
EWR,2023-12-23,0.3,0.0,7.2,1.1
EWR,2023-12-24,0.0,0.0,7.4,4.6
EWR,2023-12-25,0.0,0.0,8.1,5.9
EWR,2023-12-26,0.0,0.0,6.1,5.0
EWR,2023-12-27,5.2,0.0,16.2,7.0
EWR,2023-12-28,37.4,0.0,19.8,9.9
EWR,2023-12-29,0.3,0.0,16.8,9.4
EWR,2023-12-30,0.2,0.0,24.7,5.1
EWR,2023-12-31,0.0,0.0,14.5,3.0
EWR,2024-01-01,0.1,0.0,14.3,3.8
EWR,2024-01-02,0.0,0.0,15.2,0.3
EWR,2024-01-03,0.0,0.0,11.8,1.2
EWR,2024-01-04,0.0,0.0,24.8,2.0
EWR,2024-01-05,0.0,0.0,17.4,-1.8
EWR,2024-01-06,13.1,7.0,26.9,-1.1
EWR,2024-01-07,8.0,1.12,25.7,1.9
EWR,2024-01-08,0.0,0.0,20.5,1.4
EWR,2024-01-09,32.1,0.0,47.7,3.4
EWR,2024-01-10,25.3,0.0,38.2,9.3
EWR,2024-01-11,0.0,0.0,21.5,4.5
EWR,2024-01-12,0.7,0.0,21.1,4.0
EWR,2024-01-13,23.6,0.0,30.7,8.9
EWR,2024-01-14,0.6,0.35,33.2,0.1
EWR,2024-01-15,0.9,0.63,10.5,-3.5
EWR,2024-01-16,9.2,3.92,19.9,-2.8
EWR,2024-01-17,0.0,0.0,22.4,-6.7
EWR,2024-01-18,0.3,0.21,16.1,-3.3
EWR,2024-01-19,3.1,2.17,15.3,-2.5
EWR,2024-01-20,0.0,0.0,24.1,-6.1
EWR,2024-01-21,0.0,0.0,21.0,-4.9
EWR,2024-01-22,0.0,0.0,16.1,-2.4
EWR,2024-01-23,1.4,0.0,17.4,1.1
EWR,2024-01-24,3.1,0.0,9.0,3.1
EWR,2024-01-25,4.0,0.0,20.0,9.4
EWR,2024-01-26,4.9,0.0,16.7,6.5
EWR,2024-01-27,0.0,0.0,10.9,5.5
EWR,2024-01-28,21.7,0.0,24.8,3.4
EWR,2024-01-29,0.7,0.0,25.0,3.1
EWR,2024-01-30,0.0,0.0,11.2,0.6
EWR,2024-01-31,0.0,0.0,11.3,2.5
EWR,2024-02-01,0.1,0.0,17.4,2.6
EWR,2024-02-02,7.0,0.0,21.4,4.0
EWR,2024-02-03,0.0,0.0,19.9,1.3
EWR,2024-02-04,0.0,0.0,11.6,1.0
EWR,2024-02-05,0.0,0.0,22.1,0.9
EWR,2024-02-06,0.0,0.0,17.4,-0.3
EWR,2024-02-07,0.0,0.0,12.7,1.9
EWR,2024-02-08,0.0,0.0,9.8,2.5
EWR,2024-02-09,0.0,0.0,10.9,5.6
EWR,2024-02-10,0.0,0.0,14.5,8.7
EWR,2024-02-11,0.0,0.0,13.8,7.0
EWR,2024-02-12,0.1,0.0,10.5,4.2
EWR,2024-02-13,29.5,19.88,23.7,1.3
EWR,2024-02-14,0.0,0.0,22.9,-2.0
EWR,2024-02-15,1.0,0.7,18.0,-0.8
EWR,2024-02-16,0.0,0.0,27.3,1.5
EWR,2024-02-17,6.4,4.48,21.4,-0.9
EWR,2024-02-18,0.0,0.0,25.4,-2.1
EWR,2024-02-19,0.0,0.0,18.7,-0.4
EWR,2024-02-20,0.0,0.0,12.3,-2.5
EWR,2024-02-21,0.0,0.0,14.0,-0.9
EWR,2024-02-22,0.5,0.0,13.3,1.5
EWR,2024-02-23,3.0,0.0,12.0,4.1
EWR,2024-02-24,0.0,0.0,20.1,2.0
EWR,2024-02-25,0.0,0.0,15.5,-1.9
EWR,2024-02-26,3.5,0.56,11.9,3.6
EWR,2024-02-27,2.5,0.0,21.4,8.2
EWR,2024-02-28,10.1,0.0,33.8,13.7
EWR,2024-02-29,0.1,0.0,28.3,1.2
EWR,2024-03-01,0.0,0.0,17.4,1.1
EWR,2024-03-02,28.0,0.0,26.2,6.4
EWR,2024-03-03,0.0,0.0,15.0,11.6
EWR,2024-03-04,0.0,0.0,20.0,8.2
EWR,2024-03-05,21.7,0.0,18.1,6.5
EWR,2024-03-06,34.0,0.0,18.7,7.0
EWR,2024-03-07,6.1,0.0,27.5,10.0
EWR,2024-03-08,0.0,0.0,18.4,6.1
EWR,2024-03-09,31.7,0.0,29.9,5.3
EWR,2024-03-10,13.4,0.14,30.7,7.1
EWR,2024-03-11,0.0,0.0,38.1,5.2
EWR,2024-03-12,0.0,0.0,18.8,9.6
EWR,2024-03-13,0.0,0.0,14.9,8.9
EWR,2024-03-14,0.0,0.0,17.2,12.1
EWR,2024-03-15,0.7,0.0,23.5,15.3
EWR,2024-03-16,0.1,0.0,16.1,9.7
EWR,2024-03-17,0.0,0.0,26.7,10.8
EWR,2024-03-18,0.0,0.0,19.5,6.5
EWR,2024-03-19,0.6,0.14,25.1,3.4
EWR,2024-03-20,0.4,0.0,28.1,5.9
EWR,2024-03-21,0.0,0.0,28.7,0.9
EWR,2024-03-22,0.0,0.0,17.6,0.8
EWR,2024-03-23,61.8,0.0,32.7,5.6
EWR,2024-03-24,0.0,0.0,31.4,2.8
EWR,2024-03-25,0.0,0.0,18.8,4.1
EWR,2024-03-26,0.0,0.0,16.3,5.7
EWR,2024-03-27,0.2,0.0,10.2,7.3
EWR,2024-03-28,19.3,0.0,19.5,8.5
EWR,2024-03-29,0.3,0.0,30.7,7.4
EWR,2024-03-30,0.3,0.0,21.3,8.0
EWR,2024-03-31,0.2,0.0,18.5,10.5
EWR,2024-04-01,5.2,0.0,10.8,8.4
EWR,2024-04-02,19.0,0.0,21.2,7.4
EWR,2024-04-03,32.1,0.0,32.8,5.9
EWR,2024-04-04,17.3,0.49,26.9,5.9
EWR,2024-04-05,0.2,0.07,25.3,5.4
EWR,2024-04-06,0.0,0.0,26.3,7.0
EWR,2024-04-07,0.0,0.0,21.4,7.6
EWR,2024-04-08,0.3,0.0,11.4,9.2
EWR,2024-04-09,0.0,0.0,15.2,14.3
EWR,2024-04-10,3.3,0.0,14.2,11.7
EWR,2024-04-11,8.7,0.0,24.5,12.5
EWR,2024-04-12,28.0,0.0,33.6,15.7
EWR,2024-04-13,1.4,0.0,30.7,9.8
EWR,2024-04-14,0.6,0.0,25.7,14.3
EWR,2024-04-15,0.3,0.0,20.7,18.3
EWR,2024-04-16,0.0,0.0,17.5,14.5
EWR,2024-04-17,5.7,0.0,16.9,10.6
EWR,2024-04-18,24.0,0.0,22.4,8.7
EWR,2024-04-19,0.0,0.0,17.6,8.4
EWR,2024-04-20,2.9,0.0,27.0,12.8
EWR,2024-04-21,0.0,0.0,20.9,7.5
EWR,2024-04-22,0.0,0.0,15.5,8.7
EWR,2024-04-23,0.0,0.0,25.7,9.5
EWR,2024-04-24,0.7,0.0,29.0,13.5
EWR,2024-04-25,0.0,0.0,20.0,7.7
EWR,2024-04-26,0.0,0.0,15.8,7.8
EWR,2024-04-27,0.3,0.0,20.3,9.4
EWR,2024-04-28,2.4,0.0,12.9,15.6
EWR,2024-04-29,1.2,0.0,16.1,19.6
EWR,2024-04-30,0.2,0.0,15.0,15.1
EWR,2024-05-01,0.8,0.0,19.7,15.7
EWR,2024-05-02,0.0,0.0,21.1,19.0
EWR,2024-05-03,0.0,0.0,18.3,13.2
EWR,2024-05-04,0.0,0.0,18.4,11.3
EWR,2024-05-05,14.8,0.0,21.2,10.5
EWR,2024-05-06,0.8,0.0,8.8,16.8
EWR,2024-05-07,0.0,0.0,15.0,19.2
EWR,2024-05-08,0.2,0.0,25.4,22.8
EWR,2024-05-09,0.0,0.0,15.5,17.4
EWR,2024-05-10,15.2,0.0,19.4,10.6
EWR,2024-05-11,0.0,0.0,16.1,11.5
EWR,2024-05-12,8.9,0.0,11.8,10.5
EWR,2024-05-13,0.1,0.0,17.1,13.1
EWR,2024-05-14,3.1,0.0,17.8,16.8
EWR,2024-05-15,8.0,0.0,24.0,15.8
EWR,2024-05-16,3.7,0.0,29.4,16.5
EWR,2024-05-17,0.1,0.0,15.8,17.2
EWR,2024-05-18,2.1,0.0,12.8,16.7
EWR,2024-05-19,0.0,0.0,17.6,16.8
EWR,2024-05-20,0.0,0.0,15.3,16.9
EWR,2024-05-21,0.0,0.0,12.6,20.3
EWR,2024-05-22,0.0,0.0,15.5,22.7
EWR,2024-05-23,1.4,0.0,13.5,22.7
EWR,2024-05-24,0.0,0.0,13.9,22.7
EWR,2024-05-25,0.0,0.0,17.3,19.8
EWR,2024-05-26,0.4,0.0,13.6,20.4
EWR,2024-05-27,17.7,0.0,24.3,19.7
EWR,2024-05-28,0.0,0.0,24.6,21.9
EWR,2024-05-29,11.1,0.0,14.1,18.8
EWR,2024-05-30,1.1,0.0,18.8,17.5
EWR,2024-05-31,0.0,0.0,18.9,18.7
EWR,2024-06-01,0.0,0.0,15.3,21.2
EWR,2024-06-02,0.0,0.0,13.6,21.5
EWR,2024-06-03,0.3,0.0,11.8,23.6
EWR,2024-06-04,0.0,0.0,15.8,20.7
EWR,2024-06-05,11.8,0.0,20.6,20.4
EWR,2024-06-06,46.6,0.0,32.2,23.1
EWR,2024-06-07,0.2,0.0,22.4,23.0
EWR,2024-06-08,0.0,0.0,24.5,20.3
EWR,2024-06-09,0.2,0.0,23.8,20.5
EWR,2024-06-10,0.0,0.0,15.7,19.7
EWR,2024-06-11,1.2,0.0,11.7,18.9
EWR,2024-06-12,0.0,0.0,14.8,20.1
EWR,2024-06-13,0.0,0.0,27.2,22.3
EWR,2024-06-14,20.0,0.0,15.7,23.3
EWR,2024-06-15,0.0,0.0,18.6,21.8
EWR,2024-06-16,0.0,0.0,16.1,19.2
EWR,2024-06-17,0.0,0.0,22.1,23.6
EWR,2024-06-18,0.0,0.0,20.4,25.7
EWR,2024-06-19,0.0,0.0,22.0,25.3
EWR,2024-06-20,0.0,0.0,15.8,26.9
EWR,2024-06-21,0.2,0.0,17.7,28.1
EWR,2024-06-22,11.3,0.0,17.9,27.3
EWR,2024-06-23,0.1,0.0,26.2,28.9
EWR,2024-06-24,0.0,0.0,35.0,25.2
EWR,2024-06-25,0.0,0.0,20.1,26.9
EWR,2024-06-26,1.3,0.0,34.6,28.5
EWR,2024-06-27,9.7,0.0,18.7,25.2
EWR,2024-06-28,0.0,0.0,20.3,20.4
EWR,2024-06-29,2.1,0.0,26.2,23.7
EWR,2024-06-30,12.9,0.0,22.3,26.1
EWR,2024-07-01,0.3,0.0,22.7,21.8
EWR,2024-07-02,0.0,0.0,13.4,22.8
EWR,2024-07-03,0.0,0.0,26.5,22.8
EWR,2024-07-04,6.8,0.0,16.6,25.2
EWR,2024-07-05,2.0,0.0,15.3,27.0
EWR,2024-07-06,1.6,0.0,15.9,28.0
EWR,2024-07-07,1.9,0.0,14.7,27.5
EWR,2024-07-08,0.0,0.0,14.6,27.1
EWR,2024-07-09,0.5,0.0,22.4,27.3
EWR,2024-07-10,0.3,0.0,26.8,28.3
EWR,2024-07-11,2.0,0.0,25.1,28.2
EWR,2024-07-12,7.6,0.0,14.8,24.7
EWR,2024-07-13,44.2,0.0,14.3,25.5
EWR,2024-07-14,2.1,0.0,13.1,26.9
EWR,2024-07-15,1.5,0.0,16.1,28.6
EWR,2024-07-16,2.5,0.0,22.2,28.6
EWR,2024-07-17,17.4,0.0,17.8,27.3
EWR,2024-07-18,0.1,0.0,13.7,25.5
EWR,2024-07-19,0.0,0.0,15.5,23.7
EWR,2024-07-20,1.4,0.0,17.4,23.8
EWR,2024-07-21,0.1,0.0,17.7,25.7
EWR,2024-07-22,5.9,0.0,15.8,24.6
EWR,2024-07-23,3.3,0.0,8.0,24.6
EWR,2024-07-24,5.8,0.0,11.9,24.6
EWR,2024-07-25,0.9,0.0,13.9,24.9
EWR,2024-07-26,0.0,0.0,19.2,24.1
EWR,2024-07-27,0.0,0.0,11.9,24.5
EWR,2024-07-28,0.0,0.0,19.8,24.4
EWR,2024-07-29,0.2,0.0,14.3,25.3
EWR,2024-07-30,0.5,0.0,22.8,26.4
EWR,2024-07-31,4.5,0.0,19.1,26.1
EWR,2024-08-01,0.0,0.0,11.0,28.1
EWR,2024-08-02,7.4,0.0,11.9,27.2
EWR,2024-08-03,6.0,0.0,12.5,26.5
EWR,2024-08-04,8.6,0.0,13.4,24.4
EWR,2024-08-05,0.0,0.0,17.2,26.8
EWR,2024-08-06,28.6,0.0,19.0,25.9
EWR,2024-08-07,18.5,0.0,18.5,21.4
EWR,2024-08-08,8.4,0.0,24.0,20.7
EWR,2024-08-09,16.4,0.0,37.7,25.0
EWR,2024-08-10,0.4,0.0,16.2,25.2
EWR,2024-08-11,0.0,0.0,14.5,23.2
EWR,2024-08-12,0.3,0.0,18.2,21.7
EWR,2024-08-13,0.0,0.0,14.8,21.7
EWR,2024-08-14,0.0,0.0,11.5,23.0
EWR,2024-08-15,0.0,0.0,8.6,24.1
EWR,2024-08-16,0.0,0.0,15.8,24.2
EWR,2024-08-17,6.4,0.0,20.9,23.3
EWR,2024-08-18,20.6,0.0,19.9,22.9
EWR,2024-08-19,15.7,0.0,18.3,22.8
EWR,2024-08-20,0.0,0.0,21.2,18.9
EWR,2024-08-21,0.0,0.0,17.9,17.8
EWR,2024-08-22,0.0,0.0,17.3,18.9
EWR,2024-08-23,0.0,0.0,10.6,20.7
EWR,2024-08-24,0.0,0.0,14.8,22.0
EWR,2024-08-25,0.2,0.0,13.7,23.0
EWR,2024-08-26,0.1,0.0,13.7,23.3
EWR,2024-08-27,0.0,0.0,20.1,23.2
EWR,2024-08-28,0.0,0.0,14.5,26.9
EWR,2024-08-29,2.3,0.0,18.0,23.2
EWR,2024-08-30,0.4,0.0,18.1,20.7
EWR,2024-08-31,0.4,0.0,14.5,21.9
EWR,2024-09-01,1.6,0.0,18.5,24.3
EWR,2024-09-02,0.0,0.0,19.1,22.0
EWR,2024-09-03,0.0,0.0,17.4,18.0
EWR,2024-09-04,0.0,0.0,14.2,18.5
EWR,2024-09-05,0.0,0.0,17.4,18.8
EWR,2024-09-06,0.0,0.0,15.3,20.0
EWR,2024-09-07,6.6,0.0,19.5,19.7
EWR,2024-09-08,0.0,0.0,18.9,16.4
EWR,2024-09-09,0.0,0.0,18.1,18.1
EWR,2024-09-10,0.0,0.0,12.9,19.6
EWR,2024-09-11,0.0,0.0,12.0,18.8
EWR,2024-09-12,0.0,0.0,14.8,19.2
EWR,2024-09-13,0.0,0.0,12.1,19.9
EWR,2024-09-14,0.0,0.0,11.5,21.4
EWR,2024-09-15,0.0,0.0,17.7,20.6
EWR,2024-09-16,0.0,0.0,13.8,18.8
EWR,2024-09-17,0.0,0.0,16.6,19.9
EWR,2024-09-18,0.4,0.0,15.8,20.6
EWR,2024-09-19,0.0,0.0,15.7,22.9
EWR,2024-09-20,0.2,0.0,15.7,22.1
EWR,2024-09-21,0.0,0.0,15.8,20.5
EWR,2024-09-22,0.0,0.0,13.4,19.0
EWR,2024-09-23,0.2,0.0,17.1,17.1
EWR,2024-09-24,0.0,0.0,15.8,17.5
EWR,2024-09-25,0.2,0.0,20.4,18.1
EWR,2024-09-26,8.4,0.0,13.4,20.6
EWR,2024-09-27,1.0,0.0,13.6,20.2
EWR,2024-09-28,18.6,0.0,18.6,17.7
EWR,2024-09-29,2.0,0.0,15.8,17.0
EWR,2024-09-30,0.0,0.0,16.0,18.0
EWR,2024-10-01,0.1,0.0,15.7,17.4
EWR,2024-10-02,0.0,0.0,12.1,16.2
EWR,2024-10-03,0.0,0.0,15.3,18.2
EWR,2024-10-04,0.1,0.0,16.8,17.5
EWR,2024-10-05,0.9,0.0,14.8,18.9
EWR,2024-10-06,0.0,0.0,16.5,16.0
EWR,2024-10-07,5.5,0.0,17.1,18.5
EWR,2024-10-08,0.0,0.0,15.2,15.4
EWR,2024-10-09,0.0,0.0,20.5,14.9
EWR,2024-10-10,0.0,0.0,19.4,12.3
EWR,2024-10-11,0.0,0.0,18.2,13.4
EWR,2024-10-12,0.0,0.0,20.3,17.4
EWR,2024-10-13,0.0,0.0,15.6,16.8
EWR,2024-10-14,0.1,0.0,34.2,13.8
EWR,2024-10-15,0.0,0.0,19.1,9.7
EWR,2024-10-16,0.0,0.0,20.9,9.7
EWR,2024-10-17,0.0,0.0,19.6,9.6
EWR,2024-10-18,0.0,0.0,17.7,12.5
EWR,2024-10-19,0.0,0.0,10.9,13.5
EWR,2024-10-20,0.0,0.0,10.8,14.5
EWR,2024-10-21,0.0,0.0,12.9,17.6
EWR,2024-10-22,0.0,0.0,10.2,18.8
EWR,2024-10-23,0.0,0.0,16.1,17.9
EWR,2024-10-24,0.2,0.0,22.9,16.3
EWR,2024-10-25,0.0,0.0,15.7,11.9
EWR,2024-10-26,0.0,0.0,21.1,13.4
EWR,2024-10-27,0.0,0.0,16.3,9.5
EWR,2024-10-28,0.0,0.0,13.4,9.3
EWR,2024-10-29,0.3,0.0,21.5,12.3
EWR,2024-10-30,0.0,0.0,13.3,17.1
EWR,2024-10-31,0.0,0.0,21.1,19.9
EWR,2024-11-01,0.4,0.0,27.6,20.9
EWR,2024-11-02,0.0,0.0,18.0,12.0
EWR,2024-11-03,0.0,0.0,13.0,7.7
EWR,2024-11-04,0.0,0.0,17.4,9.1
EWR,2024-11-05,0.0,0.0,19.3,15.7
EWR,2024-11-06,0.0,0.0,19.1,20.7
EWR,2024-11-07,0.0,0.0,19.5,18.2
EWR,2024-11-08,0.0,0.0,24.8,13.6
EWR,2024-11-09,0.0,0.0,22.5,8.8
EWR,2024-11-10,0.9,0.0,17.7,8.8
EWR,2024-11-11,4.3,0.0,24.4,15.7
EWR,2024-11-12,0.0,0.0,25.4,9.6
EWR,2024-11-13,0.0,0.0,14.2,5.2
EWR,2024-11-14,0.0,0.0,11.1,4.7
EWR,2024-11-15,0.0,0.0,15.9,8.6
EWR,2024-11-16,0.0,0.0,16.6,10.7
EWR,2024-11-17,0.0,0.0,14.8,11.6
EWR,2024-11-18,0.0,0.0,14.4,12.5
EWR,2024-11-19,0.7,0.0,12.2,10.9
EWR,2024-11-20,0.0,0.0,12.9,11.7
EWR,2024-11-21,49.9,0.0,21.2,8.4
EWR,2024-11-22,12.1,0.0,25.3,3.3
EWR,2024-11-23,1.0,0.0,27.0,5.6
EWR,2024-11-24,0.0,0.0,23.5,8.3
EWR,2024-11-25,0.0,0.0,11.8,7.2
EWR,2024-11-26,4.3,0.0,19.1,10.8
EWR,2024-11-27,0.0,0.0,10.2,6.4
EWR,2024-11-28,18.8,0.0,20.6,6.9
EWR,2024-11-29,0.4,0.0,20.2,4.0
EWR,2024-11-30,0.0,0.0,17.7,0.3
EWR,2024-12-01,0.0,0.0,19.3,-0.9
EWR,2024-12-02,0.0,0.0,11.4,0.0
EWR,2024-12-03,0.1,0.07,12.9,1.1
EWR,2024-12-04,0.0,0.0,17.1,0.5
EWR,2024-12-05,3.9,1.33,29.9,2.2
EWR,2024-12-06,0.0,0.0,20.1,-1.0
EWR,2024-12-07,0.0,0.0,14.8,0.6
EWR,2024-12-08,0.0,0.0,22.3,5.9
EWR,2024-12-09,7.0,0.0,13.6,5.9
EWR,2024-12-10,2.2,0.0,13.0,8.0
EWR,2024-12-11,30.7,0.0,24.1,13.0
EWR,2024-12-12,0.1,0.0,25.2,1.6
EWR,2024-12-13,0.0,0.0,12.0,-2.0
EWR,2024-12-14,0.0,0.0,8.5,-2.2
EWR,2024-12-15,0.1,0.0,9.8,-1.0
EWR,2024-12-16,18.1,0.35,12.6,5.4
EWR,2024-12-17,4.6,0.0,15.0,10.7
EWR,2024-12-18,2.9,0.0,12.2,6.4
EWR,2024-12-19,2.6,0.0,15.5,4.5
EWR,2024-12-20,1.8,0.7,14.7,0.9
EWR,2024-12-21,4.9,3.43,22.8,-2.7
EWR,2024-12-22,0.0,0.0,15.3,-9.1
EWR,2024-12-23,0.0,0.0,9.6,-9.9
EWR,2024-12-24,1.9,1.33,10.1,-1.5
EWR,2024-12-25,0.0,0.0,9.4,-2.7
EWR,2024-12-26,0.0,0.0,8.8,-4.6
EWR,2024-12-27,0.0,0.0,7.9,-3.1
EWR,2024-12-28,6.0,0.0,8.5,4.2
EWR,2024-12-29,2.0,0.0,21.2,10.1
EWR,2024-12-30,5.9,0.0,24.2,11.5
EWR,2024-12-31,6.2,0.0,13.7,6.2
EWR,2025-01-01,4.2,0.0,23.0,7.3
EWR,2025-01-02,0.0,0.0,25.4,2.5
EWR,2025-01-03,0.0,0.0,17.5,0.4
EWR,2025-01-04,0.0,0.0,26.0,-1.4
EWR,2025-01-05,0.0,0.0,20.7,-2.1
EWR,2025-01-06,1.9,1.4,19.4,-2.3
EWR,2025-01-07,0.1,0.07,29.8,-5.1
EWR,2025-01-08,0.0,0.0,24.7,-4.3
EWR,2025-01-09,0.0,0.0,28.9,-4.2
EWR,2025-01-10,0.0,0.0,23.5,-0.9
EWR,2025-01-11,1.5,1.05,18.0,-1.3
EWR,2025-01-12,0.0,0.0,15.8,1.0
EWR,2025-01-13,0.0,0.0,20.8,1.4
EWR,2025-01-14,0.0,0.0,20.2,-1.7
EWR,2025-01-15,0.1,0.07,23.2,-3.2
EWR,2025-01-16,0.4,0.28,11.7,-3.1
EWR,2025-01-17,0.0,0.0,11.2,-0.5
EWR,2025-01-18,2.4,0.0,14.2,2.7
EWR,2025-01-19,8.6,5.67,19.5,0.6
EWR,2025-01-20,0.1,0.07,16.8,-7.3
EWR,2025-01-21,0.5,0.35,11.3,-11.2
EWR,2025-01-22,0.0,0.0,12.7,-11.6
EWR,2025-01-23,0.0,0.0,10.8,-8.4
EWR,2025-01-24,0.0,0.0,11.2,-5.6
EWR,2025-01-25,0.0,0.0,12.6,-6.6
EWR,2025-01-26,0.0,0.0,17.9,-0.7
EWR,2025-01-27,0.0,0.0,17.7,-1.1
EWR,2025-01-28,0.0,0.0,23.1,1.0
EWR,2025-01-29,0.0,0.0,24.7,4.1
EWR,2025-01-30,0.0,0.0,19.7,-1.6
EWR,2025-01-31,10.8,0.0,15.3,3.8
EWR,2025-02-01,2.6,0.0,22.2,0.9
EWR,2025-02-02,1.1,0.77,12.9,-4.2
EWR,2025-02-03,0.1,0.07,11.4,2.3
EWR,2025-02-04,0.0,0.0,22.2,3.7
EWR,2025-02-05,0.0,0.0,14.4,-1.0
EWR,2025-02-06,9.5,4.34,17.5,1.3
EWR,2025-02-07,0.0,0.0,23.8,1.5
EWR,2025-02-08,6.4,3.99,10.3,-1.7
EWR,2025-02-09,7.2,0.98,15.0,0.0
EWR,2025-02-10,0.0,0.0,13.0,-1.8
EWR,2025-02-11,1.3,0.91,5.6,-3.8
EWR,2025-02-12,4.5,3.15,13.0,-0.8
EWR,2025-02-13,7.0,0.14,21.2,3.6
EWR,2025-02-14,0.0,0.0,17.9,-1.0
EWR,2025-02-15,7.2,2.17,13.8,-0.8
EWR,2025-02-16,24.5,0.0,30.1,2.9
EWR,2025-02-17,0.0,0.0,28.5,-1.6
EWR,2025-02-18,0.0,0.0,21.1,-5.3
EWR,2025-02-19,0.0,0.0,16.3,-5.1
EWR,2025-02-20,0.9,0.63,20.7,-4.9
EWR,2025-02-21,0.0,0.0,21.4,-4.0
EWR,2025-02-22,0.0,0.0,15.4,-2.1
EWR,2025-02-23,0.0,0.0,12.9,2.5
EWR,2025-02-24,0.0,0.0,14.2,3.9
EWR,2025-02-25,0.0,0.0,12.6,7.3
EWR,2025-02-26,0.3,0.0,19.1,7.5
EWR,2025-02-27,2.2,0.0,16.7,8.5
EWR,2025-02-28,0.0,0.0,17.7,6.0
EWR,2025-03-01,0.0,0.0,27.5,6.9
EWR,2025-03-02,0.0,0.0,18.4,-3.1
EWR,2025-03-03,0.0,0.0,13.3,-1.5
EWR,2025-03-04,0.0,0.0,15.6,5.1
EWR,2025-03-05,37.0,0.0,27.9,10.4
EWR,2025-03-06,1.6,0.0,26.2,9.3
EWR,2025-03-07,0.0,0.0,29.3,4.1
EWR,2025-03-08,0.0,0.0,22.6,3.8
EWR,2025-03-09,0.0,0.0,25.3,4.0
EWR,2025-03-10,0.0,0.0,14.9,9.8
EWR,2025-03-11,0.0,0.0,10.1,10.7
EWR,2025-03-12,0.0,0.0,16.7,7.4
EWR,2025-03-13,0.0,0.0,12.4,5.6
EWR,2025-03-14,0.0,0.0,10.3,6.0
EWR,2025-03-15,0.0,0.0,11.4,6.5
EWR,2025-03-16,2.7,0.0,24.9,13.8
EWR,2025-03-17,29.6,0.0,20.7,11.4
EWR,2025-03-18,0.0,0.0,19.0,7.0
EWR,2025-03-19,0.0,0.0,11.2,8.2
EWR,2025-03-20,13.8,0.0,17.1,7.9
EWR,2025-03-21,6.8,0.0,25.6,6.5
EWR,2025-03-22,0.0,0.0,24.6,8.6
EWR,2025-03-23,0.0,0.0,17.4,3.5
EWR,2025-03-24,13.4,0.0,17.7,7.2
EWR,2025-03-25,0.0,0.0,25.8,9.4
EWR,2025-03-26,0.2,0.0,18.9,6.1
EWR,2025-03-27,0.0,0.0,16.1,4.9
EWR,2025-03-28,0.0,0.0,14.6,10.3
EWR,2025-03-29,4.6,0.0,23.8,16.5
EWR,2025-03-30,0.4,0.0,10.1,8.4
EWR,2025-03-31,38.2,0.0,24.3,16.7
EWR,2025-04-01,6.2,0.0,23.9,8.7
EWR,2025-04-02,0.0,0.0,19.8,4.6
EWR,2025-04-03,3.7,0.0,18.8,15.1
EWR,2025-04-04,8.1,0.0,17.1,17.6
EWR,2025-04-05,2.6,0.0,17.7,9.5
EWR,2025-04-06,2.1,0.0,13.8,10.0
EWR,2025-04-07,9.0,0.0,11.9,6.2
EWR,2025-04-08,0.0,0.0,27.6,4.6
EWR,2025-04-09,0.0,0.0,17.0,3.4
EWR,2025-04-10,0.8,0.0,18.2,5.3
EWR,2025-04-11,12.0,0.0,18.6,6.0
EWR,2025-04-12,20.4,1.89,28.7,3.8
EWR,2025-04-13,0.0,0.0,20.2,8.8
EWR,2025-04-14,0.0,0.0,12.1,10.8
EWR,2025-04-15,2.7,0.0,29.5,13.2
EWR,2025-04-16,0.0,0.0,26.5,7.7
EWR,2025-04-17,0.0,0.0,14.0,9.4
EWR,2025-04-18,0.0,0.0,16.4,12.9
EWR,2025-04-19,0.0,0.0,20.3,21.0
EWR,2025-04-20,0.0,0.0,19.8,16.3
EWR,2025-04-21,0.2,0.0,15.5,10.6
EWR,2025-04-22,0.4,0.0,16.9,18.8
EWR,2025-04-23,0.0,0.0,16.0,18.3
EWR,2025-04-24,0.0,0.0,19.0,20.1
EWR,2025-04-25,0.0,0.0,17.2,20.0
EWR,2025-04-26,16.7,0.0,22.4,18.5
EWR,2025-04-27,0.0,0.0,31.3,11.8
EWR,2025-04-28,0.0,0.0,14.1,16.2
EWR,2025-04-29,0.0,0.0,20.8,19.2
EWR,2025-04-30,0.0,0.0,18.3,20.2
EWR,2025-05-01,0.0,0.0,15.3,14.9
EWR,2025-05-02,1.6,0.0,15.6,21.8
EWR,2025-05-03,13.6,0.0,20.8,22.4
EWR,2025-05-04,11.3,0.0,13.9,17.9
EWR,2025-05-05,10.9,0.0,14.6,15.6
EWR,2025-05-06,35.2,0.0,16.1,16.1
EWR,2025-05-07,0.2,0.0,12.5,17.7
EWR,2025-05-08,0.6,0.0,12.0,18.3
EWR,2025-05-09,19.2,0.0,13.9,14.1
EWR,2025-05-10,0.0,0.0,23.0,15.2
EWR,2025-05-11,0.0,0.0,12.0,18.1
EWR,2025-05-12,0.0,0.0,10.8,16.9
EWR,2025-05-13,4.0,0.0,12.8,17.4
EWR,2025-05-14,15.0,0.0,17.9,15.9
EWR,2025-05-15,1.5,0.0,10.9,17.9
EWR,2025-05-16,1.4,0.0,11.9,18.2
EWR,2025-05-17,3.6,0.0,19.1,22.0
EWR,2025-05-18,0.1,0.0,25.8,19.1
EWR,2025-05-19,0.0,0.0,22.2,16.2
EWR,2025-05-20,0.0,0.0,17.1,14.3
EWR,2025-05-21,5.5,0.0,19.5,12.3
EWR,2025-05-22,21.5,0.0,18.9,10.5
EWR,2025-05-23,1.7,0.0,14.3,12.1
EWR,2025-05-24,0.0,0.0,17.1,13.1
EWR,2025-05-25,0.0,0.0,18.0,14.8
EWR,2025-05-26,0.1,0.0,11.3,16.7
EWR,2025-05-27,0.0,0.0,13.4,18.6
EWR,2025-05-28,13.3,0.0,10.7,15.2
EWR,2025-05-29,3.5,0.0,13.2,17.2
EWR,2025-05-30,13.3,0.0,11.2,19.3
EWR,2025-05-31,34.0,0.0,25.0,16.1
EWR,2025-06-01,0.0,0.0,21.7,14.4
EWR,2025-06-02,0.0,0.0,11.7,16.4
EWR,2025-06-03,0.0,0.0,12.9,19.5
EWR,2025-06-04,0.0,0.0,14.5,23.1
EWR,2025-06-05,0.0,0.0,12.4,27.3
EWR,2025-06-06,0.2,0.0,16.3,26.9
EWR,2025-06-07,3.6,0.0,15.5,23.7
EWR,2025-06-08,1.8,0.0,16.3,19.7
EWR,2025-06-09,4.8,0.0,12.3,18.0
EWR,2025-06-10,14.0,0.0,13.5,20.5
EWR,2025-06-11,0.0,0.0,18.3,23.5
EWR,2025-06-12,0.1,0.0,16.3,26.5
EWR,2025-06-13,0.0,0.0,13.9,23.8
EWR,2025-06-14,6.8,0.0,14.1,18.4
EWR,2025-06-15,3.4,0.0,10.6,16.7
EWR,2025-06-16,13.3,0.0,12.1,17.6
EWR,2025-06-17,2.4,0.0,11.7,18.7
EWR,2025-06-18,11.0,0.0,11.1,22.0
EWR,2025-06-19,3.1,0.0,17.6,25.6
EWR,2025-06-20,0.2,0.0,17.9,23.8
EWR,2025-06-21,0.1,0.0,15.2,26.7
EWR,2025-06-22,0.3,0.0,18.0,28.7
EWR,2025-06-23,0.1,0.0,7.9,32.8
EWR,2025-06-24,0.0,0.0,15.0,34.6
EWR,2025-06-25,0.5,0.0,14.2,33.1
EWR,2025-06-26,0.4,0.0,15.5,25.8
EWR,2025-06-27,0.2,0.0,15.1,20.2
EWR,2025-06-28,1.1,0.0,14.8,24.1
EWR,2025-06-29,0.0,0.0,12.2,28.0
EWR,2025-06-30,1.6,0.0,17.3,28.0
EWR,2025-07-01,7.7,0.0,15.0,26.5
EWR,2025-07-02,3.5,0.0,8.5,25.2
EWR,2025-07-03,0.4,0.0,17.3,25.4
EWR,2025-07-04,0.0,0.0,12.2,23.1
EWR,2025-07-05,0.0,0.0,12.8,25.1
EWR,2025-07-06,0.0,0.0,15.7,27.6
EWR,2025-07-07,6.2,0.0,14.6,27.2
EWR,2025-07-08,17.5,0.0,15.9,27.6
EWR,2025-07-09,2.2,0.0,10.9,26.9
EWR,2025-07-10,16.0,0.0,7.8,24.3
EWR,2025-07-11,0.6,0.0,12.5,24.8
EWR,2025-07-12,0.0,0.0,14.5,25.2
EWR,2025-07-13,0.6,0.0,14.3,25.1
EWR,2025-07-14,13.5,0.0,15.6,25.8
EWR,2025-07-15,2.3,0.0,8.4,25.5
EWR,2025-07-16,4.5,0.0,12.3,26.7
EWR,2025-07-17,0.8,0.0,23.0,28.2
EWR,2025-07-18,0.0,0.0,14.9,26.3
EWR,2025-07-19,0.4,0.0,13.5,25.0
EWR,2025-07-20,5.7,0.0,16.9,27.4
EWR,2025-07-21,0.0,0.0,16.1,26.5
EWR,2025-07-22,0.0,0.0,14.1,23.5
EWR,2025-07-23,0.0,0.0,16.0,23.9
EWR,2025-07-24,0.0,0.0,14.5,26.5
EWR,2025-07-25,2.3,0.0,20.3,29.3
EWR,2025-07-26,0.0,0.0,15.2,26.2
EWR,2025-07-27,16.4,0.0,13.3,25.1
EWR,2025-07-28,0.0,0.0,12.4,29.4
EWR,2025-07-29,0.3,0.0,5.9,31.8
EWR,2025-07-30,1.0,0.0,10.0,31.3
EWR,2025-07-31,14.1,0.0,19.4,26.3
EWR,2025-08-01,1.6,0.0,17.9,20.1
EWR,2025-08-02,0.0,0.0,11.2,21.3
EWR,2025-08-03,0.0,0.0,9.7,22.4
EWR,2025-08-04,0.0,0.0,10.5,24.4
EWR,2025-08-05,0.0,0.0,11.9,24.5
EWR,2025-08-06,0.6,0.0,13.6,23.2
EWR,2025-08-07,0.0,0.0,15.4,22.5
EWR,2025-08-08,0.0,0.0,13.7,22.2
EWR,2025-08-09,0.0,0.0,11.4,23.2
EWR,2025-08-10,0.0,0.0,13.6,25.4
EWR,2025-08-11,0.0,0.0,13.9,26.0
EWR,2025-08-12,0.0,0.0,15.2,26.5
EWR,2025-08-13,1.9,0.0,12.7,27.2
EWR,2025-08-14,0.6,0.0,7.3,26.3
EWR,2025-08-15,0.0,0.0,13.9,26.5
EWR,2025-08-16,0.9,0.0,12.4,25.5
EWR,2025-08-17,2.1,0.0,16.9,27.1
EWR,2025-08-18,0.1,0.0,17.8,21.1
EWR,2025-08-19,0.0,0.0,14.5,20.5
EWR,2025-08-20,3.5,0.0,17.0,19.9
EWR,2025-08-21,0.0,0.0,23.3,18.4
EWR,2025-08-22,0.0,0.0,14.1,21.3
EWR,2025-08-23,0.0,0.0,19.4,22.7
EWR,2025-08-24,0.0,0.0,19.6,22.4
EWR,2025-08-25,0.0,0.0,20.1,24.8
EWR,2025-08-26,0.0,0.0,15.5,22.6
EWR,2025-08-27,0.2,0.0,15.7,20.4
EWR,2025-08-28,0.0,0.0,14.4,21.0
EWR,2025-08-29,0.2,0.0,16.2,21.9
EWR,2025-08-30,0.0,0.0,14.7,19.8
EWR,2025-08-31,0.0,0.0,17.1,20.8
EWR,2025-09-01,0.0,0.0,14.2,21.6
EWR,2025-09-02,0.0,0.0,15.6,21.0
EWR,2025-09-03,0.0,0.0,14.0,20.4
EWR,2025-09-04,5.0,0.0,19.5,21.2
EWR,2025-09-05,5.3,0.0,17.1,23.7
EWR,2025-09-06,22.6,0.0,16.0,23.7
EWR,2025-09-07,19.0,0.0,10.3,18.5
EWR,2025-09-08,0.0,0.0,10.3,17.8
EWR,2025-09-09,0.0,0.0,11.7,17.9
EWR,2025-09-10,4.6,0.0,15.2,17.7
EWR,2025-09-11,0.0,0.0,12.1,21.2
EWR,2025-09-12,0.0,0.0,10.4,20.9
EWR,2025-09-13,0.1,0.0,13.6,20.7
EWR,2025-09-14,0.5,0.0,12.3,22.0
EWR,2025-09-15,0.0,0.0,13.2,22.0
EWR,2025-09-16,0.0,0.0,17.0,20.4
EWR,2025-09-17,3.8,0.0,14.5,19.1
EWR,2025-09-18,0.0,0.0,11.0,22.6
EWR,2025-09-19,0.0,0.0,13.3,23.7
EWR,2025-09-20,0.0,0.0,13.2,19.5
EWR,2025-09-21,0.0,0.0,12.3,17.6
EWR,2025-09-22,0.0,0.0,12.9,17.7
EWR,2025-09-23,5.6,0.0,14.8,22.7
EWR,2025-09-24,6.3,0.0,17.2,21.5
EWR,2025-09-25,40.2,0.0,18.1,21.9
EWR,2025-09-26,0.0,0.0,9.0,22.3
EWR,2025-09-27,0.1,0.0,7.7,20.8
EWR,2025-09-28,0.1,0.0,9.2,22.5
EWR,2025-09-29,0.0,0.0,11.8,20.9
EWR,2025-09-30,0.0,0.0,15.7,20.6
EWR,2025-10-01,0.0,0.0,15.8,16.3
EWR,2025-10-02,0.0,0.0,11.3,14.4
EWR,2025-10-03,0.0,0.0,8.9,15.7
EWR,2025-10-04,0.0,0.0,10.9,19.5
EWR,2025-10-05,0.0,0.0,9.9,21.5
EWR,2025-10-06,0.0,0.0,12.3,20.5
EWR,2025-10-07,0.0,0.0,19.2,21.8
EWR,2025-10-08,6.7,0.0,17.5,19.0
EWR,2025-10-09,0.0,0.0,14.5,12.2
EWR,2025-10-10,0.0,0.0,11.3,11.1
EWR,2025-10-11,1.2,0.0,14.2,14.4
EWR,2025-10-12,11.5,0.0,26.0,14.9
EWR,2025-10-13,34.1,0.0,29.2,13.5
EWR,2025-10-14,0.1,0.0,20.7,14.0
EWR,2025-10-15,0.0,0.0,17.8,15.4
EWR,2025-10-16,0.0,0.0,19.2,10.9
EWR,2025-10-17,0.0,0.0,15.6,11.5
EWR,2025-10-18,0.0,0.0,9.2,12.5
EWR,2025-10-19,0.0,0.0,20.2,16.4
EWR,2025-10-20,7.3,0.0,25.1,15.7
EWR,2025-10-21,0.5,0.0,12.9,13.7
EWR,2025-10-22,2.4,0.0,22.3,13.9
EWR,2025-10-23,0.0,0.0,18.7,11.7
EWR,2025-10-24,0.0,0.0,12.4,10.5
EWR,2025-10-25,0.0,0.0,10.2,10.8
EWR,2025-10-26,0.0,0.0,9.3,11.1
EWR,2025-10-27,0.0,0.0,11.7,8.7
EWR,2025-10-28,0.0,0.0,20.9,9.0
EWR,2025-10-29,0.1,0.0,18.0,10.5
EWR,2025-10-30,45.2,0.0,29.3,13.8
EWR,2025-10-31,0.0,0.0,30.2,11.8
EWR,2025-11-01,0.0,0.0,22.7,10.6
EWR,2025-11-02,0.0,0.0,10.1,9.5
EWR,2025-11-03,0.1,0.0,18.9,10.4
EWR,2025-11-04,0.0,0.0,22.4,11.1
EWR,2025-11-05,0.0,0.0,23.4,11.5
EWR,2025-11-06,0.0,0.0,24.7,9.6
EWR,2025-11-07,0.0,0.0,19.1,8.9
EWR,2025-11-08,5.5,0.0,16.1,14.5
EWR,2025-11-09,1.0,0.0,17.3,12.9
EWR,2025-11-10,10.3,0.0,18.4,9.6
EWR,2025-11-11,1.2,0.84,28.6,2.4
EWR,2025-11-12,0.0,0.0,17.1,5.7
EWR,2025-11-13,0.8,0.0,23.2,7.4
EWR,2025-11-14,0.0,0.0,16.5,6.6
EWR,2025-11-15,1.0,0.0,12.3,6.2
EWR,2025-11-16,0.1,0.0,26.9,9.7
EWR,2025-11-17,0.0,0.0,25.7,4.2
EWR,2025-11-18,0.0,0.0,17.5,4.7
EWR,2025-11-19,6.7,0.7,9.1,4.8
EWR,2025-11-20,0.0,0.0,8.1,3.7
EWR,2025-11-21,0.0,0.0,14.0,7.3
EWR,2025-11-22,4.4,0.0,14.2,8.1
EWR,2025-11-23,0.0,0.0,13.5,4.1
EWR,2025-11-24,0.0,0.0,12.9,6.9
EWR,2025-11-25,11.5,0.0,16.3,7.7
EWR,2025-11-26,3.5,0.0,19.4,13.0
EWR,2025-11-27,0.0,0.0,20.4,5.4
EWR,2025-11-28,0.0,0.0,27.5,2.4
EWR,2025-11-29,0.0,0.0,17.0,1.9
EWR,2025-11-30,3.2,0.0,13.7,3.0
EWR,2025-12-01,0.0,0.0,19.2,3.1
EWR,2025-12-02,16.8,0.0,19.9,0.9
EWR,2025-12-03,0.0,0.0,18.6,1.3
EWR,2025-12-04,0.1,0.07,20.8,0.6
EWR,2025-12-05,0.0,0.0,15.7,-3.3
EWR,2025-12-06,0.2,0.14,11.7,0.6
EWR,2025-12-07,0.0,0.0,11.8,1.8
EWR,2025-12-08,0.0,0.0,18.9,-1.7
EWR,2025-12-09,0.0,0.0,16.0,-3.9
EWR,2025-12-10,3.4,0.0,19.1,2.5
EWR,2025-12-11,0.0,0.0,25.5,0.8
EWR,2025-12-12,0.0,0.0,15.8,-1.9
EWR,2025-12-13,0.8,0.56,8.8,-0.7
EWR,2025-12-14,10.7,7.49,19.8,-2.6
EWR,2025-12-15,0.1,0.07,18.1,-6.1
EWR,2025-12-16,0.0,0.0,13.5,-5.3
EWR,2025-12-17,0.0,0.0,16.6,-0.5
EWR,2025-12-18,0.0,0.0,11.0,1.9
EWR,2025-12-19,22.0,0.0,31.3,8.6
EWR,2025-12-20,0.0,0.0,19.3,-0.2
EWR,2025-12-21,0.0,0.0,23.1,2.4
EWR,2025-12-22,0.0,0.0,15.0,-0.7
EWR,2025-12-23,4.6,2.73,12.5,1.3
EWR,2025-12-24,0.0,0.0,24.6,3.8
EWR,2025-12-25,0.0,0.0,21.6,2.3
EWR,2025-12-26,7.2,5.04,12.6,-3.8
EWR,2025-12-27,4.9,2.8,16.5,-3.4
EWR,2025-12-28,1.1,0.0,9.2,-5.5
EWR,2025-12-29,5.4,0.0,27.0,3.5
EWR,2025-12-30,0.0,0.0,26.4,-1.4
EWR,2025-12-31,0.0,0.0,17.7,-2.2
SFO,2023-01-01,0.0,0.0,23.9,10.5
SFO,2023-01-02,33.0,0.0,27.3,8.2
SFO,2023-01-03,0.3,0.0,16.2,9.8
SFO,2023-01-04,36.4,0.0,37.7,11.9
SFO,2023-01-05,14.7,0.0,30.7,11.0
SFO,2023-01-06,0.0,0.0,13.2,11.6
SFO,2023-01-07,9.9,0.0,27.8,12.2
SFO,2023-01-08,22.6,0.0,29.6,13.2
SFO,2023-01-09,31.7,0.0,38.2,13.1
SFO,2023-01-10,24.4,0.0,36.6,10.8
SFO,2023-01-11,19.9,0.0,31.7,11.7
SFO,2023-01-12,0.0,0.0,17.6,14.4
SFO,2023-01-13,13.4,0.0,23.8,13.1
SFO,2023-01-14,33.9,0.0,29.8,11.6
SFO,2023-01-15,13.4,0.0,16.8,9.5
SFO,2023-01-16,20.7,0.0,26.7,9.4
SFO,2023-01-17,0.0,0.0,12.3,8.9
SFO,2023-01-18,1.2,0.0,21.8,9.2
SFO,2023-01-19,5.0,0.0,19.8,8.8
SFO,2023-01-20,0.0,0.0,15.1,7.7
SFO,2023-01-21,0.0,0.0,10.2,7.6
SFO,2023-01-22,0.0,0.0,20.6,10.0
SFO,2023-01-23,0.0,0.0,23.0,10.4
SFO,2023-01-24,0.0,0.0,14.0,9.7
SFO,2023-01-25,0.0,0.0,13.3,10.7
SFO,2023-01-26,0.0,0.0,14.7,12.3
SFO,2023-01-27,0.0,0.0,18.8,9.8
SFO,2023-01-28,0.0,0.0,19.8,9.3
SFO,2023-01-29,0.8,0.0,23.7,8.7
SFO,2023-01-30,0.0,0.0,16.7,6.8
SFO,2023-01-31,0.0,0.0,11.8,7.1
SFO,2023-02-01,0.0,0.0,9.2,7.4
SFO,2023-02-02,0.0,0.0,14.1,8.7
SFO,2023-02-03,16.1,0.0,15.8,10.4
SFO,2023-02-04,8.5,0.0,28.0,11.2
SFO,2023-02-05,15.5,0.0,27.0,9.7
SFO,2023-02-06,0.0,0.0,13.0,9.1
SFO,2023-02-07,0.0,0.0,11.0,9.4
SFO,2023-02-08,0.0,0.0,8.0,10.5
SFO,2023-02-09,0.0,0.0,13.6,10.7
SFO,2023-02-10,1.3,0.0,20.1,9.8
SFO,2023-02-11,6.1,0.0,25.4,8.4
SFO,2023-02-12,0.0,0.0,13.7,9.5
SFO,2023-02-13,0.0,0.0,38.0,9.7
SFO,2023-02-14,0.3,0.0,34.0,7.8
SFO,2023-02-15,0.0,0.0,15.8,7.4
SFO,2023-02-16,0.0,0.0,8.2,7.1
SFO,2023-02-17,0.0,0.0,10.4,8.7
SFO,2023-02-18,0.0,0.0,8.8,8.6
SFO,2023-02-19,0.0,0.0,8.4,10.0
SFO,2023-02-20,0.0,0.0,9.9,10.8
SFO,2023-02-21,0.0,0.0,47.7,9.0
SFO,2023-02-22,0.7,0.0,36.7,6.7
SFO,2023-02-23,4.2,0.56,21.9,5.8
SFO,2023-02-24,15.4,0.63,21.2,6.3
SFO,2023-02-25,1.3,0.0,12.6,6.3
SFO,2023-02-26,6.9,0.0,18.6,7.3
SFO,2023-02-27,13.9,0.0,29.5,6.7
SFO,2023-02-28,22.6,0.0,24.3,7.4
SFO,2023-03-01,0.0,0.0,22.1,7.0
SFO,2023-03-02,0.0,0.0,21.9,8.0
SFO,2023-03-03,0.0,0.0,18.7,9.0
SFO,2023-03-04,4.3,0.0,29.3,8.1
SFO,2023-03-05,6.9,0.0,28.2,7.9
SFO,2023-03-06,3.3,0.0,18.6,6.9
SFO,2023-03-07,1.5,0.0,15.0,7.4
SFO,2023-03-08,2.9,0.0,19.9,8.3
SFO,2023-03-09,34.5,0.0,35.0,8.4
SFO,2023-03-10,29.0,0.0,32.4,11.0
SFO,2023-03-11,6.9,0.0,22.4,10.7
SFO,2023-03-12,10.6,0.0,21.7,12.7
SFO,2023-03-13,2.6,0.0,26.7,13.6
SFO,2023-03-14,23.0,0.0,43.0,12.2
SFO,2023-03-15,0.0,0.0,18.8,9.3
SFO,2023-03-16,0.0,0.0,14.1,9.7
SFO,2023-03-17,0.0,0.0,10.7,10.3
SFO,2023-03-18,0.1,0.0,19.6,13.2
SFO,2023-03-19,22.2,0.0,22.8,11.4
SFO,2023-03-20,1.2,0.0,16.3,9.6
SFO,2023-03-21,37.1,0.0,34.5,8.8
SFO,2023-03-22,14.1,0.0,16.3,10.1
SFO,2023-03-23,0.9,0.0,25.3,10.2
SFO,2023-03-24,0.0,0.0,30.2,8.9
SFO,2023-03-25,0.0,0.0,29.0,8.6
SFO,2023-03-26,0.0,0.0,24.0,8.5
SFO,2023-03-27,0.0,0.0,12.6,8.7
SFO,2023-03-28,19.7,0.0,35.2,8.8
SFO,2023-03-29,11.0,0.07,17.7,8.1
SFO,2023-03-30,0.6,0.0,16.9,8.8
SFO,2023-03-31,1.6,0.0,11.3,9.1
SFO,2023-04-01,0.0,0.0,14.8,9.7
SFO,2023-04-02,0.9,0.0,24.6,10.1
SFO,2023-04-03,0.6,0.0,35.8,8.2
SFO,2023-04-04,0.0,0.0,26.7,8.3
SFO,2023-04-05,0.0,0.0,16.6,9.2
SFO,2023-04-06,0.0,0.0,13.8,10.0
SFO,2023-04-07,9.5,0.0,22.0,11.3
SFO,2023-04-08,0.0,0.0,11.8,11.5
SFO,2023-04-09,0.0,0.0,12.9,12.8
SFO,2023-04-10,0.3,0.0,21.3,12.7
SFO,2023-04-11,0.2,0.0,27.4,11.9
SFO,2023-04-12,0.0,0.0,31.4,9.9
SFO,2023-04-13,0.0,0.0,24.9,9.9
SFO,2023-04-14,0.0,0.0,20.1,9.8
SFO,2023-04-15,0.0,0.0,18.0,9.8
SFO,2023-04-16,0.0,0.0,18.6,10.3
SFO,2023-04-17,0.0,0.0,20.2,10.4
SFO,2023-04-18,1.1,0.0,17.8,10.2
SFO,2023-04-19,0.0,0.0,22.2,10.1
SFO,2023-04-20,0.0,0.0,19.4,11.4
SFO,2023-04-21,0.0,0.0,17.3,13.9
SFO,2023-04-22,0.0,0.0,25.1,13.3
SFO,2023-04-23,0.0,0.0,27.0,11.8
SFO,2023-04-24,0.0,0.0,25.3,11.4
SFO,2023-04-25,0.0,0.0,16.3,13.0
SFO,2023-04-26,0.0,0.0,11.8,15.2
SFO,2023-04-27,0.0,0.0,13.4,16.7
SFO,2023-04-28,0.0,0.0,16.2,14.3
SFO,2023-04-29,0.0,0.0,17.3,11.9
SFO,2023-04-30,0.0,0.0,31.4,11.6
SFO,2023-05-01,4.0,0.0,30.9,11.1
SFO,2023-05-02,12.6,0.0,14.3,10.5
SFO,2023-05-03,20.8,0.0,14.4,11.0
SFO,2023-05-04,0.7,0.0,16.1,11.2
SFO,2023-05-05,3.0,0.0,18.8,11.5
SFO,2023-05-06,3.4,0.0,17.5,12.4
SFO,2023-05-07,0.0,0.0,17.3,11.7
SFO,2023-05-08,1.8,0.0,15.5,12.0
SFO,2023-05-09,0.4,0.0,19.4,12.4
SFO,2023-05-10,0.0,0.0,17.6,12.1
SFO,2023-05-11,0.0,0.0,18.8,12.6
SFO,2023-05-12,0.0,0.0,18.1,13.3
SFO,2023-05-13,0.0,0.0,15.1,16.7
SFO,2023-05-14,0.0,0.0,26.2,15.3
SFO,2023-05-15,0.0,0.0,18.0,15.0
SFO,2023-05-16,0.0,0.0,15.9,14.0
SFO,2023-05-17,0.0,0.0,18.8,13.4
SFO,2023-05-18,0.0,0.0,22.0,13.6
SFO,2023-05-19,0.0,0.0,23.1,13.6
SFO,2023-05-20,0.0,0.0,20.5,13.2
SFO,2023-05-21,0.0,0.0,17.1,14.3
SFO,2023-05-22,0.0,0.0,19.0,14.2
SFO,2023-05-23,0.0,0.0,21.9,13.5
SFO,2023-05-24,0.0,0.0,19.9,13.4
SFO,2023-05-25,0.0,0.0,22.5,13.2
SFO,2023-05-26,0.1,0.0,19.7,13.7
SFO,2023-05-27,0.0,0.0,20.4,13.3
SFO,2023-05-28,0.0,0.0,18.2,13.1
SFO,2023-05-29,0.0,0.0,24.0,14.1
SFO,2023-05-30,0.0,0.0,20.6,14.0
SFO,2023-05-31,0.0,0.0,21.2,13.1
SFO,2023-06-01,0.0,0.0,20.6,13.6
SFO,2023-06-02,0.0,0.0,18.8,14.1
SFO,2023-06-03,0.0,0.0,18.2,15.0
SFO,2023-06-04,0.0,0.0,20.1,15.0
SFO,2023-06-05,0.0,0.0,25.5,13.8
SFO,2023-06-06,0.2,0.0,22.9,15.4
SFO,2023-06-07,0.0,0.0,21.1,15.6
SFO,2023-06-08,0.0,0.0,18.5,15.4
SFO,2023-06-09,0.0,0.0,19.3,14.5
SFO,2023-06-10,0.0,0.0,18.7,13.4
SFO,2023-06-11,0.0,0.0,24.4,14.1
SFO,2023-06-12,0.2,0.0,23.5,15.4
SFO,2023-06-13,0.0,0.0,20.4,15.0
SFO,2023-06-14,0.0,0.0,21.3,14.5
SFO,2023-06-15,0.0,0.0,21.8,15.1
SFO,2023-06-16,0.0,0.0,21.3,15.8
SFO,2023-06-17,0.0,0.0,20.4,15.3
SFO,2023-06-18,0.0,0.0,28.8,15.2
SFO,2023-06-19,0.0,0.0,29.9,13.8
SFO,2023-06-20,0.0,0.0,24.7,14.0
SFO,2023-06-21,0.0,0.0,19.8,13.9
SFO,2023-06-22,0.2,0.0,22.6,14.3
SFO,2023-06-23,0.1,0.0,20.2,14.9
SFO,2023-06-24,0.0,0.0,20.4,14.6
SFO,2023-06-25,0.0,0.0,18.4,14.1
SFO,2023-06-26,0.0,0.0,22.7,14.1
SFO,2023-06-27,0.0,0.0,24.0,13.7
SFO,2023-06-28,0.0,0.0,22.5,13.6
SFO,2023-06-29,0.0,0.0,17.9,15.1
SFO,2023-06-30,0.0,0.0,17.3,16.9
SFO,2023-07-01,0.0,0.0,16.3,20.2
SFO,2023-07-02,0.0,0.0,16.6,21.3
SFO,2023-07-03,0.0,0.0,21.0,16.0
SFO,2023-07-04,0.0,0.0,21.9,15.1
SFO,2023-07-05,0.0,0.0,25.7,14.8
SFO,2023-07-06,0.0,0.0,22.8,14.8
SFO,2023-07-07,0.0,0.0,27.0,14.3
SFO,2023-07-08,0.0,0.0,27.9,14.0
SFO,2023-07-09,0.0,0.0,27.0,14.7
SFO,2023-07-10,0.0,0.0,17.5,15.0
SFO,2023-07-11,0.0,0.0,17.9,16.0
SFO,2023-07-12,0.0,0.0,18.9,15.1
SFO,2023-07-13,0.0,0.0,19.5,16.1
SFO,2023-07-14,0.0,0.0,17.0,16.0
SFO,2023-07-15,0.0,0.0,15.2,17.2
SFO,2023-07-16,0.0,0.0,22.2,19.2
SFO,2023-07-17,0.0,0.0,22.3,18.2
SFO,2023-07-18,0.0,0.0,20.0,15.2
SFO,2023-07-19,0.0,0.0,18.1,14.9
SFO,2023-07-20,0.0,0.0,18.4,16.5
SFO,2023-07-21,0.0,0.0,18.7,17.4
SFO,2023-07-22,0.0,0.0,18.7,18.9
SFO,2023-07-23,0.0,0.0,21.6,17.0
SFO,2023-07-24,0.0,0.0,20.5,15.6
SFO,2023-07-25,0.0,0.0,19.0,16.6
SFO,2023-07-26,0.0,0.0,19.4,16.5
SFO,2023-07-27,0.0,0.0,20.8,15.7
SFO,2023-07-28,0.0,0.0,19.8,15.8
SFO,2023-07-29,0.0,0.0,19.5,15.8
SFO,2023-07-30,0.0,0.0,18.7,16.4
SFO,2023-07-31,0.0,0.0,22.0,15.9
SFO,2023-08-01,0.0,0.0,21.7,15.2
SFO,2023-08-02,0.0,0.0,25.6,15.3
SFO,2023-08-03,0.8,0.0,24.9,15.0
SFO,2023-08-04,0.0,0.0,20.6,15.1
SFO,2023-08-05,0.0,0.0,21.3,16.7
SFO,2023-08-06,0.0,0.0,19.4,18.5
SFO,2023-08-07,0.0,0.0,20.9,18.3
SFO,2023-08-08,0.0,0.0,29.4,16.2
SFO,2023-08-09,0.0,0.0,21.8,16.2
SFO,2023-08-10,0.0,0.0,22.7,16.8
SFO,2023-08-11,0.0,0.0,19.7,16.7
SFO,2023-08-12,0.0,0.0,16.9,18.4
SFO,2023-08-13,0.0,0.0,16.7,18.6
SFO,2023-08-14,0.0,0.0,17.4,18.8
SFO,2023-08-15,0.0,0.0,16.9,18.2
SFO,2023-08-16,0.0,0.0,18.2,18.4
SFO,2023-08-17,0.0,0.0,21.4,18.0
SFO,2023-08-18,0.0,0.0,23.3,18.1
SFO,2023-08-19,0.0,0.0,19.5,17.4
SFO,2023-08-20,0.0,0.0,17.2,19.5
SFO,2023-08-21,0.3,0.0,34.2,20.0
SFO,2023-08-22,0.0,0.0,17.2,20.3
SFO,2023-08-23,0.0,0.0,15.9,21.9
SFO,2023-08-24,0.0,0.0,25.2,19.9
SFO,2023-08-25,0.0,0.0,17.4,17.5
SFO,2023-08-26,0.0,0.0,17.7,16.3
SFO,2023-08-27,0.0,0.0,20.6,17.3
SFO,2023-08-28,0.0,0.0,20.5,17.6
SFO,2023-08-29,0.0,0.0,23.1,17.8
SFO,2023-08-30,0.0,0.0,16.6,20.1
SFO,2023-08-31,0.0,0.0,25.2,16.9
SFO,2023-09-01,1.1,0.0,19.1,16.8
SFO,2023-09-02,0.0,0.0,14.1,18.6
SFO,2023-09-03,0.0,0.0,16.2,17.8
SFO,2023-09-04,0.0,0.0,17.9,16.6
SFO,2023-09-05,0.0,0.0,16.9,17.1
SFO,2023-09-06,0.0,0.0,18.5,16.9
SFO,2023-09-07,0.0,0.0,16.6,16.6
SFO,2023-09-08,0.0,0.0,14.9,17.6
SFO,2023-09-09,0.0,0.0,15.8,16.5
SFO,2023-09-10,0.0,0.0,15.3,16.6
SFO,2023-09-11,0.0,0.0,23.1,16.7
SFO,2023-09-12,0.0,0.0,18.1,16.5
SFO,2023-09-13,0.0,0.0,15.6,16.8
SFO,2023-09-14,0.0,0.0,19.9,16.4
SFO,2023-09-15,0.0,0.0,17.6,16.9
SFO,2023-09-16,0.0,0.0,20.2,17.7
SFO,2023-09-17,0.0,0.0,20.1,17.7
SFO,2023-09-18,0.0,0.0,17.3,17.8
SFO,2023-09-19,0.0,0.0,20.0,16.3
SFO,2023-09-20,0.0,0.0,21.1,15.8
SFO,2023-09-21,0.0,0.0,21.7,16.3
SFO,2023-09-22,0.0,0.0,16.6,16.0
SFO,2023-09-23,0.0,0.0,17.3,15.0
SFO,2023-09-24,0.0,0.0,18.0,15.8
SFO,2023-09-25,0.0,0.0,19.4,18.0
SFO,2023-09-26,0.3,0.0,16.1,18.5
SFO,2023-09-27,0.0,0.0,26.8,17.1
SFO,2023-09-28,0.0,0.0,18.7,16.7
SFO,2023-09-29,1.0,0.0,23.1,16.9
SFO,2023-09-30,0.9,0.0,19.8,15.5
SFO,2023-10-01,0.0,0.0,12.7,15.7
SFO,2023-10-02,0.0,0.0,14.1,15.5
SFO,2023-10-03,0.0,0.0,11.5,16.8
SFO,2023-10-04,0.0,0.0,11.3,21.9
SFO,2023-10-05,0.0,0.0,13.7,24.0
SFO,2023-10-06,0.0,0.0,13.8,23.9
SFO,2023-10-07,0.0,0.0,15.0,21.9
SFO,2023-10-08,0.0,0.0,17.5,17.0
SFO,2023-10-09,1.5,0.0,14.5,17.0
SFO,2023-10-10,0.5,0.0,19.9,17.0
SFO,2023-10-11,0.0,0.0,27.1,15.6
SFO,2023-10-12,0.0,0.0,13.9,16.1
SFO,2023-10-13,0.0,0.0,14.2,15.5
SFO,2023-10-14,0.0,0.0,17.7,17.4
SFO,2023-10-15,0.0,0.0,13.8,17.7
SFO,2023-10-16,0.0,0.0,12.1,18.0
SFO,2023-10-17,0.0,0.0,15.1,17.4
SFO,2023-10-18,0.0,0.0,10.2,19.4
SFO,2023-10-19,0.0,0.0,16.4,21.8
SFO,2023-10-20,0.0,0.0,17.1,15.9
SFO,2023-10-21,0.0,0.0,18.2,15.9
SFO,2023-10-22,4.1,0.0,24.0,16.9
SFO,2023-10-23,0.2,0.0,17.7,16.1
SFO,2023-10-24,0.0,0.0,16.6,15.5
SFO,2023-10-25,0.0,0.0,21.9,15.0
SFO,2023-10-26,0.0,0.0,16.6,13.1
SFO,2023-10-27,0.0,0.0,24.2,12.4
SFO,2023-10-28,0.0,0.0,15.2,13.4
SFO,2023-10-29,0.0,0.0,16.4,15.0
SFO,2023-10-30,0.0,0.0,11.4,15.2
SFO,2023-10-31,0.0,0.0,10.1,15.6
SFO,2023-11-01,0.0,0.0,9.4,16.5
SFO,2023-11-02,0.0,0.0,13.6,16.3
SFO,2023-11-03,0.0,0.0,13.1,17.2
SFO,2023-11-04,0.0,0.0,16.8,16.5
SFO,2023-11-05,5.7,0.0,16.9,16.7
SFO,2023-11-06,3.0,0.0,16.6,15.8
SFO,2023-11-07,0.3,0.0,20.8,13.4
SFO,2023-11-08,0.0,0.0,12.2,13.6
SFO,2023-11-09,0.0,0.0,12.0,12.8
SFO,2023-11-10,0.6,0.0,9.7,13.1
SFO,2023-11-11,0.0,0.0,8.9,14.4
SFO,2023-11-12,0.0,0.0,13.5,13.9
SFO,2023-11-13,0.0,0.0,13.6,13.8
SFO,2023-11-14,7.7,0.0,15.9,15.6
SFO,2023-11-15,10.1,0.0,13.4,14.9
SFO,2023-11-16,16.9,0.0,11.1,14.7
SFO,2023-11-17,26.2,0.0,14.0,14.5
SFO,2023-11-18,9.9,0.0,25.0,15.2
SFO,2023-11-19,0.0,0.0,23.0,12.7
SFO,2023-11-20,0.0,0.0,16.7,12.5
SFO,2023-11-21,0.0,0.0,8.4,12.2
SFO,2023-11-22,0.0,0.0,9.8,12.7
SFO,2023-11-23,0.0,0.0,13.0,13.5
SFO,2023-11-24,0.0,0.0,14.4,10.9
SFO,2023-11-25,0.0,0.0,12.7,10.7
SFO,2023-11-26,0.0,0.0,9.4,10.5
SFO,2023-11-27,0.0,0.0,8.8,10.3
SFO,2023-11-28,0.0,0.0,12.6,11.8
SFO,2023-11-29,10.0,0.0,11.3,12.0
SFO,2023-11-30,0.0,0.0,27.2,12.2
SFO,2023-12-01,0.0,0.0,23.5,11.8
SFO,2023-12-02,1.8,0.0,14.1,13.2
SFO,2023-12-03,1.6,0.0,8.7,13.3
SFO,2023-12-04,0.0,0.0,9.4,13.5
SFO,2023-12-05,0.0,0.0,9.0,13.7
SFO,2023-12-06,8.4,0.0,25.9,13.0
SFO,2023-12-07,5.2,0.0,24.1,11.4
SFO,2023-12-08,0.0,0.0,13.8,9.7
SFO,2023-12-09,0.0,0.0,12.5,9.8
SFO,2023-12-10,0.0,0.0,9.4,9.0
SFO,2023-12-11,0.0,0.0,12.1,10.8
SFO,2023-12-12,0.0,0.0,10.6,11.9
SFO,2023-12-13,0.0,0.0,10.7,10.7
SFO,2023-12-14,0.0,0.0,7.0,10.4
SFO,2023-12-15,0.0,0.0,9.1,10.9
SFO,2023-12-16,0.0,0.0,9.4,11.9
SFO,2023-12-17,51.3,0.0,12.0,11.3
SFO,2023-12-18,20.9,0.0,23.0,13.3
SFO,2023-12-19,6.7,0.0,22.4,14.7
SFO,2023-12-20,29.5,0.0,18.6,12.8
SFO,2023-12-21,0.0,0.0,9.1,12.8
SFO,2023-12-22,0.0,0.0,21.1,12.8
SFO,2023-12-23,0.0,0.0,11.3,9.9
SFO,2023-12-24,0.0,0.0,9.5,10.0
SFO,2023-12-25,0.0,0.0,10.0,9.5
SFO,2023-12-26,0.0,0.0,9.3,10.1
SFO,2023-12-27,3.1,0.0,25.6,13.5
SFO,2023-12-28,1.5,0.0,10.9,15.1
SFO,2023-12-29,20.9,0.0,32.2,14.8
SFO,2023-12-30,8.7,0.0,13.8,12.0
SFO,2023-12-31,0.9,0.0,7.2,10.6
SFO,2024-01-01,0.0,0.0,9.7,9.8
SFO,2024-01-02,7.6,0.0,26.4,11.1
SFO,2024-01-03,2.3,0.0,22.1,10.5
SFO,2024-01-04,0.1,0.0,20.3,11.1
SFO,2024-01-05,2.1,0.0,12.3,11.7
SFO,2024-01-06,3.9,0.0,29.5,10.0
SFO,2024-01-07,0.0,0.0,19.5,8.2
SFO,2024-01-08,0.0,0.0,9.4,8.5
SFO,2024-01-09,3.5,0.0,28.7,10.5
SFO,2024-01-10,9.1,0.0,31.4,10.2
SFO,2024-01-11,0.0,0.0,29.9,8.8
SFO,2024-01-12,0.0,0.0,12.2,9.4
SFO,2024-01-13,13.1,0.0,29.0,10.4
SFO,2024-01-14,1.9,0.0,27.0,12.2
SFO,2024-01-15,0.0,0.0,10.7,10.0
SFO,2024-01-16,9.1,0.0,21.2,10.9
SFO,2024-01-17,0.4,0.0,17.6,11.7
SFO,2024-01-18,0.0,0.0,9.8,11.2
SFO,2024-01-19,5.9,0.0,18.8,11.5
SFO,2024-01-20,6.7,0.0,25.2,13.1
SFO,2024-01-21,6.8,0.0,29.2,13.5
SFO,2024-01-22,13.1,0.0,33.4,13.3
SFO,2024-01-23,1.5,0.0,16.0,12.7
SFO,2024-01-24,7.1,0.0,21.3,12.9
SFO,2024-01-25,0.0,0.0,12.5,12.1
SFO,2024-01-26,0.0,0.0,6.9,12.4
SFO,2024-01-27,0.0,0.0,11.5,13.3
SFO,2024-01-28,0.1,0.0,12.3,14.5
SFO,2024-01-29,0.0,0.0,6.8,14.8
SFO,2024-01-30,0.0,0.0,14.0,13.5
SFO,2024-01-31,32.6,0.0,32.4,13.7
SFO,2024-02-01,6.0,0.0,18.6,11.4
SFO,2024-02-02,3.3,0.0,20.2,10.1
SFO,2024-02-03,8.6,0.0,22.7,9.5
SFO,2024-02-04,32.2,0.0,44.3,11.8
SFO,2024-02-05,8.1,0.0,33.4,11.2
SFO,2024-02-06,0.6,0.0,16.3,9.8
SFO,2024-02-07,11.2,0.0,33.0,9.9
SFO,2024-02-08,0.1,0.0,18.2,8.6
SFO,2024-02-09,0.0,0.0,15.7,8.6
SFO,2024-02-10,0.0,0.0,16.4,10.3
SFO,2024-02-11,0.0,0.0,9.6,11.1
SFO,2024-02-12,0.0,0.0,8.9,10.4
SFO,2024-02-13,1.0,0.0,13.4,10.7
SFO,2024-02-14,11.7,0.0,29.0,11.2
SFO,2024-02-15,1.1,0.0,10.6,11.5
SFO,2024-02-16,0.0,0.0,8.8,12.2
SFO,2024-02-17,14.2,0.0,30.4,12.8
SFO,2024-02-18,11.4,0.0,27.2,13.4
SFO,2024-02-19,8.2,0.0,35.9,12.9
SFO,2024-02-20,6.4,0.0,18.0,11.7
SFO,2024-02-21,2.9,0.0,14.5,10.7
SFO,2024-02-22,0.3,0.0,7.1,10.9
SFO,2024-02-23,0.0,0.0,13.0,11.9
SFO,2024-02-24,0.0,0.0,7.6,14.1
SFO,2024-02-25,0.0,0.0,16.1,12.1
SFO,2024-02-26,0.2,0.0,22.7,11.9
SFO,2024-02-27,0.0,0.0,17.9,10.5
SFO,2024-02-28,0.0,0.0,12.0,10.7
SFO,2024-02-29,8.4,0.0,30.8,11.9
SFO,2024-03-01,15.2,0.0,35.4,10.9
SFO,2024-03-02,10.5,0.21,33.4,9.3
SFO,2024-03-03,3.8,0.0,24.0,9.6
SFO,2024-03-04,0.4,0.0,15.6,10.1
SFO,2024-03-05,0.9,0.0,22.3,12.3
SFO,2024-03-06,14.8,0.0,16.6,11.6
SFO,2024-03-07,0.0,0.0,18.9,10.8
SFO,2024-03-08,0.0,0.0,10.4,11.2
SFO,2024-03-09,0.0,0.0,18.9,11.3
SFO,2024-03-10,0.0,0.0,19.9,11.7
SFO,2024-03-11,4.2,0.0,16.9,11.6
SFO,2024-03-12,4.2,0.0,22.9,12.2
SFO,2024-03-13,0.0,0.0,21.7,11.7
SFO,2024-03-14,0.0,0.0,29.3,14.0
SFO,2024-03-15,0.0,0.0,25.2,15.5
SFO,2024-03-16,0.0,0.0,15.1,13.5
SFO,2024-03-17,0.0,0.0,15.1,12.4
SFO,2024-03-18,0.0,0.0,11.2,12.7
SFO,2024-03-19,0.0,0.0,14.9,12.4
SFO,2024-03-20,0.0,0.0,12.3,12.2
SFO,2024-03-21,0.0,0.0,14.3,13.0
SFO,2024-03-22,9.7,0.0,27.5,13.3
SFO,2024-03-23,14.2,0.0,23.7,10.8
SFO,2024-03-24,6.3,0.0,32.6,11.2
SFO,2024-03-25,0.2,0.0,26.6,11.8
SFO,2024-03-26,0.0,0.0,21.1,11.8
SFO,2024-03-27,3.8,0.0,24.6,11.7
SFO,2024-03-28,0.6,0.0,22.0,11.8
SFO,2024-03-29,20.4,0.0,23.8,9.7
SFO,2024-03-30,6.6,0.0,18.3,11.3
SFO,2024-03-31,0.0,0.0,18.0,12.0
SFO,2024-04-01,0.0,0.0,13.6,12.7
SFO,2024-04-02,0.0,0.0,13.8,12.8
SFO,2024-04-03,0.3,0.0,25.5,12.0
SFO,2024-04-04,11.5,0.14,24.5,8.5
SFO,2024-04-05,1.5,0.0,33.7,8.9
SFO,2024-04-06,0.8,0.0,16.8,10.4
SFO,2024-04-07,0.9,0.0,23.7,10.9
SFO,2024-04-08,0.0,0.0,18.9,12.4
SFO,2024-04-09,0.0,0.0,14.1,13.1
SFO,2024-04-10,0.0,0.0,13.7,14.2
SFO,2024-04-11,0.0,0.0,19.1,13.8
SFO,2024-04-12,0.0,0.0,26.9,12.1
SFO,2024-04-13,16.6,0.0,25.1,10.5
SFO,2024-04-14,7.8,0.0,18.9,10.5
SFO,2024-04-15,0.4,0.0,13.4,12.2
SFO,2024-04-16,0.0,0.0,13.7,13.5
SFO,2024-04-17,0.0,0.0,12.7,14.6
SFO,2024-04-18,0.0,0.0,16.3,14.1
SFO,2024-04-19,0.0,0.0,16.3,12.7
SFO,2024-04-20,0.0,0.0,19.1,13.2
SFO,2024-04-21,0.0,0.0,14.0,15.0
SFO,2024-04-22,0.0,0.0,25.8,14.4
SFO,2024-04-23,0.0,0.0,22.9,13.7
SFO,2024-04-24,1.3,0.0,15.3,13.8
SFO,2024-04-25,0.0,0.0,31.4,12.9
SFO,2024-04-26,0.3,0.0,33.6,13.3
SFO,2024-04-27,0.0,0.0,29.5,12.5
SFO,2024-04-28,0.0,0.0,31.4,13.5
SFO,2024-04-29,0.0,0.0,34.9,12.8
SFO,2024-04-30,0.0,0.0,25.1,12.1
SFO,2024-05-01,0.0,0.0,20.6,13.6
SFO,2024-05-02,0.0,0.0,29.4,13.4
SFO,2024-05-03,0.0,0.0,29.2,13.3
SFO,2024-05-04,23.4,0.0,25.1,11.1
SFO,2024-05-05,0.0,0.0,24.7,10.5
SFO,2024-05-06,0.0,0.0,19.1,11.9
SFO,2024-05-07,0.0,0.0,19.6,12.5
SFO,2024-05-08,0.0,0.0,22.1,16.3
SFO,2024-05-09,0.0,0.0,18.4,18.6
SFO,2024-05-10,0.0,0.0,14.7,18.3
SFO,2024-05-11,0.0,0.0,15.8,17.1
SFO,2024-05-12,0.0,0.0,15.9,14.7
SFO,2024-05-13,0.0,0.0,19.4,13.3
SFO,2024-05-14,0.0,0.0,18.2,13.5
SFO,2024-05-15,0.0,0.0,18.5,14.0
SFO,2024-05-16,0.0,0.0,23.2,14.3
SFO,2024-05-17,0.0,0.0,20.2,14.0
SFO,2024-05-18,0.0,0.0,28.5,13.2
SFO,2024-05-19,0.0,0.0,24.5,12.8
SFO,2024-05-20,0.0,0.0,18.4,13.9
SFO,2024-05-21,0.0,0.0,18.8,15.2
SFO,2024-05-22,0.0,0.0,25.6,14.0
SFO,2024-05-23,0.0,0.0,24.7,13.5
SFO,2024-05-24,0.2,0.0,29.9,12.1
SFO,2024-05-25,0.5,0.0,24.7,12.6
SFO,2024-05-26,0.0,0.0,16.3,13.2
SFO,2024-05-27,0.0,0.0,20.0,12.9
SFO,2024-05-28,0.0,0.0,23.5,13.5
SFO,2024-05-29,0.0,0.0,20.8,15.4
SFO,2024-05-30,0.0,0.0,15.5,16.7
SFO,2024-05-31,0.0,0.0,20.0,16.3
SFO,2024-06-01,0.0,0.0,35.3,13.5
SFO,2024-06-02,0.0,0.0,29.3,14.1
SFO,2024-06-03,0.0,0.0,20.7,14.8
SFO,2024-06-04,0.0,0.0,30.3,17.2
SFO,2024-06-05,0.0,0.0,18.8,18.5
SFO,2024-06-06,0.0,0.0,19.7,15.9
SFO,2024-06-07,0.0,0.0,29.1,15.0
SFO,2024-06-08,0.0,0.0,26.3,14.8
SFO,2024-06-09,0.0,0.0,26.2,14.6
SFO,2024-06-10,0.0,0.0,18.1,15.5
SFO,2024-06-11,0.0,0.0,19.2,17.8
SFO,2024-06-12,0.0,0.0,28.9,15.1
SFO,2024-06-13,0.0,0.0,24.5,13.7
SFO,2024-06-14,0.0,0.0,25.4,14.4
SFO,2024-06-15,0.0,0.0,30.0,14.7
SFO,2024-06-16,0.0,0.0,31.6,14.4
SFO,2024-06-17,0.0,0.0,29.3,16.0
SFO,2024-06-18,0.0,0.0,21.6,15.6
SFO,2024-06-19,0.0,0.0,20.3,13.7
SFO,2024-06-20,0.0,0.0,21.8,13.4
SFO,2024-06-21,0.0,0.0,19.1,14.2
SFO,2024-06-22,0.0,0.0,16.5,17.5
SFO,2024-06-23,0.0,0.0,18.7,16.0
SFO,2024-06-24,0.0,0.0,17.9,16.5
SFO,2024-06-25,0.0,0.0,17.3,16.8
SFO,2024-06-26,0.0,0.0,21.1,14.2
SFO,2024-06-27,0.0,0.0,24.1,14.8
SFO,2024-06-28,0.0,0.0,18.5,16.5
SFO,2024-06-29,0.0,0.0,20.6,17.6
SFO,2024-06-30,0.0,0.0,26.4,17.2
SFO,2024-07-01,0.0,0.0,20.5,17.2
SFO,2024-07-02,0.0,0.0,16.7,22.4
SFO,2024-07-03,0.0,0.0,17.9,24.7
SFO,2024-07-04,0.0,0.0,16.1,21.5
SFO,2024-07-05,0.0,0.0,17.4,19.8
SFO,2024-07-06,0.0,0.0,17.9,20.1
SFO,2024-07-07,0.0,0.0,18.9,18.8
SFO,2024-07-08,0.0,0.0,18.3,17.3
SFO,2024-07-09,0.0,0.0,17.9,17.6
SFO,2024-07-10,0.0,0.0,15.3,19.3
SFO,2024-07-11,0.0,0.0,16.7,21.2
SFO,2024-07-12,0.0,0.0,18.1,19.1
SFO,2024-07-13,0.0,0.0,23.2,16.4
SFO,2024-07-14,0.0,0.0,22.1,16.6
SFO,2024-07-15,0.0,0.0,19.6,16.2
SFO,2024-07-16,0.0,0.0,22.8,16.5
SFO,2024-07-17,0.0,0.0,19.9,16.7
SFO,2024-07-18,0.0,0.0,21.3,17.4
SFO,2024-07-19,0.0,0.0,22.3,19.9
SFO,2024-07-20,0.0,0.0,26.3,17.2
SFO,2024-07-21,0.0,0.0,27.6,15.8
SFO,2024-07-22,0.0,0.0,17.6,18.3
SFO,2024-07-23,0.0,0.0,20.1,22.1
SFO,2024-07-24,0.0,0.0,18.4,22.2
SFO,2024-07-25,0.0,0.0,15.6,18.7
SFO,2024-07-26,0.0,0.0,21.4,16.4
SFO,2024-07-27,0.1,0.0,22.1,15.3
SFO,2024-07-28,0.0,0.0,20.0,15.7
SFO,2024-07-29,0.0,0.0,24.3,16.3
SFO,2024-07-30,0.0,0.0,16.9,16.4
SFO,2024-07-31,0.0,0.0,16.6,16.8
SFO,2024-08-01,0.0,0.0,15.3,16.6
SFO,2024-08-02,0.0,0.0,15.9,16.5
SFO,2024-08-03,0.0,0.0,17.3,17.2
SFO,2024-08-04,0.0,0.0,18.4,15.2
SFO,2024-08-05,0.0,0.0,18.4,15.1
SFO,2024-08-06,0.0,0.0,16.3,17.8
SFO,2024-08-07,0.0,0.0,20.0,17.3
SFO,2024-08-08,0.0,0.0,17.4,15.8
SFO,2024-08-09,0.0,0.0,20.5,15.4
SFO,2024-08-10,0.0,0.0,20.3,16.5
SFO,2024-08-11,0.0,0.0,17.5,15.0
SFO,2024-08-12,0.0,0.0,19.9,15.6
SFO,2024-08-13,0.0,0.0,21.7,16.3
SFO,2024-08-14,0.0,0.0,22.3,16.4
SFO,2024-08-15,0.0,0.0,25.1,16.1
SFO,2024-08-16,0.0,0.0,22.7,16.6
SFO,2024-08-17,0.1,0.0,19.9,18.0
SFO,2024-08-18,0.0,0.0,18.1,17.1
SFO,2024-08-19,0.0,0.0,20.0,16.5
SFO,2024-08-20,0.0,0.0,20.5,17.9
SFO,2024-08-21,0.0,0.0,24.1,17.0
SFO,2024-08-22,0.3,0.0,22.0,17.2
SFO,2024-08-23,0.3,0.0,14.2,17.4
SFO,2024-08-24,0.2,0.0,17.9,18.8
SFO,2024-08-25,0.0,0.0,16.3,18.5
SFO,2024-08-26,0.0,0.0,14.4,19.2
SFO,2024-08-27,0.0,0.0,15.7,20.0
SFO,2024-08-28,0.0,0.0,19.5,19.0
SFO,2024-08-29,0.0,0.0,18.4,17.1
SFO,2024-08-30,0.0,0.0,18.0,17.7
SFO,2024-08-31,0.0,0.0,16.6,16.6
SFO,2024-09-01,0.0,0.0,20.1,17.0
SFO,2024-09-02,0.0,0.0,20.9,17.4
SFO,2024-09-03,0.0,0.0,15.4,20.5
SFO,2024-09-04,0.0,0.0,15.1,19.8
SFO,2024-09-05,0.0,0.0,14.4,18.8
SFO,2024-09-06,0.0,0.0,14.5,17.5
SFO,2024-09-07,0.0,0.0,15.3,16.3
SFO,2024-09-08,0.0,0.0,14.6,17.2
SFO,2024-09-09,0.0,0.0,18.1,16.5
SFO,2024-09-10,0.0,0.0,19.8,15.5
SFO,2024-09-11,0.0,0.0,33.4,16.4
SFO,2024-09-12,0.1,0.0,22.5,16.9
SFO,2024-09-13,0.0,0.0,16.8,17.5
SFO,2024-09-14,0.0,0.0,21.4,15.8
SFO,2024-09-15,0.0,0.0,32.1,15.3
SFO,2024-09-16,0.1,0.0,27.2,15.6
SFO,2024-09-17,0.0,0.0,20.0,14.7
SFO,2024-09-18,1.8,0.0,14.7,16.8
SFO,2024-09-19,0.0,0.0,16.8,15.5
SFO,2024-09-20,0.0,0.0,15.8,15.8
SFO,2024-09-21,0.0,0.0,16.6,16.8
SFO,2024-09-22,0.0,0.0,14.0,17.1
SFO,2024-09-23,0.0,0.0,12.3,20.9
SFO,2024-09-24,0.0,0.0,17.3,20.3
SFO,2024-09-25,0.0,0.0,23.3,15.9
SFO,2024-09-26,0.0,0.0,13.3,16.6
SFO,2024-09-27,0.0,0.0,12.3,19.3
SFO,2024-09-28,0.0,0.0,16.1,15.9
SFO,2024-09-29,0.0,0.0,16.7,16.4
SFO,2024-09-30,0.0,0.0,12.5,21.0
SFO,2024-10-01,0.0,0.0,13.3,25.6
SFO,2024-10-02,0.0,0.0,13.3,25.7
SFO,2024-10-03,0.0,0.0,12.7,22.3
SFO,2024-10-04,0.0,0.0,15.1,21.1
SFO,2024-10-05,0.0,0.0,12.8,25.6
SFO,2024-10-06,0.0,0.0,15.3,27.6
SFO,2024-10-07,0.0,0.0,18.9,23.9
SFO,2024-10-08,0.0,0.0,19.0,18.2
SFO,2024-10-09,0.0,0.0,16.1,16.5
SFO,2024-10-10,0.0,0.0,14.9,16.2
SFO,2024-10-11,0.0,0.0,16.9,15.7
SFO,2024-10-12,0.0,0.0,14.6,19.0
SFO,2024-10-13,0.5,0.0,15.5,18.8
SFO,2024-10-14,0.0,0.0,17.7,15.0
SFO,2024-10-15,0.0,0.0,18.9,16.6
SFO,2024-10-16,2.2,0.0,18.0,16.0
SFO,2024-10-17,0.0,0.0,31.9,15.5
SFO,2024-10-18,0.0,0.0,23.4,17.5
SFO,2024-10-19,0.0,0.0,18.4,19.4
SFO,2024-10-20,0.0,0.0,10.4,18.5
SFO,2024-10-21,0.0,0.0,14.3,14.6
SFO,2024-10-22,0.0,0.0,13.0,14.2
SFO,2024-10-23,0.0,0.0,14.5,15.5
SFO,2024-10-24,0.0,0.0,11.7,17.0
SFO,2024-10-25,0.0,0.0,12.7,16.7
SFO,2024-10-26,0.0,0.0,11.3,17.0
SFO,2024-10-27,0.1,0.0,13.9,16.8
SFO,2024-10-28,0.3,0.0,22.7,13.9
SFO,2024-10-29,0.0,0.0,14.8,12.9
SFO,2024-10-30,0.9,0.0,17.3,12.9
SFO,2024-10-31,1.5,0.0,20.7,13.5
SFO,2024-11-01,0.8,0.0,24.5,14.0
SFO,2024-11-02,2.2,0.0,23.1,13.6
SFO,2024-11-03,0.0,0.0,21.0,14.1
SFO,2024-11-04,0.0,0.0,16.1,15.4
SFO,2024-11-05,0.0,0.0,15.6,14.9
SFO,2024-11-06,0.0,0.0,26.5,16.1
SFO,2024-11-07,0.0,0.0,9.1,14.7
SFO,2024-11-08,0.0,0.0,9.8,14.0
SFO,2024-11-09,0.0,0.0,8.8,14.0
SFO,2024-11-10,0.0,0.0,12.7,13.6
SFO,2024-11-11,5.7,0.0,34.5,13.8
SFO,2024-11-12,0.0,0.0,10.5,11.9
SFO,2024-11-13,0.7,0.0,23.0,12.1
SFO,2024-11-14,1.7,0.0,17.1,12.1
SFO,2024-11-15,0.0,0.0,18.3,11.0
SFO,2024-11-16,0.0,0.0,8.9,9.9
SFO,2024-11-17,1.0,0.0,20.6,10.5
SFO,2024-11-18,0.0,0.0,20.9,10.7
SFO,2024-11-19,0.0,0.0,12.9,9.9
SFO,2024-11-20,0.6,0.0,31.2,13.8
SFO,2024-11-21,5.1,0.0,30.1,15.6
SFO,2024-11-22,45.5,0.0,29.0,15.3
SFO,2024-11-23,3.8,0.0,14.8,12.0
SFO,2024-11-24,0.1,0.0,15.4,11.2
SFO,2024-11-25,8.5,0.0,13.6,12.1
SFO,2024-11-26,1.5,0.0,9.8,11.9
SFO,2024-11-27,0.0,0.0,10.4,10.7
SFO,2024-11-28,0.0,0.0,9.3,9.2
SFO,2024-11-29,0.0,0.0,10.6,9.6
SFO,2024-11-30,0.0,0.0,10.8,10.1
SFO,2024-12-01,0.2,0.0,10.1,11.7
SFO,2024-12-02,0.0,0.0,6.5,12.2
SFO,2024-12-03,0.0,0.0,6.1,12.3
SFO,2024-12-04,0.0,0.0,7.0,12.2
SFO,2024-12-05,0.0,0.0,7.3,12.4
SFO,2024-12-06,0.0,0.0,6.5,12.5
SFO,2024-12-07,0.0,0.0,8.8,11.5
SFO,2024-12-08,0.0,0.0,7.0,11.9
SFO,2024-12-09,0.0,0.0,13.0,11.6
SFO,2024-12-10,0.0,0.0,14.0,10.1
SFO,2024-12-11,0.0,0.0,10.3,10.1
SFO,2024-12-12,20.2,0.0,23.2,11.7
SFO,2024-12-13,1.7,0.0,32.4,12.6
SFO,2024-12-14,41.4,0.0,50.1,12.0
SFO,2024-12-15,0.0,0.0,6.9,8.8
SFO,2024-12-16,20.6,0.0,19.1,10.2
SFO,2024-12-17,0.0,0.0,8.1,10.5
SFO,2024-12-18,0.0,0.0,9.3,10.5
SFO,2024-12-19,0.0,0.0,10.9,10.1
SFO,2024-12-20,0.0,0.0,9.7,9.6
SFO,2024-12-21,9.7,0.0,20.4,13.7
SFO,2024-12-22,1.0,0.0,9.2,14.9
SFO,2024-12-23,0.4,0.0,13.7,16.6
SFO,2024-12-24,17.2,0.0,19.9,12.6
SFO,2024-12-25,0.0,0.0,10.4,9.9
SFO,2024-12-26,10.5,0.0,15.1,13.1
SFO,2024-12-27,14.1,0.0,29.2,14.1
SFO,2024-12-28,1.5,0.0,11.9,14.4
SFO,2024-12-29,8.8,0.0,24.4,13.4
SFO,2024-12-30,0.0,0.0,10.2,10.1
SFO,2024-12-31,0.0,0.0,7.5,8.9
SFO,2025-01-01,0.0,0.0,7.9,9.5
SFO,2025-01-02,0.0,0.0,9.7,11.2
SFO,2025-01-03,8.4,0.0,20.8,11.3
SFO,2025-01-04,0.0,0.0,8.6,9.9
SFO,2025-01-05,0.0,0.0,6.7,10.8
SFO,2025-01-06,0.2,0.0,8.1,12.1
SFO,2025-01-07,0.0,0.0,22.5,14.1
SFO,2025-01-08,0.0,0.0,20.2,12.9
SFO,2025-01-09,0.0,0.0,9.9,13.1
SFO,2025-01-10,0.0,0.0,11.6,12.2
SFO,2025-01-11,0.0,0.0,19.0,12.5
SFO,2025-01-12,0.0,0.0,17.2,12.0
SFO,2025-01-13,0.0,0.0,18.3,10.3
SFO,2025-01-14,0.0,0.0,6.8,9.4
SFO,2025-01-15,0.0,0.0,6.9,9.8
SFO,2025-01-16,0.0,0.0,7.2,9.8
SFO,2025-01-17,0.0,0.0,12.6,9.3
SFO,2025-01-18,0.0,0.0,6.0,9.1
SFO,2025-01-19,0.0,0.0,8.1,8.3
SFO,2025-01-20,0.0,0.0,14.8,9.6
SFO,2025-01-21,0.0,0.0,6.1,9.2
SFO,2025-01-22,0.0,0.0,8.0,10.0
SFO,2025-01-23,0.0,0.0,10.4,11.5
SFO,2025-01-24,0.0,0.0,8.7,10.2
SFO,2025-01-25,0.0,0.0,11.9,9.3
SFO,2025-01-26,0.0,0.0,17.0,8.9
SFO,2025-01-27,0.0,0.0,7.2,8.6
SFO,2025-01-28,0.0,0.0,9.8,8.4
SFO,2025-01-29,0.4,0.0,10.5,9.7
SFO,2025-01-30,0.0,0.0,6.5,8.1
SFO,2025-01-31,8.0,0.0,19.8,9.9
SFO,2025-02-01,11.0,0.0,24.1,13.3
SFO,2025-02-02,3.8,0.0,25.2,13.9
SFO,2025-02-03,5.3,0.0,27.6,13.2
SFO,2025-02-04,36.5,0.0,37.8,12.3
SFO,2025-02-05,0.0,0.0,19.0,9.0
SFO,2025-02-06,19.3,0.0,31.9,10.1
SFO,2025-02-07,2.4,0.0,17.2,10.2
SFO,2025-02-08,0.0,0.0,12.7,8.6
SFO,2025-02-09,0.0,0.0,9.3,8.1
SFO,2025-02-10,0.0,0.0,10.7,8.1
SFO,2025-02-11,1.3,0.0,17.9,7.7
SFO,2025-02-12,11.0,0.0,11.3,8.4
SFO,2025-02-13,39.0,0.0,39.3,12.4
SFO,2025-02-14,2.1,0.0,26.5,10.7
SFO,2025-02-15,0.0,0.0,6.5,9.6
SFO,2025-02-16,0.1,0.0,10.0,10.8
SFO,2025-02-17,0.0,0.0,16.9,11.0
SFO,2025-02-18,0.0,0.0,9.6,11.1
SFO,2025-02-19,1.6,0.0,18.4,11.2
SFO,2025-02-20,0.0,0.0,11.0,11.5
SFO,2025-02-21,0.0,0.0,10.8,11.7
SFO,2025-02-22,0.0,0.0,10.9,11.6
SFO,2025-02-23,0.0,0.0,6.4,12.1
SFO,2025-02-24,0.4,0.0,15.3,13.8
SFO,2025-02-25,0.0,0.0,10.8,12.5
SFO,2025-02-26,0.0,0.0,9.2,13.8
SFO,2025-02-27,0.0,0.0,10.8,14.2
SFO,2025-02-28,0.0,0.0,11.6,15.0
SFO,2025-03-01,1.1,0.0,23.9,11.5
SFO,2025-03-02,3.8,0.0,31.3,10.2
SFO,2025-03-03,0.3,0.0,25.2,10.6
SFO,2025-03-04,0.1,0.0,10.2,11.4
SFO,2025-03-05,5.8,0.0,22.3,10.8
SFO,2025-03-06,4.1,0.0,18.2,9.7
SFO,2025-03-07,0.0,0.0,14.7,10.5
SFO,2025-03-08,0.0,0.0,9.1,10.7
SFO,2025-03-09,0.0,0.0,18.1,10.1
SFO,2025-03-10,0.0,0.0,12.3,11.0
SFO,2025-03-11,0.0,0.0,16.9,11.1
SFO,2025-03-12,15.9,0.0,40.2,10.7
SFO,2025-03-13,5.6,0.0,23.9,8.6
SFO,2025-03-14,24.5,0.42,26.0,9.8
SFO,2025-03-15,0.5,0.0,16.8,10.9
SFO,2025-03-16,2.8,0.0,26.8,12.3
SFO,2025-03-17,10.7,0.0,34.2,10.9
SFO,2025-03-18,0.0,0.0,20.3,10.0
SFO,2025-03-19,0.6,0.0,14.3,9.8
SFO,2025-03-20,0.0,0.0,14.2,10.6
SFO,2025-03-21,0.0,0.0,19.8,11.0
SFO,2025-03-22,0.0,0.0,20.0,12.1
SFO,2025-03-23,0.0,0.0,12.3,12.9
SFO,2025-03-24,0.0,0.0,7.6,16.6
SFO,2025-03-25,0.0,0.0,12.6,19.0
SFO,2025-03-26,0.7,0.0,28.0,14.0
SFO,2025-03-27,3.6,0.0,22.6,13.5
SFO,2025-03-28,2.0,0.0,18.0,12.1
SFO,2025-03-29,0.1,0.0,13.9,11.0
SFO,2025-03-30,10.7,0.0,27.9,12.5
SFO,2025-03-31,3.3,0.0,27.3,12.1
SFO,2025-04-01,10.5,0.0,28.2,10.7
SFO,2025-04-02,0.0,0.0,23.5,10.4
SFO,2025-04-03,0.6,0.0,14.4,11.1
SFO,2025-04-04,0.0,0.0,13.5,12.3
SFO,2025-04-05,0.0,0.0,9.9,13.3
SFO,2025-04-06,0.0,0.0,11.3,12.5
SFO,2025-04-07,0.7,0.0,10.7,13.3
SFO,2025-04-08,0.0,0.0,11.5,13.3
SFO,2025-04-09,0.0,0.0,13.3,14.2
SFO,2025-04-10,0.0,0.0,15.8,13.4
SFO,2025-04-11,0.0,0.0,19.2,13.5
SFO,2025-04-12,0.0,0.0,20.7,11.5
SFO,2025-04-13,0.0,0.0,14.3,14.0
SFO,2025-04-14,0.0,0.0,13.4,14.1
SFO,2025-04-15,0.0,0.0,21.4,12.5
SFO,2025-04-16,0.0,0.0,20.5,12.6
SFO,2025-04-17,1.1,0.0,14.1,12.6
SFO,2025-04-18,0.0,0.0,12.8,12.5
SFO,2025-04-19,0.0,0.0,18.3,11.8
SFO,2025-04-20,0.0,0.0,12.3,12.6
SFO,2025-04-21,0.0,0.0,10.7,13.6
SFO,2025-04-22,0.0,0.0,20.8,12.1
SFO,2025-04-23,0.0,0.0,20.5,11.7
SFO,2025-04-24,0.0,0.0,17.9,11.5
SFO,2025-04-25,0.7,0.0,14.7,11.3
SFO,2025-04-26,2.9,0.0,16.7,10.8
SFO,2025-04-27,1.1,0.0,15.8,11.3
SFO,2025-04-28,0.0,0.0,12.3,12.0
SFO,2025-04-29,0.0,0.0,13.6,13.0
SFO,2025-04-30,0.0,0.0,14.3,13.6
SFO,2025-05-01,0.0,0.0,17.8,12.4
SFO,2025-05-02,0.0,0.0,22.0,12.2
SFO,2025-05-03,1.5,0.0,29.3,11.9
SFO,2025-05-04,0.0,0.0,16.8,12.9
SFO,2025-05-05,0.0,0.0,19.2,19.1
SFO,2025-05-06,0.0,0.0,21.0,15.1
SFO,2025-05-07,0.0,0.0,22.0,12.9
SFO,2025-05-08,0.0,0.0,13.7,14.2
SFO,2025-05-09,0.0,0.0,14.0,16.4
SFO,2025-05-10,0.0,0.0,17.5,14.7
SFO,2025-05-11,0.0,0.0,19.4,12.8
SFO,2025-05-12,3.7,0.0,22.1,12.8
SFO,2025-05-13,0.0,0.0,17.3,13.2
SFO,2025-05-14,0.0,0.0,14.6,13.6
SFO,2025-05-15,0.0,0.0,16.6,13.8
SFO,2025-05-16,0.0,0.0,18.7,13.6
SFO,2025-05-17,0.0,0.0,29.6,13.2
SFO,2025-05-18,0.0,0.0,20.6,13.6
SFO,2025-05-19,0.0,0.0,21.9,14.7
SFO,2025-05-20,0.0,0.0,20.4,13.3
SFO,2025-05-21,0.0,0.0,17.6,13.8
SFO,2025-05-22,0.0,0.0,22.1,12.9
SFO,2025-05-23,0.0,0.0,23.9,12.2
SFO,2025-05-24,0.0,0.0,23.1,12.4
SFO,2025-05-25,0.0,0.0,22.1,13.2
SFO,2025-05-26,0.5,0.0,21.1,13.8
SFO,2025-05-27,0.0,0.0,15.0,13.7
SFO,2025-05-28,0.0,0.0,24.5,13.1
SFO,2025-05-29,0.0,0.0,20.5,15.2
SFO,2025-05-30,0.0,0.0,14.0,17.4
SFO,2025-05-31,0.0,0.0,17.3,17.1
SFO,2025-06-01,0.0,0.0,20.1,14.2
SFO,2025-06-02,0.0,0.0,19.4,15.1
SFO,2025-06-03,0.0,0.0,17.9,15.1
SFO,2025-06-04,0.0,0.0,18.7,15.4
SFO,2025-06-05,0.0,0.0,23.4,15.1
SFO,2025-06-06,0.0,0.0,15.9,16.1
SFO,2025-06-07,0.0,0.0,15.3,14.8
SFO,2025-06-08,0.0,0.0,16.6,14.1
SFO,2025-06-09,0.0,0.0,16.9,13.9
SFO,2025-06-10,0.0,0.0,19.1,13.6
SFO,2025-06-11,0.0,0.0,20.6,12.7
SFO,2025-06-12,0.0,0.0,19.7,13.4
SFO,2025-06-13,0.0,0.0,16.4,13.8
SFO,2025-06-14,0.0,0.0,19.0,13.5
SFO,2025-06-15,0.0,0.0,16.2,13.8
SFO,2025-06-16,0.0,0.0,20.1,13.4
SFO,2025-06-17,0.0,0.0,19.8,14.5
SFO,2025-06-18,0.0,0.0,18.9,15.4
SFO,2025-06-19,0.0,0.0,28.2,13.6
SFO,2025-06-20,0.0,0.0,33.2,13.4
SFO,2025-06-21,0.0,0.0,26.3,14.1
SFO,2025-06-22,0.0,0.0,17.0,14.4
SFO,2025-06-23,0.0,0.0,15.5,15.2
SFO,2025-06-24,0.0,0.0,19.3,13.6
SFO,2025-06-25,0.0,0.0,18.0,14.1
SFO,2025-06-26,0.0,0.0,18.3,14.1
SFO,2025-06-27,0.0,0.0,17.0,15.5
SFO,2025-06-28,0.0,0.0,15.3,16.9
SFO,2025-06-29,0.0,0.0,16.1,15.7
SFO,2025-06-30,0.0,0.0,14.8,15.3
SFO,2025-07-01,0.0,0.0,14.7,15.4
SFO,2025-07-02,0.0,0.0,17.8,14.4
SFO,2025-07-03,0.0,0.0,24.2,14.0
SFO,2025-07-04,0.0,0.0,19.5,14.0
SFO,2025-07-05,0.0,0.0,17.0,14.1
SFO,2025-07-06,0.0,0.0,14.5,14.4
SFO,2025-07-07,0.0,0.0,21.5,15.0
SFO,2025-07-08,0.0,0.0,18.4,16.2
SFO,2025-07-09,0.0,0.0,15.9,15.2
SFO,2025-07-10,0.0,0.0,14.1,16.5
SFO,2025-07-11,0.0,0.0,14.5,16.7
SFO,2025-07-12,0.0,0.0,19.7,15.5
SFO,2025-07-13,0.0,0.0,16.1,15.8
SFO,2025-07-14,0.0,0.0,16.0,16.2
SFO,2025-07-15,0.0,0.0,27.9,14.8
SFO,2025-07-16,0.0,0.0,21.5,14.8
SFO,2025-07-17,0.0,0.0,18.4,15.5
SFO,2025-07-18,0.0,0.0,15.6,15.1
SFO,2025-07-19,0.0,0.0,14.8,14.4
SFO,2025-07-20,0.0,0.0,19.1,13.6
SFO,2025-07-21,0.4,0.0,18.0,14.2
SFO,2025-07-22,0.2,0.0,17.0,14.7
SFO,2025-07-23,0.0,0.0,18.7,15.5
SFO,2025-07-24,0.0,0.0,17.7,15.4
SFO,2025-07-25,0.2,0.0,20.1,15.0
SFO,2025-07-26,0.0,0.0,19.7,14.9
SFO,2025-07-27,0.0,0.0,18.2,15.1
SFO,2025-07-28,0.0,0.0,15.0,15.1
SFO,2025-07-29,0.0,0.0,18.4,15.5
SFO,2025-07-30,0.0,0.0,20.5,15.8
SFO,2025-07-31,0.0,0.0,17.9,16.1
SFO,2025-08-01,0.0,0.0,20.2,15.6
SFO,2025-08-02,0.0,0.0,18.6,14.9
SFO,2025-08-03,0.0,0.0,24.3,15.2
SFO,2025-08-04,0.0,0.0,22.7,15.6
SFO,2025-08-05,0.0,0.0,17.1,15.7
SFO,2025-08-06,0.0,0.0,15.9,17.7
SFO,2025-08-07,0.0,0.0,16.1,16.3
SFO,2025-08-08,0.0,0.0,11.9,18.9
SFO,2025-08-09,0.0,0.0,14.0,18.3
SFO,2025-08-10,0.0,0.0,13.4,17.2
SFO,2025-08-11,0.0,0.0,14.6,16.6
SFO,2025-08-12,0.0,0.0,15.0,16.4
SFO,2025-08-13,0.0,0.0,18.5,17.1
SFO,2025-08-14,0.0,0.0,18.7,16.2
SFO,2025-08-15,0.0,0.0,25.3,16.7
SFO,2025-08-16,1.1,0.0,17.4,17.1
SFO,2025-08-17,0.1,0.0,17.9,15.9
SFO,2025-08-18,0.0,0.0,13.8,16.8
SFO,2025-08-19,0.0,0.0,16.6,17.0
SFO,2025-08-20,0.0,0.0,16.5,18.9
SFO,2025-08-21,0.0,0.0,17.4,19.1
SFO,2025-08-22,0.0,0.0,13.5,16.5
SFO,2025-08-23,1.2,0.0,14.6,16.4
SFO,2025-08-24,0.0,0.0,13.3,16.8
SFO,2025-08-25,0.0,0.0,17.6,17.7
SFO,2025-08-26,0.0,0.0,17.3,17.6
SFO,2025-08-27,0.0,0.0,17.4,17.2
SFO,2025-08-28,0.0,0.0,14.3,17.5
SFO,2025-08-29,0.0,0.0,13.0,16.9
SFO,2025-08-30,0.0,0.0,16.3,19.5
SFO,2025-08-31,0.0,0.0,16.0,20.4
SFO,2025-09-01,0.0,0.0,14.8,18.7
SFO,2025-09-02,0.0,0.0,23.8,18.4
SFO,2025-09-03,0.0,0.0,15.7,17.1
SFO,2025-09-04,0.0,0.0,18.1,16.8
SFO,2025-09-05,0.0,0.0,18.4,17.2
SFO,2025-09-06,0.0,0.0,15.7,17.5
SFO,2025-09-07,0.0,0.0,13.8,18.7
SFO,2025-09-08,0.2,0.0,17.2,18.8
SFO,2025-09-09,2.1,0.0,15.8,18.7
SFO,2025-09-10,0.0,0.0,18.0,17.8
SFO,2025-09-11,0.0,0.0,17.3,17.4
SFO,2025-09-12,0.0,0.0,16.8,17.4
SFO,2025-09-13,0.0,0.0,19.2,17.1
SFO,2025-09-14,0.0,0.0,16.6,18.5
SFO,2025-09-15,0.0,0.0,11.2,20.2
SFO,2025-09-16,0.0,0.0,11.0,19.8
SFO,2025-09-17,0.1,0.0,12.1,19.2
SFO,2025-09-18,3.1,0.0,13.8,18.4
SFO,2025-09-19,0.0,0.0,15.7,18.2
SFO,2025-09-20,0.0,0.0,13.2,18.2
SFO,2025-09-21,0.0,0.0,12.3,18.2
SFO,2025-09-22,0.0,0.0,10.6,18.9
SFO,2025-09-23,0.0,0.0,16.6,21.9
SFO,2025-09-24,0.9,0.0,15.2,20.4
SFO,2025-09-25,0.0,0.0,15.0,18.7
SFO,2025-09-26,0.0,0.0,13.0,17.9
SFO,2025-09-27,0.0,0.0,23.0,16.9
SFO,2025-09-28,0.0,0.0,18.8,18.2
SFO,2025-09-29,0.0,0.0,19.1,18.7
SFO,2025-09-30,0.0,0.0,19.7,18.7
SFO,2025-10-01,3.0,0.0,12.5,18.7
SFO,2025-10-02,14.3,0.0,13.1,17.3
SFO,2025-10-03,1.8,0.0,19.5,15.9
SFO,2025-10-04,0.0,0.0,12.8,16.0
SFO,2025-10-05,0.0,0.0,10.9,16.5
SFO,2025-10-06,0.0,0.0,10.0,19.6
SFO,2025-10-07,0.0,0.0,12.5,19.6
SFO,2025-10-08,0.0,0.0,21.0,16.7
SFO,2025-10-09,0.2,0.0,13.6,17.4
SFO,2025-10-10,0.0,0.0,15.9,16.3
SFO,2025-10-11,0.0,0.0,17.1,16.1
SFO,2025-10-12,0.0,0.0,20.6,15.2
SFO,2025-10-13,9.6,0.0,23.1,14.0
SFO,2025-10-14,0.7,0.0,9.8,12.7
SFO,2025-10-15,0.7,0.0,7.7,14.4
SFO,2025-10-16,0.0,0.0,11.9,13.9
SFO,2025-10-17,0.0,0.0,7.6,15.8
SFO,2025-10-18,0.0,0.0,6.7,17.5
SFO,2025-10-19,0.0,0.0,11.2,16.5
SFO,2025-10-20,0.0,0.0,11.7,18.7
SFO,2025-10-21,0.0,0.0,13.8,16.9
SFO,2025-10-22,0.5,0.0,15.0,15.5
SFO,2025-10-23,0.0,0.0,9.5,15.0
SFO,2025-10-24,0.0,0.0,14.2,15.2
SFO,2025-10-25,1.6,0.0,18.0,15.4
SFO,2025-10-26,1.1,0.0,25.3,15.3
SFO,2025-10-27,0.0,0.0,13.5,14.8
SFO,2025-10-28,0.0,0.0,11.4,16.1
SFO,2025-10-29,0.0,0.0,12.1,17.3
SFO,2025-10-30,0.0,0.0,15.2,14.3
SFO,2025-10-31,0.0,0.0,11.5,14.9
SFO,2025-11-01,0.0,0.0,10.4,14.5
SFO,2025-11-02,0.0,0.0,8.5,15.6
SFO,2025-11-03,0.0,0.0,10.4,14.0
SFO,2025-11-04,0.0,0.0,16.3,15.7
SFO,2025-11-05,6.5,0.0,33.5,15.8
SFO,2025-11-06,0.3,0.0,7.8,15.6
SFO,2025-11-07,0.0,0.0,9.4,15.6
SFO,2025-11-08,0.0,0.0,8.3,17.1
SFO,2025-11-09,0.0,0.0,8.9,18.0
SFO,2025-11-10,0.0,0.0,6.2,18.4
SFO,2025-11-11,0.0,0.0,12.5,15.4
SFO,2025-11-12,2.0,0.0,20.3,16.6
SFO,2025-11-13,36.6,0.0,28.7,16.0
SFO,2025-11-14,1.3,0.0,9.4,14.0
SFO,2025-11-15,5.5,0.0,13.6,14.2
SFO,2025-11-16,4.0,0.0,19.3,14.6
SFO,2025-11-17,18.4,0.0,29.4,12.2
SFO,2025-11-18,1.4,0.0,14.9,11.8
SFO,2025-11-19,0.8,0.0,12.4,12.2
SFO,2025-11-20,8.7,0.0,14.4,11.9
SFO,2025-11-21,0.0,0.0,9.6,12.2
SFO,2025-11-22,0.0,0.0,6.0,11.8
SFO,2025-11-23,0.0,0.0,10.0,11.8
SFO,2025-11-24,0.0,0.0,11.7,11.9
SFO,2025-11-25,0.0,0.0,9.5,11.3
SFO,2025-11-26,0.0,0.0,12.7,10.5
SFO,2025-11-27,0.0,0.0,11.9,9.9
SFO,2025-11-28,0.0,0.0,8.3,9.9
SFO,2025-11-29,0.0,0.0,8.9,9.3
SFO,2025-11-30,0.0,0.0,9.3,8.5
SFO,2025-12-01,0.0,0.0,13.6,8.7
SFO,2025-12-02,0.0,0.0,9.0,10.3
SFO,2025-12-03,0.0,0.0,11.7,11.3
SFO,2025-12-04,0.0,0.0,9.6,9.7
SFO,2025-12-05,0.0,0.0,7.2,9.0
SFO,2025-12-06,0.0,0.0,7.2,9.1
SFO,2025-12-07,0.0,0.0,9.1,9.0
SFO,2025-12-08,0.0,0.0,10.0,8.3
SFO,2025-12-09,0.0,0.0,8.3,8.5
SFO,2025-12-10,0.0,0.0,9.3,9.7
SFO,2025-12-11,0.0,0.0,9.5,10.0
SFO,2025-12-12,0.0,0.0,12.3,9.0
SFO,2025-12-13,0.0,0.0,8.5,8.6
SFO,2025-12-14,0.0,0.0,5.9,9.0
SFO,2025-12-15,0.0,0.0,9.6,8.5
SFO,2025-12-16,0.0,0.0,5.9,12.6
SFO,2025-12-17,4.3,0.0,11.8,14.0
SFO,2025-12-18,0.0,0.0,4.7,11.5
SFO,2025-12-19,4.2,0.0,18.5,14.1
SFO,2025-12-20,6.1,0.0,15.8,15.5
SFO,2025-12-21,12.4,0.0,24.7,15.3
SFO,2025-12-22,24.3,0.0,22.0,15.2
SFO,2025-12-23,11.9,0.0,27.8,14.8
SFO,2025-12-24,17.9,0.0,34.4,14.1
SFO,2025-12-25,23.5,0.0,40.0,13.1
SFO,2025-12-26,0.6,0.0,29.2,12.2
SFO,2025-12-27,0.0,0.0,15.3,10.6
SFO,2025-12-28,0.0,0.0,11.1,9.4
SFO,2025-12-29,0.0,0.0,10.7,10.1
SFO,2025-12-30,0.1,0.0,11.3,8.3
SFO,2025-12-31,23.3,0.0,11.7,9.9
PHX,2023-01-01,15.3,0.0,22.7,11.0
PHX,2023-01-02,5.3,0.0,14.5,9.2
PHX,2023-01-03,0.1,0.0,13.7,10.0
PHX,2023-01-04,0.0,0.0,13.7,11.6
PHX,2023-01-05,0.2,0.0,14.8,11.9
PHX,2023-01-06,0.0,0.0,9.8,11.2
PHX,2023-01-07,0.0,0.0,9.2,11.2
PHX,2023-01-08,0.0,0.0,11.2,11.0
PHX,2023-01-09,0.0,0.0,10.8,11.5
PHX,2023-01-10,0.0,0.0,16.6,12.6
PHX,2023-01-11,0.0,0.0,17.8,12.7
PHX,2023-01-12,0.0,0.0,19.0,12.3
PHX,2023-01-13,0.0,0.0,18.8,15.6
PHX,2023-01-14,0.2,0.0,11.3,12.2
PHX,2023-01-15,8.6,0.0,10.4,11.8
PHX,2023-01-16,26.3,0.0,20.9,11.4
PHX,2023-01-17,8.2,0.0,18.9,10.5
PHX,2023-01-18,0.0,0.0,10.2,8.7
PHX,2023-01-19,0.0,0.0,8.9,8.1
PHX,2023-01-20,0.0,0.0,17.7,8.1
PHX,2023-01-21,0.0,0.0,9.0,7.0
PHX,2023-01-22,0.0,0.0,15.8,6.8
PHX,2023-01-23,0.0,0.0,17.7,5.0
PHX,2023-01-24,0.0,0.0,8.4,5.1
PHX,2023-01-25,0.0,0.0,13.6,6.6
PHX,2023-01-26,0.0,0.0,19.8,8.3
PHX,2023-01-27,0.0,0.0,9.7,7.9
PHX,2023-01-28,0.0,0.0,11.6,8.1
PHX,2023-01-29,0.0,0.0,20.7,10.0
PHX,2023-01-30,0.8,0.0,17.5,10.6
PHX,2023-01-31,2.5,0.0,14.1,9.9
PHX,2023-02-01,0.0,0.0,18.4,10.4
PHX,2023-02-02,0.0,0.0,12.4,10.6
PHX,2023-02-03,0.0,0.0,22.0,14.6
PHX,2023-02-04,0.0,0.0,10.8,14.6
PHX,2023-02-05,0.0,0.0,13.3,13.5
PHX,2023-02-06,0.0,0.0,21.8,12.4
PHX,2023-02-07,0.0,0.0,17.4,11.3
PHX,2023-02-08,0.0,0.0,11.0,11.9
PHX,2023-02-09,0.0,0.0,26.8,11.9
PHX,2023-02-10,0.0,0.0,32.6,13.8
PHX,2023-02-11,0.0,0.0,27.0,16.1
PHX,2023-02-12,0.0,0.0,28.5,15.3
PHX,2023-02-13,4.8,0.0,17.4,9.8
PHX,2023-02-14,3.4,0.0,36.4,9.9
PHX,2023-02-15,0.0,0.0,24.5,7.2
PHX,2023-02-16,0.0,0.0,16.1,6.3
PHX,2023-02-17,0.0,0.0,32.2,11.1
PHX,2023-02-18,0.0,0.0,18.3,15.3
PHX,2023-02-19,0.0,0.0,17.6,15.4
PHX,2023-02-20,0.0,0.0,9.2,16.9
PHX,2023-02-21,9.1,0.0,18.7,13.9
PHX,2023-02-22,4.3,0.0,45.2,10.8
PHX,2023-02-23,0.0,0.0,24.1,10.3
PHX,2023-02-24,0.0,0.0,10.6,11.5
PHX,2023-02-25,0.0,0.0,26.1,14.6
PHX,2023-02-26,4.9,0.0,22.1,10.2
PHX,2023-02-27,0.0,0.0,8.9,9.4
PHX,2023-02-28,0.0,0.0,22.8,10.9
PHX,2023-03-01,15.0,0.0,41.3,10.1
PHX,2023-03-02,0.5,0.0,19.5,6.5
PHX,2023-03-03,0.0,0.0,12.1,8.5
PHX,2023-03-04,0.0,0.0,12.3,10.6
PHX,2023-03-05,0.0,0.0,12.1,12.9
PHX,2023-03-06,0.0,0.0,9.4,14.3
PHX,2023-03-07,0.0,0.0,8.2,15.8
PHX,2023-03-08,0.0,0.0,13.3,15.0
PHX,2023-03-09,0.0,0.0,10.0,15.2
PHX,2023-03-10,0.0,0.0,13.0,17.2
PHX,2023-03-11,0.1,0.0,21.0,19.9
PHX,2023-03-12,0.0,0.0,26.8,19.3
PHX,2023-03-13,0.0,0.0,22.7,18.3
PHX,2023-03-14,0.0,0.0,13.2,18.8
PHX,2023-03-15,25.1,0.0,15.5,15.5
PHX,2023-03-16,3.9,0.0,16.6,14.6
PHX,2023-03-17,0.2,0.0,17.1,13.8
PHX,2023-03-18,0.0,0.0,21.2,14.7
PHX,2023-03-19,0.0,0.0,25.7,15.9
PHX,2023-03-20,0.0,0.0,13.1,16.8
PHX,2023-03-21,12.7,0.0,17.7,15.6
PHX,2023-03-22,4.5,0.0,23.1,13.4
PHX,2023-03-23,0.0,0.0,16.4,12.3
PHX,2023-03-24,0.0,0.0,22.4,12.9
PHX,2023-03-25,0.0,0.0,18.6,13.1
PHX,2023-03-26,0.0,0.0,15.5,12.6
PHX,2023-03-27,0.0,0.0,15.6,13.7
PHX,2023-03-28,0.0,0.0,11.5,17.7
PHX,2023-03-29,0.0,0.0,18.2,18.5
PHX,2023-03-30,0.3,0.0,33.5,15.8
PHX,2023-03-31,0.0,0.0,15.4,14.5
PHX,2023-04-01,0.0,0.0,20.6,18.1
PHX,2023-04-02,0.0,0.0,16.5,19.9
PHX,2023-04-03,0.0,0.0,35.7,19.0
PHX,2023-04-04,0.0,0.0,29.3,12.0
PHX,2023-04-05,0.0,0.0,17.1,12.8
PHX,2023-04-06,0.0,0.0,16.2,17.6
PHX,2023-04-07,0.0,0.0,16.4,20.1
PHX,2023-04-08,0.0,0.0,12.1,21.5
PHX,2023-04-09,0.0,0.0,10.0,24.0
PHX,2023-04-10,0.0,0.0,17.5,27.1
PHX,2023-04-11,0.0,0.0,18.5,28.4
PHX,2023-04-12,0.0,0.0,18.1,27.3
PHX,2023-04-13,0.0,0.0,25.2,23.3
PHX,2023-04-14,0.0,0.0,16.9,19.8
PHX,2023-04-15,0.0,0.0,13.7,22.1
PHX,2023-04-16,0.0,0.0,14.1,25.1
PHX,2023-04-17,0.0,0.0,16.2,25.9
PHX,2023-04-18,0.0,0.0,20.7,23.7
PHX,2023-04-19,0.0,0.0,24.8,21.8
PHX,2023-04-20,0.0,0.0,19.0,22.2
PHX,2023-04-21,0.0,0.0,17.5,24.5
PHX,2023-04-22,0.0,0.0,23.4,26.4
PHX,2023-04-23,0.0,0.0,22.0,27.1
PHX,2023-04-24,0.0,0.0,23.7,27.0
PHX,2023-04-25,0.0,0.0,28.9,25.9
PHX,2023-04-26,0.0,0.0,25.6,25.3
PHX,2023-04-27,0.0,0.0,18.0,27.0
PHX,2023-04-28,0.0,0.0,19.9,29.3
PHX,2023-04-29,0.0,0.0,20.8,29.6
PHX,2023-04-30,0.0,0.0,18.4,30.4
PHX,2023-05-01,0.0,0.0,35.7,28.5
PHX,2023-05-02,0.0,0.0,21.3,24.9
PHX,2023-05-03,0.0,0.0,28.7,25.0
PHX,2023-05-04,0.0,0.0,23.3,21.9
PHX,2023-05-05,0.0,0.0,18.2,21.3
PHX,2023-05-06,0.0,0.0,17.3,23.2
PHX,2023-05-07,0.0,0.0,14.7,24.8
PHX,2023-05-08,0.0,0.0,16.8,26.4
PHX,2023-05-09,0.0,0.0,20.9,27.1
PHX,2023-05-10,0.1,0.0,20.9,22.6
PHX,2023-05-11,0.0,0.0,11.0,24.1
PHX,2023-05-12,0.0,0.0,19.2,27.9
PHX,2023-05-13,0.0,0.0,17.7,29.8
PHX,2023-05-14,0.0,0.0,25.0,30.9
PHX,2023-05-15,0.0,0.0,20.1,32.1
PHX,2023-05-16,0.0,0.0,36.5,31.1
PHX,2023-05-17,0.0,0.0,20.6,30.7
PHX,2023-05-18,0.1,0.0,30.2,29.7
PHX,2023-05-19,0.0,0.0,29.3,27.5
PHX,2023-05-20,0.0,0.0,18.8,28.4
PHX,2023-05-21,0.0,0.0,24.3,31.2
PHX,2023-05-22,0.0,0.0,18.1,31.3
PHX,2023-05-23,0.0,0.0,23.1,31.3
PHX,2023-05-24,0.0,0.0,23.2,30.1
PHX,2023-05-25,0.0,0.0,23.8,29.8
PHX,2023-05-26,0.0,0.0,21.0,28.8
PHX,2023-05-27,0.0,0.0,16.1,28.6
PHX,2023-05-28,0.0,0.0,18.4,29.5
PHX,2023-05-29,0.0,0.0,23.4,29.6
PHX,2023-05-30,0.0,0.0,29.4,28.9
PHX,2023-05-31,0.0,0.0,25.7,26.2
PHX,2023-06-01,0.0,0.0,16.6,26.3
PHX,2023-06-02,0.0,0.0,15.4,28.1
PHX,2023-06-03,0.0,0.0,15.8,30.8
PHX,2023-06-04,0.0,0.0,19.1,32.4
PHX,2023-06-05,0.0,0.0,26.2,31.8
PHX,2023-06-06,0.0,0.0,27.0,29.4
PHX,2023-06-07,0.0,0.0,19.0,27.8
PHX,2023-06-08,0.0,0.0,17.3,28.0
PHX,2023-06-09,0.0,0.0,16.2,28.5
PHX,2023-06-10,0.0,0.0,23.8,29.5
PHX,2023-06-11,0.0,0.0,24.9,27.7
PHX,2023-06-12,0.0,0.0,13.8,26.8
PHX,2023-06-13,0.0,0.0,18.6,28.8
PHX,2023-06-14,0.0,0.0,19.6,30.4
PHX,2023-06-15,0.0,0.0,18.6,30.5
PHX,2023-06-16,0.0,0.0,23.7,31.7
PHX,2023-06-17,0.0,0.0,13.4,32.4
PHX,2023-06-18,0.0,0.0,29.2,34.0
PHX,2023-06-19,0.0,0.0,24.3,32.9
PHX,2023-06-20,0.0,0.0,20.4,32.5
PHX,2023-06-21,0.0,0.0,18.8,32.5
PHX,2023-06-22,0.0,0.0,20.4,32.4
PHX,2023-06-23,0.0,0.0,18.0,30.8
PHX,2023-06-24,0.0,0.0,12.6,31.1
PHX,2023-06-25,0.0,0.0,14.3,34.5
PHX,2023-06-26,0.0,0.0,18.3,35.9
PHX,2023-06-27,0.0,0.0,19.8,34.7
PHX,2023-06-28,0.0,0.0,25.7,33.6
PHX,2023-06-29,0.0,0.0,13.0,33.0
PHX,2023-06-30,0.0,0.0,17.4,34.6
PHX,2023-07-01,0.0,0.0,18.9,36.1
PHX,2023-07-02,0.0,0.0,24.9,37.5
PHX,2023-07-03,0.0,0.0,27.8,37.9
PHX,2023-07-04,0.0,0.0,29.3,37.2
PHX,2023-07-05,0.0,0.0,24.1,36.5
PHX,2023-07-06,0.0,0.0,20.5,37.0
PHX,2023-07-07,0.0,0.0,17.4,36.5
PHX,2023-07-08,0.0,0.0,16.4,36.7
PHX,2023-07-09,0.0,0.0,20.3,37.2
PHX,2023-07-10,0.0,0.0,25.8,36.8
PHX,2023-07-11,0.0,0.0,21.3,37.5
PHX,2023-07-12,0.0,0.0,18.7,37.9
PHX,2023-07-13,0.0,0.0,22.7,39.1
PHX,2023-07-14,0.0,0.0,22.2,39.6
PHX,2023-07-15,0.0,0.0,26.4,40.2
PHX,2023-07-16,0.0,0.0,26.5,39.0
PHX,2023-07-17,0.0,0.0,20.4,39.1
PHX,2023-07-18,0.0,0.0,21.2,40.1
PHX,2023-07-19,0.0,0.0,20.9,40.7
PHX,2023-07-20,0.0,0.0,22.1,40.4
PHX,2023-07-21,0.0,0.0,19.9,39.1
PHX,2023-07-22,0.0,0.0,15.3,40.2
PHX,2023-07-23,0.0,0.0,20.9,38.4
PHX,2023-07-24,0.0,0.0,26.1,38.0
PHX,2023-07-25,0.0,0.0,19.8,39.7
PHX,2023-07-26,0.0,0.0,32.5,40.2
PHX,2023-07-27,0.0,0.0,23.9,38.6
PHX,2023-07-28,0.0,0.0,20.4,38.8
PHX,2023-07-29,0.0,0.0,14.9,38.3
PHX,2023-07-30,0.2,0.0,20.4,37.8
PHX,2023-07-31,0.4,0.0,22.8,34.3
PHX,2023-08-01,0.0,0.0,19.1,35.0
PHX,2023-08-02,0.0,0.0,18.4,36.8
PHX,2023-08-03,0.0,0.0,18.7,37.5
PHX,2023-08-04,0.0,0.0,20.3,37.3
PHX,2023-08-05,0.0,0.0,20.2,38.1
PHX,2023-08-06,0.0,0.0,22.2,37.3
PHX,2023-08-07,0.0,0.0,21.3,37.2
PHX,2023-08-08,0.3,0.0,31.8,34.7
PHX,2023-08-09,0.2,0.0,18.4,33.1
PHX,2023-08-10,0.0,0.0,21.6,35.6
PHX,2023-08-11,0.0,0.0,22.2,35.0
PHX,2023-08-12,0.0,0.0,16.5,34.6
PHX,2023-08-13,0.0,0.0,25.9,35.0
PHX,2023-08-14,0.0,0.0,10.4,35.2
PHX,2023-08-15,0.0,0.0,22.7,37.0
PHX,2023-08-16,0.0,0.0,25.4,37.5
PHX,2023-08-17,0.0,0.0,22.4,36.7
PHX,2023-08-18,0.0,0.0,24.3,34.3
PHX,2023-08-19,0.4,0.0,24.5,30.6
PHX,2023-08-20,2.0,0.0,39.5,30.7
PHX,2023-08-21,19.6,0.0,17.7,26.2
PHX,2023-08-22,0.0,0.0,16.2,30.3
PHX,2023-08-23,0.0,0.0,26.7,32.9
PHX,2023-08-24,0.0,0.0,15.4,33.5
PHX,2023-08-25,0.0,0.0,16.2,36.1
PHX,2023-08-26,0.0,0.0,29.6,36.7
PHX,2023-08-27,0.0,0.0,23.4,37.3
PHX,2023-08-28,0.0,0.0,15.6,39.2
PHX,2023-08-29,0.0,0.0,18.5,39.2
PHX,2023-08-30,0.0,0.0,14.6,38.0
PHX,2023-08-31,0.6,0.0,24.9,35.6
PHX,2023-09-01,2.0,0.0,19.8,28.7
PHX,2023-09-02,0.8,0.0,17.1,27.1
PHX,2023-09-03,0.0,0.0,13.6,28.6
PHX,2023-09-04,0.0,0.0,15.8,29.7
PHX,2023-09-05,0.0,0.0,15.5,30.0
PHX,2023-09-06,0.0,0.0,13.4,32.1
PHX,2023-09-07,0.0,0.0,14.5,34.0
PHX,2023-09-08,0.0,0.0,15.9,35.6
PHX,2023-09-09,0.0,0.0,13.4,37.2
PHX,2023-09-10,0.0,0.0,38.0,36.7
PHX,2023-09-11,0.0,0.0,27.8,34.4
PHX,2023-09-12,6.9,0.0,18.3,30.6
PHX,2023-09-13,3.4,0.0,27.5,27.1
PHX,2023-09-14,0.0,0.0,12.6,28.8
PHX,2023-09-15,0.0,0.0,15.5,30.3
PHX,2023-09-16,0.0,0.0,20.6,31.7
PHX,2023-09-17,0.0,0.0,18.8,32.3
PHX,2023-09-18,0.0,0.0,18.0,30.8
PHX,2023-09-19,0.0,0.0,12.6,29.7
PHX,2023-09-20,0.0,0.0,28.0,29.3
PHX,2023-09-21,0.0,0.0,21.4,28.5
PHX,2023-09-22,0.0,0.0,14.9,28.7
PHX,2023-09-23,0.0,0.0,12.0,28.4
PHX,2023-09-24,0.0,0.0,9.7,29.0
PHX,2023-09-25,0.0,0.0,12.2,30.3
PHX,2023-09-26,0.0,0.0,15.0,31.2
PHX,2023-09-27,0.0,0.0,11.9,31.4
PHX,2023-09-28,0.0,0.0,13.3,31.0
PHX,2023-09-29,0.0,0.0,15.5,29.8
PHX,2023-09-30,0.0,0.0,34.2,28.7
PHX,2023-10-01,0.1,0.0,19.4,24.8
PHX,2023-10-02,0.0,0.0,14.4,23.8
PHX,2023-10-03,0.0,0.0,11.7,24.2
PHX,2023-10-04,0.0,0.0,9.8,25.8
PHX,2023-10-05,0.0,0.0,10.0,28.0
PHX,2023-10-06,0.0,0.0,19.6,30.6
PHX,2023-10-07,0.0,0.0,27.2,32.1
PHX,2023-10-08,0.0,0.0,16.7,30.4
PHX,2023-10-09,0.0,0.0,19.4,29.9
PHX,2023-10-10,0.0,0.0,20.6,28.5
PHX,2023-10-11,0.0,0.0,25.8,27.5
PHX,2023-10-12,0.0,0.0,18.7,24.7
PHX,2023-10-13,0.0,0.0,11.2,24.3
PHX,2023-10-14,0.0,0.0,9.5,25.6
PHX,2023-10-15,0.0,0.0,10.9,28.0
PHX,2023-10-16,0.0,0.0,16.0,30.2
PHX,2023-10-17,0.0,0.0,11.4,29.4
PHX,2023-10-18,0.0,0.0,13.4,28.6
PHX,2023-10-19,0.0,0.0,11.5,29.6
PHX,2023-10-20,0.0,0.0,14.8,29.3
PHX,2023-10-21,0.0,0.0,15.7,28.8
PHX,2023-10-22,0.0,0.0,10.5,27.3
PHX,2023-10-23,0.0,0.0,14.1,25.6
PHX,2023-10-24,0.0,0.0,16.5,23.2
PHX,2023-10-25,0.0,0.0,15.9,22.5
PHX,2023-10-26,0.0,0.0,11.6,23.3
PHX,2023-10-27,0.0,0.0,13.1,23.0
PHX,2023-10-28,0.0,0.0,19.7,22.9
PHX,2023-10-29,0.0,0.0,13.4,19.4
PHX,2023-10-30,0.0,0.0,26.6,18.7
PHX,2023-10-31,0.0,0.0,25.7,19.4
PHX,2023-11-01,0.0,0.0,22.4,20.7
PHX,2023-11-02,0.0,0.0,9.8,19.9
PHX,2023-11-03,0.0,0.0,10.2,20.6
PHX,2023-11-04,0.0,0.0,11.4,21.7
PHX,2023-11-05,0.0,0.0,13.2,22.8
PHX,2023-11-06,0.0,0.0,10.8,23.4
PHX,2023-11-07,0.0,0.0,15.7,22.1
PHX,2023-11-08,0.0,0.0,17.4,19.8
PHX,2023-11-09,0.0,0.0,15.8,17.7
PHX,2023-11-10,0.0,0.0,12.0,16.8
PHX,2023-11-11,0.0,0.0,15.8,18.7
PHX,2023-11-12,0.0,0.0,20.9,20.2
PHX,2023-11-13,0.0,0.0,21.4,22.7
PHX,2023-11-14,0.0,0.0,19.2,23.9
PHX,2023-11-15,0.0,0.0,15.8,23.5
PHX,2023-11-16,6.3,0.0,18.4,20.7
PHX,2023-11-17,0.0,0.0,11.2,20.3
PHX,2023-11-18,15.7,0.0,15.0,19.2
PHX,2023-11-19,0.0,0.0,26.0,16.4
PHX,2023-11-20,0.0,0.0,14.8,15.0
PHX,2023-11-21,0.0,0.0,18.9,17.6
PHX,2023-11-22,0.0,0.0,14.3,16.0
PHX,2023-11-23,0.0,0.0,13.9,14.8
PHX,2023-11-24,0.3,0.0,23.5,15.0
PHX,2023-11-25,0.0,0.0,10.9,14.4
PHX,2023-11-26,0.0,0.0,17.6,13.8
PHX,2023-11-27,0.0,0.0,18.0,16.4
PHX,2023-11-28,0.0,0.0,18.5,17.3
PHX,2023-11-29,0.1,0.0,15.1,15.7
PHX,2023-11-30,0.9,0.0,20.0,13.5
PHX,2023-12-01,2.1,0.0,12.3,12.3
PHX,2023-12-02,0.0,0.0,10.6,11.6
PHX,2023-12-03,0.0,0.0,8.7,11.9
PHX,2023-12-04,0.0,0.0,8.7,12.9
PHX,2023-12-05,0.0,0.0,14.5,17.0
PHX,2023-12-06,0.0,0.0,15.7,18.2
PHX,2023-12-07,0.0,0.0,10.2,15.4
PHX,2023-12-08,0.0,0.0,9.1,13.9
PHX,2023-12-09,0.0,0.0,17.3,12.1
PHX,2023-12-10,0.0,0.0,20.0,12.8
PHX,2023-12-11,0.0,0.0,11.7,12.3
PHX,2023-12-12,0.0,0.0,11.1,13.8
PHX,2023-12-13,0.0,0.0,11.5,11.9
PHX,2023-12-14,0.0,0.0,10.7,11.8
PHX,2023-12-15,0.0,0.0,16.0,14.1
PHX,2023-12-16,0.0,0.0,24.5,17.1
PHX,2023-12-17,0.0,0.0,11.7,15.7
PHX,2023-12-18,0.0,0.0,14.7,16.4
PHX,2023-12-19,0.0,0.0,12.8,16.6
PHX,2023-12-20,12.2,0.0,21.9,15.7
PHX,2023-12-21,0.0,0.0,11.7,15.5
PHX,2023-12-22,18.7,0.0,23.8,13.3
PHX,2023-12-23,4.0,0.0,16.4,12.0
PHX,2023-12-24,0.0,0.0,8.4,10.1
PHX,2023-12-25,0.0,0.0,9.8,10.2
PHX,2023-12-26,0.0,0.0,9.3,9.0
PHX,2023-12-27,0.0,0.0,9.3,9.2
PHX,2023-12-28,0.0,0.0,9.5,10.0
PHX,2023-12-29,0.0,0.0,20.0,11.5
PHX,2023-12-30,0.0,0.0,17.5,12.6
PHX,2023-12-31,0.0,0.0,10.0,10.3
PHX,2024-01-01,0.0,0.0,12.6,10.5
PHX,2024-01-02,0.0,0.0,10.5,10.2
PHX,2024-01-03,0.8,0.0,30.6,9.9
PHX,2024-01-04,0.6,0.0,13.6,9.0
PHX,2024-01-05,0.0,0.0,10.1,7.8
PHX,2024-01-06,0.0,0.0,9.7,8.0
PHX,2024-01-07,1.9,0.0,29.4,7.0
PHX,2024-01-08,0.0,0.0,15.1,4.7
PHX,2024-01-09,0.0,0.0,10.2,5.3
PHX,2024-01-10,0.0,0.0,8.8,6.2
PHX,2024-01-11,1.3,0.0,39.3,6.7
PHX,2024-01-12,0.0,0.0,12.3,5.5
PHX,2024-01-13,0.0,0.0,8.4,7.4
PHX,2024-01-14,0.0,0.0,9.8,9.7
PHX,2024-01-15,0.0,0.0,10.4,10.3
PHX,2024-01-16,0.0,0.0,10.2,11.1
PHX,2024-01-17,0.0,0.0,10.3,11.7
PHX,2024-01-18,0.0,0.0,9.1,13.8
PHX,2024-01-19,0.0,0.0,11.9,15.1
PHX,2024-01-20,0.0,0.0,11.3,13.9
PHX,2024-01-21,4.6,0.0,12.4,12.1
PHX,2024-01-22,11.3,0.0,16.9,11.4
PHX,2024-01-23,25.0,0.0,28.4,11.9
PHX,2024-01-24,0.1,0.0,8.9,11.7
PHX,2024-01-25,0.1,0.0,14.0,11.6
PHX,2024-01-26,0.0,0.0,13.7,11.5
PHX,2024-01-27,0.0,0.0,16.6,12.5
PHX,2024-01-28,0.0,0.0,25.6,14.5
PHX,2024-01-29,0.0,0.0,12.6,14.9
PHX,2024-01-30,0.0,0.0,11.2,15.1
PHX,2024-01-31,0.0,0.0,13.2,16.1
PHX,2024-02-01,8.8,0.0,30.0,16.5
PHX,2024-02-02,14.0,0.0,25.7,12.0
PHX,2024-02-03,0.0,0.0,15.2,10.4
PHX,2024-02-04,0.0,0.0,12.9,11.0
PHX,2024-02-05,0.0,0.0,16.1,14.0
PHX,2024-02-06,10.3,0.0,28.5,13.6
PHX,2024-02-07,14.0,0.0,18.3,10.3
PHX,2024-02-08,3.0,0.0,35.6,8.7
PHX,2024-02-09,0.0,0.0,11.6,7.6
PHX,2024-02-10,6.5,0.42,17.5,7.9
PHX,2024-02-11,0.0,0.0,9.7,7.9
PHX,2024-02-12,0.0,0.0,10.2,8.7
PHX,2024-02-13,0.0,0.0,13.1,10.5
PHX,2024-02-14,0.0,0.0,8.5,11.6
PHX,2024-02-15,0.0,0.0,9.1,12.0
PHX,2024-02-16,0.0,0.0,9.2,12.7
PHX,2024-02-17,0.0,0.0,9.8,13.6
PHX,2024-02-18,0.4,0.0,10.4,14.7
PHX,2024-02-19,0.0,0.0,12.3,15.3
PHX,2024-02-20,0.0,0.0,10.0,16.0
PHX,2024-02-21,0.0,0.0,19.9,15.4
PHX,2024-02-22,0.0,0.0,10.8,15.3
PHX,2024-02-23,0.0,0.0,11.0,16.5
PHX,2024-02-24,0.0,0.0,11.4,17.7
PHX,2024-02-25,0.0,0.0,10.3,18.4
PHX,2024-02-26,0.0,0.0,24.4,18.0
PHX,2024-02-27,0.0,0.0,14.4,17.7
PHX,2024-02-28,0.1,0.0,33.3,16.1
PHX,2024-02-29,0.0,0.0,11.4,16.1
PHX,2024-03-01,0.0,0.0,13.7,16.6
PHX,2024-03-02,0.0,0.0,20.4,16.5
PHX,2024-03-03,0.0,0.0,23.0,16.4
PHX,2024-03-04,0.0,0.0,17.3,15.6
PHX,2024-03-05,0.0,0.0,9.8,16.0
PHX,2024-03-06,0.0,0.0,16.9,16.4
PHX,2024-03-07,5.7,0.0,18.5,12.8
PHX,2024-03-08,1.0,0.0,19.2,13.0
PHX,2024-03-09,0.0,0.0,13.7,14.5
PHX,2024-03-10,0.0,0.0,20.5,16.8
PHX,2024-03-11,0.0,0.0,14.1,17.5
PHX,2024-03-12,0.0,0.0,13.9,17.4
PHX,2024-03-13,0.0,0.0,26.6,17.2
PHX,2024-03-14,0.8,0.0,22.3,15.1
PHX,2024-03-15,10.1,0.0,27.8,12.1
PHX,2024-03-16,0.0,0.0,12.6,12.2
PHX,2024-03-17,0.5,0.0,12.0,13.1
PHX,2024-03-18,0.0,0.0,31.9,14.0
PHX,2024-03-19,0.0,0.0,14.5,15.8
PHX,2024-03-20,0.2,0.0,10.8,16.4
PHX,2024-03-21,0.0,0.0,17.3,18.3
PHX,2024-03-22,0.0,0.0,10.7,20.4
PHX,2024-03-23,0.0,0.0,26.4,20.0
PHX,2024-03-24,7.0,0.0,33.5,13.9
PHX,2024-03-25,0.5,0.0,24.1,13.7
PHX,2024-03-26,0.2,0.0,23.3,14.0
PHX,2024-03-27,0.0,0.0,13.4,15.7
PHX,2024-03-28,0.0,0.0,12.0,18.6
PHX,2024-03-29,0.0,0.0,22.4,20.0
PHX,2024-03-30,0.0,0.0,36.0,20.8
PHX,2024-03-31,15.1,0.0,20.6,12.9
PHX,2024-04-01,5.1,0.0,11.6,11.9
PHX,2024-04-02,0.0,0.0,14.8,14.4
PHX,2024-04-03,0.0,0.0,9.4,16.7
PHX,2024-04-04,0.0,0.0,18.3,18.6
PHX,2024-04-05,0.0,0.0,31.6,15.1
PHX,2024-04-06,0.0,0.0,24.2,12.5
PHX,2024-04-07,0.0,0.0,10.9,14.8
PHX,2024-04-08,0.0,0.0,16.6,16.7
PHX,2024-04-09,0.0,0.0,22.1,18.9
PHX,2024-04-10,0.0,0.0,13.0,21.1
PHX,2024-04-11,0.0,0.0,13.4,23.0
PHX,2024-04-12,0.0,0.0,26.3,24.2
PHX,2024-04-13,0.0,0.0,21.7,23.2
PHX,2024-04-14,0.0,0.0,26.2,20.7
PHX,2024-04-15,0.0,0.0,17.6,18.7
PHX,2024-04-16,0.0,0.0,14.4,21.5
PHX,2024-04-17,0.0,0.0,15.2,24.5
PHX,2024-04-18,0.0,0.0,14.2,24.8
PHX,2024-04-19,0.0,0.0,14.3,25.8
PHX,2024-04-20,0.0,0.0,15.5,26.6
PHX,2024-04-21,0.0,0.0,13.6,27.9
PHX,2024-04-22,0.0,0.0,24.6,28.6
PHX,2024-04-23,0.0,0.0,20.9,27.7
PHX,2024-04-24,0.0,0.0,21.6,25.9
PHX,2024-04-25,0.0,0.0,25.6,22.8
PHX,2024-04-26,0.1,0.0,33.7,21.9
PHX,2024-04-27,0.0,0.0,20.6,20.7
PHX,2024-04-28,0.0,0.0,11.9,23.2
PHX,2024-04-29,0.0,0.0,12.7,25.2
PHX,2024-04-30,0.0,0.0,25.9,26.8
PHX,2024-05-01,0.0,0.0,20.8,26.0
PHX,2024-05-02,0.0,0.0,17.1,26.2
PHX,2024-05-03,0.0,0.0,18.7,26.7
PHX,2024-05-04,0.0,0.0,20.9,27.2
PHX,2024-05-05,0.0,0.0,31.9,24.3
PHX,2024-05-06,0.0,0.0,19.2,22.4
PHX,2024-05-07,0.0,0.0,21.3,24.5
PHX,2024-05-08,0.0,0.0,27.1,24.9
PHX,2024-05-09,0.0,0.0,21.2,23.6
PHX,2024-05-10,0.0,0.0,20.6,25.1
PHX,2024-05-11,0.0,0.0,31.6,26.0
PHX,2024-05-12,0.0,0.0,14.8,27.1
PHX,2024-05-13,0.0,0.0,22.7,29.1
PHX,2024-05-14,0.0,0.0,23.2,29.9
PHX,2024-05-15,0.0,0.0,20.6,28.9
PHX,2024-05-16,0.0,0.0,23.2,29.3
PHX,2024-05-17,0.0,0.0,24.7,30.2
PHX,2024-05-18,0.0,0.0,26.7,31.0
PHX,2024-05-19,0.0,0.0,24.4,29.9
PHX,2024-05-20,0.0,0.0,29.1,27.0
PHX,2024-05-21,0.0,0.0,19.7,26.5
PHX,2024-05-22,0.0,0.0,19.1,27.4
PHX,2024-05-23,0.0,0.0,17.2,27.6
PHX,2024-05-24,0.0,0.0,23.4,28.7
PHX,2024-05-25,0.0,0.0,24.8,26.9
PHX,2024-05-26,0.0,0.0,14.2,28.2
PHX,2024-05-27,0.0,0.0,17.8,30.7
PHX,2024-05-28,0.0,0.0,19.6,32.2
PHX,2024-05-29,0.0,0.0,18.9,31.6
PHX,2024-05-30,0.0,0.0,19.6,31.2
PHX,2024-05-31,0.0,0.0,19.4,32.1
PHX,2024-06-01,0.0,0.0,21.0,31.9
PHX,2024-06-02,0.0,0.0,20.8,31.3
PHX,2024-06-03,0.0,0.0,18.4,31.3
PHX,2024-06-04,0.0,0.0,17.2,32.2
PHX,2024-06-05,0.0,0.0,23.1,33.9
PHX,2024-06-06,0.0,0.0,22.6,35.8
PHX,2024-06-07,0.0,0.0,19.9,35.9
PHX,2024-06-08,0.0,0.0,19.8,34.4
PHX,2024-06-09,0.0,0.0,25.7,33.7
PHX,2024-06-10,0.0,0.0,16.1,33.0
PHX,2024-06-11,0.0,0.0,22.5,34.9
PHX,2024-06-12,0.0,0.0,16.6,35.2
PHX,2024-06-13,0.0,0.0,12.3,35.6
PHX,2024-06-14,0.0,0.0,19.7,34.5
PHX,2024-06-15,0.0,0.0,23.5,35.5
PHX,2024-06-16,0.0,0.0,30.5,35.5
PHX,2024-06-17,0.0,0.0,23.8,33.3
PHX,2024-06-18,0.0,0.0,19.7,32.5
PHX,2024-06-19,0.0,0.0,15.8,33.4
PHX,2024-06-20,0.0,0.0,17.9,35.9
PHX,2024-06-21,0.0,0.0,27.8,38.4
PHX,2024-06-22,0.0,0.0,22.2,34.8
PHX,2024-06-23,0.0,0.0,16.2,35.4
PHX,2024-06-24,0.0,0.0,23.1,36.3
PHX,2024-06-25,0.2,0.0,18.1,34.8
PHX,2024-06-26,0.0,0.0,22.1,36.3
PHX,2024-06-27,0.0,0.0,23.8,37.8
PHX,2024-06-28,0.0,0.0,24.3,37.5
PHX,2024-06-29,0.0,0.0,16.6,37.3
PHX,2024-06-30,0.0,0.0,18.7,37.1
PHX,2024-07-01,0.2,0.0,22.9,34.6
PHX,2024-07-02,0.0,0.0,21.2,37.4
PHX,2024-07-03,0.0,0.0,30.0,37.4
PHX,2024-07-04,0.0,0.0,28.4,37.7
PHX,2024-07-05,0.0,0.0,23.8,38.9
PHX,2024-07-06,0.0,0.0,23.1,37.8
PHX,2024-07-07,0.0,0.0,22.0,37.9
PHX,2024-07-08,0.0,0.0,22.0,38.9
PHX,2024-07-09,0.0,0.0,18.4,38.6
PHX,2024-07-10,0.0,0.0,24.5,38.8
PHX,2024-07-11,0.0,0.0,29.1,38.0
PHX,2024-07-12,0.0,0.0,13.4,38.4
PHX,2024-07-13,0.0,0.0,28.0,38.1
PHX,2024-07-14,0.1,0.0,27.2,35.7
PHX,2024-07-15,0.0,0.0,25.9,35.5
PHX,2024-07-16,0.0,0.0,25.0,36.5
PHX,2024-07-17,0.0,0.0,21.7,36.7
PHX,2024-07-18,0.0,0.0,21.3,37.4
PHX,2024-07-19,0.0,0.0,20.0,38.4
PHX,2024-07-20,0.4,0.0,15.9,37.9
PHX,2024-07-21,1.3,0.0,35.1,34.8
PHX,2024-07-22,0.0,0.0,12.2,36.1
PHX,2024-07-23,0.0,0.0,21.1,38.6
PHX,2024-07-24,0.6,0.0,23.5,37.7
PHX,2024-07-25,2.6,0.0,24.0,36.3
PHX,2024-07-26,0.0,0.0,10.3,36.2
PHX,2024-07-27,0.0,0.0,23.0,36.6
PHX,2024-07-28,0.2,0.0,23.2,36.2
PHX,2024-07-29,0.0,0.0,19.2,36.2
PHX,2024-07-30,0.0,0.0,27.6,36.2
PHX,2024-07-31,0.0,0.0,30.5,35.2
PHX,2024-08-01,0.0,0.0,19.1,35.0
PHX,2024-08-02,2.0,0.0,18.5,36.3
PHX,2024-08-03,0.0,0.0,11.9,38.7
PHX,2024-08-04,0.0,0.0,18.0,39.3
PHX,2024-08-05,0.0,0.0,19.1,38.0
PHX,2024-08-06,0.0,0.0,28.7,37.5
PHX,2024-08-07,0.0,0.0,15.0,33.9
PHX,2024-08-08,0.1,0.0,18.0,33.9
PHX,2024-08-09,0.0,0.0,15.5,34.3
PHX,2024-08-10,0.0,0.0,31.0,36.2
PHX,2024-08-11,0.9,0.0,16.9,33.1
PHX,2024-08-12,0.0,0.0,18.9,35.3
PHX,2024-08-13,0.0,0.0,30.2,34.8
PHX,2024-08-14,0.0,0.0,19.8,36.6
PHX,2024-08-15,0.0,0.0,21.0,37.1
PHX,2024-08-16,0.0,0.0,23.1,37.6
PHX,2024-08-17,0.0,0.0,24.9,37.0
PHX,2024-08-18,3.2,0.0,18.7,32.5
PHX,2024-08-19,0.0,0.0,14.8,36.8
PHX,2024-08-20,0.0,0.0,26.3,37.9
PHX,2024-08-21,0.0,0.0,22.7,34.2
PHX,2024-08-22,5.7,0.0,23.6,33.5
PHX,2024-08-23,0.0,0.0,26.1,33.3
PHX,2024-08-24,0.0,0.0,27.8,33.1
PHX,2024-08-25,0.0,0.0,17.2,34.7
PHX,2024-08-26,0.0,0.0,13.3,34.5
PHX,2024-08-27,0.0,0.0,16.4,35.6
PHX,2024-08-28,0.0,0.0,20.8,34.9
PHX,2024-08-29,0.0,0.0,15.5,34.1
PHX,2024-08-30,0.0,0.0,38.8,35.1
PHX,2024-08-31,0.0,0.0,29.4,34.7
PHX,2024-09-01,0.0,0.0,21.1,34.9
PHX,2024-09-02,0.0,0.0,23.8,35.2
PHX,2024-09-03,0.0,0.0,21.9,35.2
PHX,2024-09-04,0.0,0.0,16.4,36.1
PHX,2024-09-05,0.0,0.0,16.2,37.3
PHX,2024-09-06,0.0,0.0,26.6,37.2
PHX,2024-09-07,0.0,0.0,34.2,35.9
PHX,2024-09-08,0.0,0.0,27.7,35.4
PHX,2024-09-09,0.0,0.0,20.0,35.1
PHX,2024-09-10,0.0,0.0,12.5,34.4
PHX,2024-09-11,0.0,0.0,26.7,34.1
PHX,2024-09-12,0.0,0.0,25.9,33.7
PHX,2024-09-13,0.0,0.0,21.2,32.1
PHX,2024-09-14,0.0,0.0,19.0,32.6
PHX,2024-09-15,0.0,0.0,23.1,32.8
PHX,2024-09-16,0.0,0.0,29.0,31.2
PHX,2024-09-17,0.0,0.0,15.0,27.8
PHX,2024-09-18,0.0,0.0,17.3,27.2
PHX,2024-09-19,0.0,0.0,20.8,28.8
PHX,2024-09-20,0.0,0.0,24.7,28.3
PHX,2024-09-21,0.0,0.0,17.7,26.0
PHX,2024-09-22,0.0,0.0,13.7,28.4
PHX,2024-09-23,0.0,0.0,13.6,31.0
PHX,2024-09-24,0.0,0.0,13.1,32.3
PHX,2024-09-25,0.0,0.0,17.5,34.3
PHX,2024-09-26,0.0,0.0,14.1,34.2
PHX,2024-09-27,0.0,0.0,11.3,35.0
PHX,2024-09-28,0.0,0.0,26.3,37.0
PHX,2024-09-29,0.0,0.0,21.2,36.1
PHX,2024-09-30,0.0,0.0,19.8,33.9
PHX,2024-10-01,0.0,0.0,28.7,35.2
PHX,2024-10-02,0.0,0.0,22.3,34.8
PHX,2024-10-03,0.0,0.0,16.2,32.8
PHX,2024-10-04,0.0,0.0,10.6,33.7
PHX,2024-10-05,0.0,0.0,15.5,33.2
PHX,2024-10-06,0.0,0.0,13.5,33.4
PHX,2024-10-07,0.0,0.0,21.0,33.4
PHX,2024-10-08,0.0,0.0,17.3,32.1
PHX,2024-10-09,0.0,0.0,12.7,31.4
PHX,2024-10-10,0.0,0.0,10.7,32.0
PHX,2024-10-11,0.0,0.0,16.0,30.9
PHX,2024-10-12,0.0,0.0,16.7,30.7
PHX,2024-10-13,0.0,0.0,14.9,30.5
PHX,2024-10-14,0.0,0.0,23.4,29.6
PHX,2024-10-15,0.0,0.0,12.4,27.5
PHX,2024-10-16,0.0,0.0,22.1,27.1
PHX,2024-10-17,0.0,0.0,11.4,25.8
PHX,2024-10-18,0.9,0.0,37.8,20.4
PHX,2024-10-19,0.6,0.0,14.0,16.9
PHX,2024-10-20,0.0,0.0,10.8,18.9
PHX,2024-10-21,0.0,0.0,8.9,22.2
PHX,2024-10-22,0.0,0.0,11.8,24.0
PHX,2024-10-23,0.0,0.0,13.8,25.6
PHX,2024-10-24,0.0,0.0,9.0,25.6
PHX,2024-10-25,0.0,0.0,10.4,25.7
PHX,2024-10-26,0.0,0.0,10.2,25.6
PHX,2024-10-27,0.0,0.0,11.8,25.7
PHX,2024-10-28,2.1,0.0,30.0,23.9
PHX,2024-10-29,3.7,0.0,22.9,18.6
PHX,2024-10-30,0.0,0.0,12.3,17.0
PHX,2024-10-31,0.0,0.0,11.0,17.6
PHX,2024-11-01,0.0,0.0,11.8,18.7
PHX,2024-11-02,1.8,0.0,19.6,17.5
PHX,2024-11-03,0.3,0.0,21.6,15.5
PHX,2024-11-04,0.0,0.0,14.8,15.0
PHX,2024-11-05,0.0,0.0,10.5,15.2
PHX,2024-11-06,0.0,0.0,29.3,14.0
PHX,2024-11-07,0.0,0.0,20.5,12.9
PHX,2024-11-08,0.0,0.0,10.0,12.9
PHX,2024-11-09,0.0,0.0,8.1,14.8
PHX,2024-11-10,0.0,0.0,10.2,17.5
PHX,2024-11-11,0.0,0.0,9.8,18.2
PHX,2024-11-12,0.0,0.0,8.8,16.0
PHX,2024-11-13,0.0,0.0,6.7,16.3
PHX,2024-11-14,0.0,0.0,6.3,17.0
PHX,2024-11-15,0.0,0.0,11.6,15.3
PHX,2024-11-16,0.0,0.0,9.3,12.9
PHX,2024-11-17,0.0,0.0,15.1,13.9
PHX,2024-11-18,0.0,0.0,8.0,13.2
PHX,2024-11-19,0.0,0.0,6.4,13.8
PHX,2024-11-20,0.0,0.0,4.7,15.1
PHX,2024-11-21,0.0,0.0,8.0,15.6
PHX,2024-11-22,0.0,0.0,7.0,16.6
PHX,2024-11-23,0.0,0.0,6.3,16.1
PHX,2024-11-24,0.0,0.0,5.4,15.8
PHX,2024-11-25,0.0,0.0,4.8,17.5
PHX,2024-11-26,0.0,0.0,6.0,18.0
PHX,2024-11-27,0.0,0.0,6.7,18.6
PHX,2024-11-28,0.0,0.0,4.6,16.6
PHX,2024-11-29,0.0,0.0,6.1,16.3
PHX,2024-11-30,0.0,0.0,5.7,17.2
PHX,2024-12-01,0.0,0.0,6.0,16.2
PHX,2024-12-02,0.0,0.0,5.9,17.0
PHX,2024-12-03,0.0,0.0,8.6,18.2
PHX,2024-12-04,0.0,0.0,5.8,16.1
PHX,2024-12-05,0.0,0.0,5.6,16.5
PHX,2024-12-06,0.0,0.0,11.0,18.2
PHX,2024-12-07,0.0,0.0,6.7,17.2
PHX,2024-12-08,0.0,0.0,7.0,15.1
PHX,2024-12-09,0.0,0.0,12.5,14.6
PHX,2024-12-10,0.0,0.0,11.4,12.5
PHX,2024-12-11,0.0,0.0,6.0,12.0
PHX,2024-12-12,0.0,0.0,8.7,15.0
PHX,2024-12-13,0.0,0.0,4.7,12.9
PHX,2024-12-14,0.0,0.0,6.1,13.0
PHX,2024-12-15,0.0,0.0,5.2,13.1
PHX,2024-12-16,0.0,0.0,8.4,12.2
PHX,2024-12-17,0.0,0.0,5.3,12.8
PHX,2024-12-18,0.0,0.0,11.3,16.6
PHX,2024-12-19,0.0,0.0,10.9,18.2
PHX,2024-12-20,0.0,0.0,8.3,17.3
PHX,2024-12-21,0.0,0.0,8.9,15.8
PHX,2024-12-22,0.0,0.0,6.1,14.4
PHX,2024-12-23,0.0,0.0,7.0,16.3
PHX,2024-12-24,0.0,0.0,7.4,15.6
PHX,2024-12-25,0.0,0.0,8.3,14.7
PHX,2024-12-26,0.0,0.0,5.9,12.2
PHX,2024-12-27,0.0,0.0,6.1,11.5
PHX,2024-12-28,0.0,0.0,6.5,11.9
PHX,2024-12-29,0.0,0.0,4.7,13.3
PHX,2024-12-30,0.0,0.0,5.8,13.4
PHX,2024-12-31,0.0,0.0,5.8,13.2
PHX,2025-01-01,0.0,0.0,5.7,12.7
PHX,2025-01-02,0.0,0.0,5.6,13.3
PHX,2025-01-03,0.0,0.0,8.6,14.8
PHX,2025-01-04,0.0,0.0,8.0,13.4
PHX,2025-01-05,0.0,0.0,6.2,12.3
PHX,2025-01-06,0.0,0.0,7.0,12.1
PHX,2025-01-07,0.0,0.0,21.4,13.2
PHX,2025-01-08,0.0,0.0,19.8,14.2
PHX,2025-01-09,0.0,0.0,18.7,10.2
PHX,2025-01-10,0.0,0.0,9.7,10.6
PHX,2025-01-11,0.0,0.0,7.6,9.1
PHX,2025-01-12,0.0,0.0,6.1,9.2
PHX,2025-01-13,0.0,0.0,6.5,8.4
PHX,2025-01-14,0.0,0.0,10.2,9.2
PHX,2025-01-15,0.0,0.0,15.5,12.8
PHX,2025-01-16,0.1,0.0,11.1,15.7
PHX,2025-01-17,0.0,0.0,8.5,12.7
PHX,2025-01-18,0.0,0.0,7.2,11.3
PHX,2025-01-19,0.0,0.0,7.6,10.7
PHX,2025-01-20,0.0,0.0,22.8,10.4
PHX,2025-01-21,0.0,0.0,15.9,8.3
PHX,2025-01-22,0.0,0.0,7.2,8.6
PHX,2025-01-23,0.0,0.0,16.8,10.1
PHX,2025-01-24,0.0,0.0,11.8,11.3
PHX,2025-01-25,0.0,0.0,7.5,12.3
PHX,2025-01-26,0.0,0.0,9.7,12.8
PHX,2025-01-27,9.3,0.0,11.8,10.1
PHX,2025-01-28,0.0,0.0,9.6,10.5
PHX,2025-01-29,0.8,0.0,7.7,8.6
PHX,2025-01-30,0.0,0.0,7.8,9.4
PHX,2025-01-31,0.0,0.0,6.8,11.2
PHX,2025-02-01,0.0,0.0,5.8,13.5
PHX,2025-02-02,0.0,0.0,5.5,16.1
PHX,2025-02-03,0.0,0.0,7.8,18.1
PHX,2025-02-04,0.0,0.0,8.4,19.5
PHX,2025-02-05,0.0,0.0,5.1,18.1
PHX,2025-02-06,0.0,0.0,6.1,17.3
PHX,2025-02-07,0.0,0.0,5.6,17.3
PHX,2025-02-08,0.0,0.0,5.5,18.0
PHX,2025-02-09,0.0,0.0,5.2,17.8
PHX,2025-02-10,0.0,0.0,7.7,18.1
PHX,2025-02-11,0.0,0.0,17.3,14.9
PHX,2025-02-12,0.0,0.0,12.8,12.4
PHX,2025-02-13,0.2,0.0,8.5,13.7
PHX,2025-02-14,0.0,0.0,21.8,16.3
PHX,2025-02-15,0.0,0.0,10.0,15.0
PHX,2025-02-16,0.0,0.0,6.3,16.1
PHX,2025-02-17,0.0,0.0,7.1,17.2
PHX,2025-02-18,0.0,0.0,7.4,17.0
PHX,2025-02-19,0.0,0.0,7.6,17.5
PHX,2025-02-20,0.0,0.0,11.3,17.9
PHX,2025-02-21,0.0,0.0,10.8,17.3
PHX,2025-02-22,0.0,0.0,8.9,17.3
PHX,2025-02-23,0.0,0.0,7.6,18.1
PHX,2025-02-24,0.0,0.0,9.3,19.4
PHX,2025-02-25,0.0,0.0,7.3,21.1
PHX,2025-02-26,0.0,0.0,12.4,22.1
PHX,2025-02-27,0.0,0.0,19.8,21.6
PHX,2025-02-28,0.0,0.0,9.2,19.3
PHX,2025-03-01,0.0,0.0,22.4,18.7
PHX,2025-03-02,0.0,0.0,12.1,18.2
PHX,2025-03-03,0.0,0.0,21.8,14.1
PHX,2025-03-04,0.0,0.0,13.6,15.0
PHX,2025-03-05,0.0,0.0,6.9,17.0
PHX,2025-03-06,1.6,0.0,23.7,16.9
PHX,2025-03-07,10.7,0.0,19.9,10.1
PHX,2025-03-08,0.1,0.0,9.4,12.3
PHX,2025-03-09,0.0,0.0,6.5,14.7
PHX,2025-03-10,0.0,0.0,10.6,18.8
PHX,2025-03-11,18.3,0.0,25.1,16.3
PHX,2025-03-12,6.3,0.0,10.1,15.3
PHX,2025-03-13,8.7,0.0,26.1,13.3
PHX,2025-03-14,5.1,0.0,15.7,9.2
PHX,2025-03-15,1.3,0.0,10.9,11.5
PHX,2025-03-16,0.0,0.0,6.5,13.9
PHX,2025-03-17,0.0,0.0,8.0,16.9
PHX,2025-03-18,0.0,0.0,18.0,16.2
PHX,2025-03-19,0.0,0.0,11.3,16.1
PHX,2025-03-20,0.0,0.0,10.1,17.6
PHX,2025-03-21,0.0,0.0,6.7,19.7
PHX,2025-03-22,0.0,0.0,8.9,21.3
PHX,2025-03-23,0.0,0.0,5.5,22.8
PHX,2025-03-24,0.0,0.0,8.4,25.4
PHX,2025-03-25,0.0,0.0,8.0,27.4
PHX,2025-03-26,0.0,0.0,6.7,26.5
PHX,2025-03-27,0.0,0.0,13.3,25.9
PHX,2025-03-28,0.1,0.0,13.8,22.8
PHX,2025-03-29,0.0,0.0,12.9,21.4
PHX,2025-03-30,0.0,0.0,13.6,21.3
PHX,2025-03-31,0.0,0.0,17.2,21.6
PHX,2025-04-01,0.0,0.0,24.5,19.2
PHX,2025-04-02,0.1,0.0,25.0,14.4
PHX,2025-04-03,0.1,0.0,11.5,14.5
PHX,2025-04-04,0.0,0.0,14.5,16.3
PHX,2025-04-05,0.0,0.0,13.6,18.2
PHX,2025-04-06,0.0,0.0,11.0,19.8
PHX,2025-04-07,0.0,0.0,7.4,22.0
PHX,2025-04-08,0.0,0.0,8.0,24.5
PHX,2025-04-09,0.0,0.0,8.6,26.6
PHX,2025-04-10,0.0,0.0,6.7,28.2
PHX,2025-04-11,0.0,0.0,8.1,28.8
PHX,2025-04-12,0.0,0.0,11.9,28.5
PHX,2025-04-13,0.0,0.0,9.8,27.0
PHX,2025-04-14,0.0,0.0,8.0,26.8
PHX,2025-04-15,0.0,0.0,13.4,26.3
PHX,2025-04-16,0.0,0.0,16.9,25.7
PHX,2025-04-17,0.0,0.0,14.7,21.3
PHX,2025-04-18,1.9,0.0,20.6,19.0
PHX,2025-04-19,0.0,0.0,8.4,16.6
PHX,2025-04-20,0.0,0.0,4.7,20.7
PHX,2025-04-21,0.0,0.0,8.9,24.8
PHX,2025-04-22,0.0,0.0,12.4,25.7
PHX,2025-04-23,0.0,0.0,12.2,25.5
PHX,2025-04-24,0.0,0.0,7.6,25.1
PHX,2025-04-25,0.0,0.0,17.5,25.8
PHX,2025-04-26,0.0,0.0,14.5,22.7
PHX,2025-04-27,0.0,0.0,16.1,19.5
PHX,2025-04-28,0.0,0.0,10.7,20.7
PHX,2025-04-29,0.0,0.0,14.4,23.4
PHX,2025-04-30,0.0,0.0,11.5,24.8
PHX,2025-05-01,0.0,0.0,14.1,26.8
PHX,2025-05-02,0.0,0.0,12.8,26.7
PHX,2025-05-03,0.0,0.0,21.3,27.7
PHX,2025-05-04,3.9,0.0,20.9,21.3
PHX,2025-05-05,0.8,0.0,10.4,17.6
PHX,2025-05-06,2.2,0.0,8.1,18.2
PHX,2025-05-07,0.3,0.0,10.5,21.8
PHX,2025-05-08,0.0,0.0,12.1,26.4
PHX,2025-05-09,0.0,0.0,16.4,30.9
PHX,2025-05-10,0.0,0.0,18.8,32.4
PHX,2025-05-11,0.0,0.0,14.1,33.1
PHX,2025-05-12,0.0,0.0,18.8,31.9
PHX,2025-05-13,0.0,0.0,18.4,27.0
PHX,2025-05-14,0.0,0.0,13.1,23.0
PHX,2025-05-15,0.0,0.0,11.8,25.3
PHX,2025-05-16,0.0,0.0,16.4,27.4
PHX,2025-05-17,0.0,0.0,19.1,27.2
PHX,2025-05-18,0.0,0.0,17.1,24.4
PHX,2025-05-19,0.0,0.0,20.1,27.2
PHX,2025-05-20,0.0,0.0,12.1,29.3
PHX,2025-05-21,0.0,0.0,13.1,31.3
PHX,2025-05-22,0.0,0.0,13.4,32.5
PHX,2025-05-23,0.0,0.0,13.7,31.8
PHX,2025-05-24,0.0,0.0,14.3,30.7
PHX,2025-05-25,0.0,0.0,13.1,29.8
PHX,2025-05-26,0.0,0.0,13.7,30.3
PHX,2025-05-27,0.0,0.0,13.6,30.8
PHX,2025-05-28,0.0,0.0,12.6,31.4
PHX,2025-05-29,0.0,0.0,17.2,30.5
PHX,2025-05-30,0.0,0.0,15.5,31.7
PHX,2025-05-31,0.0,0.0,19.1,32.3
PHX,2025-06-01,18.2,0.0,18.5,26.5
PHX,2025-06-02,0.8,0.0,10.5,26.1
PHX,2025-06-03,0.0,0.0,10.4,30.2
PHX,2025-06-04,2.7,0.0,15.3,29.3
PHX,2025-06-05,0.0,0.0,12.7,31.7
PHX,2025-06-06,0.0,0.0,15.1,32.5
PHX,2025-06-07,0.0,0.0,11.7,33.2
PHX,2025-06-08,0.0,0.0,10.8,34.1
PHX,2025-06-09,0.0,0.0,16.2,35.0
PHX,2025-06-10,0.0,0.0,16.2,34.6
PHX,2025-06-11,0.0,0.0,15.6,35.3
PHX,2025-06-12,0.0,0.0,17.9,35.1
PHX,2025-06-13,0.0,0.0,12.8,34.5
PHX,2025-06-14,0.0,0.0,11.1,35.2
PHX,2025-06-15,0.0,0.0,12.7,37.0
PHX,2025-06-16,0.0,0.0,15.0,37.5
PHX,2025-06-17,0.0,0.0,14.6,36.3
PHX,2025-06-18,0.0,0.0,11.3,37.0
PHX,2025-06-19,0.0,0.0,16.1,37.7
PHX,2025-06-20,0.0,0.0,15.6,35.7
PHX,2025-06-21,0.0,0.0,19.2,33.9
PHX,2025-06-22,0.0,0.0,12.2,31.3
PHX,2025-06-23,0.0,0.0,16.9,32.0
PHX,2025-06-24,0.0,0.0,13.5,32.4
PHX,2025-06-25,0.0,0.0,11.4,32.5
PHX,2025-06-26,0.0,0.0,13.4,33.9
PHX,2025-06-27,0.0,0.0,13.8,35.1
PHX,2025-06-28,0.0,0.0,15.1,36.2
PHX,2025-06-29,0.0,0.0,17.2,38.0
PHX,2025-06-30,0.0,0.0,15.8,39.3
PHX,2025-07-01,0.0,0.0,16.8,38.7
PHX,2025-07-02,0.0,0.0,22.2,35.7
PHX,2025-07-03,2.4,0.0,12.2,31.5
PHX,2025-07-04,0.0,0.0,12.4,33.0
PHX,2025-07-05,0.0,0.0,14.2,35.2
PHX,2025-07-06,0.0,0.0,15.5,36.8
PHX,2025-07-07,0.0,0.0,16.4,37.7
PHX,2025-07-08,0.0,0.0,13.3,38.1
PHX,2025-07-09,0.0,0.0,16.0,40.1
PHX,2025-07-10,0.0,0.0,18.9,39.4
PHX,2025-07-11,0.0,0.0,16.7,36.7
PHX,2025-07-12,0.0,0.0,13.4,36.2
PHX,2025-07-13,0.0,0.0,13.3,36.6
PHX,2025-07-14,0.0,0.0,16.1,36.5
PHX,2025-07-15,0.0,0.0,15.9,35.3
PHX,2025-07-16,0.0,0.0,13.5,31.5
PHX,2025-07-17,6.3,0.0,10.5,31.0
PHX,2025-07-18,0.0,0.0,15.6,35.0
PHX,2025-07-19,0.0,0.0,17.5,35.6
PHX,2025-07-20,0.0,0.0,15.2,32.8
PHX,2025-07-21,0.0,0.0,17.7,34.1
PHX,2025-07-22,2.4,0.0,13.2,31.5
PHX,2025-07-23,0.0,0.0,14.1,34.0
PHX,2025-07-24,0.0,0.0,15.6,34.4
PHX,2025-07-25,0.0,0.0,11.7,35.1
PHX,2025-07-26,0.0,0.0,11.9,35.1
PHX,2025-07-27,0.0,0.0,8.1,35.9
PHX,2025-07-28,0.0,0.0,13.1,37.0
PHX,2025-07-29,0.0,0.0,14.6,36.9
PHX,2025-07-30,0.0,0.0,13.0,37.1
PHX,2025-07-31,0.0,0.0,14.8,37.0
PHX,2025-08-01,0.0,0.0,14.0,38.1
PHX,2025-08-02,0.0,0.0,15.5,38.5
PHX,2025-08-03,0.0,0.0,12.0,37.0
PHX,2025-08-04,0.0,0.0,11.8,37.4
PHX,2025-08-05,0.0,0.0,15.7,38.8
PHX,2025-08-06,0.0,0.0,13.8,39.9
PHX,2025-08-07,0.0,0.0,12.2,40.6
PHX,2025-08-08,0.0,0.0,19.5,38.8
PHX,2025-08-09,0.0,0.0,18.3,37.4
PHX,2025-08-10,0.0,0.0,16.9,36.7
PHX,2025-08-11,0.0,0.0,16.6,37.8
PHX,2025-08-12,0.0,0.0,15.3,37.6
PHX,2025-08-13,0.0,0.0,12.1,37.3
PHX,2025-08-14,0.0,0.0,10.7,36.0
PHX,2025-08-15,0.1,0.0,15.9,33.4
PHX,2025-08-16,0.0,0.0,10.0,34.0
PHX,2025-08-17,0.0,0.0,11.5,34.1
PHX,2025-08-18,0.0,0.0,13.5,35.1
PHX,2025-08-19,0.0,0.0,12.5,36.0
PHX,2025-08-20,0.0,0.0,10.5,38.4
PHX,2025-08-21,0.0,0.0,12.9,38.9
PHX,2025-08-22,0.0,0.0,6.9,38.7
PHX,2025-08-23,0.0,0.0,16.9,37.7
PHX,2025-08-24,0.0,0.0,16.2,36.6
PHX,2025-08-25,7.5,0.0,16.8,32.4
PHX,2025-08-26,4.2,0.0,17.9,28.8
PHX,2025-08-27,0.0,0.0,13.9,32.3
PHX,2025-08-28,0.0,0.0,11.9,35.0
PHX,2025-08-29,15.2,0.0,16.9,31.4
PHX,2025-08-30,0.0,0.0,12.9,34.9
PHX,2025-08-31,0.0,0.0,11.9,36.1
PHX,2025-09-01,0.0,0.0,15.5,36.0
PHX,2025-09-02,0.0,0.0,19.1,35.8
PHX,2025-09-03,0.0,0.0,20.0,34.1
PHX,2025-09-04,0.1,0.0,12.8,30.4
PHX,2025-09-05,16.3,0.0,8.1,28.0
PHX,2025-09-06,2.0,0.0,11.7,31.7
PHX,2025-09-07,0.0,0.0,14.8,33.2
PHX,2025-09-08,0.0,0.0,10.2,34.4
PHX,2025-09-09,0.0,0.0,13.1,35.0
PHX,2025-09-10,0.0,0.0,18.7,34.7
PHX,2025-09-11,0.0,0.0,15.1,33.1
PHX,2025-09-12,0.0,0.0,16.2,32.0
PHX,2025-09-13,0.0,0.0,9.2,30.4
PHX,2025-09-14,0.0,0.0,6.9,30.8
PHX,2025-09-15,0.0,0.0,11.6,32.1
PHX,2025-09-16,0.0,0.0,10.3,33.7
PHX,2025-09-17,0.0,0.0,14.6,33.6
PHX,2025-09-18,6.7,0.0,21.8,30.0
PHX,2025-09-19,1.2,0.0,10.6,30.2
PHX,2025-09-20,0.0,0.0,10.7,32.6
PHX,2025-09-21,0.3,0.0,12.3,31.9
PHX,2025-09-22,43.5,0.0,14.5,27.1
PHX,2025-09-23,0.0,0.0,7.7,32.2
PHX,2025-09-24,0.0,0.0,9.0,34.2
PHX,2025-09-25,0.5,0.0,22.4,33.8
PHX,2025-09-26,17.7,0.0,17.4,25.2
PHX,2025-09-27,9.7,0.0,13.5,23.2
PHX,2025-09-28,1.0,0.0,9.6,23.1
PHX,2025-09-29,0.0,0.0,6.5,26.6
PHX,2025-09-30,0.0,0.0,8.8,28.6
PHX,2025-10-01,0.0,0.0,5.3,29.7
PHX,2025-10-02,0.0,0.0,7.3,30.2
PHX,2025-10-03,0.0,0.0,17.8,30.6
PHX,2025-10-04,0.0,0.0,13.1,26.2
PHX,2025-10-05,0.0,0.0,5.8,24.6
PHX,2025-10-06,0.0,0.0,4.0,25.8
PHX,2025-10-07,0.0,0.0,6.5,27.5
PHX,2025-10-08,0.0,0.0,11.0,29.0
PHX,2025-10-09,5.5,0.0,13.3,27.9
PHX,2025-10-10,10.9,0.0,17.4,25.3
PHX,2025-10-11,14.7,0.0,14.1,23.0
PHX,2025-10-12,87.2,0.0,12.9,21.8
PHX,2025-10-13,9.1,0.0,13.9,21.8
PHX,2025-10-14,0.3,0.0,15.1,22.1
PHX,2025-10-15,0.0,0.0,10.0,19.7
PHX,2025-10-16,0.0,0.0,7.0,19.3
PHX,2025-10-17,0.0,0.0,5.1,20.6
PHX,2025-10-18,0.0,0.0,5.7,21.8
PHX,2025-10-19,0.0,0.0,6.2,23.2
PHX,2025-10-20,0.0,0.0,5.6,23.1
PHX,2025-10-21,0.0,0.0,6.2,23.6
PHX,2025-10-22,0.1,0.0,9.9,25.1
PHX,2025-10-23,0.0,0.0,7.1,22.7
PHX,2025-10-24,0.0,0.0,6.5,21.6
PHX,2025-10-25,0.0,0.0,6.3,22.0
PHX,2025-10-26,0.0,0.0,7.1,22.6
PHX,2025-10-27,0.0,0.0,8.1,22.5
PHX,2025-10-28,0.0,0.0,11.6,23.8
PHX,2025-10-29,0.0,0.0,16.2,24.7
PHX,2025-10-30,0.0,0.0,9.3,23.8
PHX,2025-10-31,0.0,0.0,7.4,22.5
PHX,2025-11-01,0.0,0.0,7.2,21.9
PHX,2025-11-02,0.0,0.0,7.3,22.4
PHX,2025-11-03,0.0,0.0,6.7,22.5
PHX,2025-11-04,0.0,0.0,8.0,22.8
PHX,2025-11-05,0.0,0.0,7.6,22.5
PHX,2025-11-06,0.0,0.0,7.0,21.8
PHX,2025-11-07,0.0,0.0,6.7,21.2
PHX,2025-11-08,0.0,0.0,7.6,21.4
PHX,2025-11-09,0.0,0.0,14.6,23.1
PHX,2025-11-10,0.0,0.0,12.8,24.2
PHX,2025-11-11,0.0,0.0,7.4,21.9
PHX,2025-11-12,0.0,0.0,6.7,21.9
PHX,2025-11-13,0.0,0.0,6.5,22.1
PHX,2025-11-14,0.0,0.0,7.5,21.8
PHX,2025-11-15,2.7,0.0,11.9,20.2
PHX,2025-11-16,2.4,0.0,10.3,19.2
PHX,2025-11-17,1.3,0.0,9.1,17.6
PHX,2025-11-18,30.0,0.0,15.8,15.5
PHX,2025-11-19,9.1,0.0,10.5,13.9
PHX,2025-11-20,5.9,0.0,7.9,13.3
PHX,2025-11-21,0.0,0.0,9.1,13.6
PHX,2025-11-22,8.1,0.0,8.3,15.2
PHX,2025-11-23,5.4,0.0,8.0,14.1
PHX,2025-11-24,0.0,0.0,4.4,13.7
PHX,2025-11-25,0.0,0.0,4.8,14.0
PHX,2025-11-26,0.0,0.0,5.7,15.0
PHX,2025-11-27,0.0,0.0,8.1,15.5
PHX,2025-11-28,0.0,0.0,5.9,15.3
PHX,2025-11-29,0.0,0.0,6.0,14.7
PHX,2025-11-30,0.0,0.0,6.7,14.2
PHX,2025-12-01,0.0,0.0,4.2,14.9
PHX,2025-12-02,0.0,0.0,5.1,12.8
PHX,2025-12-03,0.0,0.0,8.4,11.9
PHX,2025-12-04,0.0,0.0,6.7,11.9
PHX,2025-12-05,0.0,0.0,5.4,11.3
PHX,2025-12-06,0.0,0.0,5.5,11.6
PHX,2025-12-07,0.0,0.0,4.8,12.7
PHX,2025-12-08,0.0,0.0,6.4,13.4
PHX,2025-12-09,0.0,0.0,6.1,14.2
PHX,2025-12-10,0.0,0.0,5.0,14.4
PHX,2025-12-11,0.0,0.0,7.4,16.3
PHX,2025-12-12,0.0,0.0,7.5,16.4
PHX,2025-12-13,0.0,0.0,6.0,16.0
PHX,2025-12-14,0.0,0.0,8.6,17.1
PHX,2025-12-15,0.0,0.0,6.7,17.7
PHX,2025-12-16,0.0,0.0,5.5,15.3
PHX,2025-12-17,0.0,0.0,6.6,14.7
PHX,2025-12-18,0.0,0.0,5.4,15.0
PHX,2025-12-19,0.0,0.0,5.9,15.5
PHX,2025-12-20,0.0,0.0,7.3,16.2
PHX,2025-12-21,0.0,0.0,6.6,17.1
PHX,2025-12-22,0.0,0.0,7.8,16.9
PHX,2025-12-23,0.0,0.0,13.1,16.9
PHX,2025-12-24,1.5,0.0,12.3,17.7
PHX,2025-12-25,14.8,0.0,10.1,17.9
PHX,2025-12-26,0.0,0.0,6.3,16.6
PHX,2025-12-27,0.0,0.0,9.5,16.5
PHX,2025-12-28,0.0,0.0,5.2,13.1
PHX,2025-12-29,0.0,0.0,16.7,15.4
PHX,2025-12-30,0.0,0.0,12.4,17.0
PHX,2025-12-31,0.0,0.0,8.6,15.4
IAH,2023-01-01,0.7,0.0,20.1,19.9
IAH,2023-01-02,45.4,0.0,27.9,21.5
IAH,2023-01-03,9.7,0.0,22.6,19.9
IAH,2023-01-04,0.0,0.0,14.0,14.7
IAH,2023-01-05,0.0,0.0,10.9,13.1
IAH,2023-01-06,0.0,0.0,20.2,16.3
IAH,2023-01-07,7.1,0.0,14.9,19.1
IAH,2023-01-08,6.9,0.0,19.4,15.6
IAH,2023-01-09,0.0,0.0,11.2,13.1
IAH,2023-01-10,0.2,0.0,16.8,17.1
IAH,2023-01-11,0.4,0.0,24.0,20.6
IAH,2023-01-12,0.3,0.0,26.2,15.8
IAH,2023-01-13,0.0,0.0,19.8,9.7
IAH,2023-01-14,0.0,0.0,17.3,9.3
IAH,2023-01-15,0.0,0.0,29.2,16.4
IAH,2023-01-16,1.2,0.0,25.0,20.1
IAH,2023-01-17,0.7,0.0,15.8,19.2
IAH,2023-01-18,8.4,0.0,24.6,19.9
IAH,2023-01-19,0.0,0.0,15.7,14.2
IAH,2023-01-20,5.1,0.0,15.5,10.4
IAH,2023-01-21,5.9,0.0,16.0,10.9
IAH,2023-01-22,0.0,0.0,18.6,9.2
IAH,2023-01-23,0.0,0.0,17.4,8.3
IAH,2023-01-24,72.4,0.0,32.0,11.2
IAH,2023-01-25,0.0,0.0,21.6,7.6
IAH,2023-01-26,0.0,0.0,11.0,6.7
IAH,2023-01-27,0.0,0.0,12.7,8.2
IAH,2023-01-28,16.6,0.0,22.0,16.6
IAH,2023-01-29,26.5,0.0,17.5,18.7
IAH,2023-01-30,4.6,0.0,16.9,8.0
IAH,2023-01-31,3.5,0.0,19.2,4.3
IAH,2023-02-01,10.4,0.0,17.3,4.4
IAH,2023-02-02,14.8,0.0,19.6,4.8
IAH,2023-02-03,1.7,0.0,17.9,7.5
IAH,2023-02-04,0.0,0.0,12.9,8.5
IAH,2023-02-05,0.2,0.0,13.5,14.1
IAH,2023-02-06,0.1,0.0,24.6,17.0
IAH,2023-02-07,2.3,0.0,25.3,18.9
IAH,2023-02-08,8.8,0.0,26.2,16.7
IAH,2023-02-09,0.0,0.0,13.2,11.6
IAH,2023-02-10,0.0,0.0,26.2,10.0
IAH,2023-02-11,0.0,0.0,23.2,6.7
IAH,2023-02-12,0.0,0.0,12.2,9.2
IAH,2023-02-13,0.0,0.0,14.7,12.8
IAH,2023-02-14,2.3,0.0,29.1,19.6
IAH,2023-02-15,6.2,0.0,24.5,20.2
IAH,2023-02-16,3.6,0.0,28.5,15.2
IAH,2023-02-17,0.0,0.0,24.4,6.1
IAH,2023-02-18,0.0,0.0,14.3,7.1
IAH,2023-02-19,0.0,0.0,14.8,14.0
IAH,2023-02-20,0.7,0.0,24.3,20.3
IAH,2023-02-21,0.5,0.0,24.6,21.6
IAH,2023-02-22,5.1,0.0,26.8,22.4
IAH,2023-02-23,0.3,0.0,15.6,22.9
IAH,2023-02-24,1.8,0.0,16.3,21.9
IAH,2023-02-25,1.1,0.0,18.1,21.4
IAH,2023-02-26,0.9,0.0,25.1,22.1
IAH,2023-02-27,0.7,0.0,24.2,21.5
IAH,2023-02-28,0.3,0.0,17.3,20.0
IAH,2023-03-01,0.3,0.0,30.6,23.8
IAH,2023-03-02,3.4,0.0,32.2,23.5
IAH,2023-03-03,3.3,0.0,32.0,16.3
IAH,2023-03-04,0.0,0.0,12.8,15.8
IAH,2023-03-05,0.0,0.0,14.5,17.0
IAH,2023-03-06,5.0,0.0,14.0,20.3
IAH,2023-03-07,1.7,0.0,14.1,22.7
IAH,2023-03-08,0.7,0.0,13.3,22.7
IAH,2023-03-09,0.2,0.0,16.8,23.1
IAH,2023-03-10,0.5,0.0,17.7,21.3
IAH,2023-03-11,0.3,0.0,25.0,23.1
IAH,2023-03-12,0.1,0.0,26.6,22.1
IAH,2023-03-13,0.0,0.0,22.5,15.8
IAH,2023-03-14,0.2,0.0,16.9,14.6
IAH,2023-03-15,0.0,0.0,19.9,14.4
IAH,2023-03-16,14.7,0.0,28.1,20.2
IAH,2023-03-17,48.8,0.0,28.6,11.0
IAH,2023-03-18,0.9,0.0,16.3,10.0
IAH,2023-03-19,0.0,0.0,16.2,8.7
IAH,2023-03-20,0.0,0.0,20.9,8.9
IAH,2023-03-21,5.1,0.0,34.0,17.9
IAH,2023-03-22,0.4,0.0,25.7,22.1
IAH,2023-03-23,1.1,0.0,29.5,23.1
IAH,2023-03-24,6.8,0.0,28.2,23.3
IAH,2023-03-25,1.4,0.0,18.0,20.8
IAH,2023-03-26,15.3,0.0,15.7,18.4
IAH,2023-03-27,0.7,0.0,13.9,21.0
IAH,2023-03-28,0.3,0.0,25.2,19.9
IAH,2023-03-29,5.0,0.0,15.8,16.1
IAH,2023-03-30,2.5,0.0,29.5,19.8
IAH,2023-03-31,1.4,0.0,30.2,24.1
IAH,2023-04-01,0.0,0.0,11.4,23.3
IAH,2023-04-02,5.0,0.0,22.4,21.7
IAH,2023-04-03,0.4,0.0,21.1,25.0
IAH,2023-04-04,1.1,0.0,29.8,24.9
IAH,2023-04-05,68.9,0.0,27.4,21.6
IAH,2023-04-06,12.2,0.0,25.2,15.6
IAH,2023-04-07,24.2,0.0,19.2,14.4
IAH,2023-04-08,0.0,0.0,14.1,15.9
IAH,2023-04-09,0.3,0.0,10.1,18.9
IAH,2023-04-10,0.4,0.0,11.2,18.0
IAH,2023-04-11,0.5,0.0,13.6,18.6
IAH,2023-04-12,3.3,0.0,17.3,17.3
IAH,2023-04-13,0.5,0.0,14.3,18.2
IAH,2023-04-14,0.7,0.0,22.6,20.8
IAH,2023-04-15,11.7,0.0,17.6,22.3
IAH,2023-04-16,0.0,0.0,22.7,18.0
IAH,2023-04-17,0.0,0.0,17.1,16.7
IAH,2023-04-18,0.9,0.0,23.2,19.3
IAH,2023-04-19,0.1,0.0,25.1,22.6
IAH,2023-04-20,24.5,0.0,21.2,21.8
IAH,2023-04-21,44.5,0.0,14.8,21.8
IAH,2023-04-22,0.0,0.0,19.1,19.4
IAH,2023-04-23,3.6,0.0,20.9,16.0
IAH,2023-04-24,0.0,0.0,16.3,17.1
IAH,2023-04-25,3.1,0.0,17.4,19.1
IAH,2023-04-26,10.4,0.0,19.6,19.9
IAH,2023-04-27,13.2,0.0,20.1,20.2
IAH,2023-04-28,5.9,0.0,23.7,20.1
IAH,2023-04-29,4.0,0.0,31.0,16.9
IAH,2023-04-30,0.0,0.0,13.8,19.1
IAH,2023-05-01,0.0,0.0,14.9,21.0
IAH,2023-05-02,0.1,0.0,11.5,21.8
IAH,2023-05-03,0.1,0.0,17.1,23.1
IAH,2023-05-04,7.3,0.0,21.1,22.1
IAH,2023-05-05,2.3,0.0,13.9,25.6
IAH,2023-05-06,3.2,0.0,24.2,26.0
IAH,2023-05-07,3.6,0.0,25.5,24.9
IAH,2023-05-08,11.9,0.0,20.9,23.5
IAH,2023-05-09,19.4,0.0,18.1,22.6
IAH,2023-05-10,51.4,0.0,20.9,21.4
IAH,2023-05-11,7.2,0.0,22.8,23.1
IAH,2023-05-12,19.6,0.0,21.2,23.7
IAH,2023-05-13,33.3,0.0,21.4,23.0
IAH,2023-05-14,27.0,0.0,22.7,22.6
IAH,2023-05-15,19.9,0.0,11.5,22.4
IAH,2023-05-16,1.7,0.0,14.9,23.0
IAH,2023-05-17,0.0,0.0,11.6,23.5
IAH,2023-05-18,0.0,0.0,9.2,24.0
IAH,2023-05-19,0.0,0.0,11.5,25.6
IAH,2023-05-20,0.6,0.0,18.0,25.4
IAH,2023-05-21,2.4,0.0,12.0,22.7
IAH,2023-05-22,0.1,0.0,12.4,23.6
IAH,2023-05-23,0.4,0.0,13.3,23.9
IAH,2023-05-24,0.3,0.0,13.8,23.9
IAH,2023-05-25,0.0,0.0,11.3,24.4
IAH,2023-05-26,0.0,0.0,10.9,25.1
IAH,2023-05-27,0.1,0.0,13.7,25.1
IAH,2023-05-28,1.6,0.0,14.2,24.8
IAH,2023-05-29,6.6,0.0,12.9,24.4
IAH,2023-05-30,6.7,0.0,8.6,24.0
IAH,2023-05-31,1.2,0.0,13.1,24.8
IAH,2023-06-01,0.9,0.0,14.7,25.8
IAH,2023-06-02,0.7,0.0,12.6,26.5
IAH,2023-06-03,4.2,0.0,15.7,26.3
IAH,2023-06-04,3.6,0.0,13.8,24.7
IAH,2023-06-05,10.3,0.0,13.0,23.0
IAH,2023-06-06,0.2,0.0,8.5,24.2
IAH,2023-06-07,0.2,0.0,8.5,24.9
IAH,2023-06-08,8.3,0.0,11.1,24.5
IAH,2023-06-09,0.0,0.0,19.4,26.9
IAH,2023-06-10,24.1,0.0,15.6,26.9
IAH,2023-06-11,0.0,0.0,22.0,28.6
IAH,2023-06-12,0.2,0.0,18.1,29.0
IAH,2023-06-13,0.2,0.0,22.0,28.9
IAH,2023-06-14,0.2,0.0,21.6,30.1
IAH,2023-06-15,0.0,0.0,21.6,31.1
IAH,2023-06-16,0.6,0.0,20.8,31.1
IAH,2023-06-17,3.9,0.0,32.9,30.3
IAH,2023-06-18,0.6,0.0,24.9,30.9
IAH,2023-06-19,0.0,0.0,23.2,31.7
IAH,2023-06-20,0.0,0.0,19.1,32.0
IAH,2023-06-21,17.7,0.0,20.5,29.6
IAH,2023-06-22,5.3,0.0,16.9,28.7
IAH,2023-06-23,4.3,0.0,22.3,27.6
IAH,2023-06-24,0.0,0.0,20.9,31.1
IAH,2023-06-25,0.6,0.0,20.5,31.7
IAH,2023-06-26,0.1,0.0,16.9,31.3
IAH,2023-06-27,0.0,0.0,13.8,31.2
IAH,2023-06-28,0.0,0.0,18.0,30.8
IAH,2023-06-29,0.0,0.0,15.5,30.9
IAH,2023-06-30,0.2,0.0,19.7,30.5
IAH,2023-07-01,0.0,0.0,12.5,30.7
IAH,2023-07-02,3.1,0.0,11.2,29.4
IAH,2023-07-03,0.9,0.0,11.3,29.2
IAH,2023-07-04,1.0,0.0,18.7,29.0
IAH,2023-07-05,6.7,0.0,17.0,28.3
IAH,2023-07-06,15.3,0.0,13.1,26.7
IAH,2023-07-07,3.5,0.0,15.5,26.9
IAH,2023-07-08,2.2,0.0,13.7,27.9
IAH,2023-07-09,2.1,0.0,15.3,29.2
IAH,2023-07-10,0.5,0.0,16.8,30.2
IAH,2023-07-11,0.6,0.0,19.1,30.4
IAH,2023-07-12,0.1,0.0,19.7,31.2
IAH,2023-07-13,0.1,0.0,21.6,31.5
IAH,2023-07-14,0.0,0.0,20.5,31.4
IAH,2023-07-15,0.2,0.0,17.3,31.7
IAH,2023-07-16,0.0,0.0,13.4,31.6
IAH,2023-07-17,0.0,0.0,16.6,31.5
IAH,2023-07-18,0.0,0.0,18.8,31.4
IAH,2023-07-19,0.1,0.0,18.5,31.6
IAH,2023-07-20,0.0,0.0,17.5,31.2
IAH,2023-07-21,0.0,0.0,15.9,30.3
IAH,2023-07-22,1.0,0.0,17.7,31.7
IAH,2023-07-23,4.5,0.0,13.2,29.1
IAH,2023-07-24,0.7,0.0,17.5,30.2
IAH,2023-07-25,1.8,0.0,13.6,29.8
IAH,2023-07-26,0.7,0.0,18.4,30.3
IAH,2023-07-27,1.1,0.0,13.0,29.6
IAH,2023-07-28,0.1,0.0,13.0,29.6
IAH,2023-07-29,0.0,0.0,21.5,30.0
IAH,2023-07-30,0.0,0.0,14.0,31.2
IAH,2023-07-31,5.3,0.0,15.1,32.0
IAH,2023-08-01,4.8,0.0,12.8,30.8
IAH,2023-08-02,0.0,0.0,18.7,31.5
IAH,2023-08-03,0.1,0.0,17.5,31.3
IAH,2023-08-04,0.3,0.0,21.3,31.7
IAH,2023-08-05,0.0,0.0,18.5,32.2
IAH,2023-08-06,0.0,0.0,21.0,32.3
IAH,2023-08-07,0.0,0.0,20.4,32.2
IAH,2023-08-08,0.2,0.0,22.5,32.1
IAH,2023-08-09,0.1,0.0,22.1,32.2
IAH,2023-08-10,0.0,0.0,19.1,32.7
IAH,2023-08-11,0.2,0.0,20.1,32.7
IAH,2023-08-12,0.0,0.0,21.7,32.8
IAH,2023-08-13,0.1,0.0,18.7,32.2
IAH,2023-08-14,0.0,0.0,18.4,32.4
IAH,2023-08-15,0.0,0.0,14.9,33.5
IAH,2023-08-16,0.0,0.0,11.6,31.3
IAH,2023-08-17,0.0,0.0,26.1,31.7
IAH,2023-08-18,0.0,0.0,15.9,32.2
IAH,2023-08-19,0.5,0.0,14.4,32.2
IAH,2023-08-20,0.0,0.0,15.5,33.6
IAH,2023-08-21,0.2,0.0,18.7,32.6
IAH,2023-08-22,2.1,0.0,24.4,31.0
IAH,2023-08-23,0.0,0.0,11.4,32.4
IAH,2023-08-24,0.1,0.0,14.8,33.1
IAH,2023-08-25,0.0,0.0,17.9,32.4
IAH,2023-08-26,0.0,0.0,14.4,32.4
IAH,2023-08-27,0.2,0.0,23.6,32.9
IAH,2023-08-28,0.7,0.0,17.2,30.7
IAH,2023-08-29,0.1,0.0,21.4,30.8
IAH,2023-08-30,0.0,0.0,17.2,30.3
IAH,2023-08-31,0.0,0.0,12.6,30.0
IAH,2023-09-01,0.0,0.0,12.9,30.3
IAH,2023-09-02,0.8,0.0,12.7,30.3
IAH,2023-09-03,0.0,0.0,19.5,30.7
IAH,2023-09-04,1.2,0.0,20.4,29.7
IAH,2023-09-05,0.6,0.0,17.9,30.2
IAH,2023-09-06,0.3,0.0,15.0,31.0
IAH,2023-09-07,0.0,0.0,14.8,31.8
IAH,2023-09-08,1.1,0.0,24.0,30.8
IAH,2023-09-09,0.0,0.0,20.7,29.0
IAH,2023-09-10,0.0,0.0,11.9,29.3
IAH,2023-09-11,0.0,0.0,9.0,28.2
IAH,2023-09-12,0.0,0.0,17.8,29.4
IAH,2023-09-13,2.9,0.0,18.3,28.2
IAH,2023-09-14,21.6,0.0,11.9,25.5
IAH,2023-09-15,12.9,0.0,14.1,25.5
IAH,2023-09-16,2.6,0.0,10.7,25.5
IAH,2023-09-17,0.2,0.0,10.1,26.5
IAH,2023-09-18,0.0,0.0,10.5,25.8
IAH,2023-09-19,0.0,0.0,15.3,25.7
IAH,2023-09-20,0.0,0.0,15.3,27.4
IAH,2023-09-21,0.4,0.0,17.3,28.4
IAH,2023-09-22,3.7,0.0,15.0,28.3
IAH,2023-09-23,0.7,0.0,15.2,28.8
IAH,2023-09-24,0.7,0.0,19.0,29.3
IAH,2023-09-25,15.6,0.0,15.9,26.1
IAH,2023-09-26,0.7,0.0,11.6,26.7
IAH,2023-09-27,0.6,0.0,7.3,26.2
IAH,2023-09-28,1.9,0.0,9.6,27.2
IAH,2023-09-29,0.2,0.0,13.0,27.9
IAH,2023-09-30,0.0,0.0,16.5,28.5
IAH,2023-10-01,0.0,0.0,17.5,28.1
IAH,2023-10-02,0.0,0.0,16.8,27.7
IAH,2023-10-03,32.2,0.0,19.4,24.9
IAH,2023-10-04,14.0,0.0,21.6,25.7
IAH,2023-10-05,39.8,0.0,20.0,23.3
IAH,2023-10-06,0.0,0.0,21.5,23.8
IAH,2023-10-07,0.0,0.0,19.2,20.9
IAH,2023-10-08,0.0,0.0,11.1,17.9
IAH,2023-10-09,0.0,0.0,11.8,19.6
IAH,2023-10-10,0.5,0.0,10.0,21.5
IAH,2023-10-11,20.5,0.0,17.3,19.5
IAH,2023-10-12,0.0,0.0,15.8,20.5
IAH,2023-10-13,2.6,0.0,13.4,23.3
IAH,2023-10-14,0.0,0.0,18.7,20.5
IAH,2023-10-15,0.0,0.0,23.5,17.1
IAH,2023-10-16,0.0,0.0,19.7,15.3
IAH,2023-10-17,0.0,0.0,13.7,15.1
IAH,2023-10-18,0.0,0.0,17.0,19.1
IAH,2023-10-19,0.0,0.0,13.5,22.4
IAH,2023-10-20,0.0,0.0,12.3,22.5
IAH,2023-10-21,0.0,0.0,13.1,23.6
IAH,2023-10-22,0.3,0.0,17.7,24.6
IAH,2023-10-23,9.8,0.0,23.1,24.8
IAH,2023-10-24,0.1,0.0,26.9,25.5
IAH,2023-10-25,2.1,0.0,23.4,24.8
IAH,2023-10-26,28.9,0.0,18.1,24.0
IAH,2023-10-27,5.0,0.0,12.7,25.0
IAH,2023-10-28,0.5,0.0,18.4,25.1
IAH,2023-10-29,4.2,0.0,21.8,23.0
IAH,2023-10-30,4.9,0.0,29.2,9.7
IAH,2023-10-31,0.1,0.0,18.4,10.0
IAH,2023-11-01,0.0,0.0,13.7,9.4
IAH,2023-11-02,0.0,0.0,9.0,10.7
IAH,2023-11-03,0.0,0.0,9.4,15.3
IAH,2023-11-04,0.0,0.0,10.9,18.6
IAH,2023-11-05,0.1,0.0,11.8,20.6
IAH,2023-11-06,0.0,0.0,15.3,21.8
IAH,2023-11-07,0.0,0.0,20.9,23.0
IAH,2023-11-08,0.3,0.0,19.1,23.7
IAH,2023-11-09,31.1,0.0,9.7,22.0
IAH,2023-11-10,18.4,0.0,18.8,16.6
IAH,2023-11-11,0.0,0.0,12.9,15.2
IAH,2023-11-12,14.8,0.0,15.1,16.1
IAH,2023-11-13,39.7,0.0,16.9,15.7
IAH,2023-11-14,5.2,0.0,15.6,16.8
IAH,2023-11-15,0.0,0.0,15.0,17.0
IAH,2023-11-16,0.0,0.0,10.7,16.9
IAH,2023-11-17,0.0,0.0,11.9,18.1
IAH,2023-11-18,0.0,0.0,12.2,19.0
IAH,2023-11-19,0.0,0.0,19.6,17.3
IAH,2023-11-20,13.9,0.0,18.9,20.3
IAH,2023-11-21,0.0,0.0,26.1,14.3
IAH,2023-11-22,0.0,0.0,15.2,10.3
IAH,2023-11-23,0.1,0.0,7.9,9.6
IAH,2023-11-24,0.0,0.0,10.5,11.9
IAH,2023-11-25,0.0,0.0,15.3,12.6
IAH,2023-11-26,0.5,0.0,24.6,12.5
IAH,2023-11-27,0.0,0.0,14.0,8.6
IAH,2023-11-28,0.0,0.0,10.4,10.3
IAH,2023-11-29,0.0,0.0,16.3,11.8
IAH,2023-11-30,17.4,0.0,26.6,18.2
IAH,2023-12-01,5.6,0.0,14.8,18.4
IAH,2023-12-02,1.1,0.0,13.9,16.9
IAH,2023-12-03,0.0,0.0,15.4,14.8
IAH,2023-12-04,0.0,0.0,15.3,14.5
IAH,2023-12-05,0.0,0.0,9.8,12.6
IAH,2023-12-06,0.0,0.0,13.6,12.1
IAH,2023-12-07,0.0,0.0,17.3,13.5
IAH,2023-12-08,2.5,0.0,26.4,20.3
IAH,2023-12-09,14.5,0.0,23.9,21.5
IAH,2023-12-10,0.0,0.0,27.1,10.5
IAH,2023-12-11,0.0,0.0,11.5,8.5
IAH,2023-12-12,0.0,0.0,14.0,11.6
IAH,2023-12-13,14.7,0.0,15.8,10.7
IAH,2023-12-14,0.0,0.0,15.9,14.4
IAH,2023-12-15,30.3,0.0,16.4,15.6
IAH,2023-12-16,0.5,0.0,19.1,13.3
IAH,2023-12-17,0.0,0.0,12.3,10.7
IAH,2023-12-18,0.0,0.0,11.6,12.0
IAH,2023-12-19,0.0,0.0,13.6,10.9
IAH,2023-12-20,0.0,0.0,17.6,14.5
IAH,2023-12-21,0.0,0.0,16.1,16.1
IAH,2023-12-22,1.1,0.0,10.8,17.3
IAH,2023-12-23,11.7,0.0,20.3,18.3
IAH,2023-12-24,40.5,0.0,18.6,17.7
IAH,2023-12-25,0.0,0.0,20.5,10.9
IAH,2023-12-26,0.0,0.0,10.8,8.9
IAH,2023-12-27,0.0,0.0,17.3,10.6
IAH,2023-12-28,0.0,0.0,21.6,7.7
IAH,2023-12-29,0.0,0.0,15.8,6.8
IAH,2023-12-30,0.0,0.0,10.5,8.7
IAH,2023-12-31,0.0,0.0,16.7,12.4
IAH,2024-01-01,2.7,0.0,15.4,13.7
IAH,2024-01-02,5.5,0.0,17.2,9.1
IAH,2024-01-03,11.6,0.0,21.1,9.5
IAH,2024-01-04,0.0,0.0,20.2,9.6
IAH,2024-01-05,57.3,0.0,24.6,11.6
IAH,2024-01-06,0.0,0.0,10.2,9.6
IAH,2024-01-07,0.0,0.0,17.1,9.5
IAH,2024-01-08,25.0,0.0,34.3,15.6
IAH,2024-01-09,0.7,0.0,29.8,8.1
IAH,2024-01-10,0.0,0.0,23.6,10.0
IAH,2024-01-11,1.4,0.0,26.2,17.1
IAH,2024-01-12,2.6,0.0,33.7,12.4
IAH,2024-01-13,0.0,0.0,17.3,8.6
IAH,2024-01-14,0.0,0.0,17.5,5.6
IAH,2024-01-15,2.7,0.0,23.8,-0.7
IAH,2024-01-16,0.0,0.0,24.1,-3.8
IAH,2024-01-17,0.0,0.0,16.6,0.1
IAH,2024-01-18,0.0,0.0,21.3,12.7
IAH,2024-01-19,0.0,0.0,20.7,7.7
IAH,2024-01-20,0.0,0.0,15.1,2.8
IAH,2024-01-21,1.1,0.0,17.2,3.4
IAH,2024-01-22,71.3,0.0,32.2,13.8
IAH,2024-01-23,41.5,0.0,19.9,17.8
IAH,2024-01-24,48.4,0.0,13.8,17.2
IAH,2024-01-25,19.0,0.0,15.0,16.4
IAH,2024-01-26,11.2,0.0,15.3,14.2
IAH,2024-01-27,0.4,0.0,26.7,12.9
IAH,2024-01-28,0.0,0.0,14.8,9.2
IAH,2024-01-29,0.0,0.0,9.4,10.4
IAH,2024-01-30,0.0,0.0,13.0,13.0
IAH,2024-01-31,0.0,0.0,10.7,14.0
IAH,2024-02-01,0.0,0.0,17.3,14.8
IAH,2024-02-02,7.5,0.0,21.9,16.4
IAH,2024-02-03,31.1,0.0,22.2,16.2
IAH,2024-02-04,0.0,0.0,28.9,14.0
IAH,2024-02-05,0.1,0.0,27.4,13.7
IAH,2024-02-06,0.0,0.0,13.1,12.9
IAH,2024-02-07,0.0,0.0,25.6,14.1
IAH,2024-02-08,0.7,0.0,19.2,18.8
IAH,2024-02-09,1.6,0.0,18.9,19.7
IAH,2024-02-10,11.4,0.0,21.3,19.3
IAH,2024-02-11,6.4,0.0,22.7,18.7
IAH,2024-02-12,0.0,0.0,27.5,9.8
IAH,2024-02-13,0.0,0.0,13.1,10.0
IAH,2024-02-14,0.0,0.0,14.8,11.8
IAH,2024-02-15,0.7,0.0,11.9,16.6
IAH,2024-02-16,6.5,0.0,22.4,17.4
IAH,2024-02-17,0.1,0.0,23.6,9.4
IAH,2024-02-18,0.0,0.0,15.9,6.2
IAH,2024-02-19,0.0,0.0,13.9,8.7
IAH,2024-02-20,0.0,0.0,14.8,14.9
IAH,2024-02-21,0.1,0.0,24.3,18.2
IAH,2024-02-22,0.1,0.0,27.4,19.8
IAH,2024-02-23,0.0,0.0,19.1,17.8
IAH,2024-02-24,0.0,0.0,14.7,16.1
IAH,2024-02-25,0.0,0.0,24.3,17.8
IAH,2024-02-26,0.0,0.0,22.0,21.0
IAH,2024-02-27,0.0,0.0,28.8,22.8
IAH,2024-02-28,0.6,0.0,26.8,17.7
IAH,2024-02-29,2.2,0.0,17.3,11.2
IAH,2024-03-01,2.6,0.0,12.6,14.2
IAH,2024-03-02,0.0,0.0,12.3,16.5
IAH,2024-03-03,3.2,0.0,18.4,19.5
IAH,2024-03-04,2.5,0.0,14.4,20.8
IAH,2024-03-05,0.8,0.0,14.3,21.9
IAH,2024-03-06,0.4,0.0,12.7,19.3
IAH,2024-03-07,2.3,0.0,23.6,20.2
IAH,2024-03-08,16.3,0.0,17.4,21.7
IAH,2024-03-09,0.1,0.0,25.7,13.9
IAH,2024-03-10,0.0,0.0,9.0,13.3
IAH,2024-03-11,0.0,0.0,18.6,15.7
IAH,2024-03-12,0.0,0.0,16.8,17.9
IAH,2024-03-13,1.5,0.0,19.8,21.8
IAH,2024-03-14,1.0,0.0,26.3,23.1
IAH,2024-03-15,8.4,0.0,18.5,22.2
IAH,2024-03-16,2.8,0.0,15.8,19.7
IAH,2024-03-17,11.0,0.0,15.4,20.5
IAH,2024-03-18,0.0,0.0,22.7,16.0
IAH,2024-03-19,0.0,0.0,12.9,12.6
IAH,2024-03-20,0.0,0.0,14.3,15.3
IAH,2024-03-21,34.7,0.0,23.0,17.3
IAH,2024-03-22,1.5,0.0,23.7,18.2
IAH,2024-03-23,0.0,0.0,15.2,17.6
IAH,2024-03-24,0.2,0.0,30.8,18.5
IAH,2024-03-25,5.0,0.0,30.6,20.2
IAH,2024-03-26,0.0,0.0,17.4,14.8
IAH,2024-03-27,0.0,0.0,12.2,13.3
IAH,2024-03-28,0.0,0.0,14.2,15.9
IAH,2024-03-29,0.0,0.0,22.9,18.1
IAH,2024-03-30,0.0,0.0,19.2,20.2
IAH,2024-03-31,2.4,0.0,23.8,22.1
IAH,2024-04-01,0.1,0.0,24.8,24.4
IAH,2024-04-02,0.8,0.0,24.4,21.9
IAH,2024-04-03,0.0,0.0,21.5,17.1
IAH,2024-04-04,0.0,0.0,10.9,19.1
IAH,2024-04-05,0.0,0.0,17.3,20.9
IAH,2024-04-06,0.0,0.0,28.7,21.0
IAH,2024-04-07,3.2,0.0,15.6,23.6
IAH,2024-04-08,23.6,0.0,22.6,22.1
IAH,2024-04-09,16.4,0.0,25.2,22.4
IAH,2024-04-10,10.9,0.0,27.9,19.8
IAH,2024-04-11,0.0,0.0,23.8,19.0
IAH,2024-04-12,0.0,0.0,13.1,18.3
IAH,2024-04-13,0.0,0.0,20.9,19.4
IAH,2024-04-14,0.0,0.0,19.6,21.8
IAH,2024-04-15,0.3,0.0,23.8,22.4
IAH,2024-04-16,0.8,0.0,24.1,24.0
IAH,2024-04-17,0.2,0.0,18.6,24.4
IAH,2024-04-18,0.2,0.0,21.2,25.0
IAH,2024-04-19,1.9,0.0,12.5,24.6
IAH,2024-04-20,50.7,0.0,24.1,22.1
IAH,2024-04-21,19.7,0.0,23.3,16.0
IAH,2024-04-22,0.0,0.0,12.2,15.9
IAH,2024-04-23,0.0,0.0,15.0,18.7
IAH,2024-04-24,0.1,0.0,15.0,22.5
IAH,2024-04-25,1.9,0.0,26.8,23.0
IAH,2024-04-26,4.9,0.0,31.6,23.9
IAH,2024-04-27,1.8,0.0,35.1,24.7
IAH,2024-04-28,20.5,0.0,28.7,23.6
IAH,2024-04-29,0.9,0.0,24.1,23.1
IAH,2024-04-30,0.2,0.0,13.8,22.7
IAH,2024-05-01,8.6,0.0,19.8,22.6
IAH,2024-05-02,37.9,0.0,31.7,22.9
IAH,2024-05-03,18.0,0.0,26.0,23.5
IAH,2024-05-04,4.3,0.0,23.2,23.9
IAH,2024-05-05,5.4,0.0,23.9,23.6
IAH,2024-05-06,1.1,0.0,25.7,25.3
IAH,2024-05-07,3.6,0.0,19.0,26.4
IAH,2024-05-08,0.5,0.0,22.4,27.0
IAH,2024-05-09,0.9,0.0,19.9,26.9
IAH,2024-05-10,0.0,0.0,21.1,25.4
IAH,2024-05-11,44.5,0.0,16.9,22.9
IAH,2024-05-12,62.2,0.0,20.4,22.1
IAH,2024-05-13,18.5,0.0,19.4,24.2
IAH,2024-05-14,0.0,0.0,15.4,23.4
IAH,2024-05-15,0.0,0.0,12.3,24.2
IAH,2024-05-16,45.3,0.0,28.8,23.3
IAH,2024-05-17,0.4,0.0,16.5,21.4
IAH,2024-05-18,0.0,0.0,7.9,25.1
IAH,2024-05-19,0.0,0.0,13.0,25.8
IAH,2024-05-20,0.0,0.0,15.6,25.7
IAH,2024-05-21,2.6,0.0,23.5,27.3
IAH,2024-05-22,1.9,0.0,24.4,27.6
IAH,2024-05-23,0.5,0.0,25.9,27.5
IAH,2024-05-24,0.3,0.0,21.7,28.2
IAH,2024-05-25,0.2,0.0,20.6,28.4
IAH,2024-05-26,0.4,0.0,19.8,29.1
IAH,2024-05-27,0.0,0.0,12.5,29.4
IAH,2024-05-28,13.3,0.0,22.0,26.1
IAH,2024-05-29,22.1,0.0,13.6,24.1
IAH,2024-05-30,31.3,0.0,19.0,24.6
IAH,2024-05-31,41.2,0.0,21.8,24.7
IAH,2024-06-01,8.8,0.0,14.4,24.7
IAH,2024-06-02,3.6,0.0,18.9,25.9
IAH,2024-06-03,6.8,0.0,27.4,27.6
IAH,2024-06-04,6.9,0.0,31.9,27.0
IAH,2024-06-05,15.0,0.0,25.0,26.7
IAH,2024-06-06,0.0,0.0,10.3,27.4
IAH,2024-06-07,0.0,0.0,11.8,28.0
IAH,2024-06-08,0.0,0.0,17.9,27.6
IAH,2024-06-09,3.2,0.0,16.8,27.3
IAH,2024-06-10,5.5,0.0,8.6,27.1
IAH,2024-06-11,2.1,0.0,14.0,27.0
IAH,2024-06-12,1.7,0.0,9.7,26.7
IAH,2024-06-13,0.9,0.0,12.2,27.3
IAH,2024-06-14,0.0,0.0,7.8,28.5
IAH,2024-06-15,0.1,0.0,15.8,28.1
IAH,2024-06-16,0.3,0.0,18.8,28.6
IAH,2024-06-17,7.1,0.0,26.4,27.6
IAH,2024-06-18,1.7,0.0,23.0,27.5
IAH,2024-06-19,15.8,0.0,21.3,25.6
IAH,2024-06-20,2.3,0.0,24.4,26.8
IAH,2024-06-21,1.9,0.0,16.0,27.0
IAH,2024-06-22,0.0,0.0,18.4,27.8
IAH,2024-06-23,2.1,0.0,12.2,27.8
IAH,2024-06-24,0.4,0.0,14.4,28.4
IAH,2024-06-25,1.7,0.0,16.4,28.9
IAH,2024-06-26,0.4,0.0,12.3,28.7
IAH,2024-06-27,0.9,0.0,11.8,28.9
IAH,2024-06-28,2.1,0.0,17.7,29.0
IAH,2024-06-29,2.1,0.0,16.9,29.7
IAH,2024-06-30,0.4,0.0,12.2,30.2
IAH,2024-07-01,0.1,0.0,14.4,30.5
IAH,2024-07-02,0.3,0.0,15.6,30.8
IAH,2024-07-03,1.2,0.0,15.0,30.2
IAH,2024-07-04,0.0,0.0,16.8,31.0
IAH,2024-07-05,0.1,0.0,11.7,30.8
IAH,2024-07-06,24.8,0.0,10.7,27.8
IAH,2024-07-07,29.2,0.0,23.3,26.6
IAH,2024-07-08,104.0,0.0,67.7,24.8
IAH,2024-07-09,0.0,0.0,9.4,26.9
IAH,2024-07-10,0.0,0.0,12.4,27.6
IAH,2024-07-11,8.8,0.0,8.8,26.0
IAH,2024-07-12,17.7,0.0,13.8,26.2
IAH,2024-07-13,19.2,0.0,10.1,25.4
IAH,2024-07-14,7.9,0.0,13.1,25.5
IAH,2024-07-15,0.0,0.0,11.9,27.9
IAH,2024-07-16,0.0,0.0,18.2,27.8
IAH,2024-07-17,0.4,0.0,12.9,28.0
IAH,2024-07-18,45.5,0.0,12.3,25.9
IAH,2024-07-19,1.1,0.0,8.4,26.5
IAH,2024-07-20,1.8,0.0,9.0,26.7
IAH,2024-07-21,2.3,0.0,12.5,26.2
IAH,2024-07-22,13.4,0.0,13.0,25.6
IAH,2024-07-23,28.1,0.0,12.4,25.0
IAH,2024-07-24,5.3,0.0,11.1,25.3
IAH,2024-07-25,66.0,0.0,14.6,23.8
IAH,2024-07-26,36.6,0.0,8.4,23.6
IAH,2024-07-27,40.7,0.0,9.9,23.8
IAH,2024-07-28,24.7,0.0,12.3,25.7
IAH,2024-07-29,0.2,0.0,15.3,28.2
IAH,2024-07-30,0.5,0.0,15.0,28.6
IAH,2024-07-31,0.1,0.0,14.8,28.8
IAH,2024-08-01,0.4,0.0,10.8,28.5
IAH,2024-08-02,0.0,0.0,11.6,28.8
IAH,2024-08-03,0.5,0.0,11.2,28.6
IAH,2024-08-04,1.0,0.0,9.4,28.3
IAH,2024-08-05,0.0,0.0,10.7,28.8
IAH,2024-08-06,0.0,0.0,12.8,28.7
IAH,2024-08-07,0.0,0.0,13.0,29.5
IAH,2024-08-08,0.0,0.0,11.3,29.7
IAH,2024-08-09,1.2,0.0,10.8,29.5
IAH,2024-08-10,0.0,0.0,10.3,29.4
IAH,2024-08-11,0.0,0.0,17.8,29.0
IAH,2024-08-12,2.9,0.0,13.0,28.5
IAH,2024-08-13,1.5,0.0,12.3,28.3
IAH,2024-08-14,1.2,0.0,12.3,28.8
IAH,2024-08-15,0.6,0.0,13.6,29.2
IAH,2024-08-16,0.1,0.0,10.8,29.7
IAH,2024-08-17,0.3,0.0,10.5,29.7
IAH,2024-08-18,0.0,0.0,9.7,30.1
IAH,2024-08-19,0.0,0.0,10.6,30.9
IAH,2024-08-20,0.0,0.0,9.4,31.0
IAH,2024-08-21,0.2,0.0,11.2,29.8
IAH,2024-08-22,14.4,0.0,16.1,27.4
IAH,2024-08-23,2.0,0.0,15.1,28.6
IAH,2024-08-24,0.2,0.0,15.1,28.7
IAH,2024-08-25,0.0,0.0,17.1,28.5
IAH,2024-08-26,4.9,0.0,14.5,26.0
IAH,2024-08-27,5.8,0.0,13.4,26.3
IAH,2024-08-28,4.0,0.0,15.0,26.9
IAH,2024-08-29,16.9,0.0,15.3,25.6
IAH,2024-08-30,9.1,0.0,14.9,25.6
IAH,2024-08-31,3.8,0.0,14.0,26.2
IAH,2024-09-01,4.9,0.0,18.0,26.0
IAH,2024-09-02,21.3,0.0,19.2,26.0
IAH,2024-09-03,0.1,0.0,16.1,27.5
IAH,2024-09-04,12.8,0.0,17.5,26.2
IAH,2024-09-05,32.5,0.0,19.6,25.6
IAH,2024-09-06,3.0,0.0,22.5,25.7
IAH,2024-09-07,0.0,0.0,26.1,25.3
IAH,2024-09-08,0.0,0.0,17.2,24.3
IAH,2024-09-09,0.0,0.0,14.7,24.7
IAH,2024-09-10,1.4,0.0,18.8,25.7
IAH,2024-09-11,2.9,0.0,15.5,25.7
IAH,2024-09-12,0.6,0.0,15.6,25.0
IAH,2024-09-13,0.0,0.0,12.3,26.2
IAH,2024-09-14,0.0,0.0,13.4,28.7
IAH,2024-09-15,2.9,0.0,9.3,27.5
IAH,2024-09-16,0.0,0.0,9.7,27.9
IAH,2024-09-17,0.1,0.0,11.5,27.6
IAH,2024-09-18,0.1,0.0,10.4,28.2
IAH,2024-09-19,0.0,0.0,13.7,28.7
IAH,2024-09-20,0.0,0.0,12.2,29.0
IAH,2024-09-21,0.9,0.0,15.8,28.1
IAH,2024-09-22,1.3,0.0,13.6,27.8
IAH,2024-09-23,1.2,0.0,13.9,27.9
IAH,2024-09-24,0.4,0.0,15.7,27.6
IAH,2024-09-25,0.6,0.0,15.2,28.3
IAH,2024-09-26,0.0,0.0,16.9,26.2
IAH,2024-09-27,0.0,0.0,14.8,25.0
IAH,2024-09-28,0.0,0.0,13.1,25.8
IAH,2024-09-29,0.0,0.0,10.5,25.7
IAH,2024-09-30,0.0,0.0,14.6,26.9
IAH,2024-10-01,0.0,0.0,16.8,27.5
IAH,2024-10-02,0.0,0.0,13.3,27.4
IAH,2024-10-03,0.0,0.0,13.8,26.6
IAH,2024-10-04,1.2,0.0,18.6,26.9
IAH,2024-10-05,0.3,0.0,15.7,26.8
IAH,2024-10-06,0.0,0.0,14.3,27.5
IAH,2024-10-07,0.0,0.0,15.2,27.1
IAH,2024-10-08,0.0,0.0,18.4,25.2
IAH,2024-10-09,0.0,0.0,12.6,23.4
IAH,2024-10-10,0.0,0.0,9.8,24.1
IAH,2024-10-11,0.0,0.0,11.5,24.0
IAH,2024-10-12,0.0,0.0,17.2,24.1
IAH,2024-10-13,0.0,0.0,18.2,26.3
IAH,2024-10-14,0.0,0.0,14.7,26.9
IAH,2024-10-15,0.0,0.0,10.2,26.3
IAH,2024-10-16,0.0,0.0,24.3,19.8
IAH,2024-10-17,0.0,0.0,13.0,16.3
IAH,2024-10-18,0.0,0.0,18.5,19.3
IAH,2024-10-19,0.0,0.0,14.5,21.3
IAH,2024-10-20,0.0,0.0,14.2,21.3
IAH,2024-10-21,0.0,0.0,11.9,20.7
IAH,2024-10-22,0.0,0.0,13.0,22.0
IAH,2024-10-23,0.0,0.0,10.9,23.1
IAH,2024-10-24,0.0,0.0,15.7,22.6
IAH,2024-10-25,0.0,0.0,15.9,24.5
IAH,2024-10-26,0.2,0.0,15.4,24.7
IAH,2024-10-27,0.0,0.0,14.1,24.1
IAH,2024-10-28,0.2,0.0,21.0,24.2
IAH,2024-10-29,0.0,0.0,26.8,25.8
IAH,2024-10-30,5.9,0.0,21.7,24.0
IAH,2024-10-31,13.0,0.0,16.8,23.9
IAH,2024-11-01,0.1,0.0,13.5,23.9
IAH,2024-11-02,10.0,0.0,19.0,22.7
IAH,2024-11-03,11.4,0.0,26.8,23.9
IAH,2024-11-04,5.1,0.0,33.4,25.3
IAH,2024-11-05,43.0,0.0,21.7,22.1
IAH,2024-11-06,0.0,0.0,10.5,22.0
IAH,2024-11-07,3.3,0.0,13.3,24.7
IAH,2024-11-08,15.3,0.0,15.3,22.9
IAH,2024-11-09,11.7,0.0,16.3,22.1
IAH,2024-11-10,5.1,0.0,12.2,23.5
IAH,2024-11-11,0.0,0.0,11.1,21.4
IAH,2024-11-12,0.0,0.0,8.6,19.4
IAH,2024-11-13,0.0,0.0,14.9,19.9
IAH,2024-11-14,0.0,0.0,13.7,17.0
IAH,2024-11-15,0.0,0.0,8.6,15.2
IAH,2024-11-16,0.0,0.0,15.6,18.8
IAH,2024-11-17,73.5,0.0,19.2,22.8
IAH,2024-11-18,9.4,0.0,26.3,23.2
IAH,2024-11-19,0.0,0.0,9.6,18.1
IAH,2024-11-20,0.0,0.0,18.6,15.5
IAH,2024-11-21,0.0,0.0,11.1,12.5
IAH,2024-11-22,0.0,0.0,8.4,13.7
IAH,2024-11-23,0.0,0.0,12.0,14.8
IAH,2024-11-24,0.0,0.0,19.1,19.8
IAH,2024-11-25,0.0,0.0,19.1,21.6
IAH,2024-11-26,0.0,0.0,16.6,13.5
IAH,2024-11-27,0.0,0.0,25.6,19.9
IAH,2024-11-28,0.3,0.0,19.2,15.7
IAH,2024-11-29,0.0,0.0,13.8,10.2
IAH,2024-11-30,0.0,0.0,10.9,10.1
IAH,2024-12-01,1.0,0.0,7.7,13.9
IAH,2024-12-02,0.0,0.0,9.4,11.8
IAH,2024-12-03,0.0,0.0,11.9,12.1
IAH,2024-12-04,33.0,0.0,18.0,16.6
IAH,2024-12-05,1.0,0.0,15.9,15.9
IAH,2024-12-06,0.0,0.0,14.4,9.5
IAH,2024-12-07,5.1,0.0,12.6,8.9
IAH,2024-12-08,12.4,0.0,11.2,12.9
IAH,2024-12-09,0.0,0.0,18.7,18.5
IAH,2024-12-10,0.0,0.0,22.5,14.1
IAH,2024-12-11,0.0,0.0,19.5,8.5
IAH,2024-12-12,0.0,0.0,14.5,9.6
IAH,2024-12-13,2.3,0.0,21.1,15.4
IAH,2024-12-14,2.7,0.0,18.6,19.7
IAH,2024-12-15,1.9,0.0,17.0,21.2
IAH,2024-12-16,0.5,0.0,13.7,20.8
IAH,2024-12-17,1.0,0.0,11.8,20.2
IAH,2024-12-18,1.3,0.0,18.2,17.9
IAH,2024-12-19,0.0,0.0,12.7,12.4
IAH,2024-12-20,0.0,0.0,12.8,12.7
IAH,2024-12-21,0.0,0.0,11.0,8.9
IAH,2024-12-22,0.0,0.0,12.0,9.7
IAH,2024-12-23,0.0,0.0,18.0,15.4
IAH,2024-12-24,11.1,0.0,19.3,18.3
IAH,2024-12-25,19.0,0.0,16.3,17.4
IAH,2024-12-26,19.2,0.0,20.1,18.0
IAH,2024-12-27,0.0,0.0,11.5,17.1
IAH,2024-12-28,26.5,0.0,22.7,18.7
IAH,2024-12-29,0.0,0.0,8.6,14.5
IAH,2024-12-30,0.0,0.0,17.8,17.5
IAH,2024-12-31,0.0,0.0,15.4,15.7
IAH,2025-01-01,0.0,0.0,13.1,11.0
IAH,2025-01-02,0.3,0.0,8.9,11.7
IAH,2025-01-03,1.0,0.0,12.6,16.4
IAH,2025-01-04,2.9,0.0,18.0,17.0
IAH,2025-01-05,12.3,0.0,28.3,17.6
IAH,2025-01-06,0.0,0.0,23.1,2.5
IAH,2025-01-07,0.0,0.0,11.5,3.5
IAH,2025-01-08,0.0,0.0,12.7,3.4
IAH,2025-01-09,29.0,0.0,23.3,5.1
IAH,2025-01-10,15.2,0.0,23.4,4.5
IAH,2025-01-11,0.0,0.0,12.6,4.9
IAH,2025-01-12,1.8,0.0,13.9,9.0
IAH,2025-01-13,0.0,0.0,15.6,9.4
IAH,2025-01-14,0.0,0.0,9.3,8.1
IAH,2025-01-15,2.4,0.0,13.1,10.1
IAH,2025-01-16,0.0,0.0,8.8,10.1
IAH,2025-01-17,1.2,0.0,16.9,12.6
IAH,2025-01-18,0.0,0.0,18.1,14.2
IAH,2025-01-19,0.0,0.0,25.5,2.5
IAH,2025-01-20,0.6,0.42,15.9,0.5
IAH,2025-01-21,4.2,2.94,18.9,-1.1
IAH,2025-01-22,0.0,0.0,9.9,-1.9
IAH,2025-01-23,0.0,0.0,13.2,4.4
IAH,2025-01-24,0.0,0.0,13.0,5.8
IAH,2025-01-25,0.6,0.0,15.7,10.0
IAH,2025-01-26,40.3,0.0,14.4,15.8
IAH,2025-01-27,3.5,0.0,14.6,12.9
IAH,2025-01-28,0.5,0.0,9.0,12.9
IAH,2025-01-29,4.2,0.0,17.2,17.0
IAH,2025-01-30,3.2,0.0,22.7,19.6
IAH,2025-01-31,0.0,0.0,15.9,15.2
IAH,2025-02-01,0.0,0.0,10.8,12.8
IAH,2025-02-02,0.0,0.0,14.1,15.4
IAH,2025-02-03,0.3,0.0,15.7,20.3
IAH,2025-02-04,0.4,0.0,11.1,22.2
IAH,2025-02-05,1.6,0.0,12.5,21.3
IAH,2025-02-06,0.4,0.0,15.6,22.4
IAH,2025-02-07,0.8,0.0,14.4,22.3
IAH,2025-02-08,0.0,0.0,20.4,23.0
IAH,2025-02-09,2.7,0.0,12.2,22.5
IAH,2025-02-10,1.4,0.0,13.7,17.8
IAH,2025-02-11,66.4,0.0,15.6,17.4
IAH,2025-02-12,16.8,0.0,20.4,16.4
IAH,2025-02-13,0.4,0.0,21.2,8.5
IAH,2025-02-14,1.9,0.0,12.0,9.3
IAH,2025-02-15,5.2,0.0,26.8,19.9
IAH,2025-02-16,0.0,0.0,22.7,8.8
IAH,2025-02-17,0.0,0.0,13.3,8.6
IAH,2025-02-18,9.3,0.0,22.5,13.9
IAH,2025-02-19,0.4,0.0,27.0,4.2
IAH,2025-02-20,0.0,0.0,19.1,0.3
IAH,2025-02-21,0.4,0.0,13.9,1.6
IAH,2025-02-22,20.5,0.0,14.4,3.9
IAH,2025-02-23,1.9,0.0,14.1,8.7
IAH,2025-02-24,0.0,0.0,9.6,11.7
IAH,2025-02-25,0.0,0.0,12.0,14.1
IAH,2025-02-26,0.0,0.0,13.5,17.4
IAH,2025-02-27,0.0,0.0,14.9,17.3
IAH,2025-02-28,0.0,0.0,9.3,15.4
IAH,2025-03-01,0.0,0.0,8.6,17.9
IAH,2025-03-02,0.0,0.0,22.8,16.9
IAH,2025-03-03,3.9,0.0,23.0,19.8
IAH,2025-03-04,17.1,0.0,28.1,20.8
IAH,2025-03-05,0.0,0.0,19.3,14.0
IAH,2025-03-06,0.0,0.0,15.6,12.4
IAH,2025-03-07,0.2,0.0,25.8,19.2
IAH,2025-03-08,4.0,0.0,27.2,20.6
IAH,2025-03-09,0.5,0.0,24.7,12.4
IAH,2025-03-10,0.0,0.0,11.6,13.3
IAH,2025-03-11,0.0,0.0,15.6,15.9
IAH,2025-03-12,0.0,0.0,22.2,19.9
IAH,2025-03-13,0.0,0.0,14.9,22.5
IAH,2025-03-14,0.4,0.0,25.2,22.9
IAH,2025-03-15,2.9,0.0,26.6,21.6
IAH,2025-03-16,0.0,0.0,14.2,16.9
IAH,2025-03-17,0.0,0.0,17.5,18.2
IAH,2025-03-18,0.0,0.0,26.3,20.4
IAH,2025-03-19,0.5,0.0,24.4,21.9
IAH,2025-03-20,0.0,0.0,23.8,14.2
IAH,2025-03-21,0.0,0.0,16.0,15.8
IAH,2025-03-22,0.0,0.0,20.6,19.9
IAH,2025-03-23,3.7,0.0,20.4,23.1
IAH,2025-03-24,6.9,0.0,11.9,22.3
IAH,2025-03-25,0.0,0.0,12.7,22.3
IAH,2025-03-26,2.2,0.0,13.5,21.1
IAH,2025-03-27,26.5,0.0,19.1,19.4
IAH,2025-03-28,9.3,0.0,18.7,20.2
IAH,2025-03-29,1.1,0.0,14.3,21.9
IAH,2025-03-30,5.0,0.0,17.0,23.6
IAH,2025-03-31,0.7,0.0,11.4,23.5
IAH,2025-04-01,1.4,0.0,23.5,22.8
IAH,2025-04-02,0.4,0.0,32.0,25.7
IAH,2025-04-03,2.2,0.0,29.7,26.1
IAH,2025-04-04,1.3,0.0,29.2,26.1
IAH,2025-04-05,38.5,0.0,20.4,22.0
IAH,2025-04-06,0.0,0.0,23.2,12.4
IAH,2025-04-07,0.0,0.0,16.8,12.4
IAH,2025-04-08,0.0,0.0,9.0,14.9
IAH,2025-04-09,0.0,0.0,13.7,17.9
IAH,2025-04-10,0.0,0.0,13.8,21.2
IAH,2025-04-11,0.0,0.0,15.5,23.1
IAH,2025-04-12,0.0,0.0,15.7,22.2
IAH,2025-04-13,0.0,0.0,20.2,23.8
IAH,2025-04-14,0.0,0.0,18.0,24.8
IAH,2025-04-15,0.0,0.0,15.4,23.2
IAH,2025-04-16,0.0,0.0,18.3,23.5
IAH,2025-04-17,0.0,0.0,22.4,24.3
IAH,2025-04-18,0.3,0.0,26.7,26.2
IAH,2025-04-19,1.5,0.0,25.7,24.8
IAH,2025-04-20,13.3,0.0,23.6,24.3
IAH,2025-04-21,2.1,0.0,10.3,22.9
IAH,2025-04-22,4.7,0.0,12.6,23.1
IAH,2025-04-23,20.0,0.0,18.7,22.2
IAH,2025-04-24,13.0,0.0,17.9,23.1
IAH,2025-04-25,3.2,0.0,12.8,23.4
IAH,2025-04-26,0.1,0.0,15.9,24.0
IAH,2025-04-27,1.0,0.0,17.6,24.7
IAH,2025-04-28,0.6,0.0,20.5,24.9
IAH,2025-04-29,0.3,0.0,21.4,24.4
IAH,2025-04-30,3.2,0.0,28.6,24.9
IAH,2025-05-01,14.8,0.0,17.7,24.1
IAH,2025-05-02,32.7,0.0,16.0,22.5
IAH,2025-05-03,1.3,0.0,14.2,21.1
IAH,2025-05-04,0.0,0.0,10.4,20.3
IAH,2025-05-05,39.5,0.0,22.1,20.3
IAH,2025-05-06,83.4,0.0,19.7,21.4
IAH,2025-05-07,1.0,0.0,11.3,23.6
IAH,2025-05-08,3.9,0.0,12.7,22.6
IAH,2025-05-09,3.9,0.0,17.3,22.3
IAH,2025-05-10,0.7,0.0,16.8,21.5
IAH,2025-05-11,0.0,0.0,17.8,20.2
IAH,2025-05-12,0.0,0.0,14.6,21.7
IAH,2025-05-13,0.0,0.0,19.8,26.4
IAH,2025-05-14,0.0,0.0,20.4,28.0
IAH,2025-05-15,0.1,0.0,21.5,28.6
IAH,2025-05-16,0.7,0.0,20.7,29.6
IAH,2025-05-17,1.6,0.0,20.0,28.9
IAH,2025-05-18,0.0,0.0,21.6,29.0
IAH,2025-05-19,0.6,0.0,25.7,28.7
IAH,2025-05-20,5.9,0.0,15.7,28.5
IAH,2025-05-21,0.2,0.0,13.4,26.4
IAH,2025-05-22,0.2,0.0,17.1,27.7
IAH,2025-05-23,2.0,0.0,16.4,28.1
IAH,2025-05-24,2.8,0.0,20.3,28.0
IAH,2025-05-25,6.3,0.0,20.3,28.0
IAH,2025-05-26,65.3,0.0,18.8,25.8
IAH,2025-05-27,6.5,0.0,18.6,25.4
IAH,2025-05-28,17.8,0.0,16.3,24.1
IAH,2025-05-29,1.0,0.0,7.6,26.2
IAH,2025-05-30,12.2,0.0,14.5,25.5
IAH,2025-05-31,0.0,0.0,15.2,26.4
IAH,2025-06-01,0.1,0.0,11.8,26.6
IAH,2025-06-02,1.1,0.0,16.4,27.9
IAH,2025-06-03,1.6,0.0,20.9,27.9
IAH,2025-06-04,8.9,0.0,14.8,27.8
IAH,2025-06-05,0.2,0.0,12.0,28.4
IAH,2025-06-06,2.8,0.0,14.2,28.8
IAH,2025-06-07,1.1,0.0,17.4,29.5
IAH,2025-06-08,0.4,0.0,20.1,30.1
IAH,2025-06-09,3.9,0.0,15.6,27.8
IAH,2025-06-10,8.7,0.0,15.3,27.0
IAH,2025-06-11,27.3,0.0,14.9,25.4
IAH,2025-06-12,54.2,0.0,19.9,23.9
IAH,2025-06-13,5.4,0.0,13.7,25.9
IAH,2025-06-14,7.1,0.0,18.9,26.5
IAH,2025-06-15,17.4,0.0,15.7,26.1
IAH,2025-06-16,16.1,0.0,16.0,25.3
IAH,2025-06-17,0.9,0.0,13.4,27.4
IAH,2025-06-18,2.8,0.0,16.3,27.8
IAH,2025-06-19,2.8,0.0,14.4,28.3
IAH,2025-06-20,1.8,0.0,14.1,28.3
IAH,2025-06-21,0.2,0.0,18.0,28.8
IAH,2025-06-22,5.2,0.0,16.0,28.0
IAH,2025-06-23,1.1,0.0,15.6,28.4
IAH,2025-06-24,0.9,0.0,13.6,27.7
IAH,2025-06-25,15.7,0.0,15.5,25.7
IAH,2025-06-26,1.0,0.0,12.1,27.1
IAH,2025-06-27,0.7,0.0,11.0,27.5
IAH,2025-06-28,0.0,0.0,13.0,28.3
IAH,2025-06-29,3.2,0.0,15.2,27.4
IAH,2025-06-30,1.2,0.0,12.6,27.4
IAH,2025-07-01,0.0,0.0,10.3,28.4
IAH,2025-07-02,0.0,0.0,11.6,29.0
IAH,2025-07-03,0.8,0.0,11.0,28.1
IAH,2025-07-04,3.1,0.0,14.0,27.4
IAH,2025-07-05,0.6,0.0,17.5,28.5
IAH,2025-07-06,0.4,0.0,13.7,28.9
IAH,2025-07-07,7.6,0.0,18.9,27.0
IAH,2025-07-08,8.6,0.0,17.5,26.0
IAH,2025-07-09,9.3,0.0,17.8,25.9
IAH,2025-07-10,3.1,0.0,12.2,27.2
IAH,2025-07-11,4.9,0.0,15.6,27.5
IAH,2025-07-12,7.8,0.0,16.1,27.0
IAH,2025-07-13,3.0,0.0,13.1,27.5
IAH,2025-07-14,1.7,0.0,10.5,27.7
IAH,2025-07-15,0.7,0.0,14.2,28.3
IAH,2025-07-16,0.0,0.0,11.7,29.1
IAH,2025-07-17,0.0,0.0,9.2,27.8
IAH,2025-07-18,0.5,0.0,10.9,27.7
IAH,2025-07-19,2.5,0.0,18.8,28.7
IAH,2025-07-20,1.1,0.0,14.0,29.2
IAH,2025-07-21,0.0,0.0,14.2,30.3
IAH,2025-07-22,0.5,0.0,15.7,30.2
IAH,2025-07-23,0.0,0.0,13.7,30.5
IAH,2025-07-24,0.0,0.0,12.6,31.2
IAH,2025-07-25,20.3,0.0,12.8,27.1
IAH,2025-07-26,3.8,0.0,16.7,27.2
IAH,2025-07-27,4.6,0.0,11.7,28.1
IAH,2025-07-28,0.0,0.0,10.9,29.1
IAH,2025-07-29,0.0,0.0,9.4,29.7
IAH,2025-07-30,0.0,0.0,8.7,30.4
IAH,2025-07-31,7.7,0.0,10.6,28.1
IAH,2025-08-01,21.4,0.0,14.8,26.7
IAH,2025-08-02,9.0,0.0,6.6,27.9
IAH,2025-08-03,0.5,0.0,9.1,28.1
IAH,2025-08-04,11.3,0.0,11.2,27.5
IAH,2025-08-05,0.2,0.0,11.7,28.4
IAH,2025-08-06,1.4,0.0,9.9,28.7
IAH,2025-08-07,0.1,0.0,13.4,29.6
IAH,2025-08-08,0.8,0.0,11.5,29.6
IAH,2025-08-09,0.5,0.0,10.1,29.1
IAH,2025-08-10,0.1,0.0,11.0,28.6
IAH,2025-08-11,4.9,0.0,10.2,27.9
IAH,2025-08-12,0.6,0.0,11.1,28.8
IAH,2025-08-13,0.5,0.0,7.6,29.2
IAH,2025-08-14,1.0,0.0,16.0,29.8
IAH,2025-08-15,5.0,0.0,15.4,29.0
IAH,2025-08-16,1.5,0.0,10.8,29.3
IAH,2025-08-17,0.0,0.0,10.7,29.8
IAH,2025-08-18,0.4,0.0,18.1,30.9
IAH,2025-08-19,2.6,0.0,12.6,28.3
IAH,2025-08-20,0.0,0.0,15.7,28.6
IAH,2025-08-21,16.0,0.0,13.3,26.9
IAH,2025-08-22,6.8,0.0,10.5,26.1
IAH,2025-08-23,1.4,0.0,10.4,26.6
IAH,2025-08-24,0.0,0.0,7.3,28.4
IAH,2025-08-25,0.0,0.0,10.5,28.4
IAH,2025-08-26,1.4,0.0,14.5,27.9
IAH,2025-08-27,2.1,0.0,10.6,27.7
IAH,2025-08-28,0.2,0.0,11.0,28.6
IAH,2025-08-29,0.8,0.0,11.8,29.3
IAH,2025-08-30,1.0,0.0,11.6,28.1
IAH,2025-08-31,6.2,0.0,9.1,26.5
IAH,2025-09-01,5.8,0.0,10.0,25.8
IAH,2025-09-02,1.4,0.0,10.1,26.6
IAH,2025-09-03,0.0,0.0,9.1,28.1
IAH,2025-09-04,0.0,0.0,11.6,28.4
IAH,2025-09-05,0.1,0.0,13.4,29.1
IAH,2025-09-06,2.1,0.0,10.1,27.7
IAH,2025-09-07,2.7,0.0,12.6,25.6
IAH,2025-09-08,0.0,0.0,10.9,24.8
IAH,2025-09-09,0.0,0.0,8.8,24.4
IAH,2025-09-10,0.0,0.0,11.9,26.5
IAH,2025-09-11,1.1,0.0,15.7,27.9
IAH,2025-09-12,0.0,0.0,10.7,28.2
IAH,2025-09-13,0.0,0.0,10.2,27.9
IAH,2025-09-14,0.7,0.0,8.1,27.7
IAH,2025-09-15,0.3,0.0,12.0,27.9
IAH,2025-09-16,0.0,0.0,9.9,28.3
IAH,2025-09-17,0.0,0.0,12.8,28.3
IAH,2025-09-18,0.1,0.0,12.6,28.0
IAH,2025-09-19,0.1,0.0,10.3,27.6
IAH,2025-09-20,1.3,0.0,9.2,27.2
IAH,2025-09-21,4.5,0.0,17.1,26.5
IAH,2025-09-22,4.8,0.0,13.8,26.9
IAH,2025-09-23,0.4,0.0,14.0,27.7
IAH,2025-09-24,25.0,0.0,13.4,27.1
IAH,2025-09-25,0.1,0.0,12.6,26.8
IAH,2025-09-26,0.0,0.0,12.9,26.2
IAH,2025-09-27,0.0,0.0,9.0,25.9
IAH,2025-09-28,0.0,0.0,9.2,26.2
IAH,2025-09-29,0.0,0.0,8.1,26.5
IAH,2025-09-30,0.0,0.0,11.7,28.0
IAH,2025-10-01,0.7,0.0,10.8,26.9
IAH,2025-10-02,0.0,0.0,14.2,27.6
IAH,2025-10-03,0.3,0.0,13.5,26.7
IAH,2025-10-04,0.0,0.0,11.4,25.4
IAH,2025-10-05,0.0,0.0,11.8,26.2
IAH,2025-10-06,0.0,0.0,10.8,26.8
IAH,2025-10-07,0.3,0.0,12.1,27.4
IAH,2025-10-08,0.0,0.0,14.5,27.5
IAH,2025-10-09,0.0,0.0,13.7,27.2
IAH,2025-10-10,0.0,0.0,13.8,25.7
IAH,2025-10-11,0.0,0.0,9.9,24.6
IAH,2025-10-12,0.0,0.0,12.2,24.6
IAH,2025-10-13,0.0,0.0,10.9,24.4
IAH,2025-10-14,0.0,0.0,9.6,25.1
IAH,2025-10-15,0.0,0.0,11.6,24.5
IAH,2025-10-16,0.1,0.0,14.6,24.0
IAH,2025-10-17,0.8,0.0,15.3,26.0
IAH,2025-10-18,0.3,0.0,15.9,27.8
IAH,2025-10-19,0.0,0.0,17.5,25.9
IAH,2025-10-20,0.0,0.0,17.6,23.6
IAH,2025-10-21,3.9,0.0,16.4,26.0
IAH,2025-10-22,0.0,0.0,12.2,22.2
IAH,2025-10-23,0.8,0.0,16.3,22.5
IAH,2025-10-24,0.1,0.0,19.9,24.2
IAH,2025-10-25,33.7,0.0,15.1,21.9
IAH,2025-10-26,0.0,0.0,9.1,21.3
IAH,2025-10-27,0.0,0.0,11.4,21.7
IAH,2025-10-28,6.1,0.0,24.5,23.2
IAH,2025-10-29,0.0,0.0,28.0,15.6
IAH,2025-10-30,0.0,0.0,13.6,14.0
IAH,2025-10-31,0.0,0.0,8.2,14.4
IAH,2025-11-01,2.4,0.0,17.3,15.9
IAH,2025-11-02,0.0,0.0,10.5,15.3
IAH,2025-11-03,0.0,0.0,7.5,15.3
IAH,2025-11-04,0.0,0.0,12.0,16.1
IAH,2025-11-05,0.0,0.0,12.0,18.9
IAH,2025-11-06,0.0,0.0,13.4,19.5
IAH,2025-11-07,0.0,0.0,11.9,22.4
IAH,2025-11-08,0.0,0.0,11.9,23.2
IAH,2025-11-09,0.0,0.0,21.0,18.2
IAH,2025-11-10,0.0,0.0,19.4,10.1
IAH,2025-11-11,0.0,0.0,15.5,12.5
IAH,2025-11-12,0.0,0.0,13.9,19.0
IAH,2025-11-13,0.0,0.0,14.5,20.4
IAH,2025-11-14,0.0,0.0,14.1,21.3
IAH,2025-11-15,0.0,0.0,13.5,21.4
IAH,2025-11-16,0.0,0.0,13.2,22.8
IAH,2025-11-17,0.4,0.0,17.1,23.3
IAH,2025-11-18,0.1,0.0,13.1,23.3
IAH,2025-11-19,2.6,0.0,13.8,23.6
IAH,2025-11-20,1.4,0.0,17.3,23.1
IAH,2025-11-21,1.5,0.0,14.8,23.9
IAH,2025-11-22,1.2,0.0,12.0,21.8
IAH,2025-11-23,0.3,0.0,10.8,17.4
IAH,2025-11-24,34.4,0.0,18.3,21.1
IAH,2025-11-25,0.9,0.0,21.3,21.0
IAH,2025-11-26,0.0,0.0,15.8,16.0
IAH,2025-11-27,0.0,0.0,9.8,12.2
IAH,2025-11-28,0.0,0.0,18.1,12.2
IAH,2025-11-29,8.3,0.0,18.8,18.9
IAH,2025-11-30,4.7,0.0,20.7,12.3
IAH,2025-12-01,9.1,0.0,16.2,8.0
IAH,2025-12-02,0.0,0.0,19.5,7.1
IAH,2025-12-03,3.8,0.0,13.7,9.4
IAH,2025-12-04,4.1,0.0,17.0,10.1
IAH,2025-12-05,0.0,0.0,12.3,8.3
IAH,2025-12-06,0.0,0.0,11.1,12.3
IAH,2025-12-07,0.6,0.0,21.6,16.7
IAH,2025-12-08,0.0,0.0,18.0,10.2
IAH,2025-12-09,0.0,0.0,11.3,9.7
IAH,2025-12-10,0.0,0.0,11.9,14.4
IAH,2025-12-11,0.0,0.0,10.8,12.1
IAH,2025-12-12,2.6,0.0,9.9,17.0
IAH,2025-12-13,1.6,0.0,13.0,19.5
IAH,2025-12-14,1.6,0.0,21.5,12.4
IAH,2025-12-15,0.0,0.0,11.3,4.9
IAH,2025-12-16,0.0,0.0,12.6,10.0
IAH,2025-12-17,4.1,0.0,12.7,16.1
IAH,2025-12-18,0.6,0.0,20.8,18.8
IAH,2025-12-19,0.0,0.0,14.3,12.0
IAH,2025-12-20,0.2,0.0,20.0,17.3
IAH,2025-12-21,0.6,0.0,12.2,22.5
IAH,2025-12-22,3.4,0.0,12.1,21.1
IAH,2025-12-23,0.2,0.0,13.1,21.6
IAH,2025-12-24,1.7,0.0,10.9,21.1
IAH,2025-12-25,0.1,0.0,12.0,21.2
IAH,2025-12-26,0.4,0.0,15.5,22.6
IAH,2025-12-27,0.3,0.0,14.0,22.3
IAH,2025-12-28,0.9,0.0,16.2,22.5
IAH,2025-12-29,1.8,0.0,25.9,9.4
IAH,2025-12-30,0.0,0.0,14.7,7.3
IAH,2025-12-31,0.0,0.0,10.6,8.6
BOS,2023-01-01,6.7,0.0,25.6,9.2
BOS,2023-01-02,0.0,0.0,13.7,4.8
BOS,2023-01-03,8.8,0.0,9.9,3.9
BOS,2023-01-04,7.1,0.0,14.0,5.2
BOS,2023-01-05,5.6,0.0,24.3,5.6
BOS,2023-01-06,7.2,1.54,17.8,2.3
BOS,2023-01-07,0.0,0.0,16.8,2.6
BOS,2023-01-08,0.0,0.0,21.0,-1.7
BOS,2023-01-09,0.1,0.07,16.3,0.9
BOS,2023-01-10,0.0,0.0,19.2,1.0
BOS,2023-01-11,0.1,0.07,15.0,-1.3
BOS,2023-01-12,4.2,0.0,28.5,2.8
BOS,2023-01-13,13.8,0.0,34.3,10.4
BOS,2023-01-14,1.4,0.35,27.3,1.8
BOS,2023-01-15,5.6,3.92,33.9,0.3
BOS,2023-01-16,2.4,1.54,30.7,-0.3
BOS,2023-01-17,0.6,0.0,19.4,2.6
BOS,2023-01-18,0.9,0.0,25.0,4.8
BOS,2023-01-19,11.4,0.49,20.3,2.9
BOS,2023-01-20,19.9,4.9,25.8,1.6
BOS,2023-01-21,0.1,0.07,15.3,-0.3
BOS,2023-01-22,2.9,0.0,16.3,-0.4
BOS,2023-01-23,31.5,6.3,27.0,1.2
BOS,2023-01-24,0.0,0.0,27.7,1.0
BOS,2023-01-25,3.4,0.63,23.4,0.4
BOS,2023-01-26,24.0,0.0,38.6,7.8
BOS,2023-01-27,0.0,0.0,24.6,0.7
BOS,2023-01-28,0.0,0.0,25.0,3.7
BOS,2023-01-29,0.0,0.0,26.3,5.5
BOS,2023-01-30,0.0,0.0,18.9,5.3
BOS,2023-01-31,2.8,1.54,19.5,0.7
BOS,2023-02-01,0.5,0.35,15.5,-3.5
BOS,2023-02-02,0.0,0.0,21.6,-1.6
BOS,2023-02-03,0.1,0.07,41.1,-7.8
BOS,2023-02-04,0.0,0.0,35.9,-16.6
BOS,2023-02-05,0.0,0.0,25.5,1.0
BOS,2023-02-06,0.0,0.0,26.8,3.9
BOS,2023-02-07,0.9,0.49,24.0,-1.9
BOS,2023-02-08,0.1,0.0,21.6,3.8
BOS,2023-02-09,0.2,0.0,19.1,3.5
BOS,2023-02-10,0.0,0.0,28.4,10.4
BOS,2023-02-11,0.0,0.0,28.3,2.9
BOS,2023-02-12,0.0,0.0,17.6,3.3
BOS,2023-02-13,0.0,0.0,27.8,3.8
BOS,2023-02-14,0.1,0.0,27.3,4.2
BOS,2023-02-15,0.0,0.0,30.9,6.5
BOS,2023-02-16,1.2,0.0,28.0,12.4
BOS,2023-02-17,7.8,0.7,31.7,8.8
BOS,2023-02-18,0.0,0.0,29.6,-1.3
BOS,2023-02-19,0.0,0.0,23.7,3.3
BOS,2023-02-20,0.0,0.0,24.0,9.5
BOS,2023-02-21,5.1,2.45,20.1,3.1
BOS,2023-02-22,2.2,0.98,20.2,3.4
BOS,2023-02-23,16.4,6.65,32.9,1.1
BOS,2023-02-24,5.6,0.42,33.4,-0.8
BOS,2023-02-25,1.1,0.77,20.5,-7.8
BOS,2023-02-26,0.5,0.21,23.3,-3.0
BOS,2023-02-27,0.0,0.0,17.6,-2.3
BOS,2023-02-28,11.9,6.3,27.8,0.8
BOS,2023-03-01,0.0,0.0,16.8,1.2
BOS,2023-03-02,6.9,0.0,24.1,3.9
BOS,2023-03-03,0.1,0.07,27.0,2.0
BOS,2023-03-04,21.4,10.92,41.3,1.4
BOS,2023-03-05,0.1,0.0,22.4,1.7
BOS,2023-03-06,0.0,0.0,28.8,3.8
BOS,2023-03-07,0.1,0.07,25.8,0.3
BOS,2023-03-08,0.0,0.0,26.2,1.0
BOS,2023-03-09,0.0,0.0,25.5,2.6
BOS,2023-03-10,0.0,0.0,16.1,2.4
BOS,2023-03-11,4.2,0.56,27.4,2.7
BOS,2023-03-12,0.0,0.0,22.0,1.6
BOS,2023-03-13,5.3,0.0,18.4,3.3
BOS,2023-03-14,69.1,14.21,53.5,3.0
BOS,2023-03-15,1.2,0.84,40.0,3.0
BOS,2023-03-16,0.0,0.0,25.0,4.2
BOS,2023-03-17,0.0,0.0,22.0,5.8
BOS,2023-03-18,0.6,0.0,22.2,7.2
BOS,2023-03-19,0.0,0.0,31.7,0.6
BOS,2023-03-20,0.0,0.0,23.6,3.0
BOS,2023-03-21,0.0,0.0,24.3,6.9
BOS,2023-03-22,0.0,0.0,18.9,6.4
BOS,2023-03-23,0.9,0.0,24.5,10.6
BOS,2023-03-24,0.0,0.0,22.6,7.7
BOS,2023-03-25,3.9,0.0,27.7,3.7
BOS,2023-03-26,0.1,0.0,30.8,8.6
BOS,2023-03-27,6.0,0.0,18.7,6.4
BOS,2023-03-28,7.2,0.0,13.8,4.3
BOS,2023-03-29,0.0,0.0,21.1,4.1
BOS,2023-03-30,0.1,0.0,26.1,2.0
BOS,2023-03-31,5.3,0.0,23.0,2.9
BOS,2023-04-01,10.3,0.0,27.7,10.0
BOS,2023-04-02,0.0,0.0,31.4,6.4
BOS,2023-04-03,0.0,0.0,32.7,4.8
BOS,2023-04-04,0.4,0.0,19.6,8.2
BOS,2023-04-05,0.4,0.0,26.6,5.6
BOS,2023-04-06,0.7,0.0,16.0,8.7
BOS,2023-04-07,0.0,0.0,29.9,9.9
BOS,2023-04-08,0.0,0.0,19.0,4.7
BOS,2023-04-09,0.0,0.0,21.0,5.6
BOS,2023-04-10,0.0,0.0,17.1,8.4
BOS,2023-04-11,0.0,0.0,27.3,14.2
BOS,2023-04-12,0.0,0.0,27.1,16.4
BOS,2023-04-13,0.0,0.0,16.9,19.7
BOS,2023-04-14,0.0,0.0,20.8,18.6
BOS,2023-04-15,0.4,0.0,17.0,10.9
BOS,2023-04-16,1.0,0.0,13.9,10.3
BOS,2023-04-17,0.8,0.0,19.4,11.5
BOS,2023-04-18,0.0,0.0,32.4,11.5
BOS,2023-04-19,0.0,0.0,24.9,8.6
BOS,2023-04-20,0.0,0.0,16.5,8.4
BOS,2023-04-21,0.0,0.0,20.5,8.3
BOS,2023-04-22,0.0,0.0,20.9,8.7
BOS,2023-04-23,19.8,0.0,28.0,9.8
BOS,2023-04-24,0.0,0.0,20.9,9.6
BOS,2023-04-25,1.8,0.0,15.5,9.0
BOS,2023-04-26,0.4,0.0,16.9,8.3
BOS,2023-04-27,0.7,0.0,13.3,9.5
BOS,2023-04-28,0.0,0.0,16.2,9.5
BOS,2023-04-29,2.1,0.0,22.0,9.1
BOS,2023-04-30,14.0,0.0,29.5,10.9
BOS,2023-05-01,9.8,0.0,36.1,14.1
BOS,2023-05-02,6.6,0.0,17.6,10.1
BOS,2023-05-03,0.9,0.0,21.5,9.3
BOS,2023-05-04,3.6,0.0,25.8,7.8
BOS,2023-05-05,1.6,0.0,19.4,9.7
BOS,2023-05-06,0.0,0.0,18.2,14.7
BOS,2023-05-07,0.0,0.0,17.8,17.1
BOS,2023-05-08,2.5,0.0,23.2,16.7
BOS,2023-05-09,0.0,0.0,21.9,10.9
BOS,2023-05-10,0.0,0.0,17.8,14.1
BOS,2023-05-11,0.0,0.0,19.3,18.0
BOS,2023-05-12,0.0,0.0,21.3,20.3
BOS,2023-05-13,0.2,0.0,22.2,20.2
BOS,2023-05-14,0.0,0.0,24.2,14.3
BOS,2023-05-15,0.0,0.0,25.9,16.6
BOS,2023-05-16,0.0,0.0,28.7,20.2
BOS,2023-05-17,0.0,0.0,28.9,11.8
BOS,2023-05-18,0.0,0.0,23.0,10.4
BOS,2023-05-19,0.0,0.0,28.4,13.3
BOS,2023-05-20,30.1,0.0,25.1,15.5
BOS,2023-05-21,8.9,0.0,24.1,18.2
BOS,2023-05-22,0.0,0.0,24.0,12.7
BOS,2023-05-23,0.0,0.0,18.3,12.3
BOS,2023-05-24,2.9,0.0,22.2,14.7
BOS,2023-05-25,0.6,0.0,21.4,13.6
BOS,2023-05-26,0.0,0.0,17.2,13.5
BOS,2023-05-27,0.0,0.0,20.0,16.8
BOS,2023-05-28,0.0,0.0,23.5,21.3
BOS,2023-05-29,0.0,0.0,26.7,15.4
BOS,2023-05-30,0.0,0.0,18.7,13.7
BOS,2023-05-31,0.0,0.0,18.4,17.1
BOS,2023-06-01,0.0,0.0,19.1,21.7
BOS,2023-06-02,3.1,0.0,20.1,21.7
BOS,2023-06-03,8.4,0.0,32.4,11.7
BOS,2023-06-04,3.3,0.0,27.0,10.5
BOS,2023-06-05,5.2,0.0,20.9,12.6
BOS,2023-06-06,0.2,0.0,23.4,16.9
BOS,2023-06-07,0.4,0.0,21.1,15.2
BOS,2023-06-08,0.3,0.0,9.5,14.2
BOS,2023-06-09,7.3,0.0,12.8,13.2
BOS,2023-06-10,0.2,0.0,12.3,14.6
BOS,2023-06-11,0.0,0.0,18.8,18.5
BOS,2023-06-12,13.0,0.0,19.1,20.5
BOS,2023-06-13,3.7,0.0,20.9,18.8
BOS,2023-06-14,4.9,0.0,22.8,18.6
BOS,2023-06-15,1.6,0.0,16.1,19.3
BOS,2023-06-16,0.3,0.0,20.1,21.4
BOS,2023-06-17,38.3,0.0,18.7,16.8
BOS,2023-06-18,5.2,0.0,16.0,16.5
BOS,2023-06-19,0.0,0.0,15.5,15.8
BOS,2023-06-20,0.1,0.0,20.6,16.0
BOS,2023-06-21,0.0,0.0,15.1,16.1
BOS,2023-06-22,0.0,0.0,16.9,15.9
BOS,2023-06-23,0.0,0.0,14.4,18.9
BOS,2023-06-24,8.9,0.0,20.0,21.4
BOS,2023-06-25,3.7,0.0,16.2,23.0
BOS,2023-06-26,9.9,0.0,14.5,22.0
BOS,2023-06-27,10.5,0.0,24.4,21.6
BOS,2023-06-28,5.9,0.0,19.1,21.4
BOS,2023-06-29,2.3,0.0,15.9,22.2
BOS,2023-06-30,0.6,0.0,14.1,21.9
BOS,2023-07-01,0.0,0.0,16.3,20.6
BOS,2023-07-02,5.2,0.0,25.1,21.0
BOS,2023-07-03,11.4,0.0,16.0,22.4
BOS,2023-07-04,16.2,0.0,9.7,21.4
BOS,2023-07-05,0.0,0.0,13.6,24.5
BOS,2023-07-06,0.3,0.0,17.7,26.4
BOS,2023-07-07,0.0,0.0,17.2,25.1
BOS,2023-07-08,0.3,0.0,16.0,23.5
BOS,2023-07-09,0.6,0.0,15.2,22.8
BOS,2023-07-10,5.6,0.0,19.5,21.8
BOS,2023-07-11,0.3,0.0,18.2,23.9
BOS,2023-07-12,0.8,0.0,12.3,25.9
BOS,2023-07-13,0.1,0.0,25.7,25.5
BOS,2023-07-14,8.9,0.0,19.6,24.5
BOS,2023-07-15,4.1,0.0,20.7,24.4
BOS,2023-07-16,27.2,0.0,24.7,22.9
BOS,2023-07-17,0.8,0.0,14.4,26.1
BOS,2023-07-18,2.7,0.0,16.3,25.0
BOS,2023-07-19,0.0,0.0,17.0,24.7
BOS,2023-07-20,0.0,0.0,14.1,22.4
BOS,2023-07-21,24.0,0.0,15.3,22.4
BOS,2023-07-22,0.0,0.0,11.3,22.8
BOS,2023-07-23,0.0,0.0,13.2,23.6
BOS,2023-07-24,0.7,0.0,15.1,24.1
BOS,2023-07-25,11.0,0.0,15.9,22.9
BOS,2023-07-26,0.0,0.0,18.2,25.0
BOS,2023-07-27,4.7,0.0,30.6,25.9
BOS,2023-07-28,0.0,0.0,16.4,26.6
BOS,2023-07-29,32.0,0.0,26.0,25.1
BOS,2023-07-30,0.0,0.0,20.6,19.7
BOS,2023-07-31,0.0,0.0,14.6,21.1
BOS,2023-08-01,0.0,0.0,13.7,19.8
BOS,2023-08-02,0.0,0.0,15.4,18.7
BOS,2023-08-03,0.0,0.0,27.2,20.7
BOS,2023-08-04,3.9,0.0,20.5,20.6
BOS,2023-08-05,0.1,0.0,12.9,21.2
BOS,2023-08-06,0.0,0.0,14.7,21.6
BOS,2023-08-07,0.6,0.0,19.7,20.8
BOS,2023-08-08,12.8,0.0,20.9,23.1
BOS,2023-08-09,1.7,0.0,24.7,23.3
BOS,2023-08-10,5.9,0.0,20.3,22.3
BOS,2023-08-11,0.0,0.0,27.0,22.4
BOS,2023-08-12,0.1,0.0,17.6,22.0
BOS,2023-08-13,0.9,0.0,18.5,24.3
BOS,2023-08-14,0.0,0.0,21.0,23.8
BOS,2023-08-15,13.2,0.0,17.9,20.1
BOS,2023-08-16,3.3,0.0,12.3,19.8
BOS,2023-08-17,0.0,0.0,14.5,19.6
BOS,2023-08-18,5.4,0.0,18.8,21.7
BOS,2023-08-19,0.1,0.0,23.0,19.6
BOS,2023-08-20,0.0,0.0,16.9,22.3
BOS,2023-08-21,13.3,0.0,21.7,23.5
BOS,2023-08-22,0.5,0.0,18.6,20.5
BOS,2023-08-23,0.0,0.0,15.9,18.9
BOS,2023-08-24,0.6,0.0,17.5,19.6
BOS,2023-08-25,25.0,0.0,27.0,19.4
BOS,2023-08-26,0.1,0.0,16.9,23.1
BOS,2023-08-27,3.1,0.0,17.4,19.4
BOS,2023-08-28,0.1,0.0,15.7,19.3
BOS,2023-08-29,0.5,0.0,15.3,20.1
BOS,2023-08-30,33.7,0.0,24.5,22.4
BOS,2023-08-31,0.0,0.0,22.2,18.9
BOS,2023-09-01,0.0,0.0,16.4,17.4
BOS,2023-09-02,0.0,0.0,20.9,19.3
BOS,2023-09-03,0.2,0.0,18.1,22.8
BOS,2023-09-04,0.0,0.0,13.4,22.7
BOS,2023-09-05,0.0,0.0,11.6,23.9
BOS,2023-09-06,0.1,0.0,13.3,25.2
BOS,2023-09-07,8.8,0.0,17.2,26.7
BOS,2023-09-08,0.2,0.0,16.6,24.5
BOS,2023-09-09,8.1,0.0,15.3,23.3
BOS,2023-09-10,4.7,0.0,10.1,22.0
BOS,2023-09-11,26.8,0.0,10.3,21.2
BOS,2023-09-12,7.0,0.0,10.9,21.8
BOS,2023-09-13,11.1,0.0,20.2,20.9
BOS,2023-09-14,0.0,0.0,14.6,20.1
BOS,2023-09-15,0.0,0.0,27.9,16.9
BOS,2023-09-16,15.2,0.0,34.7,17.1
BOS,2023-09-17,0.0,0.0,21.2,19.2
BOS,2023-09-18,61.0,0.0,18.7,17.8
BOS,2023-09-19,1.4,0.0,25.2,18.7
BOS,2023-09-20,0.0,0.0,17.1,17.8
BOS,2023-09-21,0.0,0.0,11.7,16.5
BOS,2023-09-22,0.1,0.0,15.9,15.7
BOS,2023-09-23,9.0,0.0,24.0,14.9
BOS,2023-09-24,4.3,0.0,25.3,16.0
BOS,2023-09-25,9.3,0.0,29.1,15.4
BOS,2023-09-26,1.3,0.0,28.9,14.3
BOS,2023-09-27,0.0,0.0,14.8,13.7
BOS,2023-09-28,0.0,0.0,13.7,14.1
BOS,2023-09-29,13.3,0.0,18.6,14.3
BOS,2023-09-30,0.5,0.0,20.0,15.3
BOS,2023-10-01,0.0,0.0,16.3,15.9
BOS,2023-10-02,0.0,0.0,18.1,16.1
BOS,2023-10-03,0.0,0.0,14.0,18.5
BOS,2023-10-04,0.0,0.0,10.1,19.2
BOS,2023-10-05,0.0,0.0,13.3,19.4
BOS,2023-10-06,0.7,0.0,14.8,18.0
BOS,2023-10-07,5.7,0.0,18.0,17.7
BOS,2023-10-08,1.1,0.0,25.2,14.3
BOS,2023-10-09,0.0,0.0,16.1,12.3
BOS,2023-10-10,0.1,0.0,15.5,12.6
BOS,2023-10-11,0.0,0.0,17.3,14.3
BOS,2023-10-12,0.0,0.0,13.8,14.6
BOS,2023-10-13,0.0,0.0,23.1,12.1
BOS,2023-10-14,0.0,0.0,15.6,12.1
BOS,2023-10-15,0.0,0.0,19.6,11.8
BOS,2023-10-16,1.8,0.0,17.4,11.2
BOS,2023-10-17,1.6,0.0,13.1,11.4
BOS,2023-10-18,0.3,0.0,10.9,12.0
BOS,2023-10-19,0.0,0.0,18.9,13.2
BOS,2023-10-20,1.5,0.0,18.5,15.0
BOS,2023-10-21,49.9,0.0,29.9,14.1
BOS,2023-10-22,0.2,0.0,29.5,11.9
BOS,2023-10-23,0.5,0.0,21.0,11.4
BOS,2023-10-24,0.0,0.0,17.2,10.9
BOS,2023-10-25,0.0,0.0,17.6,15.7
BOS,2023-10-26,0.0,0.0,17.9,18.8
BOS,2023-10-27,0.0,0.0,15.5,19.4
BOS,2023-10-28,0.0,0.0,20.8,20.3
BOS,2023-10-29,8.9,0.0,18.2,11.1
BOS,2023-10-30,11.7,0.0,21.8,10.5
BOS,2023-10-31,0.0,0.0,22.3,6.1
BOS,2023-11-01,0.2,0.0,21.1,5.7
BOS,2023-11-02,0.0,0.0,18.1,3.2
BOS,2023-11-03,0.0,0.0,21.3,6.7
BOS,2023-11-04,0.0,0.0,23.3,10.2
BOS,2023-11-05,0.0,0.0,15.0,10.4
BOS,2023-11-06,0.0,0.0,16.6,7.8
BOS,2023-11-07,1.6,0.0,28.0,13.2
BOS,2023-11-08,0.0,0.0,25.8,4.8
BOS,2023-11-09,3.6,0.0,13.8,4.7
BOS,2023-11-10,0.0,0.0,18.7,6.9
BOS,2023-11-11,0.0,0.0,17.9,5.6
BOS,2023-11-12,0.0,0.0,14.7,1.6
BOS,2023-11-13,0.3,0.07,12.7,1.4
BOS,2023-11-14,0.4,0.21,18.1,3.6
BOS,2023-11-15,0.0,0.0,21.1,4.5
BOS,2023-11-16,0.0,0.0,23.6,8.9
BOS,2023-11-17,0.0,0.0,28.3,11.3
BOS,2023-11-18,1.9,0.0,23.1,9.4
BOS,2023-11-19,0.0,0.0,24.2,4.8
BOS,2023-11-20,0.0,0.0,20.1,1.5
BOS,2023-11-21,0.1,0.0,16.6,1.2
BOS,2023-11-22,31.2,0.0,27.0,6.4
BOS,2023-11-23,0.0,0.0,24.3,6.3
BOS,2023-11-24,0.0,0.0,24.3,4.4
BOS,2023-11-25,0.0,0.0,23.2,-1.4
BOS,2023-11-26,0.0,0.0,21.0,2.2
BOS,2023-11-27,8.1,0.0,39.2,8.0
BOS,2023-11-28,0.0,0.0,25.9,1.5
BOS,2023-11-29,0.0,0.0,24.1,-0.9
BOS,2023-11-30,0.0,0.0,21.8,2.0
BOS,2023-12-01,1.9,0.0,24.2,7.7
BOS,2023-12-02,0.4,0.0,15.5,8.9
BOS,2023-12-03,16.0,0.0,27.8,6.7
BOS,2023-12-04,2.5,0.0,16.2,7.2
BOS,2023-12-05,0.1,0.0,18.2,2.7
BOS,2023-12-06,0.4,0.28,18.4,-0.3
BOS,2023-12-07,0.0,0.0,18.4,-3.1
BOS,2023-12-08,0.0,0.0,12.1,-0.1
BOS,2023-12-09,0.0,0.0,13.1,4.6
BOS,2023-12-10,7.9,0.0,31.8,10.9
BOS,2023-12-11,38.0,0.0,36.9,8.1
BOS,2023-12-12,0.0,0.0,22.3,2.4
BOS,2023-12-13,0.0,0.0,20.8,3.0
BOS,2023-12-14,0.0,0.0,20.3,-1.1
BOS,2023-12-15,0.0,0.0,20.1,4.7
BOS,2023-12-16,0.0,0.0,17.6,5.5
BOS,2023-12-17,14.7,0.0,19.2,7.5
BOS,2023-12-18,58.5,0.0,47.3,13.0
BOS,2023-12-19,0.0,0.0,20.5,5.6
BOS,2023-12-20,0.0,0.0,23.4,1.2
BOS,2023-12-21,0.0,0.0,23.3,-0.7
BOS,2023-12-22,0.0,0.0,16.9,-3.0
BOS,2023-12-23,0.1,0.0,11.3,0.2
BOS,2023-12-24,0.3,0.0,9.0,4.6
BOS,2023-12-25,0.0,0.0,7.2,5.8
BOS,2023-12-26,0.0,0.0,12.8,5.0
BOS,2023-12-27,1.1,0.0,14.1,6.8
BOS,2023-12-28,23.7,0.0,27.5,6.6
BOS,2023-12-29,1.6,0.0,18.4,5.5
BOS,2023-12-30,2.9,0.0,16.3,4.6
BOS,2023-12-31,0.0,0.0,15.9,0.8
BOS,2024-01-01,0.0,0.0,12.0,-0.6
BOS,2024-01-02,0.0,0.0,12.2,-1.2
BOS,2024-01-03,0.0,0.0,14.8,0.7
BOS,2024-01-04,0.2,0.07,30.0,1.0
BOS,2024-01-05,0.0,0.0,23.2,-3.3
BOS,2024-01-06,0.5,0.0,25.0,-0.3
BOS,2024-01-07,33.5,16.59,35.0,-0.0
BOS,2024-01-08,0.0,0.0,19.6,-2.9
BOS,2024-01-09,8.0,0.0,34.8,-1.9
BOS,2024-01-10,54.3,0.0,43.6,8.9
BOS,2024-01-11,0.0,0.0,24.2,3.2
BOS,2024-01-12,0.0,0.0,16.9,3.2
BOS,2024-01-13,55.2,0.0,46.5,8.1
BOS,2024-01-14,1.9,1.26,35.5,1.3
BOS,2024-01-15,0.0,0.0,22.4,-2.9
BOS,2024-01-16,18.6,8.05,26.4,-0.9
BOS,2024-01-17,0.0,0.0,25.8,-5.6
BOS,2024-01-18,0.0,0.0,21.6,-4.1
BOS,2024-01-19,0.7,0.42,21.9,-3.6
BOS,2024-01-20,0.2,0.14,23.9,-8.4
BOS,2024-01-21,0.0,0.0,24.1,-7.6
BOS,2024-01-22,0.0,0.0,24.0,-2.1
BOS,2024-01-23,1.1,0.49,24.5,2.1
BOS,2024-01-24,6.2,1.61,13.3,1.6
BOS,2024-01-25,9.4,0.0,25.4,6.7
BOS,2024-01-26,17.8,0.0,17.4,4.1
BOS,2024-01-27,0.3,0.0,15.1,2.1
BOS,2024-01-28,13.8,3.57,26.8,1.2
BOS,2024-01-29,4.6,2.03,30.3,1.4
BOS,2024-01-30,0.0,0.0,26.0,-2.4
BOS,2024-01-31,0.0,0.0,13.8,-1.1
BOS,2024-02-01,0.0,0.0,18.7,0.9
BOS,2024-02-02,1.1,0.21,19.8,2.1
BOS,2024-02-03,0.0,0.0,23.4,-0.8
BOS,2024-02-04,0.0,0.0,21.0,-1.0
BOS,2024-02-05,0.0,0.0,20.8,-0.5
BOS,2024-02-06,0.0,0.0,20.7,-0.5
BOS,2024-02-07,0.0,0.0,16.6,0.4
BOS,2024-02-08,0.0,0.0,10.4,0.6
BOS,2024-02-09,0.0,0.0,20.9,2.4
BOS,2024-02-10,2.6,0.0,17.9,6.8
BOS,2024-02-11,0.0,0.0,20.9,5.5
BOS,2024-02-12,0.0,0.0,15.2,2.3
BOS,2024-02-13,10.7,4.48,36.8,0.6
BOS,2024-02-14,0.0,0.0,32.3,-2.4
BOS,2024-02-15,0.7,0.49,24.9,-1.4
BOS,2024-02-16,0.1,0.07,35.9,0.7
BOS,2024-02-17,1.2,0.84,19.8,-1.2
BOS,2024-02-18,0.0,0.0,27.8,-2.0
BOS,2024-02-19,0.0,0.0,19.6,-1.1
BOS,2024-02-20,0.0,0.0,16.4,-2.9
BOS,2024-02-21,0.0,0.0,17.0,-1.5
BOS,2024-02-22,0.1,0.0,17.0,-0.0
BOS,2024-02-23,3.5,0.0,17.0,3.1
BOS,2024-02-24,0.2,0.0,24.2,0.4
BOS,2024-02-25,0.0,0.0,19.6,-3.6
BOS,2024-02-26,0.0,0.0,22.2,3.9
BOS,2024-02-27,0.0,0.0,26.3,5.8
BOS,2024-02-28,9.7,0.0,38.0,11.4
BOS,2024-02-29,5.3,1.26,37.2,-0.6
BOS,2024-03-01,0.0,0.0,22.5,-0.5
BOS,2024-03-02,10.0,0.0,22.0,5.1
BOS,2024-03-03,13.1,0.0,25.9,9.1
BOS,2024-03-04,0.2,0.0,17.1,6.0
BOS,2024-03-05,2.2,0.0,14.7,4.9
BOS,2024-03-06,4.9,0.0,17.8,8.7
BOS,2024-03-07,29.3,0.0,30.3,5.4
BOS,2024-03-08,0.0,0.0,26.2,4.1
BOS,2024-03-09,1.6,0.28,22.6,2.9
BOS,2024-03-10,20.6,0.0,36.2,8.2
BOS,2024-03-11,0.5,0.35,39.9,2.9
BOS,2024-03-12,0.0,0.0,25.8,5.6
BOS,2024-03-13,0.0,0.0,15.6,4.9
BOS,2024-03-14,0.0,0.0,12.6,5.8
BOS,2024-03-15,5.9,0.0,19.1,6.1
BOS,2024-03-16,0.3,0.0,20.6,7.0
BOS,2024-03-17,2.2,0.0,28.4,8.5
BOS,2024-03-18,0.0,0.0,25.4,5.5
BOS,2024-03-19,0.0,0.0,24.7,3.2
BOS,2024-03-20,3.5,0.07,26.6,4.9
BOS,2024-03-21,0.0,0.0,35.7,-0.1
BOS,2024-03-22,0.0,0.0,21.9,0.2
BOS,2024-03-23,52.3,0.14,26.3,4.6
BOS,2024-03-24,0.0,0.0,34.6,1.0
BOS,2024-03-25,0.0,0.0,32.0,2.4
BOS,2024-03-26,0.9,0.0,28.4,3.2
BOS,2024-03-27,8.3,0.0,16.3,6.3
BOS,2024-03-28,35.0,0.0,17.5,7.7
BOS,2024-03-29,17.6,0.0,31.9,5.7
BOS,2024-03-30,0.0,0.0,30.5,6.6
BOS,2024-03-31,0.0,0.0,23.0,7.9
BOS,2024-04-01,0.0,0.0,14.1,6.9
BOS,2024-04-02,2.1,0.0,19.7,4.8
BOS,2024-04-03,12.2,0.21,40.1,4.1
BOS,2024-04-04,36.7,4.41,51.3,2.3
BOS,2024-04-05,0.1,0.0,23.4,4.1
BOS,2024-04-06,3.3,0.21,24.9,3.9
BOS,2024-04-07,0.1,0.0,23.5,4.5
BOS,2024-04-08,0.0,0.0,15.5,9.5
BOS,2024-04-09,0.0,0.0,16.5,8.4
BOS,2024-04-10,0.5,0.0,14.1,9.4
BOS,2024-04-11,2.4,0.0,20.0,9.7
BOS,2024-04-12,16.4,0.0,37.9,14.5
BOS,2024-04-13,0.1,0.0,29.6,10.5
BOS,2024-04-14,2.2,0.0,23.8,10.2
BOS,2024-04-15,0.1,0.0,27.2,13.0
BOS,2024-04-16,0.0,0.0,19.5,12.1
BOS,2024-04-17,0.0,0.0,18.9,8.2
BOS,2024-04-18,5.9,0.0,18.0,6.9
BOS,2024-04-19,0.0,0.0,17.4,8.9
BOS,2024-04-20,6.9,0.0,24.2,10.1
BOS,2024-04-21,0.0,0.0,23.4,7.8
BOS,2024-04-22,0.0,0.0,16.9,7.2
BOS,2024-04-23,0.0,0.0,20.2,8.4
BOS,2024-04-24,0.7,0.0,27.8,9.5
BOS,2024-04-25,0.0,0.0,22.8,4.9
BOS,2024-04-26,0.0,0.0,14.7,6.4
BOS,2024-04-27,0.0,0.0,20.6,9.6
BOS,2024-04-28,1.6,0.0,18.9,12.9
BOS,2024-04-29,0.0,0.0,18.4,14.6
BOS,2024-04-30,0.2,0.0,20.9,10.8
BOS,2024-05-01,3.9,0.0,13.3,8.3
BOS,2024-05-02,4.3,0.0,25.6,12.5
BOS,2024-05-03,0.0,0.0,19.0,9.6
BOS,2024-05-04,0.0,0.0,18.0,8.5
BOS,2024-05-05,6.8,0.0,16.3,9.9
BOS,2024-05-06,2.0,0.0,13.1,16.0
BOS,2024-05-07,0.0,0.0,16.8,16.3
BOS,2024-05-08,15.6,0.0,22.5,14.1
BOS,2024-05-09,0.2,0.0,21.2,11.9
BOS,2024-05-10,0.8,0.0,18.7,9.4
BOS,2024-05-11,0.3,0.0,20.7,8.6
BOS,2024-05-12,0.5,0.0,12.0,9.7
BOS,2024-05-13,0.2,0.0,17.1,12.7
BOS,2024-05-14,0.0,0.0,24.7,16.0
BOS,2024-05-15,5.7,0.0,18.6,17.1
BOS,2024-05-16,33.3,0.0,27.2,12.7
BOS,2024-05-17,0.0,0.0,20.0,13.1
BOS,2024-05-18,10.4,0.0,19.9,11.9
BOS,2024-05-19,2.9,0.0,22.5,11.7
BOS,2024-05-20,0.0,0.0,14.4,13.4
BOS,2024-05-21,0.2,0.0,18.0,19.0
BOS,2024-05-22,0.0,0.0,22.7,21.8
BOS,2024-05-23,2.4,0.0,21.4,21.6
BOS,2024-05-24,0.0,0.0,29.3,22.2
BOS,2024-05-25,0.0,0.0,19.1,18.7
BOS,2024-05-26,0.5,0.0,16.1,18.3
BOS,2024-05-27,4.0,0.0,26.6,18.6
BOS,2024-05-28,10.7,0.0,26.3,22.1
BOS,2024-05-29,0.3,0.0,15.6,19.3
BOS,2024-05-30,18.4,0.0,22.8,13.6
BOS,2024-05-31,0.0,0.0,15.4,17.1
BOS,2024-06-01,0.0,0.0,17.4,18.7
BOS,2024-06-02,0.0,0.0,16.1,19.5
BOS,2024-06-03,0.0,0.0,16.9,19.2
BOS,2024-06-04,0.0,0.0,19.0,17.5
BOS,2024-06-05,0.0,0.0,21.4,21.4
BOS,2024-06-06,5.2,0.0,18.9,19.7
BOS,2024-06-07,2.1,0.0,14.8,20.6
BOS,2024-06-08,0.3,0.0,26.4,19.6
BOS,2024-06-09,7.1,0.0,17.8,17.2
BOS,2024-06-10,0.0,0.0,21.8,18.7
BOS,2024-06-11,0.2,0.0,15.0,17.7
BOS,2024-06-12,1.6,0.0,15.2,18.9
BOS,2024-06-13,0.0,0.0,23.6,21.2
BOS,2024-06-14,5.5,0.0,22.2,22.2
BOS,2024-06-15,2.6,0.0,20.4,20.2
BOS,2024-06-16,0.0,0.0,15.5,16.9
BOS,2024-06-17,0.0,0.0,22.8,20.1
BOS,2024-06-18,0.0,0.0,20.5,25.4
BOS,2024-06-19,0.2,0.0,24.7,26.4
BOS,2024-06-20,5.4,0.0,18.4,27.2
BOS,2024-06-21,7.0,0.0,19.3,22.2
BOS,2024-06-22,1.2,0.0,12.8,18.8
BOS,2024-06-23,5.7,0.0,28.7,23.3
BOS,2024-06-24,1.0,0.0,27.8,24.7
BOS,2024-06-25,7.5,0.0,20.1,24.2
BOS,2024-06-26,4.6,0.0,23.6,26.0
BOS,2024-06-27,12.1,0.0,22.7,22.7
BOS,2024-06-28,0.0,0.0,21.8,18.7
BOS,2024-06-29,3.6,0.0,25.5,19.7
BOS,2024-06-30,11.7,0.0,28.0,25.1
BOS,2024-07-01,4.0,0.0,20.6,21.2
BOS,2024-07-02,0.0,0.0,18.4,21.3
BOS,2024-07-03,0.0,0.0,21.7,22.0
BOS,2024-07-04,0.0,0.0,20.0,23.4
BOS,2024-07-05,0.7,0.0,20.7,24.6
BOS,2024-07-06,1.8,0.0,28.0,25.2
BOS,2024-07-07,0.6,0.0,17.9,26.2
BOS,2024-07-08,0.0,0.0,18.6,26.4
BOS,2024-07-09,2.6,0.0,20.6,26.4
BOS,2024-07-10,0.0,0.0,26.7,26.9
BOS,2024-07-11,1.6,0.0,28.7,26.7
BOS,2024-07-12,2.0,0.0,24.2,26.2
BOS,2024-07-13,7.3,0.0,18.9,24.5
BOS,2024-07-14,0.0,0.0,14.3,26.2
BOS,2024-07-15,1.2,0.0,21.1,27.1
BOS,2024-07-16,0.0,0.0,24.4,28.2
BOS,2024-07-17,1.1,0.0,20.7,27.2
BOS,2024-07-18,4.9,0.0,22.0,25.5
BOS,2024-07-19,0.0,0.0,19.8,22.4
BOS,2024-07-20,0.0,0.0,22.0,24.1
BOS,2024-07-21,0.8,0.0,16.4,24.2
BOS,2024-07-22,1.5,0.0,14.3,22.8
BOS,2024-07-23,4.1,0.0,14.7,21.8
BOS,2024-07-24,1.7,0.0,12.2,20.4
BOS,2024-07-25,3.9,0.0,20.2,22.6
BOS,2024-07-26,0.0,0.0,17.4,22.7
BOS,2024-07-27,0.0,0.0,16.2,22.8
BOS,2024-07-28,3.9,0.0,14.6,21.2
BOS,2024-07-29,12.8,0.0,17.0,20.5
BOS,2024-07-30,0.5,0.0,22.8,24.6
BOS,2024-07-31,2.1,0.0,25.8,24.6
BOS,2024-08-01,0.1,0.0,15.8,27.2
BOS,2024-08-02,1.4,0.0,15.5,26.6
BOS,2024-08-03,2.0,0.0,20.0,27.6
BOS,2024-08-04,18.5,0.0,19.5,25.1
BOS,2024-08-05,1.4,0.0,20.3,25.7
BOS,2024-08-06,12.4,0.0,19.5,21.1
BOS,2024-08-07,17.9,0.0,14.9,17.9
BOS,2024-08-08,2.2,0.0,15.5,18.6
BOS,2024-08-09,4.3,0.0,33.6,23.6
BOS,2024-08-10,3.0,0.0,29.1,25.6
BOS,2024-08-11,0.0,0.0,18.6,23.0
BOS,2024-08-12,2.7,0.0,18.0,20.3
BOS,2024-08-13,0.0,0.0,15.4,21.2
BOS,2024-08-14,0.0,0.0,11.2,21.6
BOS,2024-08-15,0.9,0.0,10.2,21.1
BOS,2024-08-16,0.0,0.0,16.2,20.0
BOS,2024-08-17,0.0,0.0,18.2,19.8
BOS,2024-08-18,1.3,0.0,15.9,20.1
BOS,2024-08-19,9.9,0.0,12.9,21.5
BOS,2024-08-20,1.6,0.0,20.5,18.4
BOS,2024-08-21,1.7,0.0,18.0,17.3
BOS,2024-08-22,0.0,0.0,15.9,17.7
BOS,2024-08-23,0.0,0.0,14.1,20.3
BOS,2024-08-24,0.0,0.0,10.7,21.4
BOS,2024-08-25,0.0,0.0,12.3,21.5
BOS,2024-08-26,0.2,0.0,10.6,20.1
BOS,2024-08-27,0.0,0.0,16.3,20.5
BOS,2024-08-28,0.4,0.0,21.6,24.7
BOS,2024-08-29,0.0,0.0,17.1,18.3
BOS,2024-08-30,0.0,0.0,16.2,18.0
BOS,2024-08-31,0.0,0.0,15.5,20.8
BOS,2024-09-01,3.0,0.0,22.6,23.1
BOS,2024-09-02,0.0,0.0,22.1,21.2
BOS,2024-09-03,0.0,0.0,21.3,17.4
BOS,2024-09-04,0.0,0.0,13.3,18.7
BOS,2024-09-05,0.0,0.0,16.8,18.2
BOS,2024-09-06,0.1,0.0,18.0,18.3
BOS,2024-09-07,1.5,0.0,18.8,19.0
BOS,2024-09-08,0.0,0.0,21.1,16.0
BOS,2024-09-09,0.0,0.0,20.2,17.5
BOS,2024-09-10,0.0,0.0,15.3,18.8
BOS,2024-09-11,0.0,0.0,12.7,17.5
BOS,2024-09-12,0.0,0.0,16.1,19.1
BOS,2024-09-13,0.0,0.0,14.2,20.4
BOS,2024-09-14,0.0,0.0,16.8,18.9
BOS,2024-09-15,0.0,0.0,13.5,18.7
BOS,2024-09-16,0.0,0.0,15.1,18.2
BOS,2024-09-17,0.0,0.0,13.8,19.1
BOS,2024-09-18,0.0,0.0,12.0,18.2
BOS,2024-09-19,0.7,0.0,22.9,19.2
BOS,2024-09-20,11.8,0.0,31.4,17.1
BOS,2024-09-21,24.7,0.0,26.9,14.9
BOS,2024-09-22,7.8,0.0,26.7,15.4
BOS,2024-09-23,1.0,0.0,21.7,15.9
BOS,2024-09-24,2.1,0.0,22.4,15.3
BOS,2024-09-25,0.9,0.0,16.0,16.2
BOS,2024-09-26,7.6,0.0,25.0,17.5
BOS,2024-09-27,8.3,0.0,10.1,18.9
BOS,2024-09-28,0.0,0.0,14.7,16.7
BOS,2024-09-29,0.5,0.0,12.5,15.6
BOS,2024-09-30,0.0,0.0,9.9,15.2
BOS,2024-10-01,2.1,0.0,22.4,15.6
BOS,2024-10-02,0.1,0.0,13.6,15.7
BOS,2024-10-03,0.0,0.0,14.6,15.4
BOS,2024-10-04,0.0,0.0,15.7,16.6
BOS,2024-10-05,0.5,0.0,14.5,16.0
BOS,2024-10-06,0.0,0.0,14.8,12.9
BOS,2024-10-07,11.8,0.0,17.7,13.8
BOS,2024-10-08,0.0,0.0,14.8,13.2
BOS,2024-10-09,0.0,0.0,18.9,12.1
BOS,2024-10-10,0.1,0.0,23.8,10.6
BOS,2024-10-11,0.0,0.0,19.0,12.2
BOS,2024-10-12,0.0,0.0,27.4,15.8
BOS,2024-10-13,6.4,0.0,20.9,9.8
BOS,2024-10-14,2.2,0.0,24.5,11.5
BOS,2024-10-15,0.0,0.0,23.2,8.3
BOS,2024-10-16,0.0,0.0,25.4,8.4
BOS,2024-10-17,0.0,0.0,15.8,7.9
BOS,2024-10-18,0.0,0.0,20.9,10.5
BOS,2024-10-19,0.0,0.0,14.8,11.6
BOS,2024-10-20,0.0,0.0,16.3,13.5
BOS,2024-10-21,0.0,0.0,17.4,17.4
BOS,2024-10-22,0.0,0.0,12.4,15.3
BOS,2024-10-23,0.0,0.0,23.6,17.1
BOS,2024-10-24,0.0,0.0,19.2,16.1
BOS,2024-10-25,0.0,0.0,16.2,10.2
BOS,2024-10-26,0.0,0.0,24.2,12.0
BOS,2024-10-27,0.0,0.0,20.6,7.9
BOS,2024-10-28,0.0,0.0,14.2,6.2
BOS,2024-10-29,0.0,0.0,14.6,8.4
BOS,2024-10-30,2.6,0.0,21.5,14.2
BOS,2024-10-31,0.0,0.0,24.7,18.8
BOS,2024-11-01,0.1,0.0,29.2,19.0
BOS,2024-11-02,0.0,0.0,14.7,10.2
BOS,2024-11-03,0.0,0.0,14.6,4.9
BOS,2024-11-04,0.0,0.0,11.9,5.7
BOS,2024-11-05,0.0,0.0,24.4,14.8
BOS,2024-11-06,0.0,0.0,27.3,19.5
BOS,2024-11-07,0.0,0.0,24.8,15.7
BOS,2024-11-08,0.0,0.0,26.1,11.2
BOS,2024-11-09,0.0,0.0,28.2,6.8
BOS,2024-11-10,0.4,0.0,19.5,7.5
BOS,2024-11-11,3.8,0.0,25.0,14.5
BOS,2024-11-12,0.0,0.0,31.9,8.8
BOS,2024-11-13,0.0,0.0,22.9,3.7
BOS,2024-11-14,0.0,0.0,19.5,3.7
BOS,2024-11-15,0.0,0.0,20.2,6.0
BOS,2024-11-16,0.0,0.0,19.8,10.0
BOS,2024-11-17,0.0,0.0,15.8,10.8
BOS,2024-11-18,0.0,0.0,19.8,10.5
BOS,2024-11-19,0.0,0.0,19.9,9.6
BOS,2024-11-20,0.0,0.0,12.9,6.9
BOS,2024-11-21,17.8,0.0,31.0,8.9
BOS,2024-11-22,12.5,0.0,35.7,8.6
BOS,2024-11-23,17.1,0.0,31.0,6.9
BOS,2024-11-24,0.0,0.0,33.0,6.8
BOS,2024-11-25,0.0,0.0,21.9,4.8
BOS,2024-11-26,4.8,0.0,24.0,4.2
BOS,2024-11-27,0.0,0.0,17.8,4.8
BOS,2024-11-28,17.0,0.0,27.6,5.5
BOS,2024-11-29,0.0,0.0,21.2,4.2
BOS,2024-11-30,0.0,0.0,15.8,1.2
BOS,2024-12-01,0.0,0.0,16.6,-0.2
BOS,2024-12-02,0.0,0.0,14.0,-0.5
BOS,2024-12-03,0.0,0.0,13.2,-0.7
BOS,2024-12-04,0.2,0.0,19.0,0.1
BOS,2024-12-05,11.9,0.98,29.0,2.8
BOS,2024-12-06,0.0,0.0,26.6,-1.5
BOS,2024-12-07,0.0,0.0,16.5,-0.9
BOS,2024-12-08,1.1,0.77,22.5,4.1
BOS,2024-12-09,6.9,0.0,24.8,5.0
BOS,2024-12-10,1.4,0.0,25.7,4.8
BOS,2024-12-11,62.0,0.0,44.9,12.0
BOS,2024-12-12,8.4,0.0,35.8,4.2
BOS,2024-12-13,0.0,0.0,18.4,-2.1
BOS,2024-12-14,0.0,0.0,13.2,-2.5
BOS,2024-12-15,0.0,0.0,8.9,-2.5
BOS,2024-12-16,0.3,0.21,18.3,2.7
BOS,2024-12-17,6.1,0.0,31.3,10.7
BOS,2024-12-18,6.9,0.0,15.1,5.3
BOS,2024-12-19,5.6,0.0,19.4,4.2
BOS,2024-12-20,10.5,6.02,31.1,1.0
BOS,2024-12-21,0.0,0.0,24.8,-4.5
BOS,2024-12-22,0.0,0.0,23.9,-10.4
BOS,2024-12-23,0.0,0.0,13.6,-8.7
BOS,2024-12-24,0.6,0.42,17.6,-1.5
BOS,2024-12-25,0.0,0.0,16.6,-3.1
BOS,2024-12-26,0.0,0.0,11.3,-1.1
BOS,2024-12-27,0.0,0.0,10.9,-1.9
BOS,2024-12-28,1.9,0.0,13.8,2.8
BOS,2024-12-29,0.5,0.0,18.7,6.8
BOS,2024-12-30,19.3,0.0,31.8,10.8
BOS,2024-12-31,0.0,0.0,19.5,5.7
BOS,2025-01-01,11.9,0.0,30.1,7.1
BOS,2025-01-02,0.8,0.0,39.2,2.8
BOS,2025-01-03,0.0,0.0,33.5,0.4
BOS,2025-01-04,0.0,0.0,28.4,-2.6
BOS,2025-01-05,0.0,0.0,31.9,-1.9
BOS,2025-01-06,0.0,0.0,20.7,-5.2
BOS,2025-01-07,0.0,0.0,33.4,-6.0
BOS,2025-01-08,0.0,0.0,35.3,-5.6
BOS,2025-01-09,0.4,0.28,31.0,-6.1
BOS,2025-01-10,0.0,0.0,26.6,-1.5
BOS,2025-01-11,3.8,2.59,19.0,-1.2
BOS,2025-01-12,0.0,0.0,21.3,-2.5
BOS,2025-01-13,0.0,0.0,18.0,-0.3
BOS,2025-01-14,0.0,0.0,26.3,-2.1
BOS,2025-01-15,0.0,0.0,23.8,-4.4
BOS,2025-01-16,0.0,0.0,13.5,-4.5
BOS,2025-01-17,0.2,0.14,14.0,-2.8
BOS,2025-01-18,7.0,0.0,24.8,2.3
BOS,2025-01-19,8.8,3.22,22.8,3.1
BOS,2025-01-20,3.3,2.31,26.4,-6.6
BOS,2025-01-21,0.0,0.0,12.8,-10.6
BOS,2025-01-22,0.0,0.0,13.2,-11.6
BOS,2025-01-23,0.0,0.0,18.9,-8.0
BOS,2025-01-24,0.0,0.0,13.7,-5.9
BOS,2025-01-25,0.0,0.0,19.0,-6.7
BOS,2025-01-26,0.0,0.0,25.1,-1.1
BOS,2025-01-27,0.0,0.0,28.8,-2.0
BOS,2025-01-28,0.0,0.0,35.5,-0.9
BOS,2025-01-29,3.5,2.17,30.6,0.2
BOS,2025-01-30,0.2,0.14,24.8,-5.4
BOS,2025-01-31,12.8,0.0,24.8,1.3
BOS,2025-02-01,3.6,0.49,24.0,-2.6
BOS,2025-02-02,0.1,0.07,19.2,-7.8
BOS,2025-02-03,3.5,2.31,26.1,1.5
BOS,2025-02-04,0.2,0.07,27.4,1.9
BOS,2025-02-05,0.0,0.0,18.4,-5.9
BOS,2025-02-06,6.4,3.5,16.2,-2.6
BOS,2025-02-07,0.4,0.07,28.4,0.1
BOS,2025-02-08,0.3,0.21,13.6,-2.6
BOS,2025-02-09,12.8,8.75,21.1,-2.6
BOS,2025-02-10,0.0,0.0,15.1,-3.5
BOS,2025-02-11,0.0,0.0,15.5,-5.9
BOS,2025-02-12,0.4,0.28,22.0,-1.6
BOS,2025-02-13,8.3,1.75,33.6,2.2
BOS,2025-02-14,0.0,0.0,31.5,-3.0
BOS,2025-02-15,2.7,1.89,11.3,-5.2
BOS,2025-02-16,36.5,7.91,28.6,0.8
BOS,2025-02-17,0.0,0.0,46.2,-4.3
BOS,2025-02-18,0.0,0.0,35.1,-8.0
BOS,2025-02-19,0.0,0.0,23.2,-7.5
BOS,2025-02-20,0.0,0.0,17.6,-6.9
BOS,2025-02-21,0.0,0.0,23.2,-4.7
BOS,2025-02-22,0.0,0.0,20.1,-5.0
BOS,2025-02-23,0.0,0.0,20.0,0.1
BOS,2025-02-24,0.0,0.0,24.7,1.4
BOS,2025-02-25,0.2,0.0,24.9,5.8
BOS,2025-02-26,0.0,0.0,23.8,5.1
BOS,2025-02-27,5.7,0.07,25.9,5.1
BOS,2025-02-28,0.0,0.0,26.7,3.7
BOS,2025-03-01,2.1,0.0,31.8,4.5
BOS,2025-03-02,0.0,0.0,26.5,-6.1
BOS,2025-03-03,0.0,0.0,16.1,-6.0
BOS,2025-03-04,0.0,0.0,26.4,2.5
BOS,2025-03-05,3.5,0.0,29.3,9.1
BOS,2025-03-06,9.5,0.0,36.0,10.8
BOS,2025-03-07,0.0,0.0,42.9,0.8
BOS,2025-03-08,0.0,0.0,35.0,0.9
BOS,2025-03-09,0.0,0.0,26.7,1.9
BOS,2025-03-10,0.0,0.0,23.0,7.0
BOS,2025-03-11,0.0,0.0,25.8,7.9
BOS,2025-03-12,0.0,0.0,19.6,4.3
BOS,2025-03-13,0.1,0.07,18.2,3.2
BOS,2025-03-14,0.0,0.0,10.5,5.1
BOS,2025-03-15,0.0,0.0,20.0,6.8
BOS,2025-03-16,0.2,0.0,32.7,12.9
BOS,2025-03-17,41.8,0.0,39.6,11.6
BOS,2025-03-18,0.5,0.0,21.1,4.8
BOS,2025-03-19,0.0,0.0,14.6,4.1
BOS,2025-03-20,0.0,0.0,16.4,7.8
BOS,2025-03-21,10.0,0.0,31.1,6.7
BOS,2025-03-22,0.2,0.0,26.1,7.4
BOS,2025-03-23,0.0,0.0,28.5,1.6
BOS,2025-03-24,19.6,0.21,20.5,3.6
BOS,2025-03-25,0.2,0.0,23.3,5.9
BOS,2025-03-26,0.6,0.0,16.0,5.1
BOS,2025-03-27,0.3,0.07,20.5,3.6
BOS,2025-03-28,1.0,0.7,22.4,7.7
BOS,2025-03-29,2.0,0.0,24.8,4.2
BOS,2025-03-30,1.1,0.0,16.4,4.6
BOS,2025-03-31,0.9,0.0,34.0,12.2
BOS,2025-04-01,7.9,0.0,26.6,8.4
BOS,2025-04-02,0.2,0.07,19.6,1.6
BOS,2025-04-03,12.8,0.07,36.0,10.9
BOS,2025-04-04,0.0,0.0,19.4,15.4
BOS,2025-04-05,7.7,0.0,20.6,5.9
BOS,2025-04-06,4.6,0.0,12.6,8.2
BOS,2025-04-07,8.2,0.42,18.6,4.1
BOS,2025-04-08,1.6,0.0,31.5,3.3
BOS,2025-04-09,0.0,0.0,24.1,2.0
BOS,2025-04-10,0.0,0.0,14.4,3.8
BOS,2025-04-11,3.7,0.84,17.3,4.0
BOS,2025-04-12,19.2,7.98,29.9,3.2
BOS,2025-04-13,4.2,0.0,25.5,4.5
BOS,2025-04-14,0.0,0.0,17.0,10.6
BOS,2025-04-15,1.2,0.0,22.7,12.1
BOS,2025-04-16,0.2,0.0,28.5,6.8
BOS,2025-04-17,0.0,0.0,21.1,8.2
BOS,2025-04-18,0.0,0.0,28.9,9.9
BOS,2025-04-19,1.9,0.0,26.4,18.7
BOS,2025-04-20,0.0,0.0,32.3,14.0
BOS,2025-04-21,0.0,0.0,21.0,9.0
BOS,2025-04-22,4.9,0.0,19.6,14.2
BOS,2025-04-23,0.0,0.0,18.6,14.8
BOS,2025-04-24,0.0,0.0,19.2,14.4
BOS,2025-04-25,0.7,0.0,22.9,16.8
BOS,2025-04-26,10.4,0.0,31.8,14.8
BOS,2025-04-27,0.0,0.0,32.0,9.5
BOS,2025-04-28,0.0,0.0,25.0,15.2
BOS,2025-04-29,0.0,0.0,31.7,17.3
BOS,2025-04-30,0.0,0.0,27.1,17.7
BOS,2025-05-01,0.0,0.0,18.3,12.2
BOS,2025-05-02,3.5,0.0,20.2,17.8
BOS,2025-05-03,2.8,0.0,25.3,20.4
BOS,2025-05-04,2.9,0.0,24.1,17.8
BOS,2025-05-05,12.1,0.0,21.5,10.2
BOS,2025-05-06,3.5,0.0,18.7,15.5
BOS,2025-05-07,1.0,0.0,22.8,17.2
BOS,2025-05-08,6.8,0.0,16.2,16.1
BOS,2025-05-09,28.7,0.0,24.4,9.9
BOS,2025-05-10,10.6,0.0,21.9,12.4
BOS,2025-05-11,0.0,0.0,20.0,14.6
BOS,2025-05-12,0.0,0.0,25.2,14.4
BOS,2025-05-13,0.0,0.0,15.6,15.1
BOS,2025-05-14,0.0,0.0,13.4,15.1
BOS,2025-05-15,5.5,0.0,10.6,17.8
BOS,2025-05-16,0.0,0.0,16.9,20.3
BOS,2025-05-17,1.0,0.0,23.2,19.0
BOS,2025-05-18,0.2,0.0,25.8,18.0
BOS,2025-05-19,0.2,0.0,27.7,13.4
BOS,2025-05-20,0.9,0.0,23.3,10.9
BOS,2025-05-21,2.1,0.0,23.5,9.8
BOS,2025-05-22,44.2,0.0,41.6,8.7
BOS,2025-05-23,13.0,0.0,38.4,10.1
BOS,2025-05-24,0.9,0.0,16.8,11.7
BOS,2025-05-25,0.0,0.0,17.6,12.9
BOS,2025-05-26,0.0,0.0,13.3,14.0
BOS,2025-05-27,0.0,0.0,16.5,17.6
BOS,2025-05-28,0.0,0.0,18.4,18.7
BOS,2025-05-29,4.4,0.0,13.4,15.5
BOS,2025-05-30,1.5,0.0,22.4,18.8
BOS,2025-05-31,19.7,0.0,34.5,16.5
BOS,2025-06-01,0.2,0.0,28.2,13.3
BOS,2025-06-02,0.0,0.0,18.6,14.9
BOS,2025-06-03,0.0,0.0,15.3,17.6
BOS,2025-06-04,0.0,0.0,19.1,21.8
BOS,2025-06-05,0.1,0.0,18.0,25.6
BOS,2025-06-06,0.2,0.0,16.6,21.3
BOS,2025-06-07,13.9,0.0,13.2,19.0
BOS,2025-06-08,0.0,0.0,15.6,16.3
BOS,2025-06-09,1.4,0.0,16.7,14.8
BOS,2025-06-10,14.9,0.0,13.9,14.9
BOS,2025-06-11,0.0,0.0,22.5,20.9
BOS,2025-06-12,0.0,0.0,28.5,23.5
BOS,2025-06-13,0.0,0.0,16.9,18.7
BOS,2025-06-14,7.3,0.0,17.7,14.4
BOS,2025-06-15,0.0,0.0,11.8,14.5
BOS,2025-06-16,0.0,0.0,14.9,15.9
BOS,2025-06-17,2.6,0.0,15.0,19.0
BOS,2025-06-18,1.9,0.0,15.9,20.7
BOS,2025-06-19,0.2,0.0,23.1,24.4
BOS,2025-06-20,0.0,0.0,34.8,23.9
BOS,2025-06-21,0.0,0.0,16.1,24.1
BOS,2025-06-22,0.2,0.0,22.6,27.8
BOS,2025-06-23,0.0,0.0,16.3,29.1
BOS,2025-06-24,0.3,0.0,21.0,32.9
BOS,2025-06-25,0.2,0.0,17.5,29.5
BOS,2025-06-26,1.4,0.0,20.2,19.5
BOS,2025-06-27,0.0,0.0,16.0,18.8
BOS,2025-06-28,7.8,0.0,11.9,19.4
BOS,2025-06-29,0.0,0.0,12.4,23.8
BOS,2025-06-30,0.0,0.0,15.4,23.8
BOS,2025-07-01,4.6,0.0,26.2,26.2
BOS,2025-07-02,1.9,0.0,18.6,26.3
BOS,2025-07-03,1.3,0.0,21.4,26.2
BOS,2025-07-04,0.0,0.0,17.1,23.3
BOS,2025-07-05,0.0,0.0,14.9,23.7
BOS,2025-07-06,0.8,0.0,21.6,27.1
BOS,2025-07-07,2.2,0.0,24.1,26.7
BOS,2025-07-08,2.6,0.0,17.5,27.4
BOS,2025-07-09,7.5,0.0,13.3,20.9
BOS,2025-07-10,46.8,0.0,15.9,19.1
BOS,2025-07-11,0.0,0.0,13.1,20.7
BOS,2025-07-12,0.0,0.0,14.0,22.8
BOS,2025-07-13,0.2,0.0,15.1,22.4
BOS,2025-07-14,8.0,0.0,17.6,23.6
BOS,2025-07-15,5.7,0.0,15.1,25.9
BOS,2025-07-16,1.6,0.0,17.2,26.9
BOS,2025-07-17,3.3,0.0,22.9,27.2
BOS,2025-07-18,0.0,0.0,21.8,25.2
BOS,2025-07-19,0.0,0.0,16.6,23.5
BOS,2025-07-20,2.9,0.0,17.5,24.9
BOS,2025-07-21,0.1,0.0,20.9,22.1
BOS,2025-07-22,0.0,0.0,15.2,20.7
BOS,2025-07-23,0.0,0.0,19.5,22.1
BOS,2025-07-24,0.0,0.0,24.5,25.3
BOS,2025-07-25,2.5,0.0,23.3,27.2
BOS,2025-07-26,0.0,0.0,15.1,22.9
BOS,2025-07-27,3.3,0.0,22.6,21.9
BOS,2025-07-28,0.0,0.0,13.4,24.4
BOS,2025-07-29,0.0,0.0,18.2,30.1
BOS,2025-07-30,0.0,0.0,17.5,28.6
BOS,2025-07-31,29.9,0.0,21.1,22.0
BOS,2025-08-01,6.8,0.0,19.6,18.5
BOS,2025-08-02,0.0,0.0,10.7,18.6
BOS,2025-08-03,0.0,0.0,17.0,21.1
BOS,2025-08-04,0.0,0.0,13.8,23.6
BOS,2025-08-05,0.0,0.0,18.0,20.5
BOS,2025-08-06,0.0,0.0,12.5,20.3
BOS,2025-08-07,0.0,0.0,12.7,21.7
BOS,2025-08-08,0.0,0.0,16.5,22.2
BOS,2025-08-09,0.0,0.0,14.0,21.8
BOS,2025-08-10,0.2,0.0,14.6,24.3
BOS,2025-08-11,0.9,0.0,13.0,27.3
BOS,2025-08-12,0.0,0.0,19.0,27.8
BOS,2025-08-13,8.0,0.0,18.2,25.4
BOS,2025-08-14,3.0,0.0,14.6,24.7
BOS,2025-08-15,0.0,0.0,18.9,21.8
BOS,2025-08-16,0.0,0.0,17.5,22.6
BOS,2025-08-17,11.9,0.0,20.9,25.1
BOS,2025-08-18,0.0,0.0,24.1,18.3
BOS,2025-08-19,0.0,0.0,12.0,17.4
BOS,2025-08-20,18.0,0.0,18.7,15.9
BOS,2025-08-21,4.0,0.0,27.4,17.3
BOS,2025-08-22,0.0,0.0,22.0,19.6
BOS,2025-08-23,0.0,0.0,21.7,22.5
BOS,2025-08-24,0.0,0.0,25.4,21.9
BOS,2025-08-25,0.5,0.0,15.9,22.8
BOS,2025-08-26,0.0,0.0,21.8,22.0
BOS,2025-08-27,0.1,0.0,16.0,20.0
BOS,2025-08-28,0.0,0.0,20.4,19.6
BOS,2025-08-29,9.2,0.0,19.7,19.4
BOS,2025-08-30,0.0,0.0,15.8,18.8
BOS,2025-08-31,0.0,0.0,12.8,18.6
BOS,2025-09-01,0.0,0.0,13.3,18.2
BOS,2025-09-02,0.0,0.0,13.7,18.8
BOS,2025-09-03,0.0,0.0,15.4,19.9
BOS,2025-09-04,0.0,0.0,20.1,19.6
BOS,2025-09-05,3.7,0.0,22.6,21.9
BOS,2025-09-06,3.8,0.0,30.7,23.0
BOS,2025-09-07,21.7,0.0,13.2,17.0
BOS,2025-09-08,0.0,0.0,14.0,16.0
BOS,2025-09-09,0.0,0.0,14.7,15.6
BOS,2025-09-10,0.0,0.0,19.8,16.7
BOS,2025-09-11,0.0,0.0,11.3,18.3
BOS,2025-09-12,0.0,0.0,14.5,17.3
BOS,2025-09-13,2.3,0.0,16.4,17.5
BOS,2025-09-14,0.0,0.0,15.4,19.1
BOS,2025-09-15,0.0,0.0,15.5,17.4
BOS,2025-09-16,0.0,0.0,14.5,16.8
BOS,2025-09-17,1.3,0.0,14.7,17.0
BOS,2025-09-18,4.5,0.0,12.5,19.1
BOS,2025-09-19,0.0,0.0,13.9,20.6
BOS,2025-09-20,0.0,0.0,13.5,15.2
BOS,2025-09-21,0.0,0.0,13.1,13.9
BOS,2025-09-22,0.0,0.0,14.2,15.4
BOS,2025-09-23,2.1,0.0,19.6,20.6
BOS,2025-09-24,1.3,0.0,17.7,18.3
BOS,2025-09-25,18.5,0.0,26.6,19.8
BOS,2025-09-26,0.0,0.0,24.3,21.9
BOS,2025-09-27,0.0,0.0,11.9,19.5
BOS,2025-09-28,2.2,0.0,14.3,21.5
BOS,2025-09-29,0.0,0.0,14.0,19.8
BOS,2025-09-30,0.0,0.0,17.2,17.8
BOS,2025-10-01,0.0,0.0,26.2,14.9
BOS,2025-10-02,0.0,0.0,21.1,12.3
BOS,2025-10-03,0.0,0.0,16.0,14.6
BOS,2025-10-04,0.0,0.0,14.5,18.6
BOS,2025-10-05,0.0,0.0,14.1,19.5
BOS,2025-10-06,0.0,0.0,19.8,20.2
BOS,2025-10-07,0.0,0.0,25.7,20.4
BOS,2025-10-08,18.0,0.0,26.7,17.5
BOS,2025-10-09,0.0,0.0,21.1,10.2
BOS,2025-10-10,0.0,0.0,14.8,9.2
BOS,2025-10-11,0.0,0.0,13.2,13.0
BOS,2025-10-12,8.6,0.0,37.3,13.9
BOS,2025-10-13,39.4,0.0,41.6,12.9
BOS,2025-10-14,7.0,0.0,32.1,12.9
BOS,2025-10-15,0.3,0.0,21.9,12.7
BOS,2025-10-16,0.0,0.0,25.3,9.5
BOS,2025-10-17,0.0,0.0,21.9,10.9
BOS,2025-10-18,0.0,0.0,12.9,10.1
BOS,2025-10-19,0.0,0.0,17.0,13.4
BOS,2025-10-20,15.9,0.0,27.8,15.7
BOS,2025-10-21,0.0,0.0,21.3,13.4
BOS,2025-10-22,15.3,0.0,23.8,14.0
BOS,2025-10-23,0.0,0.0,24.3,11.6
BOS,2025-10-24,0.1,0.0,11.4,10.0
BOS,2025-10-25,0.0,0.0,16.0,9.1
BOS,2025-10-26,0.0,0.0,15.2,9.0
BOS,2025-10-27,0.1,0.0,12.7,7.0
BOS,2025-10-28,0.1,0.0,28.1,8.6
BOS,2025-10-29,1.8,0.0,28.2,9.9
BOS,2025-10-30,22.2,0.0,29.3,12.0
BOS,2025-10-31,14.6,0.0,32.5,13.2
BOS,2025-11-01,0.0,0.0,33.9,9.3
BOS,2025-11-02,0.0,0.0,14.2,6.4
BOS,2025-11-03,1.9,0.0,22.6,7.6
BOS,2025-11-04,0.5,0.0,30.7,9.3
BOS,2025-11-05,0.4,0.0,23.5,9.2
BOS,2025-11-06,1.7,0.0,31.8,8.2
BOS,2025-11-07,0.0,0.0,27.3,6.3
BOS,2025-11-08,19.7,0.0,28.5,12.5
BOS,2025-11-09,2.0,0.0,25.9,11.0
BOS,2025-11-10,6.4,0.0,20.9,10.8
BOS,2025-11-11,0.0,0.0,34.2,2.1
BOS,2025-11-12,0.1,0.0,24.0,3.9
BOS,2025-11-13,0.6,0.0,17.9,5.9
BOS,2025-11-14,0.0,0.0,17.5,4.2
BOS,2025-11-15,1.9,0.0,14.9,3.3
BOS,2025-11-16,9.8,0.0,28.8,7.7
BOS,2025-11-17,0.0,0.0,33.4,2.6
BOS,2025-11-18,0.0,0.0,21.7,3.7
BOS,2025-11-19,0.0,0.0,11.0,2.0
BOS,2025-11-20,0.0,0.0,11.0,2.2
BOS,2025-11-21,0.0,0.0,14.8,2.9
BOS,2025-11-22,4.2,0.0,16.2,5.0
BOS,2025-11-23,0.7,0.49,11.7,1.4
BOS,2025-11-24,0.0,0.0,19.6,3.9
BOS,2025-11-25,2.7,0.0,19.7,5.5
BOS,2025-11-26,8.2,0.0,26.3,13.0
BOS,2025-11-27,0.5,0.0,21.6,7.0
BOS,2025-11-28,0.1,0.07,30.6,2.6
BOS,2025-11-29,0.0,0.0,21.4,1.6
BOS,2025-11-30,3.5,0.0,23.6,3.5
BOS,2025-12-01,0.3,0.0,23.1,3.6
BOS,2025-12-02,20.4,0.21,35.1,1.7
BOS,2025-12-03,2.4,0.98,28.4,0.6
BOS,2025-12-04,0.0,0.0,32.7,0.1
BOS,2025-12-05,0.0,0.0,26.4,-7.2
BOS,2025-12-06,0.0,0.0,12.5,0.0
BOS,2025-12-07,0.0,0.0,15.8,0.9
BOS,2025-12-08,0.0,0.0,23.2,-3.8
BOS,2025-12-09,0.0,0.0,16.8,-6.4
BOS,2025-12-10,2.0,0.14,27.9,4.5
BOS,2025-12-11,0.4,0.0,31.1,0.2
BOS,2025-12-12,0.0,0.0,28.8,-2.5
BOS,2025-12-13,0.0,0.0,19.6,-0.1
BOS,2025-12-14,5.9,4.13,28.9,-1.0
BOS,2025-12-15,0.0,0.0,27.3,-7.5
BOS,2025-12-16,0.0,0.0,16.5,-2.7
BOS,2025-12-17,0.0,0.0,28.0,2.6
BOS,2025-12-18,0.0,0.0,18.8,3.3
BOS,2025-12-19,13.6,0.0,49.8,10.1
BOS,2025-12-20,0.0,0.0,30.4,0.6
BOS,2025-12-21,0.0,0.0,28.1,3.6
BOS,2025-12-22,0.0,0.0,23.2,-2.0
BOS,2025-12-23,3.6,1.68,12.8,0.1
BOS,2025-12-24,1.5,0.7,28.3,0.4
BOS,2025-12-25,0.0,0.0,31.9,-1.5
BOS,2025-12-26,0.4,0.28,28.8,-8.1
BOS,2025-12-27,7.1,4.97,22.8,-7.0
BOS,2025-12-28,0.0,0.0,14.4,-4.9
BOS,2025-12-29,14.5,0.0,27.3,4.4
BOS,2025-12-30,0.0,0.0,43.2,-3.3
BOS,2025-12-31,0.0,0.0,27.5,-2.2
FLL,2023-01-01,0.5,0.0,11.1,23.1
FLL,2023-01-02,0.2,0.0,16.4,23.3
FLL,2023-01-03,0.7,0.0,21.8,24.4
FLL,2023-01-04,0.3,0.0,21.0,24.6
FLL,2023-01-05,0.0,0.0,16.2,24.1
FLL,2023-01-06,0.0,0.0,20.7,20.2
FLL,2023-01-07,0.0,0.0,15.5,19.2
FLL,2023-01-08,0.0,0.0,15.0,21.6
FLL,2023-01-09,0.8,0.0,14.1,20.8
FLL,2023-01-10,0.0,0.0,13.2,19.6
FLL,2023-01-11,0.0,0.0,13.2,17.1
FLL,2023-01-12,0.0,0.0,15.9,19.8
FLL,2023-01-13,2.9,0.0,29.6,19.1
FLL,2023-01-14,0.0,0.0,26.5,12.0
FLL,2023-01-15,0.0,0.0,16.6,10.4
FLL,2023-01-16,0.0,0.0,10.2,13.2
FLL,2023-01-17,0.0,0.0,17.0,16.4
FLL,2023-01-18,0.0,0.0,17.3,18.3
FLL,2023-01-19,0.0,0.0,21.3,23.1
FLL,2023-01-20,0.0,0.0,15.8,21.8
FLL,2023-01-21,0.0,0.0,16.9,22.3
FLL,2023-01-22,0.2,0.0,29.9,24.2
FLL,2023-01-23,1.1,0.0,21.6,23.3
FLL,2023-01-24,0.5,0.0,24.1,22.7
FLL,2023-01-25,0.7,0.0,27.1,24.3
FLL,2023-01-26,1.6,0.0,18.3,22.7
FLL,2023-01-27,0.5,0.0,23.8,19.2
FLL,2023-01-28,0.7,0.0,26.0,22.5
FLL,2023-01-29,0.8,0.0,21.2,24.1
FLL,2023-01-30,0.7,0.0,16.2,24.0
FLL,2023-01-31,0.2,0.0,17.8,24.1
FLL,2023-02-01,0.1,0.0,19.9,23.9
FLL,2023-02-02,0.3,0.0,20.0,23.1
FLL,2023-02-03,2.6,0.0,21.3,23.4
FLL,2023-02-04,5.5,0.0,36.6,21.0
FLL,2023-02-05,23.4,0.0,26.8,22.2
FLL,2023-02-06,1.0,0.0,21.4,21.7
FLL,2023-02-07,0.0,0.0,21.6,22.1
FLL,2023-02-08,0.0,0.0,22.1,22.9
FLL,2023-02-09,1.4,0.0,23.4,23.6
FLL,2023-02-10,0.0,0.0,21.6,23.9
FLL,2023-02-11,1.1,0.0,25.1,24.1
FLL,2023-02-12,0.7,0.0,29.3,21.9
FLL,2023-02-13,0.0,0.0,21.0,17.8
FLL,2023-02-14,0.0,0.0,16.9,18.1
FLL,2023-02-15,0.0,0.0,23.5,22.8
FLL,2023-02-16,0.0,0.0,25.8,24.3
FLL,2023-02-17,2.2,0.0,21.3,24.4
FLL,2023-02-18,0.4,0.0,24.7,22.5
FLL,2023-02-19,1.8,0.0,13.6,23.8
FLL,2023-02-20,0.0,0.0,20.9,23.7
FLL,2023-02-21,0.1,0.0,22.2,23.6
FLL,2023-02-22,0.0,0.0,21.5,23.8
FLL,2023-02-23,0.0,0.0,21.2,24.9
FLL,2023-02-24,0.0,0.0,13.7,24.1
FLL,2023-02-25,0.1,0.0,14.8,23.9
FLL,2023-02-26,0.0,0.0,18.5,23.3
FLL,2023-02-27,0.0,0.0,25.7,23.1
FLL,2023-02-28,0.0,0.0,28.1,23.3
FLL,2023-03-01,0.0,0.0,21.3,22.2
FLL,2023-03-02,0.0,0.0,22.5,23.7
FLL,2023-03-03,0.0,0.0,34.7,25.4
FLL,2023-03-04,0.0,0.0,24.8,26.4
FLL,2023-03-05,0.0,0.0,21.2,24.3
FLL,2023-03-06,4.1,0.0,15.5,24.9
FLL,2023-03-07,1.5,0.0,18.4,24.8
FLL,2023-03-08,1.3,0.0,20.6,23.9
FLL,2023-03-09,0.2,0.0,23.0,22.9
FLL,2023-03-10,0.0,0.0,25.5,22.3
FLL,2023-03-11,0.9,0.0,20.0,24.0
FLL,2023-03-12,0.2,0.0,25.1,23.9
FLL,2023-03-13,1.2,0.0,25.1,24.9
FLL,2023-03-14,2.8,0.0,19.8,22.7
FLL,2023-03-15,0.2,0.0,22.4,20.6
FLL,2023-03-16,0.0,0.0,22.9,20.1
FLL,2023-03-17,0.0,0.0,23.1,22.4
FLL,2023-03-18,0.3,0.0,28.4,23.6
FLL,2023-03-19,7.5,0.0,25.2,21.3
FLL,2023-03-20,15.8,0.0,23.6,18.1
FLL,2023-03-21,0.0,0.0,19.5,20.0
FLL,2023-03-22,0.0,0.0,21.0,22.5
FLL,2023-03-23,0.3,0.0,19.4,23.4
FLL,2023-03-24,0.3,0.0,19.6,24.0
FLL,2023-03-25,0.7,0.0,22.1,25.0
FLL,2023-03-26,0.0,0.0,22.6,25.5
FLL,2023-03-27,0.4,0.0,23.6,25.6
FLL,2023-03-28,2.0,0.0,17.7,25.3
FLL,2023-03-29,26.5,0.0,16.5,23.7
FLL,2023-03-30,3.0,0.0,23.5,23.3
FLL,2023-03-31,0.4,0.0,22.7,24.2
FLL,2023-04-01,1.0,0.0,19.2,25.0
FLL,2023-04-02,0.6,0.0,22.2,24.5
FLL,2023-04-03,0.4,0.0,20.5,25.1
FLL,2023-04-04,1.4,0.0,19.2,25.2
FLL,2023-04-05,0.0,0.0,23.3,25.8
FLL,2023-04-06,0.2,0.0,22.6,25.8
FLL,2023-04-07,0.2,0.0,21.4,25.2
FLL,2023-04-08,0.5,0.0,17.8,25.6
FLL,2023-04-09,13.2,0.0,26.4,23.5
FLL,2023-04-10,3.9,0.0,25.7,21.8
FLL,2023-04-11,10.3,0.0,33.6,21.8
FLL,2023-04-12,33.8,0.0,33.8,21.9
FLL,2023-04-13,3.5,0.0,18.0,24.4
FLL,2023-04-14,4.2,0.0,15.6,24.9
FLL,2023-04-15,0.4,0.0,15.5,25.5
FLL,2023-04-16,29.6,0.0,19.6,24.6
FLL,2023-04-17,10.5,0.0,19.7,23.2
FLL,2023-04-18,0.0,0.0,20.1,21.8
FLL,2023-04-19,0.0,0.0,20.2,22.4
FLL,2023-04-20,0.5,0.0,17.4,23.5
FLL,2023-04-21,1.4,0.0,13.7,23.7
FLL,2023-04-22,1.5,0.0,14.8,23.7
FLL,2023-04-23,0.4,0.0,13.4,23.3
FLL,2023-04-24,13.5,0.0,16.6,23.0
FLL,2023-04-25,10.6,0.0,20.5,23.6
FLL,2023-04-26,21.4,0.0,24.4,23.2
FLL,2023-04-27,12.0,0.0,22.5,24.7
FLL,2023-04-28,7.6,0.0,21.3,25.0
FLL,2023-04-29,2.7,0.0,22.7,26.0
FLL,2023-04-30,0.7,0.0,34.5,25.3
FLL,2023-05-01,0.0,0.0,20.4,22.7
FLL,2023-05-02,0.0,0.0,25.2,23.6
FLL,2023-05-03,0.0,0.0,21.2,23.9
FLL,2023-05-04,0.0,0.0,16.6,23.0
FLL,2023-05-05,0.0,0.0,23.5,24.0
FLL,2023-05-06,2.6,0.0,23.7,24.6
FLL,2023-05-07,3.7,0.0,27.1,24.0
FLL,2023-05-08,0.0,0.0,18.2,24.6
FLL,2023-05-09,0.2,0.0,21.0,25.0
FLL,2023-05-10,0.0,0.0,14.5,25.4
FLL,2023-05-11,0.1,0.0,19.1,25.9
FLL,2023-05-12,0.3,0.0,23.1,26.5
FLL,2023-05-13,0.5,0.0,22.5,25.8
FLL,2023-05-14,0.9,0.0,22.0,25.8
FLL,2023-05-15,6.9,0.0,17.8,25.1
FLL,2023-05-16,0.0,0.0,18.2,25.3
FLL,2023-05-17,5.7,0.0,20.7,26.1
FLL,2023-05-18,2.3,0.0,19.8,25.6
FLL,2023-05-19,5.2,0.0,13.2,25.3
FLL,2023-05-20,2.2,0.0,14.5,26.5
FLL,2023-05-21,2.3,0.0,13.7,26.2
FLL,2023-05-22,11.1,0.0,14.8,26.5
FLL,2023-05-23,29.7,0.0,18.5,24.8
FLL,2023-05-24,8.0,0.0,14.4,24.0
FLL,2023-05-25,20.7,0.0,14.4,23.9
FLL,2023-05-26,30.9,0.0,16.9,23.1
FLL,2023-05-27,3.3,0.0,19.2,24.2
FLL,2023-05-28,2.1,0.0,17.1,25.8
FLL,2023-05-29,0.0,0.0,17.7,25.4
FLL,2023-05-30,25.8,0.0,13.5,25.0
FLL,2023-05-31,16.2,0.0,17.1,24.9
FLL,2023-06-01,33.7,0.0,18.2,24.7
FLL,2023-06-02,17.8,0.0,12.9,24.0
FLL,2023-06-03,6.3,0.0,11.7,24.8
FLL,2023-06-04,12.9,0.0,18.9,24.6
FLL,2023-06-05,3.3,0.0,21.3,24.6
FLL,2023-06-06,3.9,0.0,12.4,24.5
FLL,2023-06-07,15.3,0.0,14.2,24.6
FLL,2023-06-08,14.5,0.0,20.7,25.6
FLL,2023-06-09,5.0,0.0,25.6,25.0
FLL,2023-06-10,13.7,0.0,15.8,25.7
FLL,2023-06-11,3.4,0.0,23.7,25.9
FLL,2023-06-12,8.0,0.0,16.5,25.9
FLL,2023-06-13,4.6,0.0,16.7,27.5
FLL,2023-06-14,6.0,0.0,17.9,27.1
FLL,2023-06-15,0.5,0.0,18.3,27.4
FLL,2023-06-16,6.3,0.0,23.2,28.4
FLL,2023-06-17,14.2,0.0,17.1,26.2
FLL,2023-06-18,14.9,0.0,23.0,25.8
FLL,2023-06-19,10.3,0.0,14.1,25.4
FLL,2023-06-20,24.1,0.0,18.2,25.9
FLL,2023-06-21,9.0,0.0,13.9,26.0
FLL,2023-06-22,3.8,0.0,14.0,26.8
FLL,2023-06-23,11.6,0.0,17.1,26.9
FLL,2023-06-24,14.0,0.0,13.5,25.9
FLL,2023-06-25,9.4,0.0,16.8,25.8
FLL,2023-06-26,8.4,0.0,14.6,26.1
FLL,2023-06-27,4.6,0.0,10.8,26.6
FLL,2023-06-28,8.7,0.0,13.9,27.4
FLL,2023-06-29,4.9,0.0,16.3,26.8
FLL,2023-06-30,12.9,0.0,9.6,26.9
FLL,2023-07-01,12.6,0.0,11.4,26.8
FLL,2023-07-02,10.2,0.0,9.4,27.3
FLL,2023-07-03,7.4,0.0,10.5,27.4
FLL,2023-07-04,8.9,0.0,10.6,27.9
FLL,2023-07-05,2.2,0.0,12.2,28.1
FLL,2023-07-06,11.5,0.0,13.9,27.9
FLL,2023-07-07,6.6,0.0,14.2,27.3
FLL,2023-07-08,4.5,0.0,14.1,27.1
FLL,2023-07-09,8.1,0.0,14.4,27.9
FLL,2023-07-10,0.5,0.0,19.3,28.1
FLL,2023-07-11,0.0,0.0,15.6,29.1
FLL,2023-07-12,0.3,0.0,12.7,29.2
FLL,2023-07-13,9.1,0.0,11.3,27.6
FLL,2023-07-14,5.8,0.0,11.7,26.9
FLL,2023-07-15,10.3,0.0,17.1,27.7
FLL,2023-07-16,7.7,0.0,14.8,28.0
FLL,2023-07-17,8.1,0.0,13.6,27.2
FLL,2023-07-18,2.0,0.0,12.7,27.7
FLL,2023-07-19,5.4,0.0,17.3,27.6
FLL,2023-07-20,1.3,0.0,12.4,28.8
FLL,2023-07-21,8.4,0.0,14.9,28.2
FLL,2023-07-22,1.6,0.0,11.7,28.5
FLL,2023-07-23,3.6,0.0,15.8,29.2
FLL,2023-07-24,0.2,0.0,17.6,28.5
FLL,2023-07-25,1.4,0.0,14.8,28.5
FLL,2023-07-26,1.4,0.0,17.5,27.8
FLL,2023-07-27,9.4,0.0,16.3,26.9
FLL,2023-07-28,14.2,0.0,15.0,27.1
FLL,2023-07-29,0.4,0.0,12.3,28.8
FLL,2023-07-30,0.0,0.0,17.0,28.3
FLL,2023-07-31,21.0,0.0,16.3,28.4
FLL,2023-08-01,6.2,0.0,10.4,26.6
FLL,2023-08-02,6.2,0.0,13.3,27.1
FLL,2023-08-03,3.9,0.0,10.4,27.1
FLL,2023-08-04,26.4,0.0,17.8,27.1
FLL,2023-08-05,5.4,0.0,10.2,27.9
FLL,2023-08-06,6.7,0.0,14.8,28.4
FLL,2023-08-07,3.0,0.0,11.8,29.0
FLL,2023-08-08,6.4,0.0,13.7,28.4
FLL,2023-08-09,3.7,0.0,11.0,28.1
FLL,2023-08-10,6.2,0.0,12.0,28.0
FLL,2023-08-11,3.4,0.0,11.3,29.0
FLL,2023-08-12,1.8,0.0,20.6,28.7
FLL,2023-08-13,14.7,0.0,20.4,28.2
FLL,2023-08-14,1.9,0.0,17.1,29.6
FLL,2023-08-15,6.6,0.0,13.3,28.4
FLL,2023-08-16,6.1,0.0,20.1,27.6
FLL,2023-08-17,18.8,0.0,14.1,27.1
FLL,2023-08-18,14.9,0.0,12.7,26.8
FLL,2023-08-19,19.8,0.0,20.2,26.8
FLL,2023-08-20,13.3,0.0,23.4,28.2
FLL,2023-08-21,1.3,0.0,25.8,29.1
FLL,2023-08-22,3.5,0.0,24.6,29.1
FLL,2023-08-23,2.5,0.0,17.4,28.2
FLL,2023-08-24,2.9,0.0,21.4,28.0
FLL,2023-08-25,0.8,0.0,22.7,27.8
FLL,2023-08-26,3.3,0.0,18.2,27.3
FLL,2023-08-27,5.8,0.0,15.8,27.8
FLL,2023-08-28,6.1,0.0,14.4,27.7
FLL,2023-08-29,2.8,0.0,30.7,27.8
FLL,2023-08-30,6.3,0.0,32.3,28.8
FLL,2023-08-31,6.2,0.0,17.8,28.0
FLL,2023-09-01,14.2,0.0,13.8,27.5
FLL,2023-09-02,3.9,0.0,23.7,27.4
FLL,2023-09-03,0.0,0.0,23.3,28.2
FLL,2023-09-04,0.7,0.0,17.0,28.0
FLL,2023-09-05,0.0,0.0,14.6,27.9
FLL,2023-09-06,0.0,0.0,14.7,27.5
FLL,2023-09-07,0.5,0.0,17.1,27.0
FLL,2023-09-08,0.1,0.0,15.8,26.7
FLL,2023-09-09,3.7,0.0,12.7,25.9
FLL,2023-09-10,3.2,0.0,11.0,27.6
FLL,2023-09-11,1.8,0.0,12.3,28.1
FLL,2023-09-12,0.7,0.0,15.8,28.5
FLL,2023-09-13,4.9,0.0,16.1,28.2
FLL,2023-09-14,5.4,0.0,13.7,26.9
FLL,2023-09-15,22.5,0.0,8.7,26.2
FLL,2023-09-16,24.6,0.0,12.9,26.8
FLL,2023-09-17,12.6,0.0,13.4,26.9
FLL,2023-09-18,4.9,0.0,10.8,26.9
FLL,2023-09-19,22.7,0.0,15.1,26.4
FLL,2023-09-20,23.9,0.0,17.7,26.0
FLL,2023-09-21,6.2,0.0,15.0,25.0
FLL,2023-09-22,2.5,0.0,13.8,25.5
FLL,2023-09-23,3.0,0.0,15.5,25.5
FLL,2023-09-24,2.4,0.0,10.2,26.4
FLL,2023-09-25,9.9,0.0,17.8,26.3
FLL,2023-09-26,26.5,0.0,16.8,26.7
FLL,2023-09-27,30.2,0.0,15.1,25.6
FLL,2023-09-28,9.9,0.0,12.2,26.1
FLL,2023-09-29,13.4,0.0,20.1,26.7
FLL,2023-09-30,13.6,0.0,10.1,26.7
FLL,2023-10-01,20.9,0.0,15.2,26.2
FLL,2023-10-02,19.4,0.0,31.3,26.2
FLL,2023-10-03,1.6,0.0,25.4,26.9
FLL,2023-10-04,1.2,0.0,24.1,26.5
FLL,2023-10-05,2.2,0.0,11.3,27.0
FLL,2023-10-06,2.5,0.0,11.0,25.8
FLL,2023-10-07,9.5,0.0,11.9,26.3
FLL,2023-10-08,18.7,0.0,9.3,25.4
FLL,2023-10-09,31.2,0.0,14.2,24.6
FLL,2023-10-10,0.7,0.0,9.9,26.3
FLL,2023-10-11,10.0,0.0,21.1,26.6
FLL,2023-10-12,0.0,0.0,29.8,29.1
FLL,2023-10-13,6.4,0.0,14.2,28.0
FLL,2023-10-14,12.6,0.0,17.7,26.6
FLL,2023-10-15,0.0,0.0,19.8,26.1
FLL,2023-10-16,0.0,0.0,22.7,21.8
FLL,2023-10-17,0.0,0.0,20.0,18.8
FLL,2023-10-18,0.0,0.0,18.8,20.7
FLL,2023-10-19,0.5,0.0,18.2,23.4
FLL,2023-10-20,7.5,0.0,11.5,23.6
FLL,2023-10-21,0.0,0.0,15.1,23.5
FLL,2023-10-22,0.0,0.0,12.0,23.7
FLL,2023-10-23,0.0,0.0,17.3,23.4
FLL,2023-10-24,1.0,0.0,30.2,25.5
FLL,2023-10-25,1.1,0.0,31.8,25.9
FLL,2023-10-26,0.2,0.0,27.2,26.3
FLL,2023-10-27,0.4,0.0,29.2,26.3
FLL,2023-10-28,0.4,0.0,29.5,26.4
FLL,2023-10-29,0.7,0.0,25.8,26.4
FLL,2023-10-30,2.0,0.0,19.1,26.3
FLL,2023-10-31,0.0,0.0,19.4,26.1
FLL,2023-11-01,0.4,0.0,30.4,24.4
FLL,2023-11-02,11.2,0.0,35.4,23.7
FLL,2023-11-03,0.4,0.0,30.3,25.0
FLL,2023-11-04,0.5,0.0,20.7,24.7
FLL,2023-11-05,0.3,0.0,25.1,23.6
FLL,2023-11-06,0.0,0.0,20.5,22.5
FLL,2023-11-07,0.1,0.0,17.8,24.1
FLL,2023-11-08,0.1,0.0,17.1,24.8
FLL,2023-11-09,4.9,0.0,16.0,24.9
FLL,2023-11-10,2.3,0.0,15.5,26.5
FLL,2023-11-11,0.1,0.0,16.2,26.2
FLL,2023-11-12,0.7,0.0,13.7,26.1
FLL,2023-11-13,8.0,0.0,19.3,24.4
FLL,2023-11-14,19.3,0.0,34.7,24.3
FLL,2023-11-15,77.3,0.0,40.3,23.5
FLL,2023-11-16,92.3,0.0,44.6,23.8
FLL,2023-11-17,0.0,0.0,13.4,23.1
FLL,2023-11-18,0.5,0.0,20.4,22.1
FLL,2023-11-19,0.4,0.0,15.8,22.0
FLL,2023-11-20,0.4,0.0,17.3,23.2
FLL,2023-11-21,0.0,0.0,22.0,24.5
FLL,2023-11-22,0.1,0.0,17.3,24.6
FLL,2023-11-23,0.0,0.0,12.9,23.1
FLL,2023-11-24,5.6,0.0,12.4,22.5
FLL,2023-11-25,2.8,0.0,13.2,23.1
FLL,2023-11-26,1.0,0.0,21.7,24.9
FLL,2023-11-27,0.0,0.0,17.4,22.9
FLL,2023-11-28,0.0,0.0,21.6,18.3
FLL,2023-11-29,0.0,0.0,19.8,17.9
FLL,2023-11-30,0.0,0.0,18.0,20.8
FLL,2023-12-01,0.7,0.0,16.9,24.6
FLL,2023-12-02,1.3,0.0,20.7,25.5
FLL,2023-12-03,2.2,0.0,15.2,25.4
FLL,2023-12-04,0.0,0.0,8.9,24.1
FLL,2023-12-05,0.0,0.0,14.9,22.7
FLL,2023-12-06,0.0,0.0,21.7,17.2
FLL,2023-12-07,0.0,0.0,16.2,17.7
FLL,2023-12-08,0.0,0.0,20.7,22.3
FLL,2023-12-09,0.6,0.0,24.3,24.2
FLL,2023-12-10,4.8,0.0,24.9,24.5
FLL,2023-12-11,0.2,0.0,23.2,19.6
FLL,2023-12-12,0.1,0.0,24.5,20.8
FLL,2023-12-13,36.1,0.0,32.5,22.6
FLL,2023-12-14,10.1,0.0,42.2,22.3
FLL,2023-12-15,7.0,0.0,39.0,22.2
FLL,2023-12-16,48.8,0.0,35.5,21.6
FLL,2023-12-17,18.0,0.0,42.2,22.4
FLL,2023-12-18,0.0,0.0,20.6,17.4
FLL,2023-12-19,0.0,0.0,22.9,15.3
FLL,2023-12-20,0.4,0.0,29.4,19.5
FLL,2023-12-21,0.0,0.0,26.0,20.6
FLL,2023-12-22,0.0,0.0,19.2,20.5
FLL,2023-12-23,1.3,0.0,22.8,21.2
FLL,2023-12-24,1.2,0.0,26.3,22.1
FLL,2023-12-25,8.2,0.0,27.6,22.9
FLL,2023-12-26,13.6,0.0,23.9,22.9
FLL,2023-12-27,0.0,0.0,12.6,19.8
FLL,2023-12-28,19.1,0.0,19.9,16.6
FLL,2023-12-29,0.0,0.0,18.6,17.1
FLL,2023-12-30,0.0,0.0,13.6,14.6
FLL,2023-12-31,0.0,0.0,8.4,14.4
FLL,2024-01-01,0.0,0.0,10.2,14.8
FLL,2024-01-02,0.0,0.0,13.7,15.4
FLL,2024-01-03,0.0,0.0,18.5,16.4
FLL,2024-01-04,0.0,0.0,21.3,19.1
FLL,2024-01-05,1.1,0.0,22.7,20.6
FLL,2024-01-06,17.8,0.0,29.2,23.3
FLL,2024-01-07,1.2,0.0,21.1,20.1
FLL,2024-01-08,0.0,0.0,28.2,21.2
FLL,2024-01-09,1.6,0.0,41.4,24.3
FLL,2024-01-10,2.8,0.0,25.8,20.0
FLL,2024-01-11,10.4,0.0,18.0,19.7
FLL,2024-01-12,1.4,0.0,23.6,24.3
FLL,2024-01-13,3.2,0.0,29.1,23.3
FLL,2024-01-14,2.6,0.0,23.5,20.6
FLL,2024-01-15,0.8,0.0,20.7,23.6
FLL,2024-01-16,29.1,0.0,23.8,23.6
FLL,2024-01-17,0.4,0.0,23.6,20.2
FLL,2024-01-18,3.3,0.0,17.4,22.7
FLL,2024-01-19,6.3,0.0,15.8,21.0
FLL,2024-01-20,0.0,0.0,21.3,18.0
FLL,2024-01-21,0.0,0.0,28.0,15.2
FLL,2024-01-22,0.1,0.0,30.7,20.2
FLL,2024-01-23,0.0,0.0,30.4,22.8
FLL,2024-01-24,1.0,0.0,27.1,23.8
FLL,2024-01-25,0.2,0.0,22.9,23.9
FLL,2024-01-26,0.4,0.0,16.6,23.8
FLL,2024-01-27,1.2,0.0,28.8,23.8
FLL,2024-01-28,2.2,0.0,23.4,23.3
FLL,2024-01-29,0.0,0.0,23.3,14.5
FLL,2024-01-30,0.0,0.0,14.3,15.0
FLL,2024-01-31,0.0,0.0,22.1,15.7
FLL,2024-02-01,0.0,0.0,16.7,16.7
FLL,2024-02-02,0.0,0.0,12.5,18.8
FLL,2024-02-03,0.0,0.0,17.8,18.7
FLL,2024-02-04,9.7,0.0,27.9,20.7
FLL,2024-02-05,7.4,0.0,19.4,16.6
FLL,2024-02-06,0.0,0.0,30.3,15.6
FLL,2024-02-07,0.1,0.0,25.5,17.2
FLL,2024-02-08,0.0,0.0,18.0,18.7
FLL,2024-02-09,0.4,0.0,18.2,20.8
FLL,2024-02-10,0.1,0.0,19.9,21.8
FLL,2024-02-11,1.0,0.0,25.7,23.2
FLL,2024-02-12,0.2,0.0,31.0,24.4
FLL,2024-02-13,1.3,0.0,18.5,22.4
FLL,2024-02-14,0.0,0.0,16.8,19.0
FLL,2024-02-15,0.0,0.0,17.0,21.3
FLL,2024-02-16,0.0,0.0,19.3,21.8
FLL,2024-02-17,2.9,0.0,20.6,22.3
FLL,2024-02-18,43.1,0.0,18.1,20.4
FLL,2024-02-19,6.1,0.0,25.8,17.8
FLL,2024-02-20,0.0,0.0,16.8,14.6
FLL,2024-02-21,0.0,0.0,20.4,15.3
FLL,2024-02-22,0.1,0.0,17.4,16.5
FLL,2024-02-23,0.0,0.0,24.2,18.8
FLL,2024-02-24,1.8,0.0,23.7,19.7
FLL,2024-02-25,0.0,0.0,16.9,16.3
FLL,2024-02-26,0.0,0.0,14.1,16.7
FLL,2024-02-27,0.0,0.0,19.3,19.7
FLL,2024-02-28,0.0,0.0,21.1,22.8
FLL,2024-02-29,0.5,0.0,14.9,22.3
FLL,2024-03-01,1.5,0.0,27.5,22.7
FLL,2024-03-02,0.6,0.0,21.4,23.4
FLL,2024-03-03,16.8,0.0,29.3,22.7
FLL,2024-03-04,2.3,0.0,16.3,22.0
FLL,2024-03-05,0.3,0.0,16.6,23.6
FLL,2024-03-06,8.5,0.0,25.1,22.6
FLL,2024-03-07,18.8,0.0,20.3,22.2
FLL,2024-03-08,0.9,0.0,17.6,24.0
FLL,2024-03-09,0.5,0.0,26.4,25.3
FLL,2024-03-10,1.1,0.0,24.5,24.8
FLL,2024-03-11,0.0,0.0,19.7,21.0
FLL,2024-03-12,0.3,0.0,15.6,21.8
FLL,2024-03-13,0.2,0.0,15.6,22.7
FLL,2024-03-14,0.0,0.0,16.4,23.3
FLL,2024-03-15,0.0,0.0,19.7,24.2
FLL,2024-03-16,1.1,0.0,18.9,24.9
FLL,2024-03-17,0.9,0.0,22.1,25.5
FLL,2024-03-18,2.5,0.0,25.0,25.8
FLL,2024-03-19,7.0,0.0,26.1,21.2
FLL,2024-03-20,0.0,0.0,16.7,20.7
FLL,2024-03-21,0.7,0.0,22.5,22.5
FLL,2024-03-22,51.8,0.0,27.8,21.7
FLL,2024-03-23,50.4,0.0,28.4,21.5
FLL,2024-03-24,1.1,0.0,21.2,20.8
FLL,2024-03-25,0.5,0.0,28.1,22.9
FLL,2024-03-26,0.3,0.0,23.6,23.6
FLL,2024-03-27,0.5,0.0,21.2,24.2
FLL,2024-03-28,3.8,0.0,37.2,25.2
FLL,2024-03-29,0.0,0.0,21.8,20.7
FLL,2024-03-30,0.0,0.0,16.2,20.7
FLL,2024-03-31,0.0,0.0,15.0,21.1
FLL,2024-04-01,0.1,0.0,18.3,23.0
FLL,2024-04-02,0.0,0.0,22.6,24.3
FLL,2024-04-03,1.9,0.0,33.4,26.4
FLL,2024-04-04,4.8,0.0,25.0,23.1
FLL,2024-04-05,0.0,0.0,16.1,20.4
FLL,2024-04-06,0.0,0.0,16.7,20.9
FLL,2024-04-07,0.0,0.0,18.4,22.2
FLL,2024-04-08,0.0,0.0,24.6,22.4
FLL,2024-04-09,0.6,0.0,25.8,23.4
FLL,2024-04-10,0.4,0.0,25.3,24.7
FLL,2024-04-11,1.3,0.0,35.3,26.5
FLL,2024-04-12,0.0,0.0,20.5,23.1
FLL,2024-04-13,0.0,0.0,23.7,21.2
FLL,2024-04-14,0.0,0.0,20.1,21.4
FLL,2024-04-15,0.0,0.0,18.1,22.1
FLL,2024-04-16,0.0,0.0,25.6,24.3
FLL,2024-04-17,0.0,0.0,22.2,24.3
FLL,2024-04-18,0.0,0.0,15.6,24.5
FLL,2024-04-19,0.0,0.0,17.6,24.0
FLL,2024-04-20,0.0,0.0,19.1,24.5
FLL,2024-04-21,0.0,0.0,20.3,25.5
FLL,2024-04-22,26.2,0.0,20.5,23.2
FLL,2024-04-23,0.1,0.0,24.2,21.9
FLL,2024-04-24,0.0,0.0,20.9,22.0
FLL,2024-04-25,0.0,0.0,16.4,22.5
FLL,2024-04-26,0.0,0.0,20.2,23.2
FLL,2024-04-27,0.7,0.0,30.2,24.3
FLL,2024-04-28,2.2,0.0,28.5,23.7
FLL,2024-04-29,0.0,0.0,24.1,24.7
FLL,2024-04-30,6.3,0.0,20.4,23.9
FLL,2024-05-01,6.9,0.0,12.7,24.0
FLL,2024-05-02,1.2,0.0,18.6,24.7
FLL,2024-05-03,1.1,0.0,20.6,25.1
FLL,2024-05-04,1.9,0.0,20.1,25.1
FLL,2024-05-05,0.3,0.0,23.9,25.6
FLL,2024-05-06,1.1,0.0,22.8,25.7
FLL,2024-05-07,0.0,0.0,16.0,26.2
FLL,2024-05-08,0.0,0.0,19.7,26.6
FLL,2024-05-09,0.0,0.0,23.6,26.9
FLL,2024-05-10,0.0,0.0,28.6,27.4
FLL,2024-05-11,0.9,0.0,20.1,28.7
FLL,2024-05-12,1.9,0.0,22.3,27.1
FLL,2024-05-13,1.5,0.0,24.1,27.2
FLL,2024-05-14,0.4,0.0,25.7,28.7
FLL,2024-05-15,13.3,0.0,23.9,28.3
FLL,2024-05-16,3.1,0.0,26.3,27.4
FLL,2024-05-17,1.0,0.0,18.4,27.8
FLL,2024-05-18,7.6,0.0,22.3,29.1
FLL,2024-05-19,18.8,0.0,28.2,26.7
FLL,2024-05-20,10.0,0.0,23.1,26.9
FLL,2024-05-21,0.9,0.0,14.8,26.4
FLL,2024-05-22,1.6,0.0,16.5,25.6
FLL,2024-05-23,0.1,0.0,20.3,26.8
FLL,2024-05-24,0.0,0.0,20.0,26.8
FLL,2024-05-25,0.8,0.0,17.8,27.4
FLL,2024-05-26,0.1,0.0,21.7,28.7
FLL,2024-05-27,0.8,0.0,19.8,28.7
FLL,2024-05-28,3.3,0.0,16.9,28.9
FLL,2024-05-29,7.4,0.0,24.6,28.0
FLL,2024-05-30,0.8,0.0,16.3,27.6
FLL,2024-05-31,0.0,0.0,26.0,27.9
FLL,2024-06-01,2.3,0.0,28.0,27.2
FLL,2024-06-02,4.9,0.0,21.0,25.8
FLL,2024-06-03,0.3,0.0,18.4,27.2
FLL,2024-06-04,0.0,0.0,15.8,26.9
FLL,2024-06-05,0.6,0.0,17.9,27.8
FLL,2024-06-06,2.0,0.0,15.7,28.7
FLL,2024-06-07,4.4,0.0,16.3,27.9
FLL,2024-06-08,4.9,0.0,18.7,27.3
FLL,2024-06-09,4.1,0.0,16.2,27.0
FLL,2024-06-10,2.6,0.0,17.3,27.3
FLL,2024-06-11,67.6,0.0,23.7,25.7
FLL,2024-06-12,89.6,0.0,24.8,25.4
FLL,2024-06-13,39.2,0.0,23.7,26.3
FLL,2024-06-14,20.7,0.0,22.5,25.7
FLL,2024-06-15,8.4,0.0,12.1,25.2
FLL,2024-06-16,1.1,0.0,15.3,26.5
FLL,2024-06-17,1.7,0.0,27.5,27.2
FLL,2024-06-18,0.0,0.0,22.0,27.8
FLL,2024-06-19,4.9,0.0,25.9,27.1
FLL,2024-06-20,3.3,0.0,23.3,26.7
FLL,2024-06-21,7.3,0.0,17.9,26.9
FLL,2024-06-22,19.2,0.0,17.9,26.3
FLL,2024-06-23,22.5,0.0,23.2,26.3
FLL,2024-06-24,21.1,0.0,20.1,26.1
FLL,2024-06-25,24.4,0.0,12.9,25.8
FLL,2024-06-26,6.0,0.0,11.9,26.3
FLL,2024-06-27,4.8,0.0,14.2,26.9
FLL,2024-06-28,13.9,0.0,11.5,27.3
FLL,2024-06-29,2.5,0.0,16.3,27.0
FLL,2024-06-30,19.0,0.0,15.8,26.3
FLL,2024-07-01,11.1,0.0,13.5,26.5
FLL,2024-07-02,1.3,0.0,16.1,28.0
FLL,2024-07-03,4.5,0.0,15.1,28.4
FLL,2024-07-04,0.3,0.0,16.8,28.7
FLL,2024-07-05,3.1,0.0,14.0,27.8
FLL,2024-07-06,0.7,0.0,10.2,27.8
FLL,2024-07-07,2.1,0.0,13.6,28.6
FLL,2024-07-08,1.0,0.0,14.3,29.2
FLL,2024-07-09,4.8,0.0,12.3,28.6
FLL,2024-07-10,10.8,0.0,12.5,28.0
FLL,2024-07-11,3.1,0.0,18.0,27.1
FLL,2024-07-12,10.8,0.0,12.9,26.8
FLL,2024-07-13,21.3,0.0,12.5,26.8
FLL,2024-07-14,2.5,0.0,19.4,28.7
FLL,2024-07-15,4.2,0.0,15.8,28.0
FLL,2024-07-16,1.0,0.0,15.5,28.4
FLL,2024-07-17,1.5,0.0,16.3,28.8
FLL,2024-07-18,0.4,0.0,17.1,29.5
FLL,2024-07-19,1.3,0.0,16.3,28.8
FLL,2024-07-20,3.6,0.0,18.1,28.8
FLL,2024-07-21,7.4,0.0,23.3,28.3
FLL,2024-07-22,16.3,0.0,13.9,26.8
FLL,2024-07-23,7.8,0.0,16.0,27.7
FLL,2024-07-24,2.7,0.0,22.1,29.0
FLL,2024-07-25,0.1,0.0,18.8,28.9
FLL,2024-07-26,0.4,0.0,16.8,28.3
FLL,2024-07-27,1.7,0.0,15.3,28.0
FLL,2024-07-28,16.0,0.0,17.6,27.3
FLL,2024-07-29,11.2,0.0,9.3,26.7
FLL,2024-07-30,2.7,0.0,14.0,27.1
FLL,2024-07-31,0.0,0.0,14.2,29.3
FLL,2024-08-01,3.9,0.0,18.1,28.8
FLL,2024-08-02,12.5,0.0,19.5,28.7
FLL,2024-08-03,39.8,0.0,32.6,27.1
FLL,2024-08-04,21.9,0.0,31.9,27.0
FLL,2024-08-05,5.1,0.0,26.6,29.0
FLL,2024-08-06,13.6,0.0,23.0,27.8
FLL,2024-08-07,1.2,0.0,16.8,28.4
FLL,2024-08-08,5.3,0.0,15.1,28.2
FLL,2024-08-09,5.7,0.0,12.3,27.2
FLL,2024-08-10,2.1,0.0,12.6,27.4
FLL,2024-08-11,0.2,0.0,12.7,27.8
FLL,2024-08-12,1.5,0.0,12.5,28.1
FLL,2024-08-13,2.8,0.0,10.6,28.3
FLL,2024-08-14,1.5,0.0,9.5,28.8
FLL,2024-08-15,15.8,0.0,16.0,27.4
FLL,2024-08-16,5.8,0.0,18.7,27.7
FLL,2024-08-17,1.8,0.0,15.8,28.4
FLL,2024-08-18,0.8,0.0,12.0,27.6
FLL,2024-08-19,7.6,0.0,14.4,27.5
FLL,2024-08-20,3.3,0.0,19.3,27.9
FLL,2024-08-21,3.9,0.0,15.3,27.5
FLL,2024-08-22,19.8,0.0,23.5,26.5
FLL,2024-08-23,10.7,0.0,17.9,27.2
FLL,2024-08-24,1.7,0.0,16.5,27.4
FLL,2024-08-25,4.0,0.0,11.8,27.7
FLL,2024-08-26,2.0,0.0,16.1,28.6
FLL,2024-08-27,6.1,0.0,22.3,28.3
FLL,2024-08-28,3.3,0.0,17.3,27.0
FLL,2024-08-29,23.2,0.0,26.5,26.7
FLL,2024-08-30,5.7,0.0,27.6,26.7
FLL,2024-08-31,14.3,0.0,17.5,26.2
FLL,2024-09-01,27.2,0.0,22.6,25.9
FLL,2024-09-02,11.0,0.0,17.8,26.7
FLL,2024-09-03,9.9,0.0,15.6,27.0
FLL,2024-09-04,5.6,0.0,17.9,28.0
FLL,2024-09-05,0.8,0.0,19.1,28.9
FLL,2024-09-06,0.4,0.0,17.2,28.4
FLL,2024-09-07,0.8,0.0,14.3,28.4
FLL,2024-09-08,0.3,0.0,17.6,28.7
FLL,2024-09-09,8.5,0.0,12.8,28.3
FLL,2024-09-10,14.0,0.0,12.0,27.2
FLL,2024-09-11,37.0,0.0,13.8,27.2
FLL,2024-09-12,10.0,0.0,12.0,27.7
FLL,2024-09-13,9.8,0.0,11.0,27.6
FLL,2024-09-14,12.0,0.0,12.1,26.8
FLL,2024-09-15,12.9,0.0,12.6,26.5
FLL,2024-09-16,10.9,0.0,11.5,26.6
FLL,2024-09-17,25.2,0.0,13.5,26.0
FLL,2024-09-18,17.2,0.0,10.5,26.6
FLL,2024-09-19,18.6,0.0,8.0,25.6
FLL,2024-09-20,2.6,0.0,14.3,25.9
FLL,2024-09-21,2.3,0.0,15.0,26.3
FLL,2024-09-22,1.7,0.0,11.3,26.6
FLL,2024-09-23,0.3,0.0,16.6,27.4
FLL,2024-09-24,1.8,0.0,20.9,28.1
FLL,2024-09-25,25.0,0.0,25.2,27.0
FLL,2024-09-26,2.8,0.0,45.6,29.0
FLL,2024-09-27,6.5,0.0,36.2,28.5
FLL,2024-09-28,3.6,0.0,17.9,28.3
FLL,2024-09-29,0.4,0.0,14.4,27.9
FLL,2024-09-30,0.6,0.0,15.0,27.8
FLL,2024-10-01,0.7,0.0,12.2,27.3
FLL,2024-10-02,0.1,0.0,10.2,26.6
FLL,2024-10-03,0.0,0.0,12.2,27.3
FLL,2024-10-04,7.2,0.0,20.3,26.9
FLL,2024-10-05,29.6,0.0,15.7,25.6
FLL,2024-10-06,86.1,0.0,15.2,25.5
FLL,2024-10-07,38.1,0.0,15.9,25.0
FLL,2024-10-08,29.8,0.0,12.6,24.8
FLL,2024-10-09,20.1,0.0,39.7,26.7
FLL,2024-10-10,0.0,0.0,38.2,27.1
FLL,2024-10-11,2.5,0.0,22.6,25.2
FLL,2024-10-12,7.8,0.0,18.3,25.7
FLL,2024-10-13,44.7,0.0,16.8,25.1
FLL,2024-10-14,0.7,0.0,14.7,25.5
FLL,2024-10-15,0.0,0.0,14.2,25.5
FLL,2024-10-16,1.9,0.0,26.2,24.3
FLL,2024-10-17,0.3,0.0,31.3,23.7
FLL,2024-10-18,9.3,0.0,34.7,25.2
FLL,2024-10-19,0.4,0.0,35.8,26.3
FLL,2024-10-20,2.1,0.0,29.2,25.8
FLL,2024-10-21,4.0,0.0,25.1,25.0
FLL,2024-10-22,4.0,0.0,30.6,25.6
FLL,2024-10-23,0.2,0.0,21.1,25.6
FLL,2024-10-24,1.0,0.0,16.3,24.6
FLL,2024-10-25,0.4,0.0,18.6,25.4
FLL,2024-10-26,2.4,0.0,19.2,24.8
FLL,2024-10-27,0.0,0.0,21.9,24.7
FLL,2024-10-28,1.7,0.0,25.7,25.5
FLL,2024-10-29,0.2,0.0,26.0,26.6
FLL,2024-10-30,4.9,0.0,31.1,26.1
FLL,2024-10-31,0.2,0.0,27.9,25.8
FLL,2024-11-01,1.7,0.0,22.5,26.0
FLL,2024-11-02,7.2,0.0,23.0,25.4
FLL,2024-11-03,1.2,0.0,27.8,25.7
FLL,2024-11-04,1.4,0.0,29.6,26.1
FLL,2024-11-05,13.4,0.0,36.5,26.7
FLL,2024-11-06,5.6,0.0,31.7,26.8
FLL,2024-11-07,1.7,0.0,31.3,26.7
FLL,2024-11-08,1.5,0.0,23.2,26.0
FLL,2024-11-09,0.0,0.0,21.6,25.7
FLL,2024-11-10,1.7,0.0,25.7,25.9
FLL,2024-11-11,0.7,0.0,12.9,25.7
FLL,2024-11-12,0.0,0.0,16.8,26.1
FLL,2024-11-13,1.4,0.0,27.5,25.9
FLL,2024-11-14,0.0,0.0,21.3,25.3
FLL,2024-11-15,0.5,0.0,15.9,24.1
FLL,2024-11-16,0.0,0.0,17.0,22.8
FLL,2024-11-17,0.0,0.0,17.7,24.5
FLL,2024-11-18,0.0,0.0,14.3,25.0
FLL,2024-11-19,0.0,0.0,17.6,25.4
FLL,2024-11-20,6.3,0.0,17.1,25.3
FLL,2024-11-21,1.9,0.0,17.3,22.1
FLL,2024-11-22,0.0,0.0,18.2,16.9
FLL,2024-11-23,0.0,0.0,12.2,16.6
FLL,2024-11-24,0.0,0.0,10.6,18.6
FLL,2024-11-25,0.0,0.0,13.0,21.6
FLL,2024-11-26,0.0,0.0,11.7,22.6
FLL,2024-11-27,0.0,0.0,10.7,23.0
FLL,2024-11-28,0.0,0.0,10.6,24.3
FLL,2024-11-29,1.9,0.0,10.4,23.7
FLL,2024-11-30,0.4,0.0,14.2,21.5
FLL,2024-12-01,0.0,0.0,16.7,20.7
FLL,2024-12-02,0.0,0.0,18.3,17.7
FLL,2024-12-03,0.0,0.0,17.6,17.0
FLL,2024-12-04,0.0,0.0,17.2,16.9
FLL,2024-12-05,0.0,0.0,11.6,19.9
FLL,2024-12-06,0.0,0.0,9.3,21.0
FLL,2024-12-07,0.1,0.0,19.6,19.7
FLL,2024-12-08,0.0,0.0,15.4,21.6
FLL,2024-12-09,0.0,0.0,15.1,23.4
FLL,2024-12-10,0.0,0.0,17.2,24.4
FLL,2024-12-11,2.0,0.0,21.1,25.3
FLL,2024-12-12,0.0,0.0,26.0,18.5
FLL,2024-12-13,0.0,0.0,24.6,22.1
FLL,2024-12-14,4.2,0.0,27.7,23.1
FLL,2024-12-15,3.5,0.0,29.0,23.5
FLL,2024-12-16,5.5,0.0,23.4,23.7
FLL,2024-12-17,5.1,0.0,18.8,23.5
FLL,2024-12-18,3.4,0.0,13.8,23.7
FLL,2024-12-19,1.5,0.0,10.5,22.6
FLL,2024-12-20,0.0,0.0,14.6,21.5
FLL,2024-12-21,0.0,0.0,14.4,15.8
FLL,2024-12-22,0.0,0.0,14.6,17.0
FLL,2024-12-23,0.0,0.0,15.7,20.5
FLL,2024-12-24,0.0,0.0,15.6,20.8
FLL,2024-12-25,3.2,0.0,16.0,21.9
FLL,2024-12-26,0.6,0.0,11.3,23.0
FLL,2024-12-27,2.5,0.0,18.2,23.6
FLL,2024-12-28,1.9,0.0,22.1,23.5
FLL,2024-12-29,40.1,0.0,25.0,22.3
FLL,2024-12-30,2.3,0.0,14.7,22.4
FLL,2024-12-31,2.4,0.0,12.0,22.8
FLL,2025-01-01,0.1,0.0,12.3,21.9
FLL,2025-01-02,0.0,0.0,13.6,19.4
FLL,2025-01-03,0.0,0.0,16.1,18.4
FLL,2025-01-04,0.0,0.0,17.0,15.4
FLL,2025-01-05,0.0,0.0,14.8,18.2
FLL,2025-01-06,0.0,0.0,19.7,22.5
FLL,2025-01-07,0.0,0.0,20.8,16.2
FLL,2025-01-08,0.0,0.0,15.8,14.3
FLL,2025-01-09,0.0,0.0,16.5,12.9
FLL,2025-01-10,0.0,0.0,15.3,16.7
FLL,2025-01-11,2.5,0.0,21.5,19.8
FLL,2025-01-12,0.0,0.0,11.8,16.8
FLL,2025-01-13,0.0,0.0,13.8,21.1
FLL,2025-01-14,0.1,0.0,15.3,20.7
FLL,2025-01-15,0.0,0.0,19.0,18.2
FLL,2025-01-16,0.4,0.0,11.7,18.8
FLL,2025-01-17,15.6,0.0,20.6,19.8
FLL,2025-01-18,6.7,0.0,21.8,23.1
FLL,2025-01-19,1.2,0.0,20.7,23.3
FLL,2025-01-20,11.8,0.0,16.2,18.0
FLL,2025-01-21,2.0,0.0,18.3,21.8
FLL,2025-01-22,2.5,0.0,20.5,16.2
FLL,2025-01-23,1.1,0.0,15.3,15.4
FLL,2025-01-24,0.0,0.0,16.8,12.0
FLL,2025-01-25,0.0,0.0,19.4,14.6
FLL,2025-01-26,0.0,0.0,14.1,19.0
FLL,2025-01-27,0.0,0.0,13.2,20.0
FLL,2025-01-28,0.0,0.0,10.1,18.5
FLL,2025-01-29,0.0,0.0,8.6,19.0
FLL,2025-01-30,0.0,0.0,13.2,19.9
FLL,2025-01-31,0.0,0.0,19.8,23.1
FLL,2025-02-01,1.9,0.0,11.8,23.6
FLL,2025-02-02,1.4,0.0,14.2,23.6
FLL,2025-02-03,1.0,0.0,12.7,23.7
FLL,2025-02-04,0.0,0.0,11.7,23.3
FLL,2025-02-05,0.0,0.0,10.6,23.0
FLL,2025-02-06,0.0,0.0,14.2,23.4
FLL,2025-02-07,0.0,0.0,12.8,23.4
FLL,2025-02-08,0.0,0.0,11.8,23.5
FLL,2025-02-09,1.5,0.0,10.5,23.8
FLL,2025-02-10,0.4,0.0,11.2,23.4
FLL,2025-02-11,0.2,0.0,17.0,23.8
FLL,2025-02-12,0.5,0.0,23.0,24.5
FLL,2025-02-13,0.8,0.0,18.0,25.3
FLL,2025-02-14,0.0,0.0,12.8,24.7
FLL,2025-02-15,0.1,0.0,20.3,24.5
FLL,2025-02-16,0.0,0.0,19.3,25.9
FLL,2025-02-17,0.6,0.0,17.2,23.2
FLL,2025-02-18,3.7,0.0,12.3,22.8
FLL,2025-02-19,0.3,0.0,17.5,24.6
FLL,2025-02-20,0.0,0.0,18.2,22.4
FLL,2025-02-21,0.0,0.0,19.4,18.8
FLL,2025-02-22,1.0,0.0,19.3,20.7
FLL,2025-02-23,1.6,0.0,12.0,20.4
FLL,2025-02-24,8.9,0.0,21.5,21.6
FLL,2025-02-25,3.7,0.0,16.4,21.4
FLL,2025-02-26,0.9,0.0,12.1,19.7
FLL,2025-02-27,1.3,0.0,10.8,21.4
FLL,2025-02-28,0.0,0.0,11.6,19.9
FLL,2025-03-01,0.3,0.0,11.2,21.0
FLL,2025-03-02,0.0,0.0,12.0,20.5
FLL,2025-03-03,0.0,0.0,15.1,21.7
FLL,2025-03-04,3.9,0.0,24.8,22.4
FLL,2025-03-05,2.6,0.0,24.3,24.4
FLL,2025-03-06,0.0,0.0,20.2,20.0
FLL,2025-03-07,0.0,0.0,12.2,17.8
FLL,2025-03-08,0.0,0.0,13.8,21.7
FLL,2025-03-09,0.0,0.0,12.6,24.1
FLL,2025-03-10,2.8,0.0,30.4,24.0
FLL,2025-03-11,0.0,0.0,20.0,19.4
FLL,2025-03-12,0.0,0.0,12.6,20.1
FLL,2025-03-13,0.0,0.0,17.3,21.3
FLL,2025-03-14,0.8,0.0,12.7,22.6
FLL,2025-03-15,2.0,0.0,23.2,24.2
FLL,2025-03-16,1.9,0.0,27.1,25.7
FLL,2025-03-17,3.8,0.0,22.4,22.9
FLL,2025-03-18,0.0,0.0,18.9,18.7
FLL,2025-03-19,0.0,0.0,12.6,20.3
FLL,2025-03-20,0.0,0.0,19.4,22.3
FLL,2025-03-21,0.0,0.0,19.3,19.0
FLL,2025-03-22,0.0,0.0,14.5,19.5
FLL,2025-03-23,0.0,0.0,13.3,21.6
FLL,2025-03-24,0.0,0.0,17.4,24.7
FLL,2025-03-25,0.7,0.0,9.3,23.5
FLL,2025-03-26,1.4,0.0,12.9,22.4
FLL,2025-03-27,0.0,0.0,19.9,23.6
FLL,2025-03-28,0.7,0.0,26.5,23.7
FLL,2025-03-29,3.7,0.0,23.1,24.0
FLL,2025-03-30,12.0,0.0,21.8,23.7
FLL,2025-03-31,10.6,0.0,19.4,24.1
FLL,2025-04-01,0.8,0.0,13.1,24.6
FLL,2025-04-02,0.8,0.0,20.8,25.8
FLL,2025-04-03,1.8,0.0,24.4,26.0
FLL,2025-04-04,1.4,0.0,23.2,25.9
FLL,2025-04-05,0.3,0.0,22.6,26.0
FLL,2025-04-06,1.1,0.0,19.9,25.6
FLL,2025-04-07,0.7,0.0,19.9,26.0
FLL,2025-04-08,7.4,0.0,18.5,24.2
FLL,2025-04-09,0.4,0.0,18.0,21.5
FLL,2025-04-10,0.8,0.0,16.5,21.7
FLL,2025-04-11,1.0,0.0,13.1,22.9
FLL,2025-04-12,0.0,0.0,14.0,22.6
FLL,2025-04-13,0.0,0.0,14.8,21.9
FLL,2025-04-14,0.0,0.0,13.5,23.1
FLL,2025-04-15,0.0,0.0,16.5,23.7
FLL,2025-04-16,0.0,0.0,17.4,23.2
FLL,2025-04-17,0.0,0.0,14.4,24.5
FLL,2025-04-18,0.1,0.0,22.0,24.7
FLL,2025-04-19,0.8,0.0,25.2,24.7
FLL,2025-04-20,0.0,0.0,24.6,25.5
FLL,2025-04-21,0.0,0.0,17.2,25.1
FLL,2025-04-22,0.1,0.0,16.0,25.0
FLL,2025-04-23,0.0,0.0,16.9,25.6
FLL,2025-04-24,0.0,0.0,18.4,25.9
FLL,2025-04-25,1.2,0.0,18.8,25.3
FLL,2025-04-26,0.0,0.0,15.5,25.7
FLL,2025-04-27,0.0,0.0,13.6,25.2
FLL,2025-04-28,0.0,0.0,17.0,25.4
FLL,2025-04-29,1.1,0.0,21.1,25.1
FLL,2025-04-30,0.6,0.0,20.2,24.9
FLL,2025-05-01,0.1,0.0,17.2,25.4
FLL,2025-05-02,0.4,0.0,15.2,25.3
FLL,2025-05-03,3.4,0.0,17.1,25.5
FLL,2025-05-04,4.2,0.0,15.8,25.4
FLL,2025-05-05,11.4,0.0,12.2,25.1
FLL,2025-05-06,3.8,0.0,15.2,25.9
FLL,2025-05-07,0.0,0.0,14.9,26.5
FLL,2025-05-08,0.0,0.0,15.7,26.7
FLL,2025-05-09,0.1,0.0,17.3,27.0
FLL,2025-05-10,0.0,0.0,20.4,27.6
FLL,2025-05-11,0.0,0.0,22.9,27.9
FLL,2025-05-12,51.7,0.0,18.6,24.3
FLL,2025-05-13,11.0,0.0,16.6,25.1
FLL,2025-05-14,0.0,0.0,13.0,24.7
FLL,2025-05-15,0.0,0.0,12.3,25.4
FLL,2025-05-16,0.0,0.0,11.4,26.4
FLL,2025-05-17,0.0,0.0,14.2,27.0
FLL,2025-05-18,0.0,0.0,15.7,27.6
FLL,2025-05-19,0.0,0.0,17.0,27.9
FLL,2025-05-20,0.0,0.0,19.6,28.4
FLL,2025-05-21,0.0,0.0,17.7,28.9
FLL,2025-05-22,3.3,0.0,13.0,28.3
FLL,2025-05-23,2.7,0.0,10.5,27.3
FLL,2025-05-24,2.0,0.0,12.2,28.5
FLL,2025-05-25,0.5,0.0,15.1,28.9
FLL,2025-05-26,1.5,0.0,15.7,29.3
FLL,2025-05-27,1.7,0.0,14.8,28.8
FLL,2025-05-28,1.9,0.0,13.3,28.8
FLL,2025-05-29,0.6,0.0,16.0,29.2
FLL,2025-05-30,1.8,0.0,13.9,29.1
FLL,2025-05-31,2.4,0.0,18.1,28.3
FLL,2025-06-01,7.9,0.0,13.2,26.7
FLL,2025-06-02,14.3,0.0,12.1,25.6
FLL,2025-06-03,38.1,0.0,16.7,23.8
FLL,2025-06-04,18.3,0.0,18.5,25.2
FLL,2025-06-05,0.8,0.0,16.5,27.6
FLL,2025-06-06,0.7,0.0,12.5,27.6
FLL,2025-06-07,0.3,0.0,11.1,27.0
FLL,2025-06-08,0.2,0.0,11.5,27.2
FLL,2025-06-09,0.3,0.0,14.3,28.4
FLL,2025-06-10,6.2,0.0,17.9,27.5
FLL,2025-06-11,1.2,0.0,15.5,27.7
FLL,2025-06-12,1.8,0.0,18.3,28.0
FLL,2025-06-13,0.0,0.0,17.5,29.2
FLL,2025-06-14,1.3,0.0,16.6,29.1
FLL,2025-06-15,0.4,0.0,17.2,29.1
FLL,2025-06-16,2.2,0.0,15.6,29.1
FLL,2025-06-17,0.5,0.0,17.8,29.3
FLL,2025-06-18,3.2,0.0,16.4,28.3
FLL,2025-06-19,1.4,0.0,13.6,28.1
FLL,2025-06-20,2.6,0.0,12.3,28.0
FLL,2025-06-21,2.6,0.0,14.9,28.7
FLL,2025-06-22,7.4,0.0,17.2,27.8
FLL,2025-06-23,0.2,0.0,19.1,29.3
FLL,2025-06-24,1.0,0.0,16.6,28.7
FLL,2025-06-25,16.1,0.0,18.6,26.5
FLL,2025-06-26,20.4,0.0,13.0,25.5
FLL,2025-06-27,5.0,0.0,13.4,26.6
FLL,2025-06-28,0.6,0.0,14.8,27.4
FLL,2025-06-29,9.2,0.0,12.1,26.8
FLL,2025-06-30,3.9,0.0,13.9,26.6
FLL,2025-07-01,10.3,0.0,13.3,26.2
FLL,2025-07-02,8.2,0.0,12.7,26.1
FLL,2025-07-03,11.2,0.0,15.1,26.2
FLL,2025-07-04,9.5,0.0,11.7,25.9
FLL,2025-07-05,14.2,0.0,16.0,26.2
FLL,2025-07-06,3.5,0.0,14.7,26.7
FLL,2025-07-07,0.1,0.0,9.4,27.3
FLL,2025-07-08,0.3,0.0,13.6,28.0
FLL,2025-07-09,1.4,0.0,11.7,28.1
FLL,2025-07-10,6.5,0.0,11.4,27.2
FLL,2025-07-11,1.4,0.0,12.3,27.5
FLL,2025-07-12,7.4,0.0,11.7,28.0
FLL,2025-07-13,0.3,0.0,7.8,28.7
FLL,2025-07-14,13.1,0.0,11.8,26.0
FLL,2025-07-15,3.3,0.0,14.6,26.4
FLL,2025-07-16,3.7,0.0,20.3,27.7
FLL,2025-07-17,10.4,0.0,16.0,26.8
FLL,2025-07-18,0.1,0.0,15.4,28.9
FLL,2025-07-19,0.0,0.0,14.1,28.8
FLL,2025-07-20,0.4,0.0,11.6,28.9
FLL,2025-07-21,0.6,0.0,12.3,28.8
FLL,2025-07-22,13.6,0.0,11.1,27.6
FLL,2025-07-23,3.2,0.0,12.7,27.3
FLL,2025-07-24,2.1,0.0,14.5,28.2
FLL,2025-07-25,0.1,0.0,17.1,29.2
FLL,2025-07-26,0.0,0.0,12.3,29.3
FLL,2025-07-27,0.0,0.0,14.8,29.6
FLL,2025-07-28,1.3,0.0,12.1,29.4
FLL,2025-07-29,2.4,0.0,14.7,29.5
FLL,2025-07-30,0.9,0.0,16.5,29.5
FLL,2025-07-31,0.0,0.0,15.5,30.1
FLL,2025-08-01,0.0,0.0,16.8,30.3
FLL,2025-08-02,0.0,0.0,14.3,29.9
FLL,2025-08-03,16.9,0.0,12.7,29.4
FLL,2025-08-04,12.1,0.0,15.3,28.7
FLL,2025-08-05,1.9,0.0,9.1,28.4
FLL,2025-08-06,1.3,0.0,13.1,28.2
FLL,2025-08-07,11.6,0.0,13.4,26.3
FLL,2025-08-08,14.1,0.0,15.9,26.7
FLL,2025-08-09,9.5,0.0,17.3,25.8
FLL,2025-08-10,6.0,0.0,13.2,27.0
FLL,2025-08-11,1.5,0.0,16.2,28.2
FLL,2025-08-12,1.0,0.0,15.3,28.9
FLL,2025-08-13,2.2,0.0,11.9,28.5
FLL,2025-08-14,0.5,0.0,12.2,28.6
FLL,2025-08-15,0.2,0.0,13.4,29.6
FLL,2025-08-16,3.5,0.0,13.0,29.9
FLL,2025-08-17,4.9,0.0,12.3,29.1
FLL,2025-08-18,0.3,0.0,12.5,29.5
FLL,2025-08-19,16.4,0.0,13.6,28.7
FLL,2025-08-20,0.7,0.0,15.6,28.8
FLL,2025-08-21,1.5,0.0,11.3,28.3
FLL,2025-08-22,7.1,0.0,8.5,27.8
FLL,2025-08-23,11.2,0.0,14.8,26.6
FLL,2025-08-24,12.1,0.0,9.9,26.7
FLL,2025-08-25,2.9,0.0,14.8,27.4
FLL,2025-08-26,2.8,0.0,7.9,27.8
FLL,2025-08-27,5.1,0.0,9.8,27.2
FLL,2025-08-28,3.8,0.0,11.9,27.9
FLL,2025-08-29,11.4,0.0,7.9,27.3
FLL,2025-08-30,3.6,0.0,16.8,27.0
FLL,2025-08-31,20.1,0.0,12.4,27.1
FLL,2025-09-01,3.3,0.0,14.9,26.9
FLL,2025-09-02,3.4,0.0,12.2,27.4
FLL,2025-09-03,17.3,0.0,8.9,26.4
FLL,2025-09-04,10.0,0.0,8.2,26.1
FLL,2025-09-05,15.2,0.0,9.6,25.9
FLL,2025-09-06,15.6,0.0,10.1,26.3
FLL,2025-09-07,19.6,0.0,8.5,26.7
FLL,2025-09-08,18.6,0.0,11.0,26.5
FLL,2025-09-09,19.1,0.0,10.0,25.7
FLL,2025-09-10,8.6,0.0,14.1,26.6
FLL,2025-09-11,35.4,0.0,10.0,25.9
FLL,2025-09-12,19.9,0.0,16.2,25.3
FLL,2025-09-13,8.7,0.0,10.2,25.1
FLL,2025-09-14,1.3,0.0,7.8,25.7
FLL,2025-09-15,8.0,0.0,14.4,25.3
FLL,2025-09-16,6.3,0.0,11.4,25.9
FLL,2025-09-17,12.7,0.0,9.5,25.7
FLL,2025-09-18,19.8,0.0,11.8,25.1
FLL,2025-09-19,1.7,0.0,13.0,26.1
FLL,2025-09-20,5.7,0.0,17.6,26.5
FLL,2025-09-21,14.9,0.0,13.3,26.4
FLL,2025-09-22,13.9,0.0,13.7,26.4
FLL,2025-09-23,12.4,0.0,11.0,25.8
FLL,2025-09-24,12.8,0.0,10.9,26.4
FLL,2025-09-25,17.3,0.0,13.0,26.3
FLL,2025-09-26,2.9,0.0,12.2,27.2
FLL,2025-09-27,12.7,0.0,11.4,26.9
FLL,2025-09-28,4.6,0.0,16.3,26.8
FLL,2025-09-29,4.2,0.0,19.2,26.5
FLL,2025-09-30,0.0,0.0,21.8,26.7
FLL,2025-10-01,5.3,0.0,11.6,26.1
FLL,2025-10-02,32.1,0.0,18.2,25.3
FLL,2025-10-03,22.5,0.0,19.2,26.0
FLL,2025-10-04,2.3,0.0,15.0,26.5
FLL,2025-10-05,2.5,0.0,14.6,26.7
FLL,2025-10-06,13.8,0.0,12.8,25.8
FLL,2025-10-07,19.7,0.0,18.1,26.0
FLL,2025-10-08,3.9,0.0,17.1,26.9
FLL,2025-10-09,23.6,0.0,13.4,25.9
FLL,2025-10-10,4.0,0.0,10.0,24.6
FLL,2025-10-11,4.9,0.0,9.5,24.4
FLL,2025-10-12,7.1,0.0,11.7,23.8
FLL,2025-10-13,0.7,0.0,14.7,25.4
FLL,2025-10-14,0.0,0.0,14.8,25.6
FLL,2025-10-15,1.0,0.0,12.7,24.8
FLL,2025-10-16,0.5,0.0,15.6,24.6
FLL,2025-10-17,0.1,0.0,19.5,25.0
FLL,2025-10-18,0.0,0.0,15.4,25.1
FLL,2025-10-19,9.7,0.0,15.3,26.0
FLL,2025-10-20,8.7,0.0,12.0,25.6
FLL,2025-10-21,2.8,0.0,10.1,26.3
FLL,2025-10-22,0.1,0.0,11.0,26.6
FLL,2025-10-23,0.0,0.0,18.0,26.6
FLL,2025-10-24,0.5,0.0,24.3,27.1
FLL,2025-10-25,4.5,0.0,25.9,26.2
FLL,2025-10-26,20.8,0.0,23.8,25.6
FLL,2025-10-27,2.4,0.0,15.6,26.7
FLL,2025-10-28,3.7,0.0,10.4,25.6
FLL,2025-10-29,2.6,0.0,12.5,25.3
FLL,2025-10-30,0.0,0.0,19.7,22.0
FLL,2025-10-31,0.0,0.0,10.4,19.3
FLL,2025-11-01,0.0,0.0,10.5,20.7
FLL,2025-11-02,3.7,0.0,13.9,23.0
FLL,2025-11-03,1.5,0.0,16.6,24.5
FLL,2025-11-04,1.0,0.0,20.0,24.4
FLL,2025-11-05,0.0,0.0,19.0,25.2
FLL,2025-11-06,1.4,0.0,14.0,24.8
FLL,2025-11-07,0.9,0.0,9.0,25.8
FLL,2025-11-08,1.5,0.0,11.0,26.1
FLL,2025-11-09,1.6,0.0,9.6,26.1
FLL,2025-11-10,0.0,0.0,19.8,23.3
FLL,2025-11-11,0.0,0.0,21.0,14.8
FLL,2025-11-12,0.0,0.0,15.4,18.3
FLL,2025-11-13,0.0,0.0,14.8,20.5
FLL,2025-11-14,0.1,0.0,15.5,21.1
FLL,2025-11-15,0.0,0.0,11.7,22.0
FLL,2025-11-16,0.0,0.0,10.0,22.0
FLL,2025-11-17,0.0,0.0,12.8,21.9
FLL,2025-11-18,0.0,0.0,10.8,22.8
FLL,2025-11-19,0.0,0.0,12.2,24.6
FLL,2025-11-20,0.9,0.0,13.2,23.9
FLL,2025-11-21,0.0,0.0,12.2,23.9
FLL,2025-11-22,0.0,0.0,11.0,23.7
FLL,2025-11-23,0.0,0.0,12.4,23.4
FLL,2025-11-24,2.7,0.0,14.2,23.3
FLL,2025-11-25,0.7,0.0,13.9,25.1
FLL,2025-11-26,2.9,0.0,15.4,25.0
FLL,2025-11-27,4.8,0.0,14.6,23.3
FLL,2025-11-28,0.0,0.0,18.5,18.9
FLL,2025-11-29,0.6,0.0,24.5,22.2
FLL,2025-11-30,2.8,0.0,19.9,23.3
FLL,2025-12-01,1.2,0.0,12.5,24.0
FLL,2025-12-02,0.5,0.0,18.6,25.4
FLL,2025-12-03,0.0,0.0,10.7,23.3
FLL,2025-12-04,0.0,0.0,9.6,22.4
FLL,2025-12-05,0.0,0.0,15.0,23.8
FLL,2025-12-06,0.5,0.0,12.8,23.9
FLL,2025-12-07,0.2,0.0,13.3,23.8
FLL,2025-12-08,12.1,0.0,15.9,23.6
FLL,2025-12-09,15.9,0.0,18.0,21.6
FLL,2025-12-10,0.7,0.0,12.4,23.0
FLL,2025-12-11,0.0,0.0,16.2,17.9
FLL,2025-12-12,0.0,0.0,10.8,19.4
FLL,2025-12-13,1.1,0.0,16.1,22.9
FLL,2025-12-14,5.3,0.0,11.7,22.8
FLL,2025-12-15,6.7,0.0,26.1,20.5
FLL,2025-12-16,0.2,0.0,19.0,20.7
FLL,2025-12-17,0.5,0.0,18.4,22.5
FLL,2025-12-18,4.5,0.0,19.7,24.2
FLL,2025-12-19,0.6,0.0,16.2,24.9
FLL,2025-12-20,0.7,0.0,11.1,22.5
FLL,2025-12-21,3.3,0.0,11.6,22.9
FLL,2025-12-22,0.0,0.0,23.9,23.5
FLL,2025-12-23,2.1,0.0,22.8,23.4
FLL,2025-12-24,0.0,0.0,16.0,22.1
FLL,2025-12-25,0.5,0.0,11.9,21.8
FLL,2025-12-26,0.0,0.0,10.9,20.7
FLL,2025-12-27,0.0,0.0,8.8,20.3
FLL,2025-12-28,0.0,0.0,9.1,20.6
FLL,2025-12-29,0.0,0.0,12.6,21.0
FLL,2025-12-30,0.0,0.0,15.8,17.4
FLL,2025-12-31,0.0,0.0,15.5,11.9
MSP,2023-01-01,0.0,0.0,11.1,-2.5
MSP,2023-01-02,0.8,0.56,7.2,-5.3
MSP,2023-01-03,11.5,7.91,19.4,-3.3
MSP,2023-01-04,16.2,11.34,14.8,-0.1
MSP,2023-01-05,1.7,1.12,14.8,-3.9
MSP,2023-01-06,0.0,0.0,9.9,-12.2
MSP,2023-01-07,0.0,0.0,9.0,-14.7
MSP,2023-01-08,0.0,0.0,11.6,-12.2
MSP,2023-01-09,0.0,0.0,11.2,-7.1
MSP,2023-01-10,0.0,0.0,9.0,-4.0
MSP,2023-01-11,1.5,0.49,11.1,-1.1
MSP,2023-01-12,0.0,0.0,16.7,-4.1
MSP,2023-01-13,0.0,0.0,12.3,-9.8
MSP,2023-01-14,0.0,0.0,18.4,-5.1
MSP,2023-01-15,0.0,0.0,18.9,0.6
MSP,2023-01-16,15.1,2.59,13.8,1.5
MSP,2023-01-17,1.8,1.05,13.8,0.7
MSP,2023-01-18,0.0,0.0,14.2,-1.1
MSP,2023-01-19,7.9,5.53,18.0,-1.4
MSP,2023-01-20,0.1,0.14,12.3,-4.4
MSP,2023-01-21,0.0,0.0,8.2,-6.6
MSP,2023-01-22,0.0,0.0,8.9,-8.3
MSP,2023-01-23,0.1,0.07,15.6,-5.0
MSP,2023-01-24,0.0,0.0,12.3,-4.8
MSP,2023-01-25,1.7,1.19,16.9,-3.2
MSP,2023-01-26,0.0,0.0,17.3,-11.3
MSP,2023-01-27,5.3,3.71,26.0,-5.8
MSP,2023-01-28,0.0,0.0,11.2,-15.5
MSP,2023-01-29,0.0,0.0,13.1,-18.0
MSP,2023-01-30,0.0,0.0,13.0,-20.1
MSP,2023-01-31,0.0,0.0,12.3,-18.8
MSP,2023-02-01,0.0,0.0,10.9,-13.7
MSP,2023-02-02,0.0,0.0,21.5,-13.8
MSP,2023-02-03,0.0,0.0,16.0,-21.6
MSP,2023-02-04,0.0,0.0,15.1,-8.2
MSP,2023-02-05,0.0,0.0,11.2,-5.3
MSP,2023-02-06,4.2,1.47,18.2,-2.9
MSP,2023-02-07,0.0,0.0,14.8,-0.9
MSP,2023-02-08,0.0,0.0,11.4,-0.5
MSP,2023-02-09,0.0,0.0,21.6,-1.5
MSP,2023-02-10,0.0,0.0,15.9,-8.1
MSP,2023-02-11,0.0,0.0,17.8,-1.2
MSP,2023-02-12,0.0,0.0,13.7,-2.1
MSP,2023-02-13,0.0,0.0,15.3,-0.4
MSP,2023-02-14,17.3,0.0,17.2,3.6
MSP,2023-02-15,5.2,0.84,23.7,-2.4
MSP,2023-02-16,0.0,0.0,16.1,-10.9
MSP,2023-02-17,0.0,0.0,16.1,-10.3
MSP,2023-02-18,0.0,0.0,14.4,-2.2
MSP,2023-02-19,0.0,0.0,17.1,-3.4
MSP,2023-02-20,0.7,0.56,23.9,-4.6
MSP,2023-02-21,4.3,3.01,22.5,-11.3
MSP,2023-02-22,8.0,5.67,23.4,-8.0
MSP,2023-02-23,10.0,7.0,25.4,-9.9
MSP,2023-02-24,0.4,0.28,9.8,-16.4
MSP,2023-02-25,0.4,0.28,14.6,-10.8
MSP,2023-02-26,0.0,0.0,19.2,-6.9
MSP,2023-02-27,12.3,0.0,18.4,0.9
MSP,2023-02-28,0.1,0.07,12.8,-1.2
MSP,2023-03-01,2.7,1.68,19.2,-0.2
MSP,2023-03-02,0.0,0.0,14.4,-6.5
MSP,2023-03-03,0.0,0.0,11.6,-3.1
MSP,2023-03-04,0.0,0.0,13.2,-2.9
MSP,2023-03-05,6.7,4.62,17.1,-3.0
MSP,2023-03-06,3.9,2.73,20.3,0.5
MSP,2023-03-07,0.0,0.0,13.6,0.1
MSP,2023-03-08,1.2,0.84,13.3,-0.4
MSP,2023-03-09,5.3,3.71,15.1,-0.2
MSP,2023-03-10,2.0,1.4,10.7,-1.4
MSP,2023-03-11,4.4,3.08,21.4,-1.7
MSP,2023-03-12,2.3,1.61,20.4,-1.7
MSP,2023-03-13,0.2,0.14,21.3,-5.3
MSP,2023-03-14,0.0,0.0,17.7,-7.2
MSP,2023-03-15,0.0,0.0,15.9,1.7
MSP,2023-03-16,3.7,1.75,24.1,1.7
MSP,2023-03-17,0.1,0.0,24.3,-11.4
MSP,2023-03-18,0.5,0.35,23.0,-9.4
MSP,2023-03-19,0.0,0.0,18.4,-5.8
MSP,2023-03-20,0.0,0.0,12.8,-2.4
MSP,2023-03-21,0.7,0.49,20.8,-0.3
MSP,2023-03-22,3.9,0.21,19.8,1.1
MSP,2023-03-23,0.0,0.0,11.0,-2.8
MSP,2023-03-24,0.0,0.0,10.2,-2.1
MSP,2023-03-25,0.0,0.0,17.6,0.1
MSP,2023-03-26,0.0,0.0,13.5,-0.8
MSP,2023-03-27,0.0,0.0,13.0,-1.4
MSP,2023-03-28,0.0,0.0,25.5,-3.6
MSP,2023-03-29,0.0,0.0,16.8,-6.8
MSP,2023-03-30,13.2,1.54,17.2,-2.8
MSP,2023-03-31,24.3,9.59,25.7,2.1
MSP,2023-04-01,19.6,13.58,27.3,-0.4
MSP,2023-04-02,0.4,0.14,23.4,2.0
MSP,2023-04-03,0.0,0.0,14.3,1.9
MSP,2023-04-04,15.3,1.89,25.0,1.4
MSP,2023-04-05,4.3,0.14,34.9,-0.6
MSP,2023-04-06,0.0,0.0,23.0,-2.4
MSP,2023-04-07,0.2,0.07,14.8,1.9
MSP,2023-04-08,2.5,0.77,17.0,8.3
MSP,2023-04-09,0.0,0.0,18.1,12.2
MSP,2023-04-10,0.0,0.0,15.0,12.3
MSP,2023-04-11,0.0,0.0,20.7,17.2
MSP,2023-04-12,0.0,0.0,22.8,21.2
MSP,2023-04-13,0.0,0.0,22.4,20.2
MSP,2023-04-14,1.4,0.0,21.3,19.0
MSP,2023-04-15,10.9,0.0,17.9,7.1
MSP,2023-04-16,21.5,11.97,26.2,0.3
MSP,2023-04-17,0.0,0.0,27.4,2.1
MSP,2023-04-18,0.0,0.0,14.8,4.1
MSP,2023-04-19,25.2,0.0,30.3,5.0
MSP,2023-04-20,10.6,0.0,19.5,3.4
MSP,2023-04-21,1.8,0.63,21.9,2.6
MSP,2023-04-22,0.8,0.56,21.1,0.9
MSP,2023-04-23,0.1,0.07,13.0,1.4
MSP,2023-04-24,1.6,0.35,11.7,3.3
MSP,2023-04-25,0.0,0.0,14.7,3.5
MSP,2023-04-26,0.0,0.0,20.4,6.2
MSP,2023-04-27,0.3,0.0,22.7,13.1
MSP,2023-04-28,7.8,0.0,15.5,8.3
MSP,2023-04-29,0.4,0.0,19.6,6.1
MSP,2023-04-30,2.9,0.07,31.3,5.7
MSP,2023-05-01,0.0,0.0,30.3,7.8
MSP,2023-05-02,0.0,0.0,24.6,8.3
MSP,2023-05-03,0.0,0.0,12.6,10.3
MSP,2023-05-04,0.0,0.0,18.0,15.3
MSP,2023-05-05,4.2,0.0,15.3,14.0
MSP,2023-05-06,26.9,0.0,19.2,14.7
MSP,2023-05-07,0.0,0.0,9.2,16.4
MSP,2023-05-08,4.7,0.0,13.3,15.9
MSP,2023-05-09,16.0,0.0,17.3,15.7
MSP,2023-05-10,0.2,0.0,13.0,18.7
MSP,2023-05-11,2.7,0.0,12.2,18.7
MSP,2023-05-12,11.6,0.0,18.0,18.1
MSP,2023-05-13,5.9,0.0,22.7,16.8
MSP,2023-05-14,18.1,0.0,17.7,12.6
MSP,2023-05-15,0.0,0.0,12.6,15.0
MSP,2023-05-16,0.0,0.0,15.9,18.6
MSP,2023-05-17,0.0,0.0,17.6,15.3
MSP,2023-05-18,1.8,0.0,18.9,16.7
MSP,2023-05-19,0.0,0.0,21.0,10.8
MSP,2023-05-20,0.0,0.0,11.8,13.7
MSP,2023-05-21,0.0,0.0,12.2,17.1
MSP,2023-05-22,0.0,0.0,13.6,19.6
MSP,2023-05-23,0.0,0.0,11.3,20.8
MSP,2023-05-24,0.0,0.0,17.7,18.4
MSP,2023-05-25,0.0,0.0,16.9,17.6
MSP,2023-05-26,0.0,0.0,13.6,17.9
MSP,2023-05-27,0.0,0.0,13.7,19.4
MSP,2023-05-28,0.0,0.0,13.8,20.2
MSP,2023-05-29,0.0,0.0,20.0,23.2
MSP,2023-05-30,2.7,0.0,22.0,23.2
MSP,2023-05-31,0.0,0.0,16.4,25.0
MSP,2023-06-01,2.6,0.0,23.0,24.6
MSP,2023-06-02,0.3,0.0,16.6,24.0
MSP,2023-06-03,0.9,0.0,10.5,24.3
MSP,2023-06-04,0.3,0.0,12.3,25.4
MSP,2023-06-05,0.8,0.0,9.8,24.1
MSP,2023-06-06,0.9,0.0,13.2,23.6
MSP,2023-06-07,0.0,0.0,15.3,21.8
MSP,2023-06-08,0.0,0.0,10.9,21.4
MSP,2023-06-09,0.0,0.0,11.7,21.8
MSP,2023-06-10,12.8,0.0,19.7,20.5
MSP,2023-06-11,0.0,0.0,20.4,15.2
MSP,2023-06-12,0.0,0.0,20.9,18.4
MSP,2023-06-13,0.0,0.0,16.3,21.7
MSP,2023-06-14,0.0,0.0,10.5,22.4
MSP,2023-06-15,0.0,0.0,15.6,18.7
MSP,2023-06-16,0.0,0.0,11.0,17.6
MSP,2023-06-17,0.0,0.0,12.4,22.1
MSP,2023-06-18,8.0,0.0,12.4,19.8
MSP,2023-06-19,0.1,0.0,13.7,23.8
MSP,2023-06-20,0.0,0.0,15.6,25.5
MSP,2023-06-21,0.0,0.0,18.9,25.6
MSP,2023-06-22,0.0,0.0,10.8,26.2
MSP,2023-06-23,0.0,0.0,13.0,26.0
MSP,2023-06-24,69.6,0.0,17.3,22.3
MSP,2023-06-25,19.6,0.0,20.6,20.1
MSP,2023-06-26,0.9,0.0,21.7,20.9
MSP,2023-06-27,0.0,0.0,10.2,22.5
MSP,2023-06-28,7.8,0.0,22.1,22.9
MSP,2023-06-29,0.2,0.0,18.0,23.5
MSP,2023-06-30,0.0,0.0,12.5,24.0
MSP,2023-07-01,0.0,0.0,9.5,24.0
MSP,2023-07-02,0.0,0.0,7.9,24.5
MSP,2023-07-03,1.2,0.0,18.3,24.2
MSP,2023-07-04,16.8,0.0,25.4,22.9
MSP,2023-07-05,5.4,0.0,15.5,20.9
MSP,2023-07-06,0.0,0.0,11.0,18.4
MSP,2023-07-07,0.0,0.0,12.4,19.0
MSP,2023-07-08,0.3,0.0,12.2,19.6
MSP,2023-07-09,0.0,0.0,22.4,21.9
MSP,2023-07-10,1.2,0.0,19.4,24.3
MSP,2023-07-11,0.2,0.0,10.9,19.3
MSP,2023-07-12,0.4,0.0,13.7,19.7
MSP,2023-07-13,0.0,0.0,19.3,21.8
MSP,2023-07-14,0.3,0.0,18.0,24.1
MSP,2023-07-15,0.0,0.0,21.6,22.3
MSP,2023-07-16,1.9,0.0,25.4,19.7
MSP,2023-07-17,0.0,0.0,18.1,18.5
MSP,2023-07-18,0.0,0.0,10.8,20.8
MSP,2023-07-19,11.7,0.0,17.3,22.3
MSP,2023-07-20,0.0,0.0,19.8,20.8
MSP,2023-07-21,0.0,0.0,11.2,21.9
MSP,2023-07-22,6.8,0.0,21.2,21.4
MSP,2023-07-23,0.0,0.0,9.8,23.0
MSP,2023-07-24,1.7,0.0,9.4,23.4
MSP,2023-07-25,0.0,0.0,14.7,26.8
MSP,2023-07-26,20.4,0.0,13.8,27.1
MSP,2023-07-27,25.8,0.0,22.7,25.6
MSP,2023-07-28,7.2,0.0,15.5,23.9
MSP,2023-07-29,0.4,0.0,16.8,21.2
MSP,2023-07-30,0.0,0.0,9.7,20.9
MSP,2023-07-31,0.0,0.0,11.5,21.7
MSP,2023-08-01,0.0,0.0,10.9,23.6
MSP,2023-08-02,4.1,0.0,14.6,23.9
MSP,2023-08-03,0.1,0.0,12.3,26.5
MSP,2023-08-04,0.0,0.0,12.6,26.0
MSP,2023-08-05,0.0,0.0,12.6,24.8
MSP,2023-08-06,7.3,0.0,12.3,20.6
MSP,2023-08-07,0.0,0.0,11.0,21.8
MSP,2023-08-08,0.0,0.0,12.6,21.6
MSP,2023-08-09,1.0,0.0,14.8,21.4
MSP,2023-08-10,4.0,0.0,13.1,21.1
MSP,2023-08-11,5.0,0.0,15.8,21.8
MSP,2023-08-12,0.0,0.0,18.1,21.4
MSP,2023-08-13,7.4,0.0,13.3,19.3
MSP,2023-08-14,19.6,0.0,20.6,17.5
MSP,2023-08-15,0.0,0.0,13.7,19.5
MSP,2023-08-16,12.0,0.0,25.7,22.6
MSP,2023-08-17,0.0,0.0,28.4,19.1
MSP,2023-08-18,0.0,0.0,19.1,19.3
MSP,2023-08-19,0.0,0.0,15.1,25.4
MSP,2023-08-20,0.0,0.0,14.0,22.9
MSP,2023-08-21,0.0,0.0,14.6,22.1
MSP,2023-08-22,0.0,0.0,16.6,28.7
MSP,2023-08-23,0.0,0.0,15.6,30.9
MSP,2023-08-24,0.0,0.0,13.1,26.3
MSP,2023-08-25,0.9,0.0,14.7,24.7
MSP,2023-08-26,0.0,0.0,16.1,19.5
MSP,2023-08-27,0.0,0.0,7.7,18.4
MSP,2023-08-28,0.4,0.0,14.7,22.2
MSP,2023-08-29,0.6,0.0,13.5,21.7
MSP,2023-08-30,0.0,0.0,11.7,19.8
MSP,2023-08-31,0.0,0.0,19.4,21.0
MSP,2023-09-01,0.0,0.0,18.7,24.3
MSP,2023-09-02,0.0,0.0,19.7,27.8
MSP,2023-09-03,0.0,0.0,18.6,30.2
MSP,2023-09-04,0.0,0.0,22.9,29.7
MSP,2023-09-05,7.5,0.0,18.6,27.0
MSP,2023-09-06,0.6,0.0,20.5,19.4
MSP,2023-09-07,0.2,0.0,11.1,16.7
MSP,2023-09-08,0.0,0.0,10.1,17.3
MSP,2023-09-09,2.3,0.0,14.1,19.2
MSP,2023-09-10,0.0,0.0,13.6,18.0
MSP,2023-09-11,2.4,0.0,15.6,16.2
MSP,2023-09-12,0.2,0.0,19.1,14.5
MSP,2023-09-13,0.0,0.0,10.6,12.7
MSP,2023-09-14,0.0,0.0,19.8,18.8
MSP,2023-09-15,6.9,0.0,15.7,18.2
MSP,2023-09-16,1.0,0.0,13.3,16.4
MSP,2023-09-17,0.0,0.0,9.4,15.8
MSP,2023-09-18,8.7,0.0,15.1,16.7
MSP,2023-09-19,0.0,0.0,14.1,20.5
MSP,2023-09-20,0.0,0.0,13.4,21.8
MSP,2023-09-21,0.0,0.0,13.7,21.6
MSP,2023-09-22,2.5,0.0,18.1,19.9
MSP,2023-09-23,30.4,0.0,26.6,19.4
MSP,2023-09-24,4.8,0.0,23.4,18.8
MSP,2023-09-25,41.1,0.0,12.8,16.3
MSP,2023-09-26,1.7,0.0,17.4,17.0
MSP,2023-09-27,1.3,0.0,14.7,17.8
MSP,2023-09-28,0.5,0.0,17.4,18.1
MSP,2023-09-29,21.4,0.0,22.0,18.8
MSP,2023-09-30,5.2,0.0,19.0,22.8
MSP,2023-10-01,0.0,0.0,16.6,24.5
MSP,2023-10-02,0.0,0.0,17.9,24.2
MSP,2023-10-03,6.4,0.0,25.6,23.1
MSP,2023-10-04,2.8,0.0,24.5,17.3
MSP,2023-10-05,0.0,0.0,26.8,14.4
MSP,2023-10-06,2.4,0.0,24.6,9.7
MSP,2023-10-07,0.0,0.0,16.1,8.6
MSP,2023-10-08,0.0,0.0,13.0,10.2
MSP,2023-10-09,0.0,0.0,16.8,7.7
MSP,2023-10-10,0.0,0.0,11.7,7.7
MSP,2023-10-11,0.0,0.0,14.2,8.4
MSP,2023-10-12,5.8,0.0,24.9,8.9
MSP,2023-10-13,45.3,0.0,26.2,8.0
MSP,2023-10-14,2.4,0.0,19.7,9.4
MSP,2023-10-15,0.0,0.0,16.6,9.1
MSP,2023-10-16,0.0,0.0,9.9,7.9
MSP,2023-10-17,0.0,0.0,11.7,9.8
MSP,2023-10-18,0.6,0.0,15.1,11.6
MSP,2023-10-19,0.9,0.0,16.7,10.7
MSP,2023-10-20,0.0,0.0,11.4,11.4
MSP,2023-10-21,0.1,0.0,25.1,12.0
MSP,2023-10-22,0.0,0.0,10.7,9.1
MSP,2023-10-23,0.6,0.0,15.9,12.4
MSP,2023-10-24,24.8,0.0,12.4,12.7
MSP,2023-10-25,0.0,0.0,12.2,12.0
MSP,2023-10-26,13.6,0.0,9.9,14.0
MSP,2023-10-27,0.3,0.0,24.1,5.5
MSP,2023-10-28,0.4,0.28,15.2,-0.3
MSP,2023-10-29,0.0,0.0,14.9,-0.5
MSP,2023-10-30,1.1,0.77,21.2,-0.7
MSP,2023-10-31,2.3,1.61,28.4,-1.0
MSP,2023-11-01,0.0,0.0,11.9,-3.3
MSP,2023-11-02,0.0,0.0,10.7,-0.1
MSP,2023-11-03,0.1,0.0,11.7,4.6
MSP,2023-11-04,0.0,0.0,9.5,2.2
MSP,2023-11-05,0.3,0.0,19.5,7.7
MSP,2023-11-06,4.4,0.0,25.0,9.1
MSP,2023-11-07,0.0,0.0,19.4,5.6
MSP,2023-11-08,1.4,0.0,22.9,6.9
MSP,2023-11-09,0.0,0.0,24.9,4.7
MSP,2023-11-10,0.1,0.0,14.2,2.7
MSP,2023-11-11,1.7,0.35,18.2,2.5
MSP,2023-11-12,0.0,0.0,17.4,7.3
MSP,2023-11-13,0.0,0.0,13.7,6.6
MSP,2023-11-14,0.0,0.0,23.6,12.5
MSP,2023-11-15,0.0,0.0,14.2,7.9
MSP,2023-11-16,0.0,0.0,31.6,12.1
MSP,2023-11-17,0.0,0.0,15.6,1.9
MSP,2023-11-18,0.0,0.0,11.8,4.4
MSP,2023-11-19,0.0,0.0,13.6,4.6
MSP,2023-11-20,1.1,0.0,13.6,4.7
MSP,2023-11-21,0.7,0.0,20.0,3.2
MSP,2023-11-22,0.0,0.0,15.7,1.4
MSP,2023-11-23,0.0,0.0,16.9,-2.5
MSP,2023-11-24,0.0,0.0,10.9,-5.9
MSP,2023-11-25,0.3,0.21,9.9,-3.5
MSP,2023-11-26,0.3,0.21,25.3,-3.1
MSP,2023-11-27,0.0,0.0,19.7,-8.5
MSP,2023-11-28,0.0,0.0,16.6,-6.9
MSP,2023-11-29,0.0,0.0,13.0,0.6
MSP,2023-11-30,0.0,0.0,15.2,-0.3
MSP,2023-12-01,0.0,0.0,10.3,-2.7
MSP,2023-12-02,0.0,0.0,12.9,-1.9
MSP,2023-12-03,0.0,0.0,9.0,0.6
MSP,2023-12-04,0.2,0.14,12.6,-1.7
MSP,2023-12-05,0.5,0.35,12.0,-2.0
MSP,2023-12-06,0.0,0.0,15.9,0.9
MSP,2023-12-07,0.0,0.0,15.3,2.9
MSP,2023-12-08,0.0,0.0,22.9,4.8
MSP,2023-12-09,2.5,0.98,25.1,0.6
MSP,2023-12-10,0.0,0.0,19.9,-4.3
MSP,2023-12-11,0.0,0.0,17.1,-3.2
MSP,2023-12-12,0.0,0.0,17.2,-4.0
MSP,2023-12-13,0.0,0.0,13.3,-1.3
MSP,2023-12-14,0.0,0.0,15.9,2.4
MSP,2023-12-15,1.3,0.0,13.1,2.9
MSP,2023-12-16,9.6,0.0,11.2,2.6
MSP,2023-12-17,0.1,0.07,26.2,1.2
MSP,2023-12-18,0.0,0.0,23.7,-6.6
MSP,2023-12-19,0.0,0.0,15.9,-2.0
MSP,2023-12-20,0.0,0.0,12.6,-0.7
MSP,2023-12-21,0.0,0.0,14.3,1.1
MSP,2023-12-22,2.1,0.0,10.0,3.7
MSP,2023-12-23,0.2,0.0,15.1,5.8
MSP,2023-12-24,9.7,0.0,22.4,9.5
MSP,2023-12-25,19.7,0.0,21.2,9.0
MSP,2023-12-26,12.0,0.0,20.2,4.0
MSP,2023-12-27,0.0,0.0,9.5,-0.8
MSP,2023-12-28,0.0,0.0,15.8,-1.2
MSP,2023-12-29,0.0,0.0,11.3,-1.1
MSP,2023-12-30,0.5,0.35,17.3,-1.8
MSP,2023-12-31,1.1,0.77,18.2,-3.0
MSP,2024-01-01,0.0,0.0,13.2,-4.3
MSP,2024-01-02,0.0,0.0,15.5,-1.6
MSP,2024-01-03,0.0,0.0,14.8,-2.6
MSP,2024-01-04,0.0,0.0,8.8,-5.7
MSP,2024-01-05,0.3,0.21,11.9,-0.5
MSP,2024-01-06,0.4,0.28,10.6,-1.4
MSP,2024-01-07,0.2,0.14,12.8,-3.8
MSP,2024-01-08,0.4,0.28,13.3,-3.1
MSP,2024-01-09,1.2,0.84,22.7,-1.9
MSP,2024-01-10,0.8,0.56,11.5,-4.0
MSP,2024-01-11,0.0,0.0,14.0,-8.6
MSP,2024-01-12,0.9,0.63,20.3,-12.2
MSP,2024-01-13,0.3,0.21,20.4,-13.9
MSP,2024-01-14,0.0,0.0,18.5,-20.0
MSP,2024-01-15,0.0,0.0,18.0,-20.0
MSP,2024-01-16,0.0,0.0,20.8,-17.4
MSP,2024-01-17,0.0,0.0,14.7,-14.6
MSP,2024-01-18,0.4,0.28,13.6,-14.9
MSP,2024-01-19,0.2,0.14,14.1,-16.8
MSP,2024-01-20,0.0,0.0,10.8,-17.0
MSP,2024-01-21,0.0,0.0,21.6,-11.3
MSP,2024-01-22,0.0,0.0,15.9,-3.8
MSP,2024-01-23,0.0,0.0,10.1,-0.8
MSP,2024-01-24,0.0,0.0,10.8,0.4
MSP,2024-01-25,0.2,0.0,7.0,1.2
MSP,2024-01-26,0.0,0.0,7.6,1.4
MSP,2024-01-27,0.0,0.0,9.0,-0.7
MSP,2024-01-28,0.0,0.0,10.1,-1.4
MSP,2024-01-29,0.1,0.0,16.3,1.7
MSP,2024-01-30,0.0,0.0,15.5,2.1
MSP,2024-01-31,0.0,0.0,13.0,3.0
MSP,2024-02-01,0.0,0.0,13.7,1.7
MSP,2024-02-02,0.0,0.0,13.0,-0.6
MSP,2024-02-03,0.0,0.0,13.8,-0.5
MSP,2024-02-04,0.0,0.0,10.1,0.4
MSP,2024-02-05,0.0,0.0,11.3,0.4
MSP,2024-02-06,0.0,0.0,12.9,3.8
MSP,2024-02-07,0.0,0.0,20.8,6.1
MSP,2024-02-08,5.8,0.0,27.7,6.8
MSP,2024-02-09,0.0,0.0,20.8,-0.1
MSP,2024-02-10,0.0,0.0,19.9,-1.6
MSP,2024-02-11,0.0,0.0,14.7,-0.8
MSP,2024-02-12,0.0,0.0,14.6,-0.0
MSP,2024-02-13,0.1,0.07,8.4,-0.7
MSP,2024-02-14,8.8,5.88,12.8,0.7
MSP,2024-02-15,2.2,1.54,13.4,-5.2
MSP,2024-02-16,0.0,0.0,16.1,-11.6
MSP,2024-02-17,0.0,0.0,22.8,-8.7
MSP,2024-02-18,0.0,0.0,14.4,-3.4
MSP,2024-02-19,0.0,0.0,13.7,-3.7
MSP,2024-02-20,0.0,0.0,13.7,0.4
MSP,2024-02-21,0.0,0.0,7.7,1.2
MSP,2024-02-22,0.0,0.0,16.7,2.3
MSP,2024-02-23,0.2,0.14,16.2,-1.2
MSP,2024-02-24,0.0,0.0,20.4,-1.3
MSP,2024-02-25,0.0,0.0,14.6,2.9
MSP,2024-02-26,0.0,0.0,18.6,4.6
MSP,2024-02-27,1.0,0.7,28.2,0.1
MSP,2024-02-28,0.0,0.0,24.7,-10.7
MSP,2024-02-29,0.0,0.0,19.0,-1.2
MSP,2024-03-01,0.0,0.0,21.7,6.2
MSP,2024-03-02,0.0,0.0,16.9,7.0
MSP,2024-03-03,0.1,0.0,30.1,10.4
MSP,2024-03-04,0.1,0.07,10.8,0.8
MSP,2024-03-05,0.0,0.0,12.3,0.8
MSP,2024-03-06,0.0,0.0,19.5,4.1
MSP,2024-03-07,0.0,0.0,14.8,4.3
MSP,2024-03-08,0.0,0.0,15.6,-1.2
MSP,2024-03-09,0.0,0.0,17.0,-1.8
MSP,2024-03-10,0.0,0.0,14.8,0.9
MSP,2024-03-11,0.0,0.0,15.5,8.0
MSP,2024-03-12,0.0,0.0,17.1,10.1
MSP,2024-03-13,0.0,0.0,15.0,8.9
MSP,2024-03-14,0.0,0.0,16.3,9.1
MSP,2024-03-15,0.0,0.0,20.4,5.0
MSP,2024-03-16,0.2,0.0,28.4,5.3
MSP,2024-03-17,0.0,0.0,23.2,-3.3
MSP,2024-03-18,0.0,0.0,17.9,-2.6
MSP,2024-03-19,0.0,0.0,27.3,3.9
MSP,2024-03-20,0.0,0.0,17.4,-4.6
MSP,2024-03-21,2.0,1.4,7.6,-3.0
MSP,2024-03-22,3.2,2.24,14.0,-3.2
MSP,2024-03-23,0.1,0.07,11.5,-5.4
MSP,2024-03-24,15.9,11.13,19.1,-1.4
MSP,2024-03-25,14.8,5.18,16.3,2.4
MSP,2024-03-26,20.5,5.67,24.3,-2.4
MSP,2024-03-27,0.0,0.0,21.0,-6.2
MSP,2024-03-28,0.0,0.0,12.1,-5.2
MSP,2024-03-29,0.0,0.0,15.6,-0.9
MSP,2024-03-30,0.0,0.0,11.6,2.6
MSP,2024-03-31,0.0,0.0,11.4,2.7
MSP,2024-04-01,1.1,0.0,13.4,2.5
MSP,2024-04-02,3.3,2.31,20.9,2.7
MSP,2024-04-03,0.5,0.35,29.2,4.2
MSP,2024-04-04,0.0,0.0,19.4,3.6
MSP,2024-04-05,0.0,0.0,11.8,5.1
MSP,2024-04-06,0.0,0.0,23.5,6.2
MSP,2024-04-07,12.1,0.14,24.6,5.3
MSP,2024-04-08,5.7,0.0,21.4,8.0
MSP,2024-04-09,0.6,0.0,19.8,9.0
MSP,2024-04-10,0.2,0.0,17.1,11.9
MSP,2024-04-11,3.4,0.0,21.9,9.2
MSP,2024-04-12,0.0,0.0,19.1,8.7
MSP,2024-04-13,0.0,0.0,21.6,13.2
MSP,2024-04-14,0.0,0.0,17.7,13.7
MSP,2024-04-15,0.0,0.0,17.7,11.8
MSP,2024-04-16,15.6,0.0,31.9,10.7
MSP,2024-04-17,11.8,0.0,27.4,10.0
MSP,2024-04-18,0.3,0.0,25.2,7.8
MSP,2024-04-19,0.0,0.0,27.8,2.4
MSP,2024-04-20,0.0,0.0,20.7,2.5
MSP,2024-04-21,0.0,0.0,15.4,6.9
MSP,2024-04-22,0.3,0.0,27.0,10.7
MSP,2024-04-23,1.1,0.0,23.7,10.3
MSP,2024-04-24,0.0,0.0,11.8,6.9
MSP,2024-04-25,0.0,0.0,21.8,11.9
MSP,2024-04-26,10.4,0.0,27.7,10.2
MSP,2024-04-27,1.7,0.0,21.1,13.2
MSP,2024-04-28,12.3,0.0,24.5,8.4
MSP,2024-04-29,2.8,0.0,20.6,8.2
MSP,2024-04-30,9.7,0.0,17.4,12.0
MSP,2024-05-01,0.2,0.0,27.0,12.9
MSP,2024-05-02,12.8,0.0,19.4,10.6
MSP,2024-05-03,0.1,0.0,18.3,13.5
MSP,2024-05-04,10.0,0.0,17.7,10.3
MSP,2024-05-05,0.0,0.0,10.9,12.3
MSP,2024-05-06,0.0,0.0,22.7,15.2
MSP,2024-05-07,10.0,0.0,25.1,16.7
MSP,2024-05-08,0.0,0.0,20.2,15.8
MSP,2024-05-09,0.1,0.0,16.3,13.2
MSP,2024-05-10,0.2,0.0,27.1,13.3
MSP,2024-05-11,0.0,0.0,13.2,14.8
MSP,2024-05-12,0.2,0.0,20.4,20.0
MSP,2024-05-13,0.0,0.0,13.8,15.5
MSP,2024-05-14,0.0,0.0,14.3,14.9
MSP,2024-05-15,4.2,0.0,15.9,16.4
MSP,2024-05-16,11.4,0.0,17.5,15.8
MSP,2024-05-17,3.0,0.0,19.7,19.3
MSP,2024-05-18,0.0,0.0,23.0,21.7
MSP,2024-05-19,0.0,0.0,15.4,17.0
MSP,2024-05-20,23.1,0.0,13.7,18.7
MSP,2024-05-21,73.2,0.0,21.1,17.3
MSP,2024-05-22,0.7,0.0,26.2,16.0
MSP,2024-05-23,0.0,0.0,13.3,18.5
MSP,2024-05-24,10.6,0.0,26.6,17.1
MSP,2024-05-25,0.4,0.0,29.9,15.4
MSP,2024-05-26,1.4,0.0,12.2,16.0
MSP,2024-05-27,7.8,0.0,14.0,13.5
MSP,2024-05-28,2.4,0.0,15.6,13.7
MSP,2024-05-29,0.0,0.0,11.4,15.0
MSP,2024-05-30,0.0,0.0,20.5,18.2
MSP,2024-05-31,26.0,0.0,16.7,17.7
MSP,2024-06-01,8.3,0.0,10.5,18.6
MSP,2024-06-02,2.1,0.0,21.7,19.4
MSP,2024-06-03,20.9,0.0,20.1,21.9
MSP,2024-06-04,11.5,0.0,20.9,21.4
MSP,2024-06-05,0.5,0.0,25.1,18.1
MSP,2024-06-06,0.1,0.0,29.9,17.3
MSP,2024-06-07,0.1,0.0,14.6,18.4
MSP,2024-06-08,0.3,0.0,16.3,17.8
MSP,2024-06-09,0.0,0.0,23.3,16.8
MSP,2024-06-10,0.0,0.0,9.8,16.2
MSP,2024-06-11,3.7,0.0,19.2,19.2
MSP,2024-06-12,3.9,0.0,22.4,21.0
MSP,2024-06-13,0.0,0.0,17.4,22.1
MSP,2024-06-14,0.0,0.0,9.9,20.1
MSP,2024-06-15,37.7,0.0,18.2,17.9
MSP,2024-06-16,17.9,0.0,23.8,24.9
MSP,2024-06-17,24.7,0.0,17.6,17.8
MSP,2024-06-18,60.4,0.0,26.8,23.6
MSP,2024-06-19,0.3,0.0,16.2,19.1
MSP,2024-06-20,2.3,0.0,9.4,19.1
MSP,2024-06-21,6.2,0.0,14.2,18.9
MSP,2024-06-22,24.8,0.0,15.0,20.6
MSP,2024-06-23,0.0,0.0,14.3,19.9
MSP,2024-06-24,6.3,0.0,24.2,23.4
MSP,2024-06-25,0.0,0.0,15.8,24.4
MSP,2024-06-26,2.4,0.0,19.1,20.9
MSP,2024-06-27,1.3,0.0,14.4,19.2
MSP,2024-06-28,13.1,0.0,28.6,21.5
MSP,2024-06-29,0.0,0.0,24.5,18.9
MSP,2024-06-30,0.0,0.0,10.1,16.9
MSP,2024-07-01,3.0,0.0,21.5,18.1
MSP,2024-07-02,3.8,0.0,20.6,19.3
MSP,2024-07-03,0.0,0.0,20.9,22.2
MSP,2024-07-04,27.9,0.0,12.0,18.3
MSP,2024-07-05,9.0,0.0,13.6,18.9
MSP,2024-07-06,1.9,0.0,12.8,20.3
MSP,2024-07-07,2.8,0.0,12.5,21.1
MSP,2024-07-08,0.2,0.0,9.1,20.9
MSP,2024-07-09,4.1,0.0,10.5,21.8
MSP,2024-07-10,0.3,0.0,9.6,21.8
MSP,2024-07-11,0.5,0.0,7.2,22.8
MSP,2024-07-12,0.0,0.0,16.0,24.2
MSP,2024-07-13,1.3,0.0,15.2,24.7
MSP,2024-07-14,0.4,0.0,9.5,25.3
MSP,2024-07-15,6.1,0.0,21.0,23.6
MSP,2024-07-16,0.0,0.0,14.3,21.5
MSP,2024-07-17,0.0,0.0,16.0,18.7
MSP,2024-07-18,0.0,0.0,10.0,19.7
MSP,2024-07-19,0.3,0.0,13.3,21.1
MSP,2024-07-20,0.9,0.0,9.4,21.9
MSP,2024-07-21,6.7,0.0,7.7,21.3
MSP,2024-07-22,12.3,0.0,11.7,21.5
MSP,2024-07-23,0.7,0.0,9.6,21.2
MSP,2024-07-24,0.1,0.0,11.1,20.4
MSP,2024-07-25,0.0,0.0,11.6,21.0
MSP,2024-07-26,0.0,0.0,19.1,24.0
MSP,2024-07-27,0.0,0.0,20.3,26.9
MSP,2024-07-28,11.8,0.0,17.8,25.5
MSP,2024-07-29,0.7,0.0,10.9,24.8
MSP,2024-07-30,0.5,0.0,12.2,25.7
MSP,2024-07-31,3.3,0.0,22.8,26.0
MSP,2024-08-01,4.9,0.0,16.3,21.6
MSP,2024-08-02,0.0,0.0,15.2,25.0
MSP,2024-08-03,2.9,0.0,23.2,23.1
MSP,2024-08-04,1.7,0.0,17.3,23.8
MSP,2024-08-05,55.5,0.0,23.0,18.5
MSP,2024-08-06,0.0,0.0,14.5,18.6
MSP,2024-08-07,0.7,0.0,11.9,19.4
MSP,2024-08-08,1.2,0.0,25.3,18.0
MSP,2024-08-09,0.4,0.0,21.7,16.2
MSP,2024-08-10,0.0,0.0,19.1,16.6
MSP,2024-08-11,0.0,0.0,10.0,18.2
MSP,2024-08-12,0.0,0.0,9.1,19.3
MSP,2024-08-13,0.0,0.0,9.4,20.4
MSP,2024-08-14,0.0,0.0,21.3,21.2
MSP,2024-08-15,9.3,0.0,18.1,21.7
MSP,2024-08-16,4.4,0.0,14.5,21.1
MSP,2024-08-17,2.5,0.0,17.3,21.1
MSP,2024-08-18,0.1,0.0,12.3,21.4
MSP,2024-08-19,0.0,0.0,10.2,20.3
MSP,2024-08-20,0.7,0.0,9.8,19.5
MSP,2024-08-21,0.0,0.0,12.7,19.5
MSP,2024-08-22,0.0,0.0,20.3,19.0
MSP,2024-08-23,3.9,0.0,13.9,21.6
MSP,2024-08-24,0.0,0.0,13.0,23.7
MSP,2024-08-25,0.1,0.0,14.3,25.8
MSP,2024-08-26,14.8,0.0,17.5,25.2
MSP,2024-08-27,1.2,0.0,12.2,22.6
MSP,2024-08-28,0.2,0.0,12.8,20.3
MSP,2024-08-29,19.7,0.0,22.3,22.6
MSP,2024-08-30,2.1,0.0,16.9,20.9
MSP,2024-08-31,0.0,0.0,22.5,22.1
MSP,2024-09-01,0.0,0.0,14.3,17.9
MSP,2024-09-02,0.0,0.0,13.0,17.4
MSP,2024-09-03,0.0,0.0,20.2,19.4
MSP,2024-09-04,0.0,0.0,21.3,21.0
MSP,2024-09-05,0.1,0.0,16.4,20.7
MSP,2024-09-06,3.6,0.0,16.9,14.8
MSP,2024-09-07,0.0,0.0,10.0,14.1
MSP,2024-09-08,0.0,0.0,18.2,17.9
MSP,2024-09-09,0.0,0.0,12.8,20.5
MSP,2024-09-10,0.0,0.0,18.9,22.5
MSP,2024-09-11,0.0,0.0,11.8,22.8
MSP,2024-09-12,0.0,0.0,14.9,22.6
MSP,2024-09-13,0.0,0.0,14.8,21.8
MSP,2024-09-14,1.3,0.0,14.5,21.6
MSP,2024-09-15,0.1,0.0,17.1,23.6
MSP,2024-09-16,0.0,0.0,19.1,24.5
MSP,2024-09-17,0.1,0.0,20.1,24.7
MSP,2024-09-18,0.0,0.0,19.7,24.7
MSP,2024-09-19,18.2,0.0,19.3,23.0
MSP,2024-09-20,0.0,0.0,13.8,20.4
MSP,2024-09-21,1.3,0.0,18.5,21.9
MSP,2024-09-22,0.0,0.0,16.3,15.6
MSP,2024-09-23,0.0,0.0,12.2,14.1
MSP,2024-09-24,0.2,0.0,11.4,16.4
MSP,2024-09-25,0.0,0.0,9.3,17.3
MSP,2024-09-26,0.0,0.0,11.5,18.9
MSP,2024-09-27,0.0,0.0,10.4,19.8
MSP,2024-09-28,0.0,0.0,10.9,19.7
MSP,2024-09-29,0.0,0.0,12.1,19.0
MSP,2024-09-30,0.0,0.0,23.0,20.4
MSP,2024-10-01,0.0,0.0,21.6,13.5
MSP,2024-10-02,0.0,0.0,24.5,17.6
MSP,2024-10-03,0.0,0.0,11.2,14.0
MSP,2024-10-04,0.0,0.0,13.9,12.1
MSP,2024-10-05,0.1,0.0,22.1,17.6
MSP,2024-10-06,0.0,0.0,27.8,13.7
MSP,2024-10-07,0.0,0.0,14.6,12.0
MSP,2024-10-08,0.0,0.0,10.4,13.2
MSP,2024-10-09,0.0,0.0,11.7,14.1
MSP,2024-10-10,0.0,0.0,13.7,17.1
MSP,2024-10-11,0.0,0.0,15.0,17.9
MSP,2024-10-12,1.7,0.0,11.9,11.2
MSP,2024-10-13,0.1,0.0,32.6,9.6
MSP,2024-10-14,0.0,0.0,11.4,5.9
MSP,2024-10-15,0.0,0.0,12.8,5.4
MSP,2024-10-16,0.0,0.0,17.5,7.1
MSP,2024-10-17,0.0,0.0,23.0,13.4
MSP,2024-10-18,0.0,0.0,18.6,16.5
MSP,2024-10-19,1.1,0.0,17.1,17.0
MSP,2024-10-20,0.0,0.0,18.6,18.5
MSP,2024-10-21,0.0,0.0,16.6,21.8
MSP,2024-10-22,0.5,0.0,21.5,18.3
MSP,2024-10-23,0.0,0.0,20.2,10.0
MSP,2024-10-24,5.1,0.0,15.3,11.8
MSP,2024-10-25,0.0,0.0,16.5,8.9
MSP,2024-10-26,0.0,0.0,14.3,8.0
MSP,2024-10-27,0.0,0.0,15.9,11.5
MSP,2024-10-28,0.0,0.0,20.4,16.6
MSP,2024-10-29,0.2,0.0,24.3,19.6
MSP,2024-10-30,0.0,0.0,22.3,15.3
MSP,2024-10-31,45.2,5.11,34.7,3.7
MSP,2024-11-01,0.0,0.0,13.7,2.7
MSP,2024-11-02,0.4,0.0,15.9,8.2
MSP,2024-11-03,2.9,0.0,19.2,8.8
MSP,2024-11-04,9.7,0.0,13.2,12.2
MSP,2024-11-05,9.5,0.14,14.4,6.6
MSP,2024-11-06,0.0,0.0,8.7,4.2
MSP,2024-11-07,0.0,0.0,15.4,5.1
MSP,2024-11-08,0.0,0.0,14.2,7.0
MSP,2024-11-09,1.3,0.0,15.2,6.8
MSP,2024-11-10,1.8,0.0,15.1,8.4
MSP,2024-11-11,0.0,0.0,22.5,4.8
MSP,2024-11-12,0.0,0.0,18.5,2.8
MSP,2024-11-13,4.1,0.0,18.5,5.1
MSP,2024-11-14,0.0,0.0,10.1,6.4
MSP,2024-11-15,0.0,0.0,14.4,6.3
MSP,2024-11-16,0.1,0.0,22.8,7.9
MSP,2024-11-17,0.1,0.0,19.0,7.0
MSP,2024-11-18,11.9,0.0,29.9,6.1
MSP,2024-11-19,10.2,0.0,30.4,9.5
MSP,2024-11-20,3.0,2.1,20.8,0.5
MSP,2024-11-21,0.0,0.0,27.3,0.5
MSP,2024-11-22,0.0,0.0,15.3,0.9
MSP,2024-11-23,0.0,0.0,8.0,1.9
MSP,2024-11-24,0.0,0.0,16.8,3.5
MSP,2024-11-25,0.3,0.0,19.7,-1.0
MSP,2024-11-26,0.0,0.0,16.3,-5.4
MSP,2024-11-27,0.0,0.0,11.4,-4.5
MSP,2024-11-28,0.3,0.21,21.1,-5.4
MSP,2024-11-29,0.0,0.0,20.2,-9.6
MSP,2024-11-30,0.0,0.0,15.3,-12.1
MSP,2024-12-01,0.0,0.0,13.3,-11.0
MSP,2024-12-02,0.7,0.49,14.0,-7.8
MSP,2024-12-03,0.0,0.0,17.6,-7.7
MSP,2024-12-04,0.2,0.0,34.4,-5.5
MSP,2024-12-05,0.0,0.0,19.2,-10.8
MSP,2024-12-06,0.0,0.0,13.6,-5.2
MSP,2024-12-07,0.0,0.0,20.8,2.8
MSP,2024-12-08,0.0,0.0,16.1,2.1
MSP,2024-12-09,0.1,0.0,22.7,-0.0
MSP,2024-12-10,0.0,0.0,19.1,-4.0
MSP,2024-12-11,0.7,0.49,23.9,-12.1
MSP,2024-12-12,0.0,0.0,12.8,-20.8
MSP,2024-12-13,0.0,0.0,18.4,-16.5
MSP,2024-12-14,1.6,0.91,20.1,-4.1
MSP,2024-12-15,0.1,0.0,15.7,1.0
MSP,2024-12-16,0.0,0.0,21.3,0.8
MSP,2024-12-17,0.2,0.14,18.6,-2.0
MSP,2024-12-18,0.0,0.0,18.3,-4.4
MSP,2024-12-19,7.7,5.39,21.2,-5.3
MSP,2024-12-20,0.8,0.56,18.0,-11.2
MSP,2024-12-21,0.0,0.0,15.1,-15.9
MSP,2024-12-22,0.0,0.0,16.0,-3.9
MSP,2024-12-23,4.0,2.8,12.5,-2.1
MSP,2024-12-24,0.0,0.0,11.3,-2.4
MSP,2024-12-25,0.0,0.0,15.7,-0.6
MSP,2024-12-26,0.1,0.0,15.0,0.8
MSP,2024-12-27,13.4,0.0,13.3,2.6
MSP,2024-12-28,7.6,0.0,13.6,1.8
MSP,2024-12-29,0.0,0.0,8.7,0.5
MSP,2024-12-30,0.0,0.0,8.5,0.2
MSP,2024-12-31,0.0,0.0,19.5,-1.3
MSP,2025-01-01,0.0,0.0,19.9,-6.1
MSP,2025-01-02,0.0,0.0,18.6,-7.6
MSP,2025-01-03,0.0,0.0,17.3,-12.1
MSP,2025-01-04,0.0,0.0,12.6,-15.0
MSP,2025-01-05,0.0,0.0,15.0,-14.4
MSP,2025-01-06,0.0,0.0,13.1,-12.7
MSP,2025-01-07,0.0,0.0,8.5,-10.6
MSP,2025-01-08,0.0,0.0,12.7,-11.2
MSP,2025-01-09,0.5,0.35,10.2,-6.6
MSP,2025-01-10,0.7,0.49,15.4,-4.2
MSP,2025-01-11,1.1,0.77,15.1,-6.0
MSP,2025-01-12,2.8,1.96,24.5,-7.3
MSP,2025-01-13,0.0,0.0,18.9,-17.5
MSP,2025-01-14,0.0,0.0,13.6,-19.8
MSP,2025-01-15,0.2,0.14,18.3,-11.4
MSP,2025-01-16,0.0,0.0,21.0,-1.0
MSP,2025-01-17,0.0,0.0,26.7,-0.4
MSP,2025-01-18,0.0,0.0,22.3,-14.3
MSP,2025-01-19,0.0,0.0,17.0,-22.4
MSP,2025-01-20,0.0,0.0,16.7,-24.7
MSP,2025-01-21,0.1,0.07,20.6,-22.4
MSP,2025-01-22,0.0,0.07,19.9,-7.1
MSP,2025-01-23,0.0,0.0,17.7,-16.7
MSP,2025-01-24,0.6,0.42,14.5,-11.6
MSP,2025-01-25,0.1,0.07,26.2,-5.0
MSP,2025-01-26,0.0,0.0,17.2,-8.7
MSP,2025-01-27,0.4,0.28,20.2,-2.8
MSP,2025-01-28,0.0,0.0,25.3,0.5
MSP,2025-01-29,0.0,0.0,21.7,0.7
MSP,2025-01-30,0.0,0.0,13.6,2.1
MSP,2025-01-31,0.0,0.0,14.8,0.5
MSP,2025-02-01,0.8,0.63,27.6,-2.3
MSP,2025-02-02,0.9,0.56,16.3,1.5
MSP,2025-02-03,1.0,0.7,23.5,-5.0
MSP,2025-02-04,0.0,0.0,22.2,-16.5
MSP,2025-02-05,1.0,0.7,15.1,-11.2
MSP,2025-02-06,0.7,0.42,32.4,-9.0
MSP,2025-02-07,0.0,0.0,11.1,-10.6
MSP,2025-02-08,4.2,2.94,16.1,-8.0
MSP,2025-02-09,0.0,0.0,14.9,-16.4
MSP,2025-02-10,0.3,0.21,14.7,-15.7
MSP,2025-02-11,0.0,0.0,12.0,-20.6
MSP,2025-02-12,0.9,0.63,8.5,-18.5
MSP,2025-02-13,0.0,0.0,10.6,-20.6
MSP,2025-02-14,2.0,1.4,22.4,-11.7
MSP,2025-02-15,0.1,0.07,19.1,-7.6
MSP,2025-02-16,0.0,0.0,19.1,-16.0
MSP,2025-02-17,0.0,0.0,17.6,-23.0
MSP,2025-02-18,0.0,0.0,13.3,-23.6
MSP,2025-02-19,0.0,0.0,15.3,-20.9
MSP,2025-02-20,0.0,0.0,10.6,-16.0
MSP,2025-02-21,0.0,0.0,20.1,-13.0
MSP,2025-02-22,0.0,0.0,16.6,-6.9
MSP,2025-02-23,0.0,0.0,14.0,1.3
MSP,2025-02-24,0.2,0.0,22.4,6.5
MSP,2025-02-25,0.6,0.0,14.1,3.0
MSP,2025-02-26,0.1,0.0,15.1,5.6
MSP,2025-02-27,0.3,0.0,29.2,3.9
MSP,2025-02-28,0.2,0.0,35.8,2.9
MSP,2025-03-01,0.0,0.0,21.8,-6.8
MSP,2025-03-02,0.0,0.0,12.3,-2.0
MSP,2025-03-03,0.0,0.0,11.5,5.1
MSP,2025-03-04,11.5,4.69,28.6,4.5
MSP,2025-03-05,18.3,12.81,33.4,-2.7
MSP,2025-03-06,0.0,0.0,11.0,-5.7
MSP,2025-03-07,0.0,0.0,10.1,-4.4
MSP,2025-03-08,0.0,0.0,18.0,-0.5
MSP,2025-03-09,0.0,0.0,14.8,2.5
MSP,2025-03-10,0.0,0.0,16.1,5.9
MSP,2025-03-11,0.0,0.0,20.5,1.6
MSP,2025-03-12,0.0,0.0,9.5,4.8
MSP,2025-03-13,0.0,0.0,18.1,7.8
MSP,2025-03-14,2.6,0.0,21.9,14.7
MSP,2025-03-15,3.2,0.0,32.3,3.6
MSP,2025-03-16,0.6,0.42,21.1,-2.9
MSP,2025-03-17,0.0,0.0,20.4,7.2
MSP,2025-03-18,0.6,0.28,22.4,4.1
MSP,2025-03-19,0.0,0.0,23.2,2.2
MSP,2025-03-20,0.0,0.0,18.8,1.3
MSP,2025-03-21,0.1,0.0,22.8,3.9
MSP,2025-03-22,0.2,0.0,18.3,-1.5
MSP,2025-03-23,1.0,0.0,28.8,3.3
MSP,2025-03-24,0.0,0.0,20.5,1.0
MSP,2025-03-25,0.2,0.0,16.6,3.8
MSP,2025-03-26,0.0,0.0,11.9,5.1
MSP,2025-03-27,0.0,0.0,13.4,8.9
MSP,2025-03-28,0.7,0.0,21.0,12.3
MSP,2025-03-29,27.1,0.0,28.3,3.2
MSP,2025-03-30,18.3,2.03,22.4,0.7
MSP,2025-03-31,0.0,0.0,9.9,0.1
MSP,2025-04-01,8.2,4.9,24.4,1.0
MSP,2025-04-02,8.7,0.42,24.1,2.4
MSP,2025-04-03,0.5,0.07,19.7,2.8
MSP,2025-04-04,0.0,0.0,13.0,3.8
MSP,2025-04-05,0.1,0.0,20.2,2.3
MSP,2025-04-06,0.0,0.0,18.2,5.3
MSP,2025-04-07,0.0,0.0,22.0,-0.6
MSP,2025-04-08,0.0,0.0,10.5,1.6
MSP,2025-04-09,0.1,0.0,13.2,7.5
MSP,2025-04-10,1.7,0.0,13.5,7.2
MSP,2025-04-11,0.1,0.0,8.2,7.4
MSP,2025-04-12,1.1,0.0,20.4,10.9
MSP,2025-04-13,1.0,0.0,18.8,13.9
MSP,2025-04-14,0.2,0.0,31.1,7.4
MSP,2025-04-15,0.0,0.0,26.1,6.3
MSP,2025-04-16,0.0,0.0,20.2,6.8
MSP,2025-04-17,1.8,0.0,23.3,14.1
MSP,2025-04-18,0.4,0.0,18.4,10.3
MSP,2025-04-19,0.0,0.0,18.7,5.9
MSP,2025-04-20,7.0,0.0,18.4,6.5
MSP,2025-04-21,9.3,0.0,20.0,8.9
MSP,2025-04-22,6.6,0.0,18.5,13.1
MSP,2025-04-23,0.0,0.0,14.5,13.4
MSP,2025-04-24,9.3,0.0,13.8,8.5
MSP,2025-04-25,1.8,0.0,20.3,9.0
MSP,2025-04-26,0.0,0.0,12.8,9.4
MSP,2025-04-27,1.7,0.0,22.7,12.8
MSP,2025-04-28,27.2,0.0,29.1,15.9
MSP,2025-04-29,0.0,0.0,26.6,8.8
MSP,2025-04-30,0.0,0.0,16.0,11.9
MSP,2025-05-01,4.5,0.0,9.9,12.5
MSP,2025-05-02,0.6,0.0,19.2,8.5
MSP,2025-05-03,0.0,0.0,6.3,9.9
MSP,2025-05-04,0.0,0.0,8.3,16.2
MSP,2025-05-05,0.0,0.0,13.6,16.5
MSP,2025-05-06,0.0,0.0,9.9,19.2
MSP,2025-05-07,0.0,0.0,19.2,17.0
MSP,2025-05-08,0.0,0.0,15.3,14.7
MSP,2025-05-09,1.1,0.0,18.1,20.1
MSP,2025-05-10,0.0,0.0,17.1,19.3
MSP,2025-05-11,0.0,0.0,24.4,23.6
MSP,2025-05-12,0.0,0.0,19.9,24.4
MSP,2025-05-13,0.0,0.0,18.6,24.7
MSP,2025-05-14,13.5,0.0,20.9,22.8
MSP,2025-05-15,10.4,0.0,31.6,20.3
MSP,2025-05-16,5.3,0.0,33.0,13.0
MSP,2025-05-17,0.8,0.0,24.5,8.5
MSP,2025-05-18,0.0,0.0,17.7,9.4
MSP,2025-05-19,9.7,0.0,25.7,9.1
MSP,2025-05-20,40.5,0.0,28.0,7.3
MSP,2025-05-21,11.2,0.0,15.4,8.3
MSP,2025-05-22,0.0,0.0,16.0,11.4
MSP,2025-05-23,0.0,0.0,11.6,11.7
MSP,2025-05-24,0.1,0.0,10.1,12.9
MSP,2025-05-25,0.0,0.0,8.9,14.3
MSP,2025-05-26,0.0,0.0,12.1,16.2
MSP,2025-05-27,1.3,0.0,11.0,15.7
MSP,2025-05-28,4.5,0.0,11.6,13.4
MSP,2025-05-29,1.6,0.0,14.6,15.8
MSP,2025-05-30,0.0,0.0,24.0,19.7
MSP,2025-05-31,0.0,0.0,11.3,21.4
MSP,2025-06-01,0.0,0.0,13.4,21.5
MSP,2025-06-02,1.1,0.0,24.6,24.6
MSP,2025-06-03,18.5,0.0,19.6,15.5
MSP,2025-06-04,0.0,0.0,8.9,17.9
MSP,2025-06-05,0.0,0.0,11.0,18.9
MSP,2025-06-06,0.2,0.0,10.0,18.5
MSP,2025-06-07,2.3,0.0,21.0,19.0
MSP,2025-06-08,11.9,0.0,27.9,17.3
MSP,2025-06-09,2.4,0.0,21.4,14.7
MSP,2025-06-10,0.0,0.0,15.4,19.9
MSP,2025-06-11,1.4,0.0,12.3,20.4
MSP,2025-06-12,15.3,0.0,21.3,17.2
MSP,2025-06-13,18.0,0.0,23.3,13.4
MSP,2025-06-14,3.2,0.0,16.1,14.5
MSP,2025-06-15,0.1,0.0,10.1,18.5
MSP,2025-06-16,10.2,0.0,22.3,21.4
MSP,2025-06-17,0.0,0.0,10.4,21.7
MSP,2025-06-18,0.5,0.0,12.4,21.3
MSP,2025-06-19,1.1,0.0,10.4,22.4
MSP,2025-06-20,4.9,0.0,19.5,24.3
MSP,2025-06-21,0.0,0.0,22.1,29.8
MSP,2025-06-22,0.0,0.0,28.0,30.2
MSP,2025-06-23,1.2,0.0,21.6,25.7
MSP,2025-06-24,0.0,0.0,12.8,22.1
MSP,2025-06-25,20.3,0.0,22.1,20.6
MSP,2025-06-26,19.6,0.0,30.4,17.9
MSP,2025-06-27,0.2,0.0,14.5,18.8
MSP,2025-06-28,11.8,0.0,12.6,23.5
MSP,2025-06-29,55.5,0.0,17.3,22.8
MSP,2025-06-30,1.1,0.0,20.0,21.8
MSP,2025-07-01,0.0,0.0,14.7,23.1
MSP,2025-07-02,0.0,0.0,8.5,24.3
MSP,2025-07-03,0.2,0.0,15.0,25.8
MSP,2025-07-04,0.1,0.0,24.9,28.8
MSP,2025-07-05,37.2,0.0,18.2,24.4
MSP,2025-07-06,0.0,0.0,12.2,23.4
MSP,2025-07-07,0.9,0.0,8.9,22.5
MSP,2025-07-08,0.1,0.0,16.1,23.4
MSP,2025-07-09,0.0,0.0,10.6,23.8
MSP,2025-07-10,2.7,0.0,12.6,22.8
MSP,2025-07-11,1.1,0.0,17.1,23.8
MSP,2025-07-12,1.1,0.0,20.6,22.6
MSP,2025-07-13,0.0,0.0,17.5,24.3
MSP,2025-07-14,0.0,0.0,14.0,27.7
MSP,2025-07-15,27.2,0.0,23.9,26.9
MSP,2025-07-16,21.8,0.0,20.2,18.1
MSP,2025-07-17,0.0,0.0,11.0,16.6
MSP,2025-07-18,0.1,0.0,15.3,19.1
MSP,2025-07-19,5.6,0.0,13.2,21.8
MSP,2025-07-20,0.0,0.0,14.7,20.9
MSP,2025-07-21,0.6,0.0,17.8,22.1
MSP,2025-07-22,1.9,0.0,17.3,26.4
MSP,2025-07-23,20.7,0.0,20.8,24.8
MSP,2025-07-24,0.1,0.0,10.5,23.8
MSP,2025-07-25,0.0,0.0,9.4,23.7
MSP,2025-07-26,0.0,0.0,11.9,25.7
MSP,2025-07-27,17.8,0.0,19.1,26.6
MSP,2025-07-28,38.4,0.0,24.5,24.9
MSP,2025-07-29,0.9,0.0,21.2,25.1
MSP,2025-07-30,0.2,0.0,15.7,23.7
MSP,2025-07-31,0.0,0.0,9.9,20.5
MSP,2025-08-01,0.0,0.0,9.4,20.4
MSP,2025-08-02,0.0,0.0,14.4,20.8
MSP,2025-08-03,0.0,0.0,13.0,20.8
MSP,2025-08-04,0.0,0.0,14.6,21.9
MSP,2025-08-05,0.0,0.0,16.8,22.5
MSP,2025-08-06,1.1,0.0,16.6,23.4
MSP,2025-08-07,0.0,0.0,14.6,24.4
MSP,2025-08-08,1.8,0.0,25.3,26.3
MSP,2025-08-09,32.5,0.0,14.2,24.6
MSP,2025-08-10,0.1,0.0,11.9,23.6
MSP,2025-08-11,0.0,0.0,12.3,22.1
MSP,2025-08-12,1.9,0.0,17.8,23.3
MSP,2025-08-13,0.0,0.0,12.6,23.1
MSP,2025-08-14,1.8,0.0,21.5,23.3
MSP,2025-08-15,16.1,0.0,18.0,24.1
MSP,2025-08-16,16.6,0.0,12.8,23.9
MSP,2025-08-17,23.1,0.0,20.9,22.2
MSP,2025-08-18,32.2,0.0,17.6,21.9
MSP,2025-08-19,1.0,0.0,11.8,24.0
MSP,2025-08-20,0.0,0.0,9.0,22.9
MSP,2025-08-21,0.0,0.0,11.9,22.9
MSP,2025-08-22,1.7,0.0,13.9,22.2
MSP,2025-08-23,0.0,0.0,21.5,18.3
MSP,2025-08-24,0.0,0.0,23.5,16.4
MSP,2025-08-25,0.0,0.0,15.8,15.6
MSP,2025-08-26,0.0,0.0,10.4,17.9
MSP,2025-08-27,0.0,0.0,11.2,19.5
MSP,2025-08-28,0.7,0.0,7.7,20.8
MSP,2025-08-29,0.3,0.0,13.0,20.6
MSP,2025-08-30,0.0,0.0,10.3,19.1
MSP,2025-08-31,0.0,0.0,10.1,19.5
MSP,2025-09-01,0.1,0.0,9.0,20.5
MSP,2025-09-02,14.2,0.0,15.7,19.9
MSP,2025-09-03,0.3,0.0,20.7,15.3
MSP,2025-09-04,4.1,0.0,26.4,11.9
MSP,2025-09-05,0.4,0.0,31.1,11.1
MSP,2025-09-06,5.7,0.0,18.2,11.3
MSP,2025-09-07,0.0,0.0,8.1,11.6
MSP,2025-09-08,0.0,0.0,22.3,17.2
MSP,2025-09-09,4.1,0.0,19.6,19.0
MSP,2025-09-10,0.4,0.0,9.9,18.6
MSP,2025-09-11,0.0,0.0,13.4,18.4
MSP,2025-09-12,0.5,0.0,19.1,20.6
MSP,2025-09-13,0.0,0.0,18.6,22.2
MSP,2025-09-14,0.0,0.0,17.1,24.1
MSP,2025-09-15,0.4,0.0,16.2,24.3
MSP,2025-09-16,0.0,0.0,15.4,24.4
MSP,2025-09-17,3.5,0.0,18.7,21.6
MSP,2025-09-18,3.7,0.0,10.2,21.3
MSP,2025-09-19,20.2,0.0,17.1,19.1
MSP,2025-09-20,1.0,0.0,10.8,18.3
MSP,2025-09-21,0.4,0.0,10.2,18.8
MSP,2025-09-22,4.3,0.0,10.1,18.5
MSP,2025-09-23,0.1,0.0,11.0,18.0
MSP,2025-09-24,0.0,0.0,7.6,17.8
MSP,2025-09-25,0.0,0.0,13.1,18.8
MSP,2025-09-26,0.0,0.0,13.4,18.8
MSP,2025-09-27,0.0,0.0,16.1,18.6
MSP,2025-09-28,0.0,0.0,11.5,16.8
MSP,2025-09-29,0.0,0.0,10.9,20.6
MSP,2025-09-30,0.0,0.0,12.9,22.6
MSP,2025-10-01,0.0,0.0,18.4,21.6
MSP,2025-10-02,0.0,0.0,17.2,23.3
MSP,2025-10-03,0.0,0.0,15.1,23.5
MSP,2025-10-04,0.0,0.0,26.7,25.7
MSP,2025-10-05,10.3,0.0,25.9,20.6
MSP,2025-10-06,0.0,0.0,13.4,12.0
MSP,2025-10-07,0.0,0.0,15.9,11.3
MSP,2025-10-08,0.0,0.0,13.5,9.7
MSP,2025-10-09,2.3,0.0,21.0,13.6
MSP,2025-10-10,0.4,0.0,15.1,15.6
MSP,2025-10-11,0.0,0.0,19.5,11.9
MSP,2025-10-12,4.8,0.0,24.6,16.0
MSP,2025-10-13,0.1,0.0,13.5,11.5
MSP,2025-10-14,14.9,0.0,14.4,9.1
MSP,2025-10-15,0.3,0.0,13.6,10.1
MSP,2025-10-16,7.0,0.0,23.2,15.0
MSP,2025-10-17,0.4,0.0,19.8,18.0
MSP,2025-10-18,0.3,0.0,16.9,12.4
MSP,2025-10-19,0.0,0.0,20.5,9.0
MSP,2025-10-20,0.9,0.0,24.5,9.2
MSP,2025-10-21,2.6,0.0,27.6,6.7
MSP,2025-10-22,0.0,0.0,21.5,6.1
MSP,2025-10-23,0.0,0.0,9.8,4.3
MSP,2025-10-24,0.0,0.0,13.1,4.3
MSP,2025-10-25,1.4,0.0,17.5,8.1
MSP,2025-10-26,0.0,0.0,16.3,10.6
MSP,2025-10-27,0.0,0.0,18.6,9.6
MSP,2025-10-28,3.4,0.0,17.1,8.2
MSP,2025-10-29,0.2,0.0,11.0,7.8
MSP,2025-10-30,0.2,0.0,9.0,4.9
MSP,2025-10-31,1.7,0.0,10.4,4.2
MSP,2025-11-01,1.3,0.0,13.5,4.5
MSP,2025-11-02,0.6,0.0,22.5,6.5
MSP,2025-11-03,0.0,0.0,20.6,8.2
MSP,2025-11-04,0.0,0.0,13.9,7.9
MSP,2025-11-05,0.0,0.0,20.8,7.6
MSP,2025-11-06,0.3,0.0,20.9,6.2
MSP,2025-11-07,0.1,0.0,16.8,5.4
MSP,2025-11-08,0.0,0.0,17.6,0.7
MSP,2025-11-09,0.6,0.42,22.7,-3.2
MSP,2025-11-10,0.0,0.0,15.8,-2.1
MSP,2025-11-11,0.6,0.42,20.2,3.8
MSP,2025-11-12,0.0,0.0,18.7,5.6
MSP,2025-11-13,0.0,0.0,13.2,4.6
MSP,2025-11-14,0.0,0.0,17.1,10.3
MSP,2025-11-15,0.1,0.0,22.2,10.3
MSP,2025-11-16,0.0,0.0,13.2,1.9
MSP,2025-11-17,0.0,0.0,13.2,1.6
MSP,2025-11-18,0.2,0.14,12.8,3.9
MSP,2025-11-19,0.0,0.0,13.1,4.1
MSP,2025-11-20,0.0,0.0,14.9,6.2
MSP,2025-11-21,0.0,0.0,9.0,1.2
MSP,2025-11-22,0.0,0.0,17.3,5.3
MSP,2025-11-23,0.0,0.0,13.7,5.7
MSP,2025-11-24,0.5,0.0,13.6,7.2
MSP,2025-11-25,12.8,0.14,27.1,6.2
MSP,2025-11-26,6.3,4.34,33.3,-2.7
MSP,2025-11-27,0.0,0.0,17.5,-4.7
MSP,2025-11-28,0.0,0.0,14.7,-7.3
MSP,2025-11-29,9.8,6.86,18.4,-5.6
MSP,2025-11-30,2.5,1.75,19.8,-7.4
MSP,2025-12-01,0.0,0.0,12.7,-11.9
MSP,2025-12-02,0.4,0.28,14.2,-8.6
MSP,2025-12-03,0.8,0.56,18.6,-9.2
MSP,2025-12-04,0.0,0.0,20.9,-17.2
MSP,2025-12-05,2.5,1.75,18.7,-5.5
MSP,2025-12-06,0.4,0.28,12.8,-6.9
MSP,2025-12-07,0.1,0.07,12.2,-16.1
MSP,2025-12-08,2.3,1.61,18.9,-11.2
MSP,2025-12-09,8.8,6.16,20.4,-3.2
MSP,2025-12-10,2.4,1.68,21.6,-5.3
MSP,2025-12-11,0.2,0.14,10.5,-10.1
MSP,2025-12-12,0.4,0.28,24.2,-14.8
MSP,2025-12-13,0.0,0.0,18.7,-19.8
MSP,2025-12-14,0.0,0.0,21.5,-20.5
MSP,2025-12-15,0.0,0.0,21.3,-9.6
MSP,2025-12-16,0.0,0.0,23.7,-1.2
MSP,2025-12-17,0.1,0.0,33.4,-0.4
MSP,2025-12-18,5.7,1.54,29.1,-3.5
MSP,2025-12-19,0.6,0.42,22.4,-15.5
MSP,2025-12-20,0.4,0.21,26.3,-8.9
MSP,2025-12-21,0.0,0.0,14.0,-9.4
MSP,2025-12-22,0.3,0.21,15.5,0.2
MSP,2025-12-23,0.0,0.0,15.0,-3.2
MSP,2025-12-24,0.0,0.0,12.3,-1.9
MSP,2025-12-25,0.5,0.0,20.7,-1.0
MSP,2025-12-26,1.8,0.0,19.4,0.9
MSP,2025-12-27,0.0,0.0,17.8,1.2
MSP,2025-12-28,12.4,7.98,25.2,-3.3
MSP,2025-12-29,1.0,0.7,24.3,-12.5
MSP,2025-12-30,1.5,1.05,14.5,-8.5
MSP,2025-12-31,2.5,1.61,19.1,-4.8
LGA,2023-01-01,3.0,0.0,17.9,9.0
LGA,2023-01-02,0.6,0.0,12.0,7.4
LGA,2023-01-03,12.4,0.0,19.9,9.8
LGA,2023-01-04,2.4,0.0,17.0,13.4
LGA,2023-01-05,0.0,0.0,13.5,9.5
LGA,2023-01-06,6.8,0.0,16.4,6.0
LGA,2023-01-07,0.0,0.0,19.5,3.4
LGA,2023-01-08,0.0,0.0,12.1,1.0
LGA,2023-01-09,1.6,0.28,17.8,2.8
LGA,2023-01-10,0.0,0.0,16.7,2.5
LGA,2023-01-11,0.0,0.0,13.2,0.6
LGA,2023-01-12,3.9,0.0,21.4,5.6
LGA,2023-01-13,1.8,0.0,29.3,9.5
LGA,2023-01-14,0.0,0.0,26.6,0.7
LGA,2023-01-15,0.0,0.0,30.2,0.1
LGA,2023-01-16,0.0,0.0,24.1,0.9
LGA,2023-01-17,2.1,0.0,13.1,2.1
LGA,2023-01-18,0.1,0.0,26.2,6.4
LGA,2023-01-19,15.9,0.0,15.2,4.0
LGA,2023-01-20,1.3,0.0,29.1,5.3
LGA,2023-01-21,0.1,0.0,17.6,2.7
LGA,2023-01-22,5.3,0.0,16.9,1.8
LGA,2023-01-23,15.6,0.7,23.1,2.5
LGA,2023-01-24,0.0,0.0,28.9,2.1
LGA,2023-01-25,17.7,0.7,41.6,2.3
LGA,2023-01-26,14.1,0.0,36.6,7.6
LGA,2023-01-27,0.1,0.0,19.6,1.9
LGA,2023-01-28,0.0,0.0,23.2,4.3
LGA,2023-01-29,0.0,0.0,19.8,5.4
LGA,2023-01-30,0.0,0.0,11.5,6.0
LGA,2023-01-31,2.7,0.35,18.0,3.2
LGA,2023-02-01,1.9,1.33,15.6,-0.7
LGA,2023-02-02,0.0,0.0,19.4,-0.3
LGA,2023-02-03,0.0,0.0,41.0,-4.6
LGA,2023-02-04,0.0,0.0,37.5,-10.0
LGA,2023-02-05,0.0,0.0,18.0,1.2
LGA,2023-02-06,0.0,0.0,29.2,4.1
LGA,2023-02-07,3.7,1.12,20.0,0.5
LGA,2023-02-08,0.0,0.0,22.4,4.7
LGA,2023-02-09,0.0,0.0,23.4,4.7
LGA,2023-02-10,0.0,0.0,28.6,11.1
LGA,2023-02-11,0.0,0.0,25.0,3.6
LGA,2023-02-12,0.0,0.0,18.7,2.7
LGA,2023-02-13,0.8,0.14,22.0,6.6
LGA,2023-02-14,0.0,0.0,21.7,6.3
LGA,2023-02-15,0.0,0.0,27.7,9.8
LGA,2023-02-16,2.7,0.0,16.8,12.5
LGA,2023-02-17,6.9,0.14,39.2,9.8
LGA,2023-02-18,0.0,0.0,26.4,0.7
LGA,2023-02-19,0.5,0.0,29.9,3.9
LGA,2023-02-20,0.0,0.0,24.1,8.7
LGA,2023-02-21,7.2,0.0,16.7,4.4
LGA,2023-02-22,4.2,0.28,16.6,2.5
LGA,2023-02-23,0.8,0.0,17.3,4.2
LGA,2023-02-24,0.0,0.0,33.9,3.7
LGA,2023-02-25,0.7,0.49,19.1,-3.2
LGA,2023-02-26,0.0,0.0,32.5,1.8
LGA,2023-02-27,3.7,2.59,20.9,1.4
LGA,2023-02-28,12.8,7.07,24.7,1.1
LGA,2023-03-01,1.5,0.77,18.7,2.0
LGA,2023-03-02,1.4,0.0,24.6,6.8
LGA,2023-03-03,2.3,0.0,27.6,3.3
LGA,2023-03-04,49.7,0.07,35.9,5.0
LGA,2023-03-05,0.0,0.0,27.8,5.4
LGA,2023-03-06,0.0,0.0,23.1,5.7
LGA,2023-03-07,2.0,1.33,34.5,3.7
LGA,2023-03-08,0.0,0.0,31.8,2.5
LGA,2023-03-09,0.0,0.0,22.4,4.1
LGA,2023-03-10,6.4,0.0,14.6,3.3
LGA,2023-03-11,14.6,0.63,26.0,4.1
LGA,2023-03-12,0.0,0.0,16.0,3.3
LGA,2023-03-13,15.1,0.0,21.7,4.7
LGA,2023-03-14,26.3,4.76,41.6,2.1
LGA,2023-03-15,0.0,0.0,37.2,3.3
LGA,2023-03-16,0.0,0.0,18.6,5.2
LGA,2023-03-17,0.0,0.0,22.9,8.5
LGA,2023-03-18,0.8,0.0,23.4,7.6
LGA,2023-03-19,0.0,0.0,26.8,1.2
LGA,2023-03-20,0.0,0.0,18.9,2.6
LGA,2023-03-21,0.0,0.0,21.6,7.1
LGA,2023-03-22,0.0,0.0,22.3,7.5
LGA,2023-03-23,1.8,0.0,22.8,10.6
LGA,2023-03-24,0.0,0.0,19.4,8.9
LGA,2023-03-25,12.3,0.28,28.1,5.5
LGA,2023-03-26,0.0,0.0,23.4,9.1
LGA,2023-03-27,3.2,0.0,19.4,7.6
LGA,2023-03-28,0.9,0.0,19.1,6.2
LGA,2023-03-29,0.0,0.0,23.1,5.4
LGA,2023-03-30,0.2,0.0,27.9,3.1
LGA,2023-03-31,0.0,0.0,27.3,5.9
LGA,2023-04-01,10.2,0.0,26.5,14.7
LGA,2023-04-02,0.1,0.0,33.0,6.8
LGA,2023-04-03,0.0,0.0,34.5,6.3
LGA,2023-04-04,0.0,0.0,17.6,12.5
LGA,2023-04-05,0.1,0.0,20.9,11.3
LGA,2023-04-06,3.2,0.0,16.6,16.1
LGA,2023-04-07,0.0,0.0,20.9,10.9
LGA,2023-04-08,0.0,0.0,18.3,6.0
LGA,2023-04-09,0.0,0.0,22.8,6.4
LGA,2023-04-10,0.0,0.0,21.1,8.4
LGA,2023-04-11,0.0,0.0,27.4,14.4
LGA,2023-04-12,0.0,0.0,28.7,20.2
LGA,2023-04-13,0.0,0.0,17.9,21.4
LGA,2023-04-14,0.0,0.0,18.1,21.2
LGA,2023-04-15,14.5,0.0,19.3,17.9
LGA,2023-04-16,0.1,0.0,16.8,16.1
LGA,2023-04-17,1.7,0.0,25.3,14.4
LGA,2023-04-18,0.1,0.0,37.8,11.1
LGA,2023-04-19,0.0,0.0,25.4,10.2
LGA,2023-04-20,0.0,0.0,15.2,10.3
LGA,2023-04-21,0.0,0.0,20.5,13.4
LGA,2023-04-22,15.3,0.0,26.6,14.4
LGA,2023-04-23,23.0,0.0,18.9,14.4
LGA,2023-04-24,0.1,0.0,14.1,10.7
LGA,2023-04-25,0.2,0.0,11.8,10.2
LGA,2023-04-26,1.0,0.0,19.5,9.9
LGA,2023-04-27,1.1,0.0,14.7,10.4
LGA,2023-04-28,3.0,0.0,21.5,9.7
LGA,2023-04-29,42.0,0.0,31.0,10.7
LGA,2023-04-30,25.1,0.0,25.1,12.8
LGA,2023-05-01,1.2,0.0,35.3,12.7
LGA,2023-05-02,2.2,0.0,25.6,10.4
LGA,2023-05-03,0.1,0.0,14.5,9.4
LGA,2023-05-04,1.1,0.0,15.3,10.2
LGA,2023-05-05,0.2,0.0,14.0,11.3
LGA,2023-05-06,0.0,0.0,17.5,14.0
LGA,2023-05-07,0.0,0.0,23.8,16.1
LGA,2023-05-08,0.5,0.0,20.4,18.1
LGA,2023-05-09,0.0,0.0,17.8,14.1
LGA,2023-05-10,0.0,0.0,19.6,14.4
LGA,2023-05-11,0.0,0.0,20.9,17.5
LGA,2023-05-12,0.0,0.0,14.0,20.6
LGA,2023-05-13,0.0,0.0,19.9,21.5
LGA,2023-05-14,0.0,0.0,19.4,17.2
LGA,2023-05-15,0.0,0.0,18.5,17.2
LGA,2023-05-16,0.0,0.0,22.6,20.2
LGA,2023-05-17,0.0,0.0,24.1,14.9
LGA,2023-05-18,0.0,0.0,20.2,11.0
LGA,2023-05-19,0.0,0.0,30.4,14.8
LGA,2023-05-20,27.9,0.0,16.7,15.8
LGA,2023-05-21,0.2,0.0,21.8,17.2
LGA,2023-05-22,0.1,0.0,17.6,16.8
LGA,2023-05-23,0.0,0.0,18.7,14.6
LGA,2023-05-24,0.4,0.0,24.4,15.8
LGA,2023-05-25,0.0,0.0,23.9,14.4
LGA,2023-05-26,0.0,0.0,14.8,15.7
LGA,2023-05-27,0.0,0.0,19.3,17.0
LGA,2023-05-28,0.0,0.0,18.5,17.7
LGA,2023-05-29,0.0,0.0,25.9,18.7
LGA,2023-05-30,0.0,0.0,16.2,15.9
LGA,2023-05-31,0.0,0.0,15.8,16.2
LGA,2023-06-01,0.0,0.0,17.7,19.8
LGA,2023-06-02,0.0,0.0,12.7,22.9
LGA,2023-06-03,2.6,0.0,25.0,18.0
LGA,2023-06-04,0.1,0.0,25.4,15.2
LGA,2023-06-05,0.0,0.0,22.8,17.7
LGA,2023-06-06,3.1,0.0,30.3,19.0
LGA,2023-06-07,0.1,0.0,20.0,18.5
LGA,2023-06-08,1.0,0.0,21.1,16.3
LGA,2023-06-09,0.2,0.0,19.8,16.8
LGA,2023-06-10,0.2,0.0,18.7,19.0
LGA,2023-06-11,0.0,0.0,17.7,21.5
LGA,2023-06-12,4.5,0.0,26.5,21.1
LGA,2023-06-13,0.0,0.0,21.1,21.2
LGA,2023-06-14,4.3,0.0,25.6,18.5
LGA,2023-06-15,0.0,0.0,20.0,20.4
LGA,2023-06-16,12.0,0.0,24.3,19.3
LGA,2023-06-17,0.1,0.0,31.3,19.9
LGA,2023-06-18,0.0,0.0,20.7,21.3
LGA,2023-06-19,0.6,0.0,17.1,20.6
LGA,2023-06-20,0.0,0.0,17.1,19.9
LGA,2023-06-21,0.2,0.0,24.3,18.8
LGA,2023-06-22,0.3,0.0,25.1,18.1
LGA,2023-06-23,11.1,0.0,20.2,20.0
LGA,2023-06-24,21.8,0.0,18.9,21.7
LGA,2023-06-25,2.3,0.0,17.5,23.0
LGA,2023-06-26,10.8,0.0,20.4,22.0
LGA,2023-06-27,14.1,0.0,23.1,21.7
LGA,2023-06-28,2.1,0.0,14.3,22.7
LGA,2023-06-29,0.0,0.0,17.4,22.0
LGA,2023-06-30,0.0,0.0,20.9,22.9
LGA,2023-07-01,0.0,0.0,23.0,22.4
LGA,2023-07-02,16.8,0.0,21.3,24.2
LGA,2023-07-03,8.9,0.0,16.3,25.4
LGA,2023-07-04,2.7,0.0,13.7,24.6
LGA,2023-07-05,0.5,0.0,16.0,25.9
LGA,2023-07-06,0.0,0.0,19.9,25.8
LGA,2023-07-07,0.9,0.0,17.7,25.2
LGA,2023-07-08,2.0,0.0,14.6,25.0
LGA,2023-07-09,20.0,0.0,13.9,23.1
LGA,2023-07-10,0.9,0.0,16.3,24.2
LGA,2023-07-11,0.0,0.0,10.4,24.4
LGA,2023-07-12,0.0,0.0,17.5,26.2
LGA,2023-07-13,0.2,0.0,28.2,26.0
LGA,2023-07-14,7.9,0.0,23.4,24.1
LGA,2023-07-15,8.2,0.0,19.7,24.7
LGA,2023-07-16,55.3,0.0,22.9,23.8
LGA,2023-07-17,0.0,0.0,17.6,25.2
LGA,2023-07-18,3.4,0.0,15.5,24.7
LGA,2023-07-19,2.4,0.0,12.6,23.0
LGA,2023-07-20,0.6,0.0,14.0,23.9
LGA,2023-07-21,3.4,0.0,18.4,24.1
LGA,2023-07-22,0.0,0.0,13.3,23.3
LGA,2023-07-23,0.3,0.0,17.1,23.7
LGA,2023-07-24,0.1,0.0,23.0,24.1
LGA,2023-07-25,7.7,0.0,15.3,23.2
LGA,2023-07-26,0.6,0.0,19.3,23.7
LGA,2023-07-27,0.3,0.0,27.5,27.1
LGA,2023-07-28,0.0,0.0,17.4,27.1
LGA,2023-07-29,4.0,0.0,30.0,27.6
LGA,2023-07-30,0.0,0.0,22.6,21.5
LGA,2023-07-31,0.1,0.0,18.9,22.1
LGA,2023-08-01,0.0,0.0,15.9,21.8
LGA,2023-08-02,0.0,0.0,15.0,20.7
LGA,2023-08-03,0.9,0.0,30.1,21.2
LGA,2023-08-04,2.0,0.0,21.4,22.8
LGA,2023-08-05,0.1,0.0,14.2,24.2
LGA,2023-08-06,0.0,0.0,22.8,23.7
LGA,2023-08-07,42.3,0.0,34.1,23.9
LGA,2023-08-08,27.3,0.0,28.9,23.8
LGA,2023-08-09,0.0,0.0,21.6,24.2
LGA,2023-08-10,18.4,0.0,14.7,21.8
LGA,2023-08-11,0.3,0.0,21.3,23.3
LGA,2023-08-12,8.4,0.0,16.5,22.5
LGA,2023-08-13,2.2,0.0,21.3,25.1
LGA,2023-08-14,0.6,0.0,18.9,24.3
LGA,2023-08-15,16.4,0.0,16.3,23.6
LGA,2023-08-16,4.1,0.0,14.2,22.8
LGA,2023-08-17,5.1,0.0,20.1,22.8
LGA,2023-08-18,4.0,0.0,24.3,23.5
LGA,2023-08-19,0.0,0.0,20.0,20.6
LGA,2023-08-20,0.0,0.0,13.8,22.4
LGA,2023-08-21,0.2,0.0,14.5,24.9
LGA,2023-08-22,0.0,0.0,21.8,22.0
LGA,2023-08-23,0.0,0.0,15.6,20.2
LGA,2023-08-24,1.6,0.0,26.2,21.2
LGA,2023-08-25,9.5,0.0,20.5,23.1
LGA,2023-08-26,1.5,0.0,11.7,24.1
LGA,2023-08-27,0.1,0.0,12.3,22.9
LGA,2023-08-28,0.8,0.0,16.7,21.5
LGA,2023-08-29,0.8,0.0,13.3,22.5
LGA,2023-08-30,0.7,0.0,20.0,24.2
LGA,2023-08-31,0.0,0.0,21.1,20.3
LGA,2023-09-01,0.0,0.0,13.0,18.6
LGA,2023-09-02,0.0,0.0,21.5,19.2
LGA,2023-09-03,0.3,0.0,16.6,24.7
LGA,2023-09-04,0.0,0.0,15.8,26.3
LGA,2023-09-05,0.0,0.0,15.6,27.3
LGA,2023-09-06,0.0,0.0,14.4,27.8
LGA,2023-09-07,0.8,0.0,16.2,27.4
LGA,2023-09-08,17.4,0.0,18.3,24.7
LGA,2023-09-09,10.2,0.0,12.6,23.2
LGA,2023-09-10,25.9,0.0,11.5,21.9
LGA,2023-09-11,8.6,0.0,8.7,23.0
LGA,2023-09-12,0.1,0.0,12.8,23.0
LGA,2023-09-13,16.7,0.0,11.9,22.3
LGA,2023-09-14,0.0,0.0,16.3,20.2
LGA,2023-09-15,0.0,0.0,21.5,17.2
LGA,2023-09-16,0.0,0.0,21.1,19.0
LGA,2023-09-17,0.1,0.0,13.4,17.9
LGA,2023-09-18,21.5,0.0,19.5,18.8
LGA,2023-09-19,0.0,0.0,21.3,17.8
LGA,2023-09-20,0.0,0.0,14.1,16.9
LGA,2023-09-21,0.0,0.0,12.2,16.4
LGA,2023-09-22,0.0,0.0,21.3,17.2
LGA,2023-09-23,38.0,0.0,33.4,15.3
LGA,2023-09-24,13.4,0.0,34.1,17.3
LGA,2023-09-25,10.0,0.0,32.6,16.2
LGA,2023-09-26,8.7,0.0,24.8,15.3
LGA,2023-09-27,0.0,0.0,20.0,13.9
LGA,2023-09-28,1.2,0.0,18.0,14.7
LGA,2023-09-29,92.2,0.0,25.6,15.2
LGA,2023-09-30,0.9,0.0,19.6,16.3
LGA,2023-10-01,0.0,0.0,17.6,18.9
LGA,2023-10-02,0.0,0.0,13.7,19.4
LGA,2023-10-03,0.0,0.0,11.2,18.9
LGA,2023-10-04,0.0,0.0,12.8,19.8
LGA,2023-10-05,0.0,0.0,15.5,17.7
LGA,2023-10-06,6.0,0.0,16.6,19.7
LGA,2023-10-07,50.0,0.0,26.6,17.3
LGA,2023-10-08,0.0,0.0,24.7,12.9
LGA,2023-10-09,0.3,0.0,24.1,11.4
LGA,2023-10-10,0.1,0.0,19.9,13.3
LGA,2023-10-11,0.0,0.0,13.9,14.2
LGA,2023-10-12,0.0,0.0,10.1,14.0
LGA,2023-10-13,0.0,0.0,13.7,12.7
LGA,2023-10-14,17.2,0.0,17.9,10.7
LGA,2023-10-15,1.2,0.0,25.1,12.1
LGA,2023-10-16,0.1,0.0,18.0,11.7
LGA,2023-10-17,0.2,0.0,12.1,12.4
LGA,2023-10-18,0.2,0.0,10.4,12.2
LGA,2023-10-19,0.0,0.0,16.1,12.5
LGA,2023-10-20,35.3,0.0,26.4,15.5
LGA,2023-10-21,4.7,0.0,25.2,14.6
LGA,2023-10-22,0.0,0.0,27.6,11.4
LGA,2023-10-23,0.0,0.0,22.5,10.5
LGA,2023-10-24,0.0,0.0,12.6,10.7
LGA,2023-10-25,0.0,0.0,15.6,14.0
LGA,2023-10-26,0.0,0.0,12.4,16.5
LGA,2023-10-27,0.0,0.0,16.3,17.2
LGA,2023-10-28,0.0,0.0,17.1,20.4
LGA,2023-10-29,11.9,0.0,20.9,12.8
LGA,2023-10-30,1.7,0.0,24.4,14.0
LGA,2023-10-31,0.0,0.0,17.1,9.2
LGA,2023-11-01,2.0,0.0,22.5,6.6
LGA,2023-11-02,0.0,0.0,12.1,4.2
LGA,2023-11-03,0.0,0.0,18.8,6.4
LGA,2023-11-04,0.0,0.0,11.8,8.6
LGA,2023-11-05,0.0,0.0,10.8,9.9
LGA,2023-11-06,0.0,0.0,11.9,8.0
LGA,2023-11-07,6.6,0.0,21.6,14.0
LGA,2023-11-08,0.0,0.0,19.3,7.4
LGA,2023-11-09,0.6,0.0,12.6,9.1
LGA,2023-11-10,0.1,0.0,17.0,8.1
LGA,2023-11-11,0.0,0.0,18.1,7.2
LGA,2023-11-12,0.0,0.0,13.0,2.8
LGA,2023-11-13,0.0,0.0,13.4,2.9
LGA,2023-11-14,0.0,0.0,26.9,6.0
LGA,2023-11-15,0.0,0.0,14.7,4.9
LGA,2023-11-16,0.0,0.0,12.8,8.5
LGA,2023-11-17,0.0,0.0,18.7,10.9
LGA,2023-11-18,1.0,0.0,24.3,10.0
LGA,2023-11-19,0.0,0.0,19.8,5.9
LGA,2023-11-20,0.0,0.0,17.7,2.8
LGA,2023-11-21,7.0,0.0,26.4,4.0
LGA,2023-11-22,23.2,0.0,35.1,10.9
LGA,2023-11-23,0.0,0.0,21.1,7.8
LGA,2023-11-24,0.0,0.0,22.5,5.0
LGA,2023-11-25,0.0,0.0,15.8,0.0
LGA,2023-11-26,6.0,0.0,33.0,4.8
LGA,2023-11-27,9.2,0.0,36.3,7.8
LGA,2023-11-28,0.0,0.0,28.6,0.9
LGA,2023-11-29,0.0,0.0,22.9,-1.1
LGA,2023-11-30,0.0,0.0,17.5,2.8
LGA,2023-12-01,5.6,0.0,12.0,4.8
LGA,2023-12-02,0.0,0.0,14.9,9.1
LGA,2023-12-03,14.6,0.0,18.5,8.8
LGA,2023-12-04,0.0,0.0,21.3,7.5
LGA,2023-12-05,0.0,0.0,13.4,4.0
LGA,2023-12-06,0.0,0.0,20.3,1.6
LGA,2023-12-07,0.0,0.0,17.5,0.2
LGA,2023-12-08,0.0,0.0,11.7,3.0
LGA,2023-12-09,0.0,0.0,15.1,6.9
LGA,2023-12-10,27.6,0.0,32.8,11.8
LGA,2023-12-11,28.5,0.0,34.6,6.0
LGA,2023-12-12,0.0,0.0,17.2,2.1
LGA,2023-12-13,0.0,0.0,17.7,2.9
LGA,2023-12-14,0.0,0.0,13.7,0.4
LGA,2023-12-15,0.0,0.0,15.5,4.5
LGA,2023-12-16,0.0,0.0,12.1,5.9
LGA,2023-12-17,19.4,0.0,20.8,9.5
LGA,2023-12-18,70.7,0.0,52.6,11.8
LGA,2023-12-19,0.0,0.0,23.7,3.0
LGA,2023-12-20,0.0,0.0,15.8,1.1
LGA,2023-12-21,0.0,0.0,22.1,0.8
LGA,2023-12-22,0.0,0.0,11.3,-2.0
LGA,2023-12-23,0.4,0.0,10.6,1.1
LGA,2023-12-24,0.0,0.0,7.9,4.4
LGA,2023-12-25,0.0,0.0,10.2,5.6
LGA,2023-12-26,0.0,0.0,6.9,5.1
LGA,2023-12-27,3.8,0.0,16.9,6.8
LGA,2023-12-28,33.6,0.0,28.7,9.8
LGA,2023-12-29,0.5,0.0,15.5,9.4
LGA,2023-12-30,0.2,0.0,25.8,5.4
LGA,2023-12-31,0.0,0.0,15.3,2.7
LGA,2024-01-01,0.1,0.0,14.1,3.2
LGA,2024-01-02,0.0,0.0,12.3,-0.3
LGA,2024-01-03,0.0,0.0,15.5,1.6
LGA,2024-01-04,0.2,0.14,24.8,2.0
LGA,2024-01-05,0.0,0.0,21.5,-1.7
LGA,2024-01-06,11.5,5.25,30.4,-0.7
LGA,2024-01-07,8.4,1.4,28.7,1.7
LGA,2024-01-08,0.0,0.0,18.1,1.7
LGA,2024-01-09,29.4,0.0,57.2,3.7
LGA,2024-01-10,36.4,0.0,48.3,9.2
LGA,2024-01-11,0.0,0.0,22.7,4.5
LGA,2024-01-12,0.9,0.0,20.5,4.0
LGA,2024-01-13,27.5,0.0,36.0,9.2
LGA,2024-01-14,0.9,0.49,39.5,0.2
LGA,2024-01-15,0.8,0.56,11.9,-3.4
LGA,2024-01-16,9.9,4.06,24.7,-2.5
LGA,2024-01-17,0.0,0.0,24.3,-6.5
LGA,2024-01-18,0.5,0.35,19.5,-3.5
LGA,2024-01-19,2.1,1.47,17.4,-2.2
LGA,2024-01-20,0.0,0.0,25.7,-6.0
LGA,2024-01-21,0.0,0.0,23.4,-5.0
LGA,2024-01-22,0.0,0.0,17.8,-2.4
LGA,2024-01-23,2.0,0.0,19.5,1.1
LGA,2024-01-24,3.3,0.0,8.9,3.3
LGA,2024-01-25,6.5,0.0,21.3,9.1
LGA,2024-01-26,4.2,0.0,18.0,5.8
LGA,2024-01-27,0.0,0.0,13.0,5.2
LGA,2024-01-28,21.3,0.0,30.0,3.3
LGA,2024-01-29,0.6,0.0,27.5,2.7
LGA,2024-01-30,0.0,0.0,12.4,0.3
LGA,2024-01-31,0.2,0.21,12.8,1.9
LGA,2024-02-01,0.0,0.0,20.9,2.2
LGA,2024-02-02,7.2,0.0,20.3,3.5
LGA,2024-02-03,0.0,0.0,24.1,0.9
LGA,2024-02-04,0.0,0.0,14.4,0.8
LGA,2024-02-05,0.0,0.0,22.3,0.8
LGA,2024-02-06,0.0,0.0,16.6,-0.4
LGA,2024-02-07,0.0,0.0,11.1,1.2
LGA,2024-02-08,0.0,0.0,10.7,2.2
LGA,2024-02-09,0.0,0.0,18.8,5.1
LGA,2024-02-10,0.1,0.0,17.5,7.9
LGA,2024-02-11,0.0,0.0,14.7,6.8
LGA,2024-02-12,0.0,0.0,10.8,3.6
LGA,2024-02-13,24.9,17.08,24.9,1.1
LGA,2024-02-14,0.0,0.0,25.8,-1.7
LGA,2024-02-15,0.3,0.21,23.2,-1.7
LGA,2024-02-16,0.0,0.0,27.3,0.8
LGA,2024-02-17,5.6,3.92,21.8,-0.8
LGA,2024-02-18,0.0,0.0,26.3,-2.2
LGA,2024-02-19,0.0,0.0,20.9,-0.1
LGA,2024-02-20,0.0,0.0,12.0,-2.5
LGA,2024-02-21,0.0,0.0,14.9,-1.0
LGA,2024-02-22,0.1,0.0,20.3,1.3
LGA,2024-02-23,3.7,0.0,12.8,4.7
LGA,2024-02-24,0.0,0.0,19.0,2.2
LGA,2024-02-25,0.0,0.0,16.0,-2.3
LGA,2024-02-26,0.4,0.28,14.9,3.2
LGA,2024-02-27,3.9,0.0,31.0,7.2
LGA,2024-02-28,10.3,0.0,36.4,12.9
LGA,2024-02-29,0.2,0.0,33.7,0.8
LGA,2024-03-01,0.0,0.0,19.9,0.6
LGA,2024-03-02,27.6,0.0,26.4,6.8
LGA,2024-03-03,0.0,0.0,15.5,11.4
LGA,2024-03-04,0.0,0.0,19.7,8.3
LGA,2024-03-05,18.8,0.0,22.1,6.5
LGA,2024-03-06,32.4,0.0,24.7,7.2
LGA,2024-03-07,4.1,0.0,25.3,9.6
LGA,2024-03-08,0.0,0.0,21.6,5.9
LGA,2024-03-09,26.8,0.0,31.9,5.2
LGA,2024-03-10,21.9,0.0,30.3,7.4
LGA,2024-03-11,0.0,0.0,44.7,4.9
LGA,2024-03-12,0.0,0.0,23.7,9.1
LGA,2024-03-13,0.0,0.0,17.6,8.3
LGA,2024-03-14,0.0,0.0,14.0,11.4
LGA,2024-03-15,0.0,0.0,22.5,14.4
LGA,2024-03-16,0.1,0.0,25.9,8.6
LGA,2024-03-17,0.0,0.0,29.9,10.6
LGA,2024-03-18,0.0,0.0,20.3,6.5
LGA,2024-03-19,0.4,0.07,28.6,3.5
LGA,2024-03-20,2.3,0.0,29.3,5.8
LGA,2024-03-21,0.0,0.0,29.3,0.6
LGA,2024-03-22,0.0,0.0,18.2,0.7
LGA,2024-03-23,63.2,0.0,39.1,5.8
LGA,2024-03-24,0.0,0.0,31.5,2.4
LGA,2024-03-25,0.0,0.0,22.4,4.0
LGA,2024-03-26,0.0,0.0,21.3,5.5
LGA,2024-03-27,0.3,0.0,14.7,7.4
LGA,2024-03-28,25.8,0.0,18.8,8.2
LGA,2024-03-29,0.5,0.0,33.3,7.3
LGA,2024-03-30,0.0,0.0,24.9,8.0
LGA,2024-03-31,0.3,0.0,20.9,10.1
LGA,2024-04-01,2.5,0.0,14.3,8.1
LGA,2024-04-02,17.6,0.0,22.5,7.0
LGA,2024-04-03,26.3,0.0,47.7,5.6
LGA,2024-04-04,6.8,0.0,45.6,5.2
LGA,2024-04-05,0.0,0.0,28.2,5.2
LGA,2024-04-06,0.2,0.0,28.6,6.6
LGA,2024-04-07,0.0,0.0,23.7,6.9
LGA,2024-04-08,0.0,0.0,15.2,8.8
LGA,2024-04-09,0.0,0.0,17.7,13.7
LGA,2024-04-10,0.2,0.0,15.9,12.4
LGA,2024-04-11,12.8,0.0,29.3,12.3
LGA,2024-04-12,14.8,0.0,40.2,15.2
LGA,2024-04-13,1.7,0.0,36.1,9.4
LGA,2024-04-14,0.9,0.0,24.0,13.1
LGA,2024-04-15,0.0,0.0,25.4,17.7
LGA,2024-04-16,0.0,0.0,18.3,13.6
LGA,2024-04-17,2.7,0.0,17.2,10.7
LGA,2024-04-18,2.8,0.0,24.5,8.3
LGA,2024-04-19,0.0,0.0,19.7,8.7
LGA,2024-04-20,2.2,0.0,26.3,12.7
LGA,2024-04-21,0.0,0.0,22.5,7.5
LGA,2024-04-22,0.0,0.0,19.5,8.5
LGA,2024-04-23,0.0,0.0,27.3,9.0
LGA,2024-04-24,1.4,0.0,29.8,13.1
LGA,2024-04-25,0.0,0.0,19.6,7.5
LGA,2024-04-26,0.0,0.0,19.8,8.1
LGA,2024-04-27,0.5,0.0,27.1,8.9
LGA,2024-04-28,0.4,0.0,16.4,14.9
LGA,2024-04-29,3.5,0.0,15.3,19.8
LGA,2024-04-30,7.7,0.0,16.8,14.7
LGA,2024-05-01,1.5,0.0,20.3,14.9
LGA,2024-05-02,0.0,0.0,22.4,17.4
LGA,2024-05-03,0.0,0.0,18.7,13.6
LGA,2024-05-04,1.2,0.0,20.5,11.7
LGA,2024-05-05,8.3,0.0,21.1,10.6
LGA,2024-05-06,0.8,0.0,12.6,16.4
LGA,2024-05-07,0.0,0.0,16.2,18.9
LGA,2024-05-08,0.3,0.0,24.7,22.6
LGA,2024-05-09,0.0,0.0,15.0,17.2
LGA,2024-05-10,9.7,0.0,22.1,10.6
LGA,2024-05-11,0.0,0.0,21.7,11.2
LGA,2024-05-12,5.7,0.0,12.7,10.4
LGA,2024-05-13,0.3,0.0,22.4,12.5
LGA,2024-05-14,3.2,0.0,22.0,15.8
LGA,2024-05-15,7.4,0.0,25.6,15.5
LGA,2024-05-16,4.2,0.0,30.0,16.4
LGA,2024-05-17,0.0,0.0,17.7,17.2
LGA,2024-05-18,2.0,0.0,17.7,16.5
LGA,2024-05-19,0.0,0.0,18.3,16.8
LGA,2024-05-20,0.0,0.0,19.4,16.1
LGA,2024-05-21,0.0,0.0,17.5,18.3
LGA,2024-05-22,0.0,0.0,23.3,21.1
LGA,2024-05-23,2.9,0.0,16.1,22.5
LGA,2024-05-24,0.0,0.0,18.3,22.3
LGA,2024-05-25,0.0,0.0,16.6,19.7
LGA,2024-05-26,0.7,0.0,15.9,20.0
LGA,2024-05-27,48.1,0.0,26.3,19.1
LGA,2024-05-28,0.0,0.0,26.6,21.9
LGA,2024-05-29,11.2,0.0,15.3,18.8
LGA,2024-05-30,4.3,0.0,20.8,17.5
LGA,2024-05-31,0.0,0.0,19.7,18.2
LGA,2024-06-01,0.0,0.0,17.4,20.5
LGA,2024-06-02,0.0,0.0,21.3,20.7
LGA,2024-06-03,0.0,0.0,15.2,23.4
LGA,2024-06-04,0.0,0.0,17.4,20.9
LGA,2024-06-05,6.1,0.0,24.2,20.1
LGA,2024-06-06,21.3,0.0,36.2,23.1
LGA,2024-06-07,1.3,0.0,22.0,22.8
LGA,2024-06-08,0.0,0.0,26.3,20.4
LGA,2024-06-09,0.7,0.0,25.2,20.1
LGA,2024-06-10,0.0,0.0,18.1,19.4
LGA,2024-06-11,0.4,0.0,9.9,18.8
LGA,2024-06-12,0.0,0.0,17.0,19.5
LGA,2024-06-13,0.0,0.0,29.8,21.5
LGA,2024-06-14,9.3,0.0,15.8,22.9
LGA,2024-06-15,0.0,0.0,22.8,21.8
LGA,2024-06-16,0.0,0.0,17.5,19.2
LGA,2024-06-17,0.0,0.0,29.2,22.2
LGA,2024-06-18,0.0,0.0,23.9,24.7
LGA,2024-06-19,0.0,0.0,25.6,24.7
LGA,2024-06-20,0.0,0.0,21.7,26.2
LGA,2024-06-21,0.0,0.0,18.2,27.9
LGA,2024-06-22,2.8,0.0,17.8,26.7
LGA,2024-06-23,0.3,0.0,27.2,28.9
LGA,2024-06-24,0.0,0.0,37.0,25.1
LGA,2024-06-25,0.0,0.0,29.7,25.9
LGA,2024-06-26,0.6,0.0,26.3,27.8
LGA,2024-06-27,9.4,0.0,21.6,24.9
LGA,2024-06-28,0.0,0.0,21.2,19.9
LGA,2024-06-29,1.1,0.0,35.0,22.5
LGA,2024-06-30,26.7,0.0,22.5,26.2
LGA,2024-07-01,0.3,0.0,24.5,21.7
LGA,2024-07-02,0.0,0.0,16.3,22.4
LGA,2024-07-03,0.0,0.0,26.1,22.5
LGA,2024-07-04,0.9,0.0,19.5,24.1
LGA,2024-07-05,12.3,0.0,19.8,25.6
LGA,2024-07-06,1.4,0.0,17.8,27.1
LGA,2024-07-07,1.2,0.0,12.8,27.6
LGA,2024-07-08,0.0,0.0,16.0,26.9
LGA,2024-07-09,0.1,0.0,23.8,26.6
LGA,2024-07-10,0.1,0.0,36.8,27.4
LGA,2024-07-11,3.0,0.0,29.9,27.3
LGA,2024-07-12,7.5,0.0,21.3,25.1
LGA,2024-07-13,32.0,0.0,16.9,25.0
LGA,2024-07-14,0.5,0.0,18.4,26.4
LGA,2024-07-15,1.3,0.0,19.5,27.8
LGA,2024-07-16,3.1,0.0,26.9,28.7
LGA,2024-07-17,25.7,0.0,19.1,27.0
LGA,2024-07-18,0.8,0.0,13.0,25.6
LGA,2024-07-19,0.0,0.0,15.1,23.8
LGA,2024-07-20,1.5,0.0,17.3,24.0
LGA,2024-07-21,0.1,0.0,21.2,25.9
LGA,2024-07-22,3.3,0.0,21.1,24.7
LGA,2024-07-23,4.9,0.0,10.7,24.2
LGA,2024-07-24,14.2,0.0,14.0,24.2
LGA,2024-07-25,0.1,0.0,18.0,24.8
LGA,2024-07-26,0.0,0.0,19.2,23.6
LGA,2024-07-27,0.0,0.0,13.1,24.2
LGA,2024-07-28,0.0,0.0,19.5,24.4
LGA,2024-07-29,5.6,0.0,18.1,24.5
LGA,2024-07-30,0.1,0.0,32.1,25.8
LGA,2024-07-31,14.8,0.0,20.2,25.6
LGA,2024-08-01,0.2,0.0,20.6,27.4
LGA,2024-08-02,5.6,0.0,26.6,27.0
LGA,2024-08-03,8.4,0.0,20.2,26.9
LGA,2024-08-04,6.5,0.0,17.5,24.7
LGA,2024-08-05,0.0,0.0,20.2,26.7
LGA,2024-08-06,39.4,0.0,15.5,25.5
LGA,2024-08-07,23.0,0.0,21.2,20.9
LGA,2024-08-08,20.3,0.0,22.3,20.7
LGA,2024-08-09,17.2,0.0,45.6,24.9
LGA,2024-08-10,5.6,0.0,18.7,25.4
LGA,2024-08-11,0.1,0.0,18.8,23.0
LGA,2024-08-12,0.3,0.0,19.7,21.9
LGA,2024-08-13,0.0,0.0,12.1,22.0
LGA,2024-08-14,0.1,0.0,15.1,23.0
LGA,2024-08-15,0.0,0.0,10.7,24.1
LGA,2024-08-16,0.0,0.0,17.6,24.1
LGA,2024-08-17,2.8,0.0,23.5,23.3
LGA,2024-08-18,18.9,0.0,24.5,22.7
LGA,2024-08-19,20.6,0.0,18.1,23.0
LGA,2024-08-20,0.2,0.0,20.7,19.3
LGA,2024-08-21,0.0,0.0,20.3,18.1
LGA,2024-08-22,0.0,0.0,18.2,19.0
LGA,2024-08-23,0.0,0.0,16.2,20.7
LGA,2024-08-24,0.0,0.0,13.3,22.1
LGA,2024-08-25,0.2,0.0,17.3,23.1
LGA,2024-08-26,1.0,0.0,15.9,23.1
LGA,2024-08-27,0.0,0.0,20.5,23.3
LGA,2024-08-28,0.5,0.0,16.3,27.3
LGA,2024-08-29,3.3,0.0,17.7,23.0
LGA,2024-08-30,6.9,0.0,14.8,20.8
LGA,2024-08-31,0.5,0.0,16.9,21.7
LGA,2024-09-01,1.5,0.0,20.1,24.1
LGA,2024-09-02,0.0,0.0,19.2,21.7
LGA,2024-09-03,0.0,0.0,16.0,17.8
LGA,2024-09-04,0.0,0.0,13.4,18.5
LGA,2024-09-05,0.0,0.0,14.2,19.1
LGA,2024-09-06,0.1,0.0,17.1,20.1
LGA,2024-09-07,5.1,0.0,26.5,19.8
LGA,2024-09-08,0.0,0.0,20.9,16.4
LGA,2024-09-09,0.0,0.0,20.6,17.9
LGA,2024-09-10,0.0,0.0,12.6,19.5
LGA,2024-09-11,0.0,0.0,12.6,18.4
LGA,2024-09-12,0.0,0.0,15.8,19.8
LGA,2024-09-13,0.0,0.0,14.2,20.0
LGA,2024-09-14,0.0,0.0,16.4,21.9
LGA,2024-09-15,0.0,0.0,18.1,21.1
LGA,2024-09-16,0.0,0.0,13.2,18.7
LGA,2024-09-17,0.0,0.0,14.3,20.2
LGA,2024-09-18,0.0,0.0,17.4,20.7
LGA,2024-09-19,0.0,0.0,17.2,22.9
LGA,2024-09-20,0.3,0.0,19.1,21.8
LGA,2024-09-21,0.0,0.0,17.9,20.0
LGA,2024-09-22,0.0,0.0,17.9,18.6
LGA,2024-09-23,0.6,0.0,18.0,17.3
LGA,2024-09-24,0.0,0.0,17.2,17.2
LGA,2024-09-25,0.6,0.0,18.7,17.7
LGA,2024-09-26,7.2,0.0,17.2,20.2
LGA,2024-09-27,0.7,0.0,14.3,20.5
LGA,2024-09-28,4.2,0.0,23.7,18.4
LGA,2024-09-29,3.1,0.0,17.8,17.3
LGA,2024-09-30,0.0,0.0,19.1,18.0
LGA,2024-10-01,0.1,0.0,17.2,17.4
LGA,2024-10-02,0.2,0.0,13.4,16.5
LGA,2024-10-03,0.1,0.0,13.6,17.4
LGA,2024-10-04,0.1,0.0,16.4,17.3
LGA,2024-10-05,0.1,0.0,17.6,18.6
LGA,2024-10-06,0.0,0.0,16.0,15.8
LGA,2024-10-07,8.8,0.0,18.9,18.5
LGA,2024-10-08,0.0,0.0,16.6,15.2
LGA,2024-10-09,0.0,0.0,20.1,14.5
LGA,2024-10-10,0.0,0.0,21.5,12.1
LGA,2024-10-11,0.0,0.0,18.3,13.2
LGA,2024-10-12,0.0,0.0,22.6,17.2
LGA,2024-10-13,0.0,0.0,20.2,16.3
LGA,2024-10-14,0.1,0.0,35.9,13.3
LGA,2024-10-15,0.0,0.0,20.1,9.7
LGA,2024-10-16,0.0,0.0,20.1,9.9
LGA,2024-10-17,0.0,0.0,22.4,9.3
LGA,2024-10-18,0.0,0.0,18.0,12.0
LGA,2024-10-19,0.0,0.0,11.1,12.6
LGA,2024-10-20,0.0,0.0,11.7,14.0
LGA,2024-10-21,0.0,0.0,12.0,16.9
LGA,2024-10-22,0.0,0.0,12.9,18.7
LGA,2024-10-23,0.0,0.0,22.3,17.1
LGA,2024-10-24,0.2,0.0,24.2,16.1
LGA,2024-10-25,0.0,0.0,15.2,11.8
LGA,2024-10-26,0.0,0.0,25.0,13.3
LGA,2024-10-27,0.0,0.0,18.3,9.5
LGA,2024-10-28,0.0,0.0,14.8,9.3
LGA,2024-10-29,0.7,0.0,23.3,12.8
LGA,2024-10-30,0.0,0.0,14.4,16.9
LGA,2024-10-31,0.0,0.0,20.0,19.5
LGA,2024-11-01,0.4,0.0,30.2,21.0
LGA,2024-11-02,0.0,0.0,19.8,12.1
LGA,2024-11-03,0.0,0.0,13.9,7.4
LGA,2024-11-04,0.0,0.0,18.6,8.8
LGA,2024-11-05,0.0,0.0,22.3,15.4
LGA,2024-11-06,0.0,0.0,23.5,21.1
LGA,2024-11-07,0.0,0.0,20.5,17.9
LGA,2024-11-08,0.0,0.0,27.9,13.2
LGA,2024-11-09,0.0,0.0,23.0,8.6
LGA,2024-11-10,1.0,0.0,20.7,9.3
LGA,2024-11-11,5.1,0.0,26.1,15.9
LGA,2024-11-12,0.0,0.0,27.2,9.8
LGA,2024-11-13,0.0,0.0,14.8,5.3
LGA,2024-11-14,0.0,0.0,10.3,5.1
LGA,2024-11-15,0.0,0.0,13.8,8.4
LGA,2024-11-16,0.0,0.0,17.1,10.9
LGA,2024-11-17,0.0,0.0,13.2,11.7
LGA,2024-11-18,0.0,0.0,16.1,12.8
LGA,2024-11-19,0.0,0.0,14.1,10.9
LGA,2024-11-20,0.0,0.0,11.2,11.8
LGA,2024-11-21,43.8,0.0,16.6,8.9
LGA,2024-11-22,18.6,0.84,26.0,3.7
LGA,2024-11-23,0.9,0.0,25.8,5.9
LGA,2024-11-24,0.0,0.0,23.9,8.0
LGA,2024-11-25,0.0,0.0,12.0,6.7
LGA,2024-11-26,2.8,0.0,15.8,10.9
LGA,2024-11-27,0.0,0.0,9.8,6.3
LGA,2024-11-28,20.9,0.0,20.8,7.1
LGA,2024-11-29,0.4,0.0,17.8,4.1
LGA,2024-11-30,0.0,0.0,17.1,0.7
LGA,2024-12-01,0.0,0.0,18.4,-0.8
LGA,2024-12-02,0.0,0.0,10.3,0.1
LGA,2024-12-03,0.1,0.0,10.9,1.0
LGA,2024-12-04,0.1,0.0,16.6,0.5
LGA,2024-12-05,5.6,2.38,27.6,2.4
LGA,2024-12-06,0.0,0.0,19.2,-0.9
LGA,2024-12-07,0.0,0.0,14.2,0.9
LGA,2024-12-08,0.1,0.07,18.7,6.0
LGA,2024-12-09,7.7,0.0,12.3,6.2
LGA,2024-12-10,1.3,0.0,14.4,8.4
LGA,2024-12-11,35.4,0.0,26.2,13.0
LGA,2024-12-12,0.1,0.0,25.8,1.7
LGA,2024-12-13,0.0,0.0,12.3,-2.1
LGA,2024-12-14,0.0,0.0,8.1,-2.5
LGA,2024-12-15,0.0,0.0,9.0,-0.7
LGA,2024-12-16,13.9,0.77,15.0,5.7
LGA,2024-12-17,2.6,0.0,17.4,11.0
LGA,2024-12-18,3.0,0.0,9.9,6.5
LGA,2024-12-19,2.4,0.0,15.3,4.6
LGA,2024-12-20,1.7,0.42,15.3,1.1
LGA,2024-12-21,3.4,2.38,23.2,-2.4
LGA,2024-12-22,0.0,0.0,14.9,-8.8
LGA,2024-12-23,0.0,0.0,8.1,-9.6
LGA,2024-12-24,1.9,1.33,10.7,-1.5
LGA,2024-12-25,0.0,0.0,11.0,-2.4
LGA,2024-12-26,0.0,0.0,7.9,-4.8
LGA,2024-12-27,0.0,0.0,5.3,-3.2
LGA,2024-12-28,4.7,0.0,7.8,4.4
LGA,2024-12-29,4.0,0.0,23.4,9.7
LGA,2024-12-30,4.2,0.0,26.1,11.5
LGA,2024-12-31,4.1,0.0,14.2,6.5
LGA,2025-01-01,5.8,0.0,24.1,7.5
LGA,2025-01-02,0.0,0.0,25.1,2.8
LGA,2025-01-03,0.0,0.0,18.2,0.6
LGA,2025-01-04,0.0,0.0,24.8,-1.2
LGA,2025-01-05,0.0,0.0,20.2,-1.9
LGA,2025-01-06,1.5,1.05,17.6,-2.2
LGA,2025-01-07,0.0,0.0,32.6,-5.0
LGA,2025-01-08,0.0,0.0,28.2,-4.1
LGA,2025-01-09,0.0,0.0,27.5,-4.0
LGA,2025-01-10,0.0,0.0,21.9,-0.5
LGA,2025-01-11,1.8,1.26,16.8,-1.1
LGA,2025-01-12,0.0,0.0,14.9,0.5
LGA,2025-01-13,0.0,0.0,16.5,1.3
LGA,2025-01-14,0.0,0.0,22.2,-1.5
LGA,2025-01-15,0.0,0.0,24.9,-3.3
LGA,2025-01-16,0.4,0.28,10.7,-3.0
LGA,2025-01-17,0.0,0.0,10.3,-0.5
LGA,2025-01-18,2.8,0.0,16.0,3.3
LGA,2025-01-19,7.0,4.83,20.3,0.7
LGA,2025-01-20,0.2,0.14,17.1,-7.0
LGA,2025-01-21,0.4,0.28,9.7,-11.2
LGA,2025-01-22,0.0,0.0,10.5,-11.8
LGA,2025-01-23,0.0,0.0,8.6,-8.6
LGA,2025-01-24,0.0,0.0,11.0,-6.0
LGA,2025-01-25,0.0,0.0,11.6,-6.6
LGA,2025-01-26,0.0,0.0,16.1,-0.9
LGA,2025-01-27,0.0,0.0,18.9,-1.2
LGA,2025-01-28,0.0,0.0,23.9,0.6
LGA,2025-01-29,0.1,0.0,21.7,4.2
LGA,2025-01-30,0.0,0.0,15.8,-2.1
LGA,2025-01-31,10.6,0.0,12.3,3.7
LGA,2025-02-01,2.4,0.0,19.7,0.5
LGA,2025-02-02,2.5,1.75,11.7,-4.5
LGA,2025-02-03,0.9,0.63,14.4,1.9
LGA,2025-02-04,0.5,0.0,23.1,3.7
LGA,2025-02-05,0.0,0.0,15.4,-1.4
LGA,2025-02-06,9.6,4.06,13.2,0.8
LGA,2025-02-07,0.0,0.0,27.0,1.4
LGA,2025-02-08,5.9,4.13,9.9,-1.7
LGA,2025-02-09,6.4,2.73,12.2,0.0
LGA,2025-02-10,0.0,0.0,13.3,-2.3
LGA,2025-02-11,1.2,0.84,5.8,-4.4
LGA,2025-02-12,4.6,3.22,13.9,-0.4
LGA,2025-02-13,5.8,0.07,20.8,3.3
LGA,2025-02-14,0.0,0.0,20.8,-1.1
LGA,2025-02-15,6.6,2.38,11.9,-1.0
LGA,2025-02-16,26.5,0.0,29.3,3.1
LGA,2025-02-17,0.0,0.0,27.9,-1.3
LGA,2025-02-18,0.0,0.0,22.9,-5.3
LGA,2025-02-19,0.0,0.0,17.2,-5.1
LGA,2025-02-20,0.9,0.63,19.7,-4.9
LGA,2025-02-21,0.0,0.0,22.0,-3.9
LGA,2025-02-22,0.0,0.0,15.2,-2.2
LGA,2025-02-23,0.0,0.0,11.3,2.5
LGA,2025-02-24,0.0,0.0,19.6,3.4
LGA,2025-02-25,0.0,0.0,13.5,6.9
LGA,2025-02-26,0.1,0.0,19.3,6.9
LGA,2025-02-27,2.9,0.0,14.7,8.4
LGA,2025-02-28,0.0,0.0,17.8,6.1
LGA,2025-03-01,0.0,0.0,26.5,6.8
LGA,2025-03-02,0.0,0.0,20.5,-3.6
LGA,2025-03-03,0.0,0.0,13.0,-1.7
LGA,2025-03-04,0.0,0.0,13.6,4.2
LGA,2025-03-05,36.8,0.0,26.6,9.4
LGA,2025-03-06,5.6,0.0,27.0,9.7
LGA,2025-03-07,0.0,0.0,32.0,3.5
LGA,2025-03-08,0.0,0.0,23.7,3.5
LGA,2025-03-09,0.0,0.0,24.1,3.7
LGA,2025-03-10,0.0,0.0,13.5,9.1
LGA,2025-03-11,0.0,0.0,12.6,9.1
LGA,2025-03-12,0.0,0.0,13.1,7.5
LGA,2025-03-13,0.0,0.0,13.2,5.4
LGA,2025-03-14,0.0,0.0,10.0,6.1
LGA,2025-03-15,0.4,0.0,12.5,6.7
LGA,2025-03-16,3.7,0.0,27.1,11.9
LGA,2025-03-17,24.1,0.0,24.3,11.6
LGA,2025-03-18,0.0,0.0,18.1,6.8
LGA,2025-03-19,0.0,0.0,10.4,8.2
LGA,2025-03-20,8.1,0.0,15.3,7.9
LGA,2025-03-21,5.8,0.0,26.0,6.5
LGA,2025-03-22,0.0,0.0,21.8,8.2
LGA,2025-03-23,0.0,0.0,19.0,2.9
LGA,2025-03-24,14.2,0.0,14.7,6.9
LGA,2025-03-25,0.0,0.0,23.3,9.2
LGA,2025-03-26,0.1,0.0,18.4,5.9
LGA,2025-03-27,0.0,0.0,16.5,4.5
LGA,2025-03-28,1.5,0.28,12.3,9.6
LGA,2025-03-29,5.9,0.0,20.2,15.3
LGA,2025-03-30,0.1,0.0,10.0,8.4
LGA,2025-03-31,25.2,0.0,15.4,15.2
LGA,2025-04-01,7.4,0.0,21.3,8.9
LGA,2025-04-02,0.0,0.0,15.0,4.6
LGA,2025-04-03,2.1,0.0,24.7,15.2
LGA,2025-04-04,6.1,0.0,16.5,17.4
LGA,2025-04-05,1.8,0.0,15.9,9.3
LGA,2025-04-06,2.1,0.0,12.1,9.7
LGA,2025-04-07,7.9,0.0,13.2,6.0
LGA,2025-04-08,0.0,0.0,27.5,4.5
LGA,2025-04-09,0.0,0.0,15.2,3.1
LGA,2025-04-10,0.6,0.0,16.2,5.3
LGA,2025-04-11,10.5,0.21,19.8,5.7
LGA,2025-04-12,16.2,1.19,23.2,4.0
LGA,2025-04-13,0.2,0.0,19.4,8.7
LGA,2025-04-14,0.0,0.0,11.1,10.6
LGA,2025-04-15,1.0,0.0,25.6,13.1
LGA,2025-04-16,0.0,0.0,25.6,7.6
LGA,2025-04-17,0.0,0.0,14.2,9.1
LGA,2025-04-18,0.0,0.0,19.8,11.1
LGA,2025-04-19,0.0,0.0,18.9,20.4
LGA,2025-04-20,0.0,0.0,20.0,15.7
LGA,2025-04-21,0.2,0.0,13.6,10.5
LGA,2025-04-22,0.1,0.0,15.5,18.7
LGA,2025-04-23,0.0,0.0,13.7,17.3
LGA,2025-04-24,0.0,0.0,15.3,18.8
LGA,2025-04-25,0.0,0.0,15.1,19.0
LGA,2025-04-26,17.3,0.0,21.8,17.8
LGA,2025-04-27,0.0,0.0,29.8,11.5
LGA,2025-04-28,0.0,0.0,13.6,15.6
LGA,2025-04-29,0.0,0.0,17.8,18.7
LGA,2025-04-30,0.0,0.0,18.3,20.7
LGA,2025-05-01,0.3,0.0,13.8,15.9
LGA,2025-05-02,0.3,0.0,16.4,21.1
LGA,2025-05-03,15.7,0.0,14.2,22.4
LGA,2025-05-04,14.4,0.0,14.5,17.6
LGA,2025-05-05,11.4,0.0,14.6,15.7
LGA,2025-05-06,21.3,0.0,15.1,15.9
LGA,2025-05-07,0.4,0.0,10.6,17.6
LGA,2025-05-08,0.2,0.0,11.8,18.2
LGA,2025-05-09,19.6,0.0,13.7,14.1
LGA,2025-05-10,0.0,0.0,23.2,15.1
LGA,2025-05-11,0.0,0.0,11.1,17.5
LGA,2025-05-12,0.0,0.0,11.1,15.6
LGA,2025-05-13,3.6,0.0,10.6,17.1
LGA,2025-05-14,17.2,0.0,19.6,16.3
LGA,2025-05-15,1.4,0.0,10.4,18.3
LGA,2025-05-16,0.5,0.0,14.8,18.1
LGA,2025-05-17,1.8,0.0,16.8,21.1
LGA,2025-05-18,0.4,0.0,23.2,18.8
LGA,2025-05-19,0.0,0.0,21.1,15.6
LGA,2025-05-20,0.0,0.0,14.8,13.6
LGA,2025-05-21,3.0,0.0,16.9,12.2
LGA,2025-05-22,24.3,0.0,21.2,10.4
LGA,2025-05-23,2.1,0.0,13.6,11.6
LGA,2025-05-24,0.7,0.0,18.2,13.1
LGA,2025-05-25,0.1,0.0,17.0,14.8
LGA,2025-05-26,0.0,0.0,11.3,16.4
LGA,2025-05-27,0.0,0.0,15.5,18.4
LGA,2025-05-28,9.4,0.0,12.4,16.0
LGA,2025-05-29,1.8,0.0,13.4,16.7
LGA,2025-05-30,4.1,0.0,11.0,18.7
LGA,2025-05-31,26.6,0.0,26.1,16.1
LGA,2025-06-01,0.0,0.0,20.7,14.4
LGA,2025-06-02,0.0,0.0,11.7,16.0
LGA,2025-06-03,0.0,0.0,11.9,19.2
LGA,2025-06-04,0.0,0.0,14.2,22.4
LGA,2025-06-05,0.2,0.0,14.1,26.9
LGA,2025-06-06,0.8,0.0,13.8,26.6
LGA,2025-06-07,4.7,0.0,13.7,22.4
LGA,2025-06-08,1.0,0.0,14.1,19.6
LGA,2025-06-09,2.5,0.0,12.0,17.5
LGA,2025-06-10,18.0,0.0,12.3,20.0
LGA,2025-06-11,0.0,0.0,17.5,23.4
LGA,2025-06-12,0.6,0.0,16.7,26.7
LGA,2025-06-13,0.0,0.0,10.3,24.0
LGA,2025-06-14,3.5,0.0,15.8,18.0
LGA,2025-06-15,6.2,0.0,10.5,16.9
LGA,2025-06-16,1.6,0.0,13.0,18.0
LGA,2025-06-17,8.6,0.0,9.6,18.9
LGA,2025-06-18,10.2,0.0,13.0,21.6
LGA,2025-06-19,11.8,0.0,16.5,25.5
LGA,2025-06-20,0.4,0.0,18.0,23.9
LGA,2025-06-21,0.0,0.0,15.3,26.9
LGA,2025-06-22,0.3,0.0,21.3,28.8
LGA,2025-06-23,0.0,0.0,9.2,31.8
LGA,2025-06-24,0.0,0.0,17.2,34.4
LGA,2025-06-25,0.5,0.0,13.8,33.3
LGA,2025-06-26,0.1,0.0,19.3,25.0
LGA,2025-06-27,0.3,0.0,13.1,20.1
LGA,2025-06-28,0.4,0.0,14.0,23.8
LGA,2025-06-29,0.0,0.0,12.0,28.0
LGA,2025-06-30,0.0,0.0,15.5,28.0
LGA,2025-07-01,10.4,0.0,18.4,27.1
LGA,2025-07-02,2.4,0.0,7.8,25.3
LGA,2025-07-03,1.6,0.0,17.1,25.8
LGA,2025-07-04,0.0,0.0,10.2,23.9
LGA,2025-07-05,0.0,0.0,14.8,25.8
LGA,2025-07-06,0.0,0.0,16.0,27.5
LGA,2025-07-07,3.8,0.0,17.8,27.0
LGA,2025-07-08,16.8,0.0,11.5,28.2
LGA,2025-07-09,0.7,0.0,11.6,27.0
LGA,2025-07-10,19.2,0.0,8.4,24.3
LGA,2025-07-11,0.6,0.0,12.5,24.7
LGA,2025-07-12,0.0,0.0,13.0,25.3
LGA,2025-07-13,0.1,0.0,13.5,25.4
LGA,2025-07-14,14.8,0.0,13.7,26.1
LGA,2025-07-15,3.5,0.0,8.7,25.7
LGA,2025-07-16,1.1,0.0,13.1,27.1
LGA,2025-07-17,5.7,0.0,19.4,28.2
LGA,2025-07-18,0.0,0.0,15.5,26.7
LGA,2025-07-19,0.0,0.0,13.7,25.5
LGA,2025-07-20,3.8,0.0,14.5,28.2
LGA,2025-07-21,0.0,0.0,18.8,26.9
LGA,2025-07-22,0.0,0.0,13.3,23.8
LGA,2025-07-23,0.0,0.0,13.5,24.4
LGA,2025-07-24,0.0,0.0,15.9,25.7
LGA,2025-07-25,2.8,0.0,19.0,29.4
LGA,2025-07-26,0.0,0.0,12.9,26.3
LGA,2025-07-27,3.1,0.0,14.2,25.5
LGA,2025-07-28,0.0,0.0,12.0,29.7
LGA,2025-07-29,0.0,0.0,8.1,32.3
LGA,2025-07-30,2.2,0.0,14.6,31.2
LGA,2025-07-31,7.6,0.0,17.2,26.4
LGA,2025-08-01,2.1,0.0,17.6,20.0
LGA,2025-08-02,0.0,0.0,10.2,21.3
LGA,2025-08-03,0.0,0.0,12.8,22.8
LGA,2025-08-04,0.0,0.0,13.3,25.6
LGA,2025-08-05,0.7,0.0,9.0,25.7
LGA,2025-08-06,0.7,0.0,11.9,24.1
LGA,2025-08-07,0.7,0.0,11.8,23.3
LGA,2025-08-08,0.0,0.0,11.9,22.7
LGA,2025-08-09,0.0,0.0,10.8,23.8
LGA,2025-08-10,0.0,0.0,14.9,26.1
LGA,2025-08-11,0.0,0.0,13.9,26.8
LGA,2025-08-12,0.0,0.0,15.3,26.9
LGA,2025-08-13,2.4,0.0,14.9,27.0
LGA,2025-08-14,1.6,0.0,7.5,26.6
LGA,2025-08-15,0.0,0.0,12.3,27.3
LGA,2025-08-16,5.6,0.0,12.0,26.1
LGA,2025-08-17,11.0,0.0,12.5,27.1
LGA,2025-08-18,0.0,0.0,15.9,20.9
LGA,2025-08-19,0.0,0.0,12.4,20.8
LGA,2025-08-20,2.8,0.0,18.1,19.7
LGA,2025-08-21,0.2,0.0,23.2,18.4
LGA,2025-08-22,0.0,0.0,13.5,21.4
LGA,2025-08-23,0.0,0.0,20.7,23.0
LGA,2025-08-24,0.6,0.0,18.1,22.9
LGA,2025-08-25,0.0,0.0,19.9,25.4
LGA,2025-08-26,0.0,0.0,16.2,23.1
LGA,2025-08-27,0.1,0.0,14.9,21.0
LGA,2025-08-28,0.0,0.0,13.6,21.4
LGA,2025-08-29,0.1,0.0,15.6,22.2
LGA,2025-08-30,0.0,0.0,13.2,20.2
LGA,2025-08-31,0.0,0.0,12.7,21.0
LGA,2025-09-01,0.0,0.0,16.4,21.4
LGA,2025-09-02,0.0,0.0,10.7,21.2
LGA,2025-09-03,0.0,0.0,15.5,20.7
LGA,2025-09-04,1.7,0.0,21.2,21.2
LGA,2025-09-05,5.2,0.0,16.1,23.2
LGA,2025-09-06,16.5,0.0,22.4,23.8
LGA,2025-09-07,16.0,0.0,9.2,18.3
LGA,2025-09-08,0.0,0.0,8.3,17.7
LGA,2025-09-09,0.0,0.0,15.1,17.6
LGA,2025-09-10,3.3,0.0,13.2,18.2
LGA,2025-09-11,0.0,0.0,12.1,21.6
LGA,2025-09-12,0.0,0.0,9.2,21.4
LGA,2025-09-13,0.4,0.0,13.2,21.0
LGA,2025-09-14,0.4,0.0,8.0,22.8
LGA,2025-09-15,0.0,0.0,14.1,22.5
LGA,2025-09-16,0.0,0.0,17.8,20.5
LGA,2025-09-17,6.1,0.0,15.9,19.4
LGA,2025-09-18,0.4,0.0,7.7,21.9
LGA,2025-09-19,0.0,0.0,12.1,22.8
LGA,2025-09-20,0.0,0.0,13.7,19.4
LGA,2025-09-21,0.0,0.0,9.2,17.8
LGA,2025-09-22,0.0,0.0,11.0,17.9
LGA,2025-09-23,7.1,0.0,13.6,22.5
LGA,2025-09-24,3.7,0.0,10.1,22.1
LGA,2025-09-25,28.9,0.0,15.8,21.8
LGA,2025-09-26,0.0,0.0,9.7,22.4
LGA,2025-09-27,0.1,0.0,6.8,20.7
LGA,2025-09-28,0.8,0.0,6.4,22.3
LGA,2025-09-29,0.0,0.0,9.7,20.4
LGA,2025-09-30,0.0,0.0,13.1,20.7
LGA,2025-10-01,0.0,0.0,14.7,16.9
LGA,2025-10-02,0.0,0.0,10.0,14.8
LGA,2025-10-03,0.0,0.0,11.4,15.9
LGA,2025-10-04,0.0,0.0,9.5,20.1
LGA,2025-10-05,0.0,0.0,10.4,22.2
LGA,2025-10-06,0.0,0.0,13.4,20.8
LGA,2025-10-07,0.0,0.0,18.1,21.5
LGA,2025-10-08,6.1,0.0,19.3,19.2
LGA,2025-10-09,0.0,0.0,14.9,12.1
LGA,2025-10-10,0.0,0.0,11.1,11.3
LGA,2025-10-11,1.5,0.0,14.6,14.8
LGA,2025-10-12,16.0,0.0,26.9,15.1
LGA,2025-10-13,43.1,0.0,30.5,13.9
LGA,2025-10-14,0.8,0.0,18.7,14.0
LGA,2025-10-15,0.0,0.0,14.7,15.4
LGA,2025-10-16,0.0,0.0,17.5,10.8
LGA,2025-10-17,0.0,0.0,14.8,11.2
LGA,2025-10-18,0.0,0.0,8.2,12.0
LGA,2025-10-19,0.0,0.0,21.0,16.3
LGA,2025-10-20,4.5,0.0,25.0,16.2
LGA,2025-10-21,0.0,0.0,13.8,14.1
LGA,2025-10-22,6.6,0.0,21.2,14.0
LGA,2025-10-23,0.1,0.0,17.8,11.5
LGA,2025-10-24,0.0,0.0,12.8,10.7
LGA,2025-10-25,0.0,0.0,10.6,10.7
LGA,2025-10-26,0.0,0.0,8.1,10.9
LGA,2025-10-27,0.0,0.0,11.0,8.8
LGA,2025-10-28,0.0,0.0,23.1,9.3
LGA,2025-10-29,0.0,0.0,18.3,10.8
LGA,2025-10-30,39.6,0.0,26.9,14.0
LGA,2025-10-31,0.7,0.0,27.9,12.1
LGA,2025-11-01,0.0,0.0,22.5,10.4
LGA,2025-11-02,0.0,0.0,8.3,8.9
LGA,2025-11-03,0.3,0.0,18.1,10.4
LGA,2025-11-04,0.0,0.0,23.2,10.9
LGA,2025-11-05,0.0,0.0,23.0,10.9
LGA,2025-11-06,0.2,0.0,23.5,9.3
LGA,2025-11-07,0.0,0.0,20.7,8.6
LGA,2025-11-08,8.7,0.0,15.1,14.0
LGA,2025-11-09,0.4,0.0,15.3,13.1
LGA,2025-11-10,6.1,0.0,18.0,10.3
LGA,2025-11-11,1.0,0.7,27.5,2.4
LGA,2025-11-12,0.1,0.0,16.2,5.4
LGA,2025-11-13,0.3,0.0,20.4,7.5
LGA,2025-11-14,0.1,0.0,18.4,6.4
LGA,2025-11-15,1.3,0.0,14.8,5.8
LGA,2025-11-16,2.1,0.0,26.3,9.5
LGA,2025-11-17,0.0,0.0,26.7,4.0
LGA,2025-11-18,0.0,0.0,15.2,4.9
LGA,2025-11-19,3.8,0.28,9.6,5.0
LGA,2025-11-20,0.0,0.0,5.9,3.4
LGA,2025-11-21,0.0,0.0,15.2,7.0
LGA,2025-11-22,5.2,0.0,13.7,8.0
LGA,2025-11-23,0.0,0.0,13.2,3.9
LGA,2025-11-24,0.0,0.0,14.0,7.1
LGA,2025-11-25,8.9,0.0,19.5,8.0
LGA,2025-11-26,5.6,0.0,19.9,13.4
LGA,2025-11-27,0.0,0.0,20.0,5.8
LGA,2025-11-28,0.0,0.0,26.0,2.8
LGA,2025-11-29,0.0,0.0,16.4,2.4
LGA,2025-11-30,3.2,0.0,13.6,2.8
LGA,2025-12-01,0.0,0.0,18.2,3.6
LGA,2025-12-02,18.0,0.14,17.9,1.6
LGA,2025-12-03,0.0,0.0,17.1,1.4
LGA,2025-12-04,0.1,0.07,23.3,0.8
LGA,2025-12-05,0.0,0.0,13.6,-3.4
LGA,2025-12-06,0.4,0.28,10.7,0.9
LGA,2025-12-07,0.0,0.0,12.3,1.8
LGA,2025-12-08,0.0,0.0,19.4,-1.7
LGA,2025-12-09,0.0,0.0,16.4,-3.9
LGA,2025-12-10,2.4,0.0,17.8,2.8
LGA,2025-12-11,0.0,0.0,24.8,1.0
LGA,2025-12-12,0.0,0.0,16.9,-1.8
LGA,2025-12-13,0.8,0.56,8.7,-0.4
LGA,2025-12-14,11.1,7.84,19.7,-2.4
LGA,2025-12-15,0.0,0.0,18.4,-6.1
LGA,2025-12-16,0.0,0.0,11.8,-5.3
LGA,2025-12-17,0.0,0.0,14.2,-0.4
LGA,2025-12-18,0.0,0.0,11.7,2.4
LGA,2025-12-19,24.6,0.0,37.1,9.5
LGA,2025-12-20,0.0,0.0,19.5,0.2
LGA,2025-12-21,0.0,0.0,22.5,2.5
LGA,2025-12-22,0.0,0.0,15.1,-0.3
LGA,2025-12-23,3.4,1.68,9.8,1.6
LGA,2025-12-24,0.0,0.0,25.6,3.5
LGA,2025-12-25,0.0,0.0,21.5,2.1
LGA,2025-12-26,6.1,4.27,15.1,-4.3
LGA,2025-12-27,5.2,3.5,17.4,-3.4
LGA,2025-12-28,0.9,0.0,9.7,-5.4
LGA,2025-12-29,3.9,0.0,25.6,3.5
LGA,2025-12-30,0.0,0.0,29.0,-1.2
LGA,2025-12-31,0.0,0.0,16.9,-2.1
DTW,2023-01-01,1.4,0.49,16.9,2.8
DTW,2023-01-02,0.0,0.0,9.8,4.9
DTW,2023-01-03,7.6,0.0,16.1,5.1
DTW,2023-01-04,2.9,0.0,19.6,9.7
DTW,2023-01-05,1.5,0.07,18.6,2.6
DTW,2023-01-06,0.2,0.07,16.9,1.5
DTW,2023-01-07,0.1,0.07,12.6,0.4
DTW,2023-01-08,0.0,0.0,7.7,-2.0
DTW,2023-01-09,0.0,0.0,18.2,-1.3
DTW,2023-01-10,0.0,0.0,9.7,-0.2
DTW,2023-01-11,1.3,0.0,13.0,1.3
DTW,2023-01-12,1.6,0.0,23.5,4.2
DTW,2023-01-13,0.0,0.0,23.1,-1.4
DTW,2023-01-14,0.0,0.0,15.7,-4.5
DTW,2023-01-15,0.0,0.0,11.5,-3.2
DTW,2023-01-16,4.8,0.0,17.6,-0.0
DTW,2023-01-17,0.9,0.0,23.0,5.7
DTW,2023-01-18,0.0,0.0,20.2,3.8
DTW,2023-01-19,18.3,0.49,26.5,4.8
DTW,2023-01-20,1.8,0.0,22.0,2.4
DTW,2023-01-21,0.0,0.0,14.1,-0.4
DTW,2023-01-22,4.5,3.08,7.5,-0.7
DTW,2023-01-23,0.4,0.28,21.4,-0.6
DTW,2023-01-24,0.0,0.0,22.6,-0.7
DTW,2023-01-25,18.6,12.67,18.9,-0.4
DTW,2023-01-26,1.4,0.98,20.9,-0.6
DTW,2023-01-27,1.2,0.84,27.1,-4.1
DTW,2023-01-28,0.2,0.14,26.9,-2.6
DTW,2023-01-29,2.6,0.14,15.1,-0.7
DTW,2023-01-30,1.7,1.19,15.3,-4.9
DTW,2023-01-31,0.0,0.0,12.6,-13.5
DTW,2023-02-01,0.0,0.0,15.5,-11.0
DTW,2023-02-02,0.1,0.07,23.4,-5.8
DTW,2023-02-03,0.1,0.07,20.1,-13.2
DTW,2023-02-04,0.0,0.0,19.2,-8.1
DTW,2023-02-05,0.0,0.0,21.9,2.1
DTW,2023-02-06,0.0,0.0,18.5,-2.2
DTW,2023-02-07,0.1,0.0,28.1,3.7
DTW,2023-02-08,0.0,0.0,13.3,1.7
DTW,2023-02-09,26.8,0.0,33.1,5.8
DTW,2023-02-10,0.5,0.0,28.7,2.1
DTW,2023-02-11,0.0,0.0,16.3,-1.2
DTW,2023-02-12,0.0,0.0,15.0,2.0
DTW,2023-02-13,0.0,0.0,24.6,4.1
DTW,2023-02-14,0.2,0.0,19.4,3.1
DTW,2023-02-15,2.2,0.0,41.6,10.6
DTW,2023-02-16,3.6,0.07,21.5,1.4
DTW,2023-02-17,1.6,0.35,23.7,-4.1
DTW,2023-02-18,0.0,0.0,25.2,-0.2
DTW,2023-02-19,0.0,0.0,30.9,5.3
DTW,2023-02-20,0.0,0.0,15.8,3.4
DTW,2023-02-21,0.1,0.0,31.6,0.8
DTW,2023-02-22,28.3,0.77,26.6,-0.7
DTW,2023-02-23,0.5,0.0,29.2,2.7
DTW,2023-02-24,0.0,0.0,23.1,-2.9
DTW,2023-02-25,1.8,1.26,15.8,-0.8
DTW,2023-02-26,0.0,0.0,18.7,2.1
DTW,2023-02-27,22.3,0.07,29.2,-0.3
DTW,2023-02-28,0.7,0.0,22.5,3.4
DTW,2023-03-01,1.4,0.49,16.5,5.2
DTW,2023-03-02,0.0,0.0,20.8,2.7
DTW,2023-03-03,32.4,20.3,32.8,0.4
DTW,2023-03-04,1.4,0.91,28.9,1.5
DTW,2023-03-05,0.3,0.07,17.1,3.0
DTW,2023-03-06,5.5,1.54,19.9,2.5
DTW,2023-03-07,1.1,0.7,20.4,1.6
DTW,2023-03-08,0.0,0.0,16.5,0.6
DTW,2023-03-09,0.0,0.0,16.6,0.6
DTW,2023-03-10,9.8,6.86,19.8,-0.1
DTW,2023-03-11,0.0,0.0,14.9,-0.3
DTW,2023-03-12,1.4,0.98,12.3,-1.0
DTW,2023-03-13,5.0,3.5,18.6,-0.8
DTW,2023-03-14,0.0,0.0,24.3,-3.2
DTW,2023-03-15,0.0,0.0,14.4,0.0
DTW,2023-03-16,2.2,0.0,22.7,6.1
DTW,2023-03-17,4.5,0.0,29.9,6.1
DTW,2023-03-18,0.1,0.07,31.3,-3.3
DTW,2023-03-19,0.0,0.0,25.0,-1.6
DTW,2023-03-20,0.1,0.0,28.0,2.4
DTW,2023-03-21,0.0,0.0,16.6,6.3
DTW,2023-03-22,1.4,0.0,23.4,7.4
DTW,2023-03-23,6.3,0.0,15.6,8.6
DTW,2023-03-24,0.0,0.0,14.8,2.8
DTW,2023-03-25,10.8,0.0,44.0,4.2
DTW,2023-03-26,0.1,0.0,24.5,5.6
DTW,2023-03-27,4.5,0.0,18.1,4.7
DTW,2023-03-28,0.1,0.0,12.3,3.0
DTW,2023-03-29,0.5,0.0,32.4,2.6
DTW,2023-03-30,0.2,0.0,13.4,0.4
DTW,2023-03-31,16.1,0.0,31.1,9.6
DTW,2023-04-01,13.8,0.0,31.2,8.2
DTW,2023-04-02,0.0,0.0,16.4,1.8
DTW,2023-04-03,13.9,0.0,16.6,9.2
DTW,2023-04-04,0.9,0.0,20.3,10.4
DTW,2023-04-05,15.3,0.0,30.8,16.9
DTW,2023-04-06,0.0,0.0,22.5,6.8
DTW,2023-04-07,0.0,0.0,12.3,4.2
DTW,2023-04-08,0.0,0.0,14.1,3.7
DTW,2023-04-09,0.0,0.0,11.9,6.0
DTW,2023-04-10,0.0,0.0,11.7,9.1
DTW,2023-04-11,0.0,0.0,23.3,14.3
DTW,2023-04-12,0.0,0.0,28.4,18.0
DTW,2023-04-13,0.0,0.0,19.7,18.8
DTW,2023-04-14,0.0,0.0,11.8,17.6
DTW,2023-04-15,0.0,0.0,12.3,18.8
DTW,2023-04-16,5.6,0.0,27.3,14.9
DTW,2023-04-17,2.4,0.14,30.8,3.8
DTW,2023-04-18,0.0,0.0,26.5,4.2
DTW,2023-04-19,0.0,0.0,18.3,5.8
DTW,2023-04-20,0.0,0.0,17.1,12.0
DTW,2023-04-21,4.8,0.0,20.1,12.8
DTW,2023-04-22,4.4,0.0,22.3,8.4
DTW,2023-04-23,1.4,0.0,16.6,4.9
DTW,2023-04-24,0.7,0.07,15.0,4.7
DTW,2023-04-25,5.7,1.19,9.4,3.0
DTW,2023-04-26,0.0,0.0,11.2,5.5
DTW,2023-04-27,0.0,0.0,14.8,7.4
DTW,2023-04-28,11.1,0.0,22.0,8.5
DTW,2023-04-29,7.6,0.0,16.9,11.8
DTW,2023-04-30,7.3,0.0,22.5,8.2
DTW,2023-05-01,4.8,0.21,28.8,5.5
DTW,2023-05-02,3.0,0.0,27.9,3.9
DTW,2023-05-03,0.8,0.0,28.8,7.6
DTW,2023-05-04,0.2,0.0,10.5,9.8
DTW,2023-05-05,0.0,0.0,12.1,11.7
DTW,2023-05-06,0.0,0.0,14.4,12.9
DTW,2023-05-07,3.0,0.0,21.7,16.8
DTW,2023-05-08,1.7,0.0,14.2,13.5
DTW,2023-05-09,0.2,0.0,13.0,14.0
DTW,2023-05-10,0.0,0.0,13.6,15.3
DTW,2023-05-11,0.0,0.0,11.8,17.1
DTW,2023-05-12,0.0,0.0,10.9,18.5
DTW,2023-05-13,0.1,0.0,14.9,18.0
DTW,2023-05-14,0.0,0.0,17.3,14.4
DTW,2023-05-15,0.0,0.0,10.3,14.1
DTW,2023-05-16,0.0,0.0,22.3,16.2
DTW,2023-05-17,0.0,0.0,16.8,10.1
DTW,2023-05-18,0.0,0.0,13.8,9.8
DTW,2023-05-19,15.2,0.0,23.2,15.2
DTW,2023-05-20,3.5,0.0,24.0,13.7
DTW,2023-05-21,0.0,0.0,13.6,16.9
DTW,2023-05-22,0.0,0.0,12.8,17.0
DTW,2023-05-23,0.0,0.0,12.0,17.7
DTW,2023-05-24,0.0,0.0,24.5,15.7
DTW,2023-05-25,0.0,0.0,18.7,11.0
DTW,2023-05-26,0.0,0.0,14.3,13.2
DTW,2023-05-27,0.0,0.0,9.9,16.2
DTW,2023-05-28,0.0,0.0,13.0,19.1
DTW,2023-05-29,0.0,0.0,14.2,21.1
DTW,2023-05-30,0.0,0.0,15.5,22.2
DTW,2023-05-31,0.0,0.0,16.3,23.2
DTW,2023-06-01,0.0,0.0,14.0,23.8
DTW,2023-06-02,0.0,0.0,18.7,25.2
DTW,2023-06-03,0.9,0.0,15.5,24.3
DTW,2023-06-04,0.0,0.0,20.3,19.8
DTW,2023-06-05,0.0,0.0,16.9,20.1
DTW,2023-06-06,0.0,0.0,17.6,20.3
DTW,2023-06-07,0.0,0.0,19.5,17.3
DTW,2023-06-08,0.0,0.0,17.4,17.3
DTW,2023-06-09,0.0,0.0,14.6,18.6
DTW,2023-06-10,0.0,0.0,18.9,21.4
DTW,2023-06-11,11.0,0.0,18.4,17.6
DTW,2023-06-12,0.3,0.0,22.0,15.1
DTW,2023-06-13,5.5,0.0,15.1,14.1
DTW,2023-06-14,0.3,0.0,15.9,16.9
DTW,2023-06-15,13.3,0.0,17.6,17.9
DTW,2023-06-16,1.0,0.0,21.0,17.2
DTW,2023-06-17,0.0,0.0,11.3,19.5
DTW,2023-06-18,0.0,0.0,15.6,20.3
DTW,2023-06-19,0.0,0.0,18.8,20.7
DTW,2023-06-20,0.0,0.0,18.8,23.2
DTW,2023-06-21,0.4,0.0,16.3,23.7
DTW,2023-06-22,0.2,0.0,23.5,21.2
DTW,2023-06-23,4.0,0.0,12.9,20.3
DTW,2023-06-24,1.6,0.0,10.1,22.2
DTW,2023-06-25,24.4,0.0,22.4,22.9
DTW,2023-06-26,9.4,0.0,19.5,20.1
DTW,2023-06-27,0.8,0.0,19.5,19.9
DTW,2023-06-28,0.0,0.0,14.1,19.8
DTW,2023-06-29,0.1,0.0,18.3,22.2
DTW,2023-06-30,0.0,0.0,13.8,25.2
DTW,2023-07-01,4.9,0.0,10.7,23.7
DTW,2023-07-02,17.3,0.0,12.8,22.3
DTW,2023-07-03,0.8,0.0,10.7,23.5
DTW,2023-07-04,0.1,0.0,13.8,24.5
DTW,2023-07-05,0.0,0.0,14.4,26.1
DTW,2023-07-06,3.3,0.0,20.5,24.2
DTW,2023-07-07,0.0,0.0,11.1,22.3
DTW,2023-07-08,8.1,0.0,15.2,21.1
DTW,2023-07-09,0.2,0.0,16.3,20.9
DTW,2023-07-10,0.0,0.0,12.6,23.3
DTW,2023-07-11,0.8,0.0,24.7,24.2
DTW,2023-07-12,6.4,0.0,13.0,21.3
DTW,2023-07-13,8.6,0.0,28.6,21.1
DTW,2023-07-14,3.4,0.0,18.4,21.6
DTW,2023-07-15,7.3,0.0,11.9,21.2
DTW,2023-07-16,0.1,0.0,28.6,22.6
DTW,2023-07-17,0.1,0.0,15.4,21.9
DTW,2023-07-18,0.0,0.0,11.8,20.4
DTW,2023-07-19,0.0,0.0,12.9,21.7
DTW,2023-07-20,3.6,0.0,23.3,23.0
DTW,2023-07-21,0.5,0.0,14.8,21.8
DTW,2023-07-22,0.0,0.0,14.2,22.2
DTW,2023-07-23,4.6,0.0,16.9,21.1
DTW,2023-07-24,0.0,0.0,9.4,23.1
DTW,2023-07-25,0.0,0.0,9.7,24.4
DTW,2023-07-26,35.1,0.0,24.6,24.1
DTW,2023-07-27,1.5,0.0,13.8,24.8
DTW,2023-07-28,0.0,0.0,10.1,25.2
DTW,2023-07-29,1.6,0.0,21.8,23.9
DTW,2023-07-30,0.9,0.0,15.5,21.1
DTW,2023-07-31,0.4,0.0,13.0,20.4
DTW,2023-08-01,0.6,0.0,11.9,20.4
DTW,2023-08-02,0.0,0.0,12.2,22.3
DTW,2023-08-03,0.0,0.0,11.4,23.6
DTW,2023-08-04,0.0,0.0,14.1,24.3
DTW,2023-08-05,0.0,0.0,17.1,21.9
DTW,2023-08-06,16.1,0.0,20.2,21.8
DTW,2023-08-07,0.0,0.0,21.1,20.2
DTW,2023-08-08,0.1,0.0,16.4,21.4
DTW,2023-08-09,0.1,0.0,17.1,22.5
DTW,2023-08-10,1.4,0.0,20.9,22.0
DTW,2023-08-11,6.0,0.0,15.5,20.4
DTW,2023-08-12,1.4,0.0,17.1,22.9
DTW,2023-08-13,1.6,0.0,13.1,21.5
DTW,2023-08-14,7.4,0.0,17.9,21.3
DTW,2023-08-15,20.6,0.0,22.5,19.9
DTW,2023-08-16,0.0,0.0,11.5,20.6
DTW,2023-08-17,12.8,0.0,31.7,19.6
DTW,2023-08-18,0.0,0.0,23.1,18.0
DTW,2023-08-19,0.0,0.0,11.5,18.5
DTW,2023-08-20,0.0,0.0,10.7,23.3
DTW,2023-08-21,0.0,0.0,12.1,23.9
DTW,2023-08-22,0.0,0.0,12.4,19.4
DTW,2023-08-23,21.6,0.0,16.8,22.6
DTW,2023-08-24,19.2,0.0,28.8,24.4
DTW,2023-08-25,0.2,0.0,18.4,23.0
DTW,2023-08-26,0.5,0.0,18.3,21.3
DTW,2023-08-27,0.0,0.0,12.6,17.3
DTW,2023-08-28,0.0,0.0,8.4,17.3
DTW,2023-08-29,0.6,0.0,20.0,19.1
DTW,2023-08-30,0.0,0.0,18.4,16.7
DTW,2023-08-31,0.0,0.0,10.5,15.7
DTW,2023-09-01,0.0,0.0,11.1,17.8
DTW,2023-09-02,0.0,0.0,19.4,21.5
DTW,2023-09-03,0.0,0.0,21.6,25.0
DTW,2023-09-04,0.0,0.0,19.6,26.8
DTW,2023-09-05,0.9,0.0,14.5,25.9
DTW,2023-09-06,1.9,0.0,22.5,24.0
DTW,2023-09-07,1.4,0.0,13.0,21.6
DTW,2023-09-08,0.0,0.0,11.3,18.4
DTW,2023-09-09,0.0,0.0,10.7,18.3
DTW,2023-09-10,0.0,0.0,8.2,18.0
DTW,2023-09-11,0.1,0.0,14.4,18.2
DTW,2023-09-12,7.8,0.0,14.7,18.7
DTW,2023-09-13,0.0,0.0,11.2,15.0
DTW,2023-09-14,0.0,0.0,9.4,14.6
DTW,2023-09-15,0.3,0.0,9.4,15.7
DTW,2023-09-16,0.0,0.0,8.4,15.8
DTW,2023-09-17,4.7,0.0,11.8,16.7
DTW,2023-09-18,0.1,0.0,14.5,15.3
DTW,2023-09-19,0.0,0.0,13.6,15.5
DTW,2023-09-20,0.0,0.0,11.9,18.5
DTW,2023-09-21,0.0,0.0,10.7,19.9
DTW,2023-09-22,0.3,0.0,13.6,19.7
DTW,2023-09-23,0.0,0.0,19.1,16.9
DTW,2023-09-24,0.0,0.0,14.7,17.5
DTW,2023-09-25,8.2,0.0,15.9,18.1
DTW,2023-09-26,1.7,0.0,18.1,17.9
DTW,2023-09-27,6.3,0.0,19.0,17.1
DTW,2023-09-28,11.9,0.0,14.5,16.9
DTW,2023-09-29,0.3,0.0,9.8,18.0
DTW,2023-09-30,0.0,0.0,9.8,17.6
DTW,2023-10-01,0.0,0.0,8.1,18.0
DTW,2023-10-02,0.0,0.0,8.1,19.5
DTW,2023-10-03,0.0,0.0,10.7,20.6
DTW,2023-10-04,0.0,0.0,15.1,21.9
DTW,2023-10-05,14.1,0.0,19.8,19.7
DTW,2023-10-06,1.3,0.0,21.9,15.9
DTW,2023-10-07,0.7,0.0,27.2,9.8
DTW,2023-10-08,0.0,0.0,27.2,8.7
DTW,2023-10-09,0.0,0.0,23.4,8.5
DTW,2023-10-10,1.1,0.0,15.7,8.8
DTW,2023-10-11,0.0,0.0,14.0,11.2
DTW,2023-10-12,0.0,0.0,16.4,12.1
DTW,2023-10-13,1.9,0.0,18.9,11.3
DTW,2023-10-14,28.6,0.0,25.1,9.6
DTW,2023-10-15,0.5,0.0,22.3,9.4
DTW,2023-10-16,0.0,0.0,20.3,10.0
DTW,2023-10-17,0.0,0.0,11.2,9.5
DTW,2023-10-18,0.1,0.0,20.6,10.7
DTW,2023-10-19,3.9,0.0,19.2,11.7
DTW,2023-10-20,5.7,0.0,19.5,11.8
DTW,2023-10-21,0.0,0.0,17.6,9.6
DTW,2023-10-22,0.2,0.0,17.9,6.7
DTW,2023-10-23,0.0,0.0,16.3,7.2
DTW,2023-10-24,0.0,0.0,20.4,15.3
DTW,2023-10-25,4.2,0.0,19.1,17.4
DTW,2023-10-26,1.3,0.0,22.4,18.8
DTW,2023-10-27,0.7,0.0,25.8,20.2
DTW,2023-10-28,0.2,0.0,20.2,12.0
DTW,2023-10-29,9.6,0.0,16.1,7.8
DTW,2023-10-30,6.0,0.0,20.3,5.1
DTW,2023-10-31,0.3,0.35,18.4,1.0
DTW,2023-11-01,0.0,0.0,18.6,1.2
DTW,2023-11-02,0.0,0.0,21.5,3.9
DTW,2023-11-03,0.0,0.0,24.1,8.9
DTW,2023-11-04,1.3,0.0,13.8,10.0
DTW,2023-11-05,0.0,0.0,9.5,7.0
DTW,2023-11-06,3.6,0.0,28.1,10.5
DTW,2023-11-07,0.0,0.0,21.6,10.1
DTW,2023-11-08,13.9,0.0,21.4,5.8
DTW,2023-11-09,1.3,0.0,21.2,8.8
DTW,2023-11-10,0.1,0.0,19.9,7.3
DTW,2023-11-11,0.0,0.0,11.7,4.2
DTW,2023-11-12,0.0,0.0,13.0,3.9
DTW,2023-11-13,0.0,0.0,23.5,8.0
DTW,2023-11-14,0.0,0.0,11.4,5.0
DTW,2023-11-15,0.0,0.0,15.0,7.2
DTW,2023-11-16,0.0,0.0,22.5,9.1
DTW,2023-11-17,1.1,0.0,23.4,10.5
DTW,2023-11-18,0.0,0.0,15.9,2.9
DTW,2023-11-19,0.0,0.0,12.1,4.3
DTW,2023-11-20,0.0,0.0,21.5,2.4
DTW,2023-11-21,13.3,0.0,18.4,7.0
DTW,2023-11-22,0.0,0.0,17.6,5.0
DTW,2023-11-23,0.0,0.0,16.4,4.4
DTW,2023-11-24,0.0,0.0,15.9,-2.1
DTW,2023-11-25,0.0,0.0,8.1,-2.1
DTW,2023-11-26,3.1,1.61,16.2,-0.4
DTW,2023-11-27,1.0,0.7,26.5,-0.9
DTW,2023-11-28,2.0,1.47,23.2,-3.9
DTW,2023-11-29,0.0,0.0,20.7,-2.8
DTW,2023-11-30,0.0,0.0,23.2,3.6
DTW,2023-12-01,11.5,0.0,16.6,4.8
DTW,2023-12-02,2.0,0.0,11.5,4.5
DTW,2023-12-03,2.6,0.14,22.0,4.2
DTW,2023-12-04,0.9,0.0,17.0,3.1
DTW,2023-12-05,1.6,0.0,9.4,1.7
DTW,2023-12-06,0.1,0.0,16.4,0.7
DTW,2023-12-07,0.0,0.0,21.4,3.7
DTW,2023-12-08,0.0,0.0,18.7,7.0
DTW,2023-12-09,2.9,0.0,33.1,11.3
DTW,2023-12-10,0.3,0.0,19.1,3.5
DTW,2023-12-11,0.0,0.0,17.9,-0.0
DTW,2023-12-12,0.0,0.0,25.3,0.3
DTW,2023-12-13,0.0,0.0,12.0,-1.1
DTW,2023-12-14,0.0,0.0,16.8,1.3
DTW,2023-12-15,0.0,0.0,13.7,4.4
DTW,2023-12-16,0.0,0.0,13.8,4.8
DTW,2023-12-17,11.0,0.0,15.9,6.9
DTW,2023-12-18,2.8,1.19,29.6,2.1
DTW,2023-12-19,0.0,0.0,26.0,-1.7
DTW,2023-12-20,0.0,0.0,15.3,0.0
DTW,2023-12-21,0.0,0.0,12.0,2.8
DTW,2023-12-22,0.0,0.0,9.2,3.4
DTW,2023-12-23,9.2,0.0,12.1,6.0
DTW,2023-12-24,0.4,0.0,12.7,6.9
DTW,2023-12-25,0.8,0.0,17.1,8.2
DTW,2023-12-26,3.2,0.0,15.6,9.7
DTW,2023-12-27,2.1,0.0,16.9,7.6
DTW,2023-12-28,8.2,0.0,14.1,5.9
DTW,2023-12-29,1.8,0.0,14.3,4.1
DTW,2023-12-30,0.1,0.0,16.9,2.3
DTW,2023-12-31,0.8,0.14,12.3,1.1
DTW,2024-01-01,0.0,0.0,17.8,-0.0
DTW,2024-01-02,0.0,0.0,20.1,-0.4
DTW,2024-01-03,0.3,0.21,15.2,0.9
DTW,2024-01-04,0.0,0.0,16.8,-3.6
DTW,2024-01-05,0.0,0.0,14.3,-3.2
DTW,2024-01-06,0.9,0.56,12.6,-0.6
DTW,2024-01-07,1.3,0.77,12.6,0.2
DTW,2024-01-08,0.0,0.0,14.8,0.3
DTW,2024-01-09,26.6,5.39,22.9,2.8
DTW,2024-01-10,1.3,0.35,31.0,1.9
DTW,2024-01-11,2.6,1.82,23.1,1.1
DTW,2024-01-12,20.1,11.41,28.1,0.4
DTW,2024-01-13,2.6,1.19,33.6,-2.6
DTW,2024-01-14,1.0,0.7,29.7,-15.3
DTW,2024-01-15,0.0,0.0,18.1,-17.6
DTW,2024-01-16,1.1,0.77,22.1,-14.6
DTW,2024-01-17,0.0,0.0,26.0,-13.1
DTW,2024-01-18,2.9,1.96,15.6,-5.8
DTW,2024-01-19,4.2,2.94,17.7,-8.4
DTW,2024-01-20,0.0,0.0,22.7,-12.9
DTW,2024-01-21,0.0,0.0,17.6,-9.5
DTW,2024-01-22,0.6,0.07,21.4,-5.3
DTW,2024-01-23,10.9,0.0,12.3,0.7
DTW,2024-01-24,8.0,0.0,7.9,1.5
DTW,2024-01-25,1.0,0.0,15.8,2.6
DTW,2024-01-26,25.8,0.0,18.0,4.0
DTW,2024-01-27,0.3,0.0,13.9,2.4
DTW,2024-01-28,12.8,4.06,23.9,2.0
DTW,2024-01-29,0.0,0.0,12.9,0.6
DTW,2024-01-30,5.8,3.71,15.0,-1.2
DTW,2024-01-31,0.0,0.0,19.2,1.0
DTW,2024-02-01,0.0,0.0,18.5,2.8
DTW,2024-02-02,0.0,0.0,17.5,0.2
DTW,2024-02-03,0.0,0.0,8.8,-1.8
DTW,2024-02-04,0.0,0.0,9.0,-0.9
DTW,2024-02-05,0.0,0.0,14.5,-0.2
DTW,2024-02-06,0.0,0.0,10.1,-1.2
DTW,2024-02-07,0.0,0.0,10.0,0.8
DTW,2024-02-08,0.2,0.0,22.7,6.6
DTW,2024-02-09,0.5,0.0,30.6,11.7
DTW,2024-02-10,0.2,0.0,18.2,5.5
DTW,2024-02-11,0.0,0.0,12.2,-0.2
DTW,2024-02-12,0.0,0.0,9.6,-0.7
DTW,2024-02-13,0.0,0.0,17.2,-0.3
DTW,2024-02-14,0.0,0.0,11.8,-1.2
DTW,2024-02-15,2.4,1.61,32.7,0.8
DTW,2024-02-16,0.0,0.0,20.5,-2.0
DTW,2024-02-17,0.4,0.28,27.5,-4.6
DTW,2024-02-18,0.0,0.0,29.6,-2.2
DTW,2024-02-19,0.0,0.0,11.8,-1.9
DTW,2024-02-20,0.0,0.0,14.0,0.7
DTW,2024-02-21,0.6,0.0,21.9,6.1
DTW,2024-02-22,0.2,0.0,13.8,7.6
DTW,2024-02-23,0.0,0.0,19.1,3.1
DTW,2024-02-24,0.0,0.0,18.7,-4.0
DTW,2024-02-25,0.0,0.0,25.9,2.0
DTW,2024-02-26,0.0,0.0,13.9,5.7
DTW,2024-02-27,6.2,0.0,23.7,14.3
DTW,2024-02-28,9.0,0.0,34.3,4.8
DTW,2024-02-29,0.0,0.0,16.9,-2.3
DTW,2024-03-01,0.1,0.0,15.6,1.8
DTW,2024-03-02,0.0,0.0,11.1,5.9
DTW,2024-03-03,0.0,0.0,20.1,6.6
DTW,2024-03-04,0.0,0.0,23.2,13.3
DTW,2024-03-05,5.6,0.0,16.0,12.5
DTW,2024-03-06,0.0,0.0,17.3,6.2
DTW,2024-03-07,0.0,0.0,13.7,5.4
DTW,2024-03-08,9.7,0.0,13.5,5.8
DTW,2024-03-09,10.8,0.0,23.7,8.5
DTW,2024-03-10,1.1,0.77,34.1,1.2
DTW,2024-03-11,0.0,0.0,22.7,5.0
DTW,2024-03-12,0.0,0.0,21.7,12.3
DTW,2024-03-13,0.0,0.0,18.3,13.9
DTW,2024-03-14,10.6,0.0,24.5,10.2
DTW,2024-03-15,0.1,0.0,18.4,7.4
DTW,2024-03-16,0.6,0.0,34.5,6.5
DTW,2024-03-17,0.3,0.14,23.7,2.8
DTW,2024-03-18,0.1,0.14,20.2,-0.5
DTW,2024-03-19,0.0,0.0,34.2,1.8
DTW,2024-03-20,0.3,0.21,29.2,0.5
DTW,2024-03-21,0.0,0.0,12.3,-2.6
DTW,2024-03-22,3.4,2.38,17.1,-0.6
DTW,2024-03-23,0.0,0.0,19.1,-1.2
DTW,2024-03-24,0.0,0.0,18.7,-0.9
DTW,2024-03-25,0.0,0.0,22.4,7.3
DTW,2024-03-26,8.2,0.0,33.6,11.0
DTW,2024-03-27,0.0,0.0,23.0,3.8
DTW,2024-03-28,0.0,0.0,25.7,2.2
DTW,2024-03-29,0.0,0.0,11.5,3.2
DTW,2024-03-30,3.5,0.0,13.3,4.4
DTW,2024-03-31,0.0,0.0,10.3,5.7
DTW,2024-04-01,6.6,0.0,19.2,6.5
DTW,2024-04-02,10.6,0.0,25.3,7.2
DTW,2024-04-03,0.4,0.0,23.9,5.3
DTW,2024-04-04,1.9,0.14,15.9,4.6
DTW,2024-04-05,0.1,0.07,26.7,4.3
DTW,2024-04-06,0.0,0.0,16.4,6.5
DTW,2024-04-07,0.0,0.0,18.4,6.5
DTW,2024-04-08,2.3,0.0,16.8,12.7
DTW,2024-04-09,0.0,0.0,25.0,14.5
DTW,2024-04-10,0.0,0.0,14.5,12.1
DTW,2024-04-11,25.3,0.0,21.4,11.3
DTW,2024-04-12,8.4,0.0,36.6,8.6
DTW,2024-04-13,0.0,0.0,25.3,10.1
DTW,2024-04-14,0.0,0.0,24.4,16.3
DTW,2024-04-15,0.0,0.0,15.2,12.0
DTW,2024-04-16,0.0,0.0,18.8,12.3
DTW,2024-04-17,16.2,0.0,28.1,15.5
DTW,2024-04-18,0.2,0.0,20.4,13.7
DTW,2024-04-19,12.6,0.0,23.0,10.9
DTW,2024-04-20,0.0,0.0,23.8,5.6
DTW,2024-04-21,0.0,0.0,18.9,6.4
DTW,2024-04-22,0.0,0.0,21.5,8.8
DTW,2024-04-23,3.9,0.0,32.5,10.7
DTW,2024-04-24,1.3,0.0,23.5,6.5
DTW,2024-04-25,0.0,0.0,14.6,4.2
DTW,2024-04-26,0.0,0.0,16.3,8.8
DTW,2024-04-27,2.8,0.0,29.8,18.2
DTW,2024-04-28,8.9,0.0,26.9,20.2
DTW,2024-04-29,10.7,0.0,27.8,19.3
DTW,2024-04-30,3.4,0.0,20.1,16.6
DTW,2024-05-01,0.0,0.0,27.5,16.9
DTW,2024-05-02,0.0,0.0,12.8,15.2
DTW,2024-05-03,3.7,0.0,11.2,16.5
DTW,2024-05-04,0.5,0.0,16.0,17.1
DTW,2024-05-05,1.4,0.0,15.6,17.1
DTW,2024-05-06,0.0,0.0,16.5,13.5
DTW,2024-05-07,4.9,0.0,18.6,14.1
DTW,2024-05-08,0.0,0.0,23.9,18.2
DTW,2024-05-09,9.6,0.0,17.0,11.2
DTW,2024-05-10,0.0,0.0,18.6,12.6
DTW,2024-05-11,7.2,0.0,28.0,12.5
DTW,2024-05-12,0.0,0.0,15.0,13.5
DTW,2024-05-13,0.0,0.0,24.0,19.8
DTW,2024-05-14,0.3,0.0,16.1,16.8
DTW,2024-05-15,1.4,0.0,15.1,15.6
DTW,2024-05-16,0.1,0.0,13.1,16.6
DTW,2024-05-17,13.9,0.0,10.1,18.2
DTW,2024-05-18,0.1,0.0,12.1,18.9
DTW,2024-05-19,1.3,0.0,13.8,21.1
DTW,2024-05-20,17.4,0.0,15.9,21.4
DTW,2024-05-21,0.1,0.0,19.9,23.6
DTW,2024-05-22,1.4,0.0,29.6,24.9
DTW,2024-05-23,0.0,0.0,16.8,20.4
DTW,2024-05-24,0.0,0.0,12.8,19.9
DTW,2024-05-25,1.1,0.0,19.3,22.0
DTW,2024-05-26,14.5,0.0,23.5,19.0
DTW,2024-05-27,2.8,0.0,30.6,17.7
DTW,2024-05-28,5.1,0.0,19.1,16.8
DTW,2024-05-29,4.7,0.0,20.2,15.5
DTW,2024-05-30,0.0,0.0,9.8,14.2
DTW,2024-05-31,0.0,0.0,12.6,16.5
DTW,2024-06-01,0.7,0.0,17.4,18.4
DTW,2024-06-02,5.7,0.0,16.0,19.9
DTW,2024-06-03,0.0,0.0,11.4,19.5
DTW,2024-06-04,0.1,0.0,14.7,22.3
DTW,2024-06-05,14.5,0.0,21.6,22.8
DTW,2024-06-06,0.1,0.0,31.2,20.3
DTW,2024-06-07,0.2,0.0,28.3,17.5
DTW,2024-06-08,3.2,0.0,19.7,18.1
DTW,2024-06-09,2.3,0.0,31.6,17.4
DTW,2024-06-10,0.0,0.0,17.7,14.4
DTW,2024-06-11,0.0,0.0,11.6,15.4
DTW,2024-06-12,0.7,0.0,18.4,21.4
DTW,2024-06-13,0.0,0.0,29.1,24.8
DTW,2024-06-14,0.0,0.0,17.9,22.3
DTW,2024-06-15,0.0,0.0,14.8,19.1
DTW,2024-06-16,0.0,0.0,18.4,22.0
DTW,2024-06-17,0.0,0.0,20.6,27.5
DTW,2024-06-18,0.0,0.0,18.0,27.6
DTW,2024-06-19,1.0,0.0,12.2,27.4
DTW,2024-06-20,4.2,0.0,8.1,26.0
DTW,2024-06-21,8.8,0.0,12.8,24.6
DTW,2024-06-22,0.1,0.0,23.0,27.4
DTW,2024-06-23,4.7,0.0,25.0,25.3
DTW,2024-06-24,0.4,0.0,11.5,22.1
DTW,2024-06-25,6.0,0.0,30.8,22.6
DTW,2024-06-26,0.7,0.0,20.9,23.8
DTW,2024-06-27,0.1,0.0,16.0,19.2
DTW,2024-06-28,0.2,0.0,15.4,19.5
DTW,2024-06-29,17.9,0.0,24.3,25.2
DTW,2024-06-30,0.0,0.0,20.6,19.9
DTW,2024-07-01,0.0,0.0,12.0,17.6
DTW,2024-07-02,0.0,0.0,15.1,20.6
DTW,2024-07-03,1.1,0.0,21.9,25.1
DTW,2024-07-04,0.1,0.0,10.2,23.9
DTW,2024-07-05,10.2,0.0,13.4,22.0
DTW,2024-07-06,2.0,0.0,16.7,22.3
DTW,2024-07-07,0.0,0.0,13.0,22.5
DTW,2024-07-08,0.1,0.0,14.0,25.3
DTW,2024-07-09,5.5,0.0,10.7,23.4
DTW,2024-07-10,41.6,0.0,27.4,21.1
DTW,2024-07-11,0.3,0.0,16.3,22.3
DTW,2024-07-12,5.2,0.0,19.2,22.2
DTW,2024-07-13,0.0,0.0,8.1,23.9
DTW,2024-07-14,1.8,0.0,21.2,24.5
DTW,2024-07-15,4.6,0.0,23.7,25.4
DTW,2024-07-16,5.0,0.0,30.4,25.9
DTW,2024-07-17,0.1,0.0,17.8,23.6
DTW,2024-07-18,0.0,0.0,14.5,19.4
DTW,2024-07-19,0.0,0.0,8.4,20.1
DTW,2024-07-20,0.0,0.0,9.9,20.7
DTW,2024-07-21,0.8,0.0,11.8,22.4
DTW,2024-07-22,2.1,0.0,10.0,21.9
DTW,2024-07-23,2.8,0.0,10.5,22.9
DTW,2024-07-24,4.4,0.0,17.0,22.6
DTW,2024-07-25,0.3,0.0,11.0,20.9
DTW,2024-07-26,0.0,0.0,10.8,20.3
DTW,2024-07-27,0.0,0.0,12.3,21.2
DTW,2024-07-28,0.0,0.0,14.0,23.8
DTW,2024-07-29,4.2,0.0,17.6,24.7
DTW,2024-07-30,0.9,0.0,19.1,24.8
DTW,2024-07-31,0.1,0.0,15.4,26.3
DTW,2024-08-01,2.3,0.0,12.6,25.2
DTW,2024-08-02,8.7,0.0,11.5,23.9
DTW,2024-08-03,0.0,0.0,15.1,25.5
DTW,2024-08-04,0.0,0.0,11.0,25.3
DTW,2024-08-05,17.7,0.0,16.9,24.2
DTW,2024-08-06,20.2,0.0,20.7,19.7
DTW,2024-08-07,0.0,0.0,23.1,20.6
DTW,2024-08-08,0.0,0.0,11.7,22.0
DTW,2024-08-09,0.0,0.0,18.5,21.7
DTW,2024-08-10,0.0,0.0,24.2,19.1
DTW,2024-08-11,0.2,0.0,22.0,19.7
DTW,2024-08-12,0.6,0.0,16.9,20.5
DTW,2024-08-13,0.2,0.0,9.2,21.7
DTW,2024-08-14,0.0,0.0,12.9,22.0
DTW,2024-08-15,0.9,0.0,13.5,22.0
DTW,2024-08-16,6.2,0.0,15.1,22.4
DTW,2024-08-17,4.6,0.0,18.9,22.8
DTW,2024-08-18,4.2,0.0,18.0,21.6
DTW,2024-08-19,0.0,0.0,21.7,18.9
DTW,2024-08-20,0.0,0.0,18.4,16.8
DTW,2024-08-21,0.0,0.0,17.0,16.7
DTW,2024-08-22,0.0,0.0,14.0,17.5
DTW,2024-08-23,0.0,0.0,10.6,19.6
DTW,2024-08-24,0.0,0.0,12.2,21.8
DTW,2024-08-25,10.8,0.0,9.9,23.6
DTW,2024-08-26,0.0,0.0,15.5,26.3
DTW,2024-08-27,1.1,0.0,19.0,26.3
DTW,2024-08-28,2.6,0.0,16.8,25.4
DTW,2024-08-29,0.7,0.0,11.5,21.7
DTW,2024-08-30,1.5,0.0,14.0,24.9
DTW,2024-08-31,0.0,0.0,11.3,23.8
DTW,2024-09-01,0.0,0.0,18.5,21.5
DTW,2024-09-02,0.0,0.0,17.2,17.0
DTW,2024-09-03,0.0,0.0,7.6,16.4
DTW,2024-09-04,0.0,0.0,13.5,18.5
DTW,2024-09-05,0.6,0.0,19.7,21.5
DTW,2024-09-06,0.7,0.0,20.0,19.6
DTW,2024-09-07,0.2,0.0,21.5,13.1
DTW,2024-09-08,0.0,0.0,20.5,14.4
DTW,2024-09-09,0.0,0.0,22.8,19.0
DTW,2024-09-10,0.0,0.0,8.7,18.9
DTW,2024-09-11,0.0,0.0,11.0,21.1
DTW,2024-09-12,0.0,0.0,12.0,21.8
DTW,2024-09-13,0.0,0.0,14.6,21.8
DTW,2024-09-14,0.0,0.0,15.3,21.5
DTW,2024-09-15,0.0,0.0,12.8,21.5
DTW,2024-09-16,0.0,0.0,15.0,20.6
DTW,2024-09-17,0.0,0.0,11.8,19.5
DTW,2024-09-18,0.0,0.0,13.5,21.1
DTW,2024-09-19,0.3,0.0,10.7,21.2
DTW,2024-09-20,0.0,0.0,11.5,22.0
DTW,2024-09-21,0.0,0.0,11.8,22.8
DTW,2024-09-22,9.0,0.0,15.8,21.0
DTW,2024-09-23,0.2,0.0,20.3,19.0
DTW,2024-09-24,10.7,0.0,11.9,18.2
DTW,2024-09-25,0.6,0.0,16.3,19.7
DTW,2024-09-26,0.0,0.0,12.9,18.5
DTW,2024-09-27,0.1,0.0,28.9,19.1
DTW,2024-09-28,8.4,0.0,24.1,19.3
DTW,2024-09-29,1.6,0.0,18.6,20.1
DTW,2024-09-30,0.0,0.0,15.8,19.3
DTW,2024-10-01,1.3,0.0,22.9,17.9
DTW,2024-10-02,0.0,0.0,11.8,13.8
DTW,2024-10-03,0.0,0.0,10.8,15.7
DTW,2024-10-04,0.2,0.0,10.9,16.2
DTW,2024-10-05,0.0,0.0,14.9,14.5
DTW,2024-10-06,0.0,0.0,28.4,19.1
DTW,2024-10-07,0.0,0.0,16.2,12.9
DTW,2024-10-08,0.0,0.0,18.0,13.5
DTW,2024-10-09,0.0,0.0,15.1,11.2
DTW,2024-10-10,0.0,0.0,10.6,10.5
DTW,2024-10-11,0.0,0.0,19.9,15.1
DTW,2024-10-12,11.2,0.0,18.4,15.0
DTW,2024-10-13,17.4,0.0,15.2,11.2
DTW,2024-10-14,2.8,0.0,18.1,8.8
DTW,2024-10-15,0.0,0.0,21.8,6.7
DTW,2024-10-16,0.0,0.0,19.6,6.9
DTW,2024-10-17,0.0,0.0,9.8,7.9
DTW,2024-10-18,0.0,0.0,11.6,9.0
DTW,2024-10-19,0.0,0.0,10.9,11.3
DTW,2024-10-20,0.0,0.0,15.6,13.8
DTW,2024-10-21,0.0,0.0,14.4,16.7
DTW,2024-10-22,0.0,0.0,20.8,15.9
DTW,2024-10-23,0.1,0.0,22.4,16.6
DTW,2024-10-24,0.0,0.0,8.8,8.6
DTW,2024-10-25,2.2,0.0,18.5,11.4
DTW,2024-10-26,0.0,0.0,19.4,8.3
DTW,2024-10-27,0.5,0.0,9.6,6.9
DTW,2024-10-28,0.0,0.0,14.5,8.2
DTW,2024-10-29,2.7,0.0,28.1,18.2
DTW,2024-10-30,0.0,0.0,27.8,20.8
DTW,2024-10-31,2.9,0.0,32.7,19.5
DTW,2024-11-01,0.0,0.0,27.7,9.5
DTW,2024-11-02,0.0,0.0,10.0,6.5
DTW,2024-11-03,0.0,0.0,19.3,9.8
DTW,2024-11-04,2.1,0.0,28.4,17.2
DTW,2024-11-05,0.0,0.0,37.1,20.3
DTW,2024-11-06,6.2,0.0,28.0,16.9
DTW,2024-11-07,0.0,0.0,12.3,10.4
DTW,2024-11-08,0.0,0.0,18.9,10.0
DTW,2024-11-09,0.0,0.0,15.8,7.5
DTW,2024-11-10,14.0,0.0,23.5,12.3
DTW,2024-11-11,0.0,0.0,29.4,10.8
DTW,2024-11-12,0.0,0.0,19.8,5.8
DTW,2024-11-13,0.0,0.0,18.0,6.5
DTW,2024-11-14,11.6,0.0,19.0,8.4
DTW,2024-11-15,0.0,0.0,16.3,9.4
DTW,2024-11-16,0.0,0.0,9.5,8.3
DTW,2024-11-17,3.6,0.0,13.9,8.7
DTW,2024-11-18,1.0,0.0,11.7,10.2
DTW,2024-11-19,2.9,0.0,20.4,12.9
DTW,2024-11-20,6.4,0.0,24.9,6.7
DTW,2024-11-21,4.9,3.01,17.5,1.9
DTW,2024-11-22,0.3,0.0,28.5,4.6
DTW,2024-11-23,0.0,0.0,19.5,6.8
DTW,2024-11-24,0.0,0.0,13.5,5.8
DTW,2024-11-25,4.8,0.0,19.0,7.8
DTW,2024-11-26,0.5,0.0,22.7,4.7
DTW,2024-11-27,0.1,0.0,15.0,2.7
DTW,2024-11-28,0.5,0.14,19.4,2.0
DTW,2024-11-29,2.1,1.54,23.8,-1.9
DTW,2024-11-30,0.1,0.07,23.3,-4.3
DTW,2024-12-01,0.0,0.0,19.6,-3.3
DTW,2024-12-02,0.0,0.0,15.3,-2.4
DTW,2024-12-03,0.0,0.0,19.1,-1.5
DTW,2024-12-04,0.7,0.49,32.1,-0.8
DTW,2024-12-05,0.7,0.49,32.2,-3.4
DTW,2024-12-06,0.0,0.0,21.6,-3.7
DTW,2024-12-07,0.0,0.0,27.9,0.1
DTW,2024-12-08,0.0,0.0,26.9,5.3
DTW,2024-12-09,12.2,0.0,18.8,6.6
DTW,2024-12-10,0.0,0.0,11.9,5.5
DTW,2024-12-11,0.4,0.28,23.7,0.4
DTW,2024-12-12,0.8,0.56,28.8,-8.0
DTW,2024-12-13,0.0,0.0,12.5,-9.4
DTW,2024-12-14,0.0,0.0,16.3,-4.1
DTW,2024-12-15,13.6,0.0,18.3,2.6
DTW,2024-12-16,4.0,0.0,28.1,6.5
DTW,2024-12-17,0.0,0.0,22.0,4.3
DTW,2024-12-18,0.6,0.21,14.7,1.6
DTW,2024-12-19,0.4,0.28,13.3,-0.7
DTW,2024-12-20,2.9,1.96,20.2,-0.3
DTW,2024-12-21,0.0,0.0,16.9,-5.2
DTW,2024-12-22,0.0,0.0,12.6,-6.8
DTW,2024-12-23,2.7,0.77,19.6,-1.1
DTW,2024-12-24,0.0,0.0,12.2,1.2
DTW,2024-12-25,0.1,0.0,9.0,0.6
DTW,2024-12-26,0.0,0.0,12.7,2.3
DTW,2024-12-27,2.8,0.0,16.2,4.1
DTW,2024-12-28,0.6,0.0,23.8,10.0
DTW,2024-12-29,30.5,0.0,24.1,6.3
DTW,2024-12-30,5.4,0.14,30.2,4.3
DTW,2024-12-31,7.0,1.75,25.8,1.6
DTW,2025-01-01,1.3,0.91,22.8,0.5
DTW,2025-01-02,0.7,0.49,22.2,-2.0
DTW,2025-01-03,1.2,0.84,25.9,-3.1
DTW,2025-01-04,0.0,0.0,24.8,-6.2
DTW,2025-01-05,0.0,0.0,18.8,-7.2
DTW,2025-01-06,0.6,0.42,22.7,-5.0
DTW,2025-01-07,0.0,0.0,19.1,-4.9
DTW,2025-01-08,0.3,0.21,17.9,-5.1
DTW,2025-01-09,0.0,0.0,9.8,-7.9
DTW,2025-01-10,4.2,2.94,13.2,-5.7
DTW,2025-01-11,1.6,1.12,16.5,-3.3
DTW,2025-01-12,1.9,1.26,21.4,-2.1
DTW,2025-01-13,0.3,0.21,22.7,-5.1
DTW,2025-01-14,0.7,0.49,19.3,-9.9
DTW,2025-01-15,0.0,0.0,20.4,-9.0
DTW,2025-01-16,0.9,0.7,20.2,-5.2
DTW,2025-01-17,0.1,0.07,22.7,-0.8
DTW,2025-01-18,6.4,0.49,22.8,-0.8
DTW,2025-01-19,0.2,0.21,16.3,-9.5
DTW,2025-01-20,0.0,0.0,22.3,-16.0
DTW,2025-01-21,0.4,0.28,19.9,-17.3
DTW,2025-01-22,0.6,0.42,19.6,-17.7
DTW,2025-01-23,1.9,1.33,17.3,-7.5
DTW,2025-01-24,0.3,0.21,14.6,-10.4
DTW,2025-01-25,0.0,0.0,24.7,-5.9
DTW,2025-01-26,0.0,0.0,21.9,-3.9
DTW,2025-01-27,0.0,0.0,29.4,-4.7
DTW,2025-01-28,0.0,0.0,30.6,-0.1
DTW,2025-01-29,0.4,0.21,27.3,0.6
DTW,2025-01-30,0.0,0.0,15.9,-2.0
DTW,2025-01-31,19.9,0.28,22.9,1.5
DTW,2025-02-01,0.0,0.0,18.3,-5.0
DTW,2025-02-02,1.6,1.12,15.9,-2.7
DTW,2025-02-03,0.3,0.0,17.4,2.1
DTW,2025-02-04,0.0,0.0,17.0,-3.2
DTW,2025-02-05,0.2,0.14,14.2,-5.9
DTW,2025-02-06,2.2,0.14,28.1,-0.6
DTW,2025-02-07,0.0,0.0,29.8,-4.7
DTW,2025-02-08,2.1,1.33,15.4,-4.2
DTW,2025-02-09,0.4,0.21,17.5,-3.9
DTW,2025-02-10,0.0,0.0,18.6,-6.2
DTW,2025-02-11,0.0,0.0,11.2,-5.9
DTW,2025-02-12,4.3,3.01,21.7,-4.8
DTW,2025-02-13,4.8,3.36,23.4,-4.5
DTW,2025-02-14,0.0,0.0,17.2,-8.9
DTW,2025-02-15,4.5,2.94,12.2,-1.8
DTW,2025-02-16,6.7,4.69,26.1,-3.1
DTW,2025-02-17,0.9,0.63,26.7,-9.3
DTW,2025-02-18,0.0,0.0,17.5,-14.0
DTW,2025-02-19,0.0,0.0,11.9,-12.1
DTW,2025-02-20,1.4,0.98,17.3,-8.9
DTW,2025-02-21,0.0,0.0,14.8,-5.2
DTW,2025-02-22,0.0,0.0,20.3,-6.3
DTW,2025-02-23,0.0,0.0,15.4,-3.1
DTW,2025-02-24,0.0,0.0,29.3,1.8
DTW,2025-02-25,0.3,0.0,14.0,4.2
DTW,2025-02-26,4.9,0.63,13.4,0.3
DTW,2025-02-27,6.3,1.75,22.3,3.1
DTW,2025-02-28,0.1,0.0,34.9,4.5
DTW,2025-03-01,0.1,0.0,26.9,-3.4
DTW,2025-03-02,0.0,0.0,16.5,-4.2
DTW,2025-03-03,0.7,0.49,17.3,-0.3
DTW,2025-03-04,4.6,0.0,16.2,4.3
DTW,2025-03-05,18.8,0.0,29.4,7.6
DTW,2025-03-06,0.3,0.21,31.0,-0.7
DTW,2025-03-07,1.7,0.63,15.9,0.7
DTW,2025-03-08,0.0,0.0,17.0,-0.9
DTW,2025-03-09,0.0,0.0,22.6,5.7
DTW,2025-03-10,0.0,0.0,22.1,9.1
DTW,2025-03-11,0.0,0.0,20.3,8.0
DTW,2025-03-12,0.0,0.0,17.2,2.0
DTW,2025-03-13,0.0,0.0,6.8,3.5
DTW,2025-03-14,0.0,0.0,17.8,9.6
DTW,2025-03-15,8.6,0.0,35.8,16.6
DTW,2025-03-16,8.7,0.0,26.3,9.7
DTW,2025-03-17,0.0,0.0,21.0,1.3
DTW,2025-03-18,0.0,0.0,20.7,10.4
DTW,2025-03-19,2.4,0.0,25.1,16.2
DTW,2025-03-20,4.6,0.14,26.6,6.5
DTW,2025-03-21,0.0,0.0,27.3,3.7
DTW,2025-03-22,0.0,0.0,24.0,4.4
DTW,2025-03-23,5.2,1.4,20.5,0.6
DTW,2025-03-24,0.3,0.0,32.7,3.3
DTW,2025-03-25,0.0,0.0,24.1,2.0
DTW,2025-03-26,0.0,0.0,15.8,1.1
DTW,2025-03-27,0.0,0.0,22.8,4.5
DTW,2025-03-28,2.5,0.0,28.7,11.5
DTW,2025-03-29,4.1,0.0,30.1,17.7
DTW,2025-03-30,12.5,0.0,24.5,16.5
DTW,2025-03-31,0.5,0.0,21.5,7.8
DTW,2025-04-01,0.0,0.0,19.8,1.1
DTW,2025-04-02,30.8,1.19,25.3,5.6
DTW,2025-04-03,9.8,0.0,36.8,14.7
DTW,2025-04-04,0.3,0.0,13.5,7.2
DTW,2025-04-05,5.3,0.0,18.5,7.7
DTW,2025-04-06,0.0,0.0,20.7,4.7
DTW,2025-04-07,0.2,0.0,27.1,2.5
DTW,2025-04-08,0.2,0.14,21.6,-0.9
DTW,2025-04-09,3.2,1.47,13.7,1.4
DTW,2025-04-10,6.6,3.85,16.6,1.3
DTW,2025-04-11,0.0,0.0,15.4,3.5
DTW,2025-04-12,0.0,0.0,10.5,5.1
DTW,2025-04-13,2.2,0.0,15.3,7.9
DTW,2025-04-14,0.2,0.0,26.9,13.5
DTW,2025-04-15,2.1,0.21,35.6,6.4
DTW,2025-04-16,0.0,0.0,19.9,5.0
DTW,2025-04-17,0.0,0.0,15.2,7.4
DTW,2025-04-18,0.0,0.0,25.7,18.0
DTW,2025-04-19,2.9,0.0,23.7,16.7
DTW,2025-04-20,0.0,0.0,17.3,8.9
DTW,2025-04-21,7.0,0.0,33.9,14.0
DTW,2025-04-22,0.0,0.0,18.9,11.3
DTW,2025-04-23,0.0,0.0,12.6,16.1
DTW,2025-04-24,0.0,0.0,10.3,18.3
DTW,2025-04-25,10.5,0.0,15.6,16.7
DTW,2025-04-26,0.2,0.0,24.6,10.4
DTW,2025-04-27,0.0,0.0,9.8,10.5
DTW,2025-04-28,0.0,0.0,19.6,14.1
DTW,2025-04-29,1.6,0.0,34.0,20.4
DTW,2025-04-30,0.0,0.0,15.3,10.0
DTW,2025-05-01,13.9,0.0,27.7,14.8
DTW,2025-05-02,0.2,0.0,17.0,16.9
DTW,2025-05-03,0.8,0.0,16.5,10.0
DTW,2025-05-04,33.1,0.0,23.5,8.5
DTW,2025-05-05,6.1,0.0,14.7,13.9
DTW,2025-05-06,9.2,0.0,13.9,14.2
DTW,2025-05-07,0.2,0.0,17.3,15.3
DTW,2025-05-08,6.7,0.0,17.7,9.4
DTW,2025-05-09,0.0,0.0,11.0,9.6
DTW,2025-05-10,0.0,0.0,17.5,15.0
DTW,2025-05-11,0.0,0.0,13.0,12.9
DTW,2025-05-12,0.0,0.0,13.7,15.9
DTW,2025-05-13,6.4,0.0,17.0,18.4
DTW,2025-05-14,3.5,0.0,12.6,18.9
DTW,2025-05-15,0.2,0.0,14.4,20.4
DTW,2025-05-16,0.4,0.0,29.3,22.6
DTW,2025-05-17,1.8,0.0,30.6,15.8
DTW,2025-05-18,0.0,0.0,20.8,15.1
DTW,2025-05-19,0.1,0.0,15.3,12.6
DTW,2025-05-20,3.7,0.0,21.5,9.3
DTW,2025-05-21,2.8,0.0,20.9,12.2
DTW,2025-05-22,4.8,0.0,21.9,10.3
DTW,2025-05-23,0.0,0.0,27.5,9.7
DTW,2025-05-24,0.0,0.0,17.0,11.0
DTW,2025-05-25,0.0,0.0,17.3,12.7
DTW,2025-05-26,0.0,0.0,15.2,14.7
DTW,2025-05-27,0.0,0.0,20.6,16.9
DTW,2025-05-28,0.8,0.0,14.4,14.1
DTW,2025-05-29,0.6,0.0,18.1,15.6
DTW,2025-05-30,4.5,0.0,22.4,16.7
DTW,2025-05-31,0.2,0.0,21.7,13.7
DTW,2025-06-01,0.0,0.0,14.6,13.4
DTW,2025-06-02,0.0,0.0,15.2,18.0
DTW,2025-06-03,0.0,0.0,26.4,23.6
DTW,2025-06-04,4.4,0.0,26.8,25.0
DTW,2025-06-05,30.1,0.0,16.2,17.4
DTW,2025-06-06,0.6,0.0,12.5,18.1
DTW,2025-06-07,0.0,0.0,14.4,19.1
DTW,2025-06-08,0.4,0.0,13.4,18.6
DTW,2025-06-09,1.2,0.0,24.5,19.1
DTW,2025-06-10,0.4,0.0,22.5,17.4
DTW,2025-06-11,0.0,0.0,24.7,21.5
DTW,2025-06-12,0.0,0.0,13.6,21.4
DTW,2025-06-13,15.1,0.0,14.6,16.9
DTW,2025-06-14,5.1,0.0,15.2,18.0
DTW,2025-06-15,0.0,0.0,12.6,20.4
DTW,2025-06-16,0.5,0.0,11.2,21.7
DTW,2025-06-17,0.1,0.0,12.8,24.7
DTW,2025-06-18,6.5,0.0,19.9,24.7
DTW,2025-06-19,7.7,0.0,28.2,19.9
DTW,2025-06-20,2.7,0.0,13.4,21.5
DTW,2025-06-21,0.7,0.0,25.2,26.0
DTW,2025-06-22,0.0,0.0,23.0,30.1
DTW,2025-06-23,0.0,0.0,21.0,30.4
DTW,2025-06-24,0.4,0.0,19.2,29.9
DTW,2025-06-25,17.7,0.0,10.3,24.7
DTW,2025-06-26,8.2,0.0,10.3,24.1
DTW,2025-06-27,1.3,0.0,19.8,26.6
DTW,2025-06-28,0.2,0.0,14.3,24.5
DTW,2025-06-29,0.0,0.0,11.3,25.2
DTW,2025-06-30,8.6,0.0,17.0,24.7
DTW,2025-07-01,0.0,0.0,18.2,25.4
DTW,2025-07-02,1.3,0.0,16.4,24.7
DTW,2025-07-03,0.6,0.0,13.4,24.9
DTW,2025-07-04,1.0,0.0,12.1,25.3
DTW,2025-07-05,0.1,0.0,17.9,27.8
DTW,2025-07-06,0.6,0.0,25.1,28.0
DTW,2025-07-07,1.6,0.0,12.3,23.0
DTW,2025-07-08,0.0,0.0,10.0,22.5
DTW,2025-07-09,11.7,0.0,13.5,22.7
DTW,2025-07-10,0.3,0.0,12.4,23.9
DTW,2025-07-11,3.1,0.0,21.1,25.3
DTW,2025-07-12,3.3,0.0,21.7,26.0
DTW,2025-07-13,0.3,0.0,12.6,25.8
DTW,2025-07-14,0.0,0.0,9.7,24.9
DTW,2025-07-15,0.0,0.0,9.2,25.2
DTW,2025-07-16,8.6,0.0,18.5,25.3
DTW,2025-07-17,0.0,0.0,28.5,23.3
DTW,2025-07-18,0.0,0.0,14.0,20.4
DTW,2025-07-19,6.3,0.0,13.5,22.0
DTW,2025-07-20,0.7,0.0,13.4,23.8
DTW,2025-07-21,0.0,0.0,13.1,21.1
DTW,2025-07-22,0.0,0.0,14.0,21.0
DTW,2025-07-23,0.0,0.0,12.7,23.9
DTW,2025-07-24,0.1,0.0,20.6,28.4
DTW,2025-07-25,3.1,0.0,10.3,25.3
DTW,2025-07-26,8.1,0.0,14.2,24.4
DTW,2025-07-27,1.1,0.0,14.9,26.8
DTW,2025-07-28,22.2,0.0,10.9,25.2
DTW,2025-07-29,0.0,0.0,8.3,26.2
DTW,2025-07-30,8.1,0.0,20.0,24.8
DTW,2025-07-31,14.5,0.0,17.2,18.5
DTW,2025-08-01,0.0,0.0,15.5,19.0
DTW,2025-08-02,0.0,0.0,8.4,19.1
DTW,2025-08-03,0.0,0.0,9.0,20.6
DTW,2025-08-04,0.0,0.0,12.3,22.1
DTW,2025-08-05,0.0,0.0,15.8,23.6
DTW,2025-08-06,1.3,0.0,11.2,23.7
DTW,2025-08-07,1.2,0.0,10.2,24.4
DTW,2025-08-08,0.0,0.0,12.5,25.2
DTW,2025-08-09,0.0,0.0,14.3,26.6
DTW,2025-08-10,0.0,0.0,13.9,27.2
DTW,2025-08-11,0.5,0.0,16.3,27.2
DTW,2025-08-12,5.1,0.0,16.8,26.8
DTW,2025-08-13,3.1,0.0,12.7,24.6
DTW,2025-08-14,0.0,0.0,10.5,23.9
DTW,2025-08-15,0.0,0.0,10.7,24.6
DTW,2025-08-16,5.7,0.0,10.6,25.0
DTW,2025-08-17,0.8,0.0,17.6,24.3
DTW,2025-08-18,0.0,0.0,15.3,20.3
DTW,2025-08-19,12.2,0.0,13.8,21.3
DTW,2025-08-20,0.2,0.0,18.2,20.3
DTW,2025-08-21,0.0,0.0,19.8,20.6
DTW,2025-08-22,0.0,0.0,13.5,21.1
DTW,2025-08-23,0.4,0.0,19.5,21.8
DTW,2025-08-24,0.0,0.0,20.2,19.6
DTW,2025-08-25,0.3,0.0,16.8,17.2
DTW,2025-08-26,0.1,0.0,17.5,16.2
DTW,2025-08-27,0.0,0.0,17.6,16.9
DTW,2025-08-28,2.4,0.0,18.2,17.4
DTW,2025-08-29,0.0,0.0,12.6,15.4
DTW,2025-08-30,0.0,0.0,12.5,16.1
DTW,2025-08-31,0.0,0.0,9.5,17.5
DTW,2025-09-01,0.0,0.0,11.2,18.9
DTW,2025-09-02,0.0,0.0,11.4,19.7
DTW,2025-09-03,0.3,0.0,21.6,19.7
DTW,2025-09-04,14.3,0.0,16.2,15.7
DTW,2025-09-05,0.0,0.0,28.0,15.5
DTW,2025-09-06,0.0,0.0,20.6,14.8
DTW,2025-09-07,0.0,0.0,15.3,13.9
DTW,2025-09-08,0.0,0.0,13.8,14.2
DTW,2025-09-09,0.0,0.0,12.0,16.8
DTW,2025-09-10,0.0,0.0,6.1,18.6
DTW,2025-09-11,0.0,0.0,11.3,19.4
DTW,2025-09-12,0.0,0.0,9.6,19.4
DTW,2025-09-13,0.0,0.0,5.9,18.3
DTW,2025-09-14,0.0,0.0,11.6,20.0
DTW,2025-09-15,0.0,0.0,11.1,21.1
DTW,2025-09-16,0.0,0.0,11.1,20.5
DTW,2025-09-17,0.0,0.0,6.6,20.5
DTW,2025-09-18,0.2,0.0,12.5,21.6
DTW,2025-09-19,0.5,0.0,12.9,20.7
DTW,2025-09-20,0.0,0.0,14.0,19.8
DTW,2025-09-21,3.2,0.0,11.3,19.3
DTW,2025-09-22,1.2,0.0,17.8,21.0
DTW,2025-09-23,1.7,0.0,14.8,19.2
DTW,2025-09-24,10.5,0.0,11.5,19.0
DTW,2025-09-25,0.6,0.0,12.8,18.4
DTW,2025-09-26,0.0,0.0,10.2,19.0
DTW,2025-09-27,0.0,0.0,13.6,20.5
DTW,2025-09-28,0.0,0.0,11.1,20.3
DTW,2025-09-29,0.0,0.0,7.4,18.9
DTW,2025-09-30,0.0,0.0,12.7,19.3
DTW,2025-10-01,0.0,0.0,15.2,17.5
DTW,2025-10-02,0.0,0.0,9.5,16.8
DTW,2025-10-03,0.0,0.0,13.9,18.6
DTW,2025-10-04,0.0,0.0,12.5,21.4
DTW,2025-10-05,0.0,0.0,16.9,21.8
DTW,2025-10-06,0.0,0.0,19.2,21.8
DTW,2025-10-07,10.8,0.0,19.4,17.2
DTW,2025-10-08,0.0,0.0,13.6,11.9
DTW,2025-10-09,0.0,0.0,10.3,9.7
DTW,2025-10-10,1.7,0.0,14.7,12.4
DTW,2025-10-11,0.1,0.0,13.9,13.5
DTW,2025-10-12,0.0,0.0,15.7,13.9
DTW,2025-10-13,0.0,0.0,10.6,15.7
DTW,2025-10-14,0.0,0.0,12.0,15.1
DTW,2025-10-15,0.4,0.0,12.5,13.2
DTW,2025-10-16,0.0,0.0,8.9,10.5
DTW,2025-10-17,0.0,0.0,12.3,12.4
DTW,2025-10-18,14.3,0.0,19.1,18.9
DTW,2025-10-19,28.5,0.0,29.3,15.0
DTW,2025-10-20,0.0,0.0,17.8,10.9
DTW,2025-10-21,1.4,0.0,24.6,11.3
DTW,2025-10-22,6.2,0.0,26.8,8.3
DTW,2025-10-23,0.2,0.0,20.4,8.0
DTW,2025-10-24,0.0,0.0,16.0,7.0
DTW,2025-10-25,0.0,0.0,8.6,6.9
DTW,2025-10-26,0.0,0.0,11.9,6.6
DTW,2025-10-27,0.0,0.0,18.9,7.1
DTW,2025-10-28,0.0,0.0,20.9,9.1
DTW,2025-10-29,0.0,0.0,18.3,8.9
DTW,2025-10-30,4.8,0.0,19.3,7.6
DTW,2025-10-31,0.0,0.0,26.3,7.7
DTW,2025-11-01,0.1,0.0,11.8,6.8
DTW,2025-11-02,0.0,0.0,11.6,6.0
DTW,2025-11-03,0.1,0.0,26.8,8.8
DTW,2025-11-04,0.0,0.0,18.5,9.3
DTW,2025-11-05,0.1,0.0,28.9,10.3
DTW,2025-11-06,0.0,0.0,14.3,6.0
DTW,2025-11-07,4.3,0.0,26.5,9.6
DTW,2025-11-08,0.5,0.0,14.3,5.4
DTW,2025-11-09,13.2,7.07,19.3,1.1
DTW,2025-11-10,0.6,0.42,18.2,-2.9
DTW,2025-11-11,0.0,0.0,21.4,-1.5
DTW,2025-11-12,0.0,0.0,21.2,4.3
DTW,2025-11-13,0.0,0.0,18.1,4.7
DTW,2025-11-14,0.0,0.0,9.8,6.8
DTW,2025-11-15,0.0,0.0,25.7,11.9
DTW,2025-11-16,0.0,0.0,27.4,5.8
DTW,2025-11-17,0.0,0.0,15.2,1.9
DTW,2025-11-18,2.0,0.42,11.6,0.1
DTW,2025-11-19,0.0,0.0,12.2,2.2
DTW,2025-11-20,0.1,0.0,10.7,3.4
DTW,2025-11-21,0.1,0.0,13.9,6.9
DTW,2025-11-22,0.1,0.0,13.4,3.3
DTW,2025-11-23,0.0,0.0,18.0,6.3
DTW,2025-11-24,0.0,0.0,10.7,3.2
DTW,2025-11-25,7.6,0.0,14.2,7.9
DTW,2025-11-26,1.1,0.35,34.2,5.1
DTW,2025-11-27,0.7,0.49,31.7,-0.0
DTW,2025-11-28,0.0,0.0,25.8,-1.5
DTW,2025-11-29,6.0,4.2,18.8,-1.3
DTW,2025-11-30,5.4,3.22,29.2,-0.3
DTW,2025-12-01,1.2,0.84,12.1,-4.8
DTW,2025-12-02,1.8,1.26,11.9,-3.5
DTW,2025-12-03,1.0,0.7,22.4,-4.9
DTW,2025-12-04,0.1,0.07,20.5,-6.5
DTW,2025-12-05,0.0,0.0,16.5,-9.0
DTW,2025-12-06,0.0,0.0,19.9,-1.4
DTW,2025-12-07,3.0,2.1,17.8,-3.0
DTW,2025-12-08,0.0,0.0,12.8,-8.3
DTW,2025-12-09,2.2,1.47,21.1,-4.1
DTW,2025-12-10,14.2,5.88,24.7,0.5
DTW,2025-12-11,0.0,0.0,18.5,-4.9
DTW,2025-12-12,0.0,0.0,15.0,-3.4
DTW,2025-12-13,1.1,0.77,22.0,-5.0
DTW,2025-12-14,0.0,0.0,26.7,-10.9
DTW,2025-12-15,0.3,0.21,18.3,-8.7
DTW,2025-12-16,0.0,0.0,21.7,-5.0
DTW,2025-12-17,0.0,0.0,23.6,2.3
DTW,2025-12-18,4.0,0.0,30.1,6.2
DTW,2025-12-19,2.8,0.42,33.2,-2.9
DTW,2025-12-20,0.0,0.0,24.5,-0.9
DTW,2025-12-21,0.0,0.0,27.1,-3.3
DTW,2025-12-22,1.7,1.19,18.3,-1.4
DTW,2025-12-23,4.0,0.0,14.8,4.4
DTW,2025-12-24,0.0,0.0,11.8,0.4
DTW,2025-12-25,0.0,0.0,15.4,1.5
DTW,2025-12-26,7.1,0.0,19.9,0.4
DTW,2025-12-27,0.0,0.0,13.3,0.3
DTW,2025-12-28,20.4,0.0,27.8,4.3
DTW,2025-12-29,2.2,1.47,34.5,-1.0
DTW,2025-12-30,0.7,0.49,25.0,-5.4
DTW,2025-12-31,3.1,2.1,22.5,-4.3
